Copyright 1986-2022 Xilinx, Inc. All Rights Reserved. Copyright 2022-2025 Advanced Micro Devices, Inc. All Rights Reserved.
---------------------------------------------------------------------------------------------------------------------------------------------
| Tool Version : Vivado v.2025.1.1 (lin64) Build 6233196 Thu Sep 11 21:27:11 MDT 2025
| Date         : Fri Apr 10 20:18:24 2026
| Host         : ece-linlabsrv01 running 64-bit Red Hat Enterprise Linux release 8.10 (Ootpa)
| Command      : report_drc -file bd_0_wrapper_drc_routed.rpt -pb bd_0_wrapper_drc_routed.pb -rpx bd_0_wrapper_drc_routed.rpx
| Design       : bd_0_wrapper
| Device       : xczu3eg-sbva484-1-e
| Speed File   : -1
| Design State : Fully Routed
---------------------------------------------------------------------------------------------------------------------------------------------

Report DRC

Table of Contents
-----------------
1. REPORT SUMMARY
2. REPORT DETAILS

1. REPORT SUMMARY
-----------------
            Netlist: netlist
          Floorplan: checkpoint_bd_0_wrapper
      Design limits: <entire design considered>
           Ruledeck: default
             Max checks: <unlimited>
             Checks found: 448
+-----------+----------+---------------------------------------------------------------------+--------+
| Rule      | Severity | Description                                                         | Checks |
+-----------+----------+---------------------------------------------------------------------+--------+
| DPIP-2    | Warning  | Input pipelining                                                    | 139    |
| DPOP-3    | Warning  | PREG Output pipelining                                              | 77     |
| DPOP-4    | Warning  | MREG Output pipelining                                              | 67     |
| RTSTAT-10 | Warning  | No routable loads                                                   | 1      |
| AVAL-155  | Advisory | enum_AMULTSEL_BMULTSEL_enum_DREG_ADREG_0_connects_CED_CEAD_RSTD_GND | 128    |
| AVAL-156  | Advisory | enum_USE_MULT_NONE__enum_DREG_ADREG_0_connects_CED_CEAD_RSTD_GND    | 36     |
+-----------+----------+---------------------------------------------------------------------+--------+

2. REPORT DETAILS
-----------------
DPIP-2#1 Warning
Input pipelining  
DSP bd_0_i/hls_inst/inst/stage_bilateral_U0/grp_stage_bilateral_Pipeline_BILATERAL_OUT_VITIS_LOOP_243_4_fu_90/fmul_32ns_32ns_32_7_max_dsp_1_U1353/top_kernel_fmul_32ns_32ns_32_7_max_dsp_1_ip_u/U0/i_synth/MULT.OP/i_non_prim.MULT/DSP48E1_SPD_SGL_VARIANT.FIX_MULT/DSP1/i_no_versal_es1_workaround.DSP input bd_0_i/hls_inst/inst/stage_bilateral_U0/grp_stage_bilateral_Pipeline_BILATERAL_OUT_VITIS_LOOP_243_4_fu_90/fmul_32ns_32ns_32_7_max_dsp_1_U1353/top_kernel_fmul_32ns_32ns_32_7_max_dsp_1_ip_u/U0/i_synth/MULT.OP/i_non_prim.MULT/DSP48E1_SPD_SGL_VARIANT.FIX_MULT/DSP1/i_no_versal_es1_workaround.DSP/A[29:0] is not pipelined. Pipelining DSP48 input will improve performance.
Related violations: <none>

DPIP-2#2 Warning
Input pipelining  
DSP bd_0_i/hls_inst/inst/stage_bilateral_U0/grp_stage_bilateral_Pipeline_BILATERAL_OUT_VITIS_LOOP_243_4_fu_90/fmul_32ns_32ns_32_7_max_dsp_1_U1353/top_kernel_fmul_32ns_32ns_32_7_max_dsp_1_ip_u/U0/i_synth/MULT.OP/i_non_prim.MULT/DSP48E1_SPD_SGL_VARIANT.FIX_MULT/DSP1/i_no_versal_es1_workaround.DSP input bd_0_i/hls_inst/inst/stage_bilateral_U0/grp_stage_bilateral_Pipeline_BILATERAL_OUT_VITIS_LOOP_243_4_fu_90/fmul_32ns_32ns_32_7_max_dsp_1_U1353/top_kernel_fmul_32ns_32ns_32_7_max_dsp_1_ip_u/U0/i_synth/MULT.OP/i_non_prim.MULT/DSP48E1_SPD_SGL_VARIANT.FIX_MULT/DSP1/i_no_versal_es1_workaround.DSP/B[17:0] is not pipelined. Pipelining DSP48 input will improve performance.
Related violations: <none>

DPIP-2#3 Warning
Input pipelining  
DSP bd_0_i/hls_inst/inst/stage_bilateral_U0/grp_stage_bilateral_Pipeline_BILATERAL_OUT_VITIS_LOOP_243_4_fu_90/fmul_32ns_32ns_32_7_max_dsp_1_U1354/top_kernel_fmul_32ns_32ns_32_7_max_dsp_1_ip_u/U0/i_synth/MULT.OP/i_non_prim.MULT/DSP48E1_SPD_SGL_VARIANT.FIX_MULT/DSP1/i_no_versal_es1_workaround.DSP input bd_0_i/hls_inst/inst/stage_bilateral_U0/grp_stage_bilateral_Pipeline_BILATERAL_OUT_VITIS_LOOP_243_4_fu_90/fmul_32ns_32ns_32_7_max_dsp_1_U1354/top_kernel_fmul_32ns_32ns_32_7_max_dsp_1_ip_u/U0/i_synth/MULT.OP/i_non_prim.MULT/DSP48E1_SPD_SGL_VARIANT.FIX_MULT/DSP1/i_no_versal_es1_workaround.DSP/A[29:0] is not pipelined. Pipelining DSP48 input will improve performance.
Related violations: <none>

DPIP-2#4 Warning
Input pipelining  
DSP bd_0_i/hls_inst/inst/stage_bilateral_U0/grp_stage_bilateral_Pipeline_BILATERAL_OUT_VITIS_LOOP_243_4_fu_90/fmul_32ns_32ns_32_7_max_dsp_1_U1354/top_kernel_fmul_32ns_32ns_32_7_max_dsp_1_ip_u/U0/i_synth/MULT.OP/i_non_prim.MULT/DSP48E1_SPD_SGL_VARIANT.FIX_MULT/DSP1/i_no_versal_es1_workaround.DSP input bd_0_i/hls_inst/inst/stage_bilateral_U0/grp_stage_bilateral_Pipeline_BILATERAL_OUT_VITIS_LOOP_243_4_fu_90/fmul_32ns_32ns_32_7_max_dsp_1_U1354/top_kernel_fmul_32ns_32ns_32_7_max_dsp_1_ip_u/U0/i_synth/MULT.OP/i_non_prim.MULT/DSP48E1_SPD_SGL_VARIANT.FIX_MULT/DSP1/i_no_versal_es1_workaround.DSP/B[17:0] is not pipelined. Pipelining DSP48 input will improve performance.
Related violations: <none>

DPIP-2#5 Warning
Input pipelining  
DSP bd_0_i/hls_inst/inst/stage_bilateral_U0/grp_stage_bilateral_Pipeline_BILATERAL_OUT_VITIS_LOOP_243_4_fu_90/fmul_32ns_32ns_32_7_max_dsp_1_U1355/top_kernel_fmul_32ns_32ns_32_7_max_dsp_1_ip_u/U0/i_synth/MULT.OP/i_non_prim.MULT/DSP48E1_SPD_SGL_VARIANT.FIX_MULT/DSP1/i_no_versal_es1_workaround.DSP input bd_0_i/hls_inst/inst/stage_bilateral_U0/grp_stage_bilateral_Pipeline_BILATERAL_OUT_VITIS_LOOP_243_4_fu_90/fmul_32ns_32ns_32_7_max_dsp_1_U1355/top_kernel_fmul_32ns_32ns_32_7_max_dsp_1_ip_u/U0/i_synth/MULT.OP/i_non_prim.MULT/DSP48E1_SPD_SGL_VARIANT.FIX_MULT/DSP1/i_no_versal_es1_workaround.DSP/A[29:0] is not pipelined. Pipelining DSP48 input will improve performance.
Related violations: <none>

DPIP-2#6 Warning
Input pipelining  
DSP bd_0_i/hls_inst/inst/stage_bilateral_U0/grp_stage_bilateral_Pipeline_BILATERAL_OUT_VITIS_LOOP_243_4_fu_90/fmul_32ns_32ns_32_7_max_dsp_1_U1355/top_kernel_fmul_32ns_32ns_32_7_max_dsp_1_ip_u/U0/i_synth/MULT.OP/i_non_prim.MULT/DSP48E1_SPD_SGL_VARIANT.FIX_MULT/DSP1/i_no_versal_es1_workaround.DSP input bd_0_i/hls_inst/inst/stage_bilateral_U0/grp_stage_bilateral_Pipeline_BILATERAL_OUT_VITIS_LOOP_243_4_fu_90/fmul_32ns_32ns_32_7_max_dsp_1_U1355/top_kernel_fmul_32ns_32ns_32_7_max_dsp_1_ip_u/U0/i_synth/MULT.OP/i_non_prim.MULT/DSP48E1_SPD_SGL_VARIANT.FIX_MULT/DSP1/i_no_versal_es1_workaround.DSP/B[17:0] is not pipelined. Pipelining DSP48 input will improve performance.
Related violations: <none>

DPIP-2#7 Warning
Input pipelining  
DSP bd_0_i/hls_inst/inst/stage_bilateral_U0/grp_stage_bilateral_Pipeline_BILATERAL_OUT_VITIS_LOOP_243_4_fu_90/fmul_32ns_32ns_32_7_max_dsp_1_U1356/top_kernel_fmul_32ns_32ns_32_7_max_dsp_1_ip_u/U0/i_synth/MULT.OP/i_non_prim.MULT/DSP48E1_SPD_SGL_VARIANT.FIX_MULT/DSP1/i_no_versal_es1_workaround.DSP input bd_0_i/hls_inst/inst/stage_bilateral_U0/grp_stage_bilateral_Pipeline_BILATERAL_OUT_VITIS_LOOP_243_4_fu_90/fmul_32ns_32ns_32_7_max_dsp_1_U1356/top_kernel_fmul_32ns_32ns_32_7_max_dsp_1_ip_u/U0/i_synth/MULT.OP/i_non_prim.MULT/DSP48E1_SPD_SGL_VARIANT.FIX_MULT/DSP1/i_no_versal_es1_workaround.DSP/A[29:0] is not pipelined. Pipelining DSP48 input will improve performance.
Related violations: <none>

DPIP-2#8 Warning
Input pipelining  
DSP bd_0_i/hls_inst/inst/stage_bilateral_U0/grp_stage_bilateral_Pipeline_BILATERAL_OUT_VITIS_LOOP_243_4_fu_90/fmul_32ns_32ns_32_7_max_dsp_1_U1356/top_kernel_fmul_32ns_32ns_32_7_max_dsp_1_ip_u/U0/i_synth/MULT.OP/i_non_prim.MULT/DSP48E1_SPD_SGL_VARIANT.FIX_MULT/DSP1/i_no_versal_es1_workaround.DSP input bd_0_i/hls_inst/inst/stage_bilateral_U0/grp_stage_bilateral_Pipeline_BILATERAL_OUT_VITIS_LOOP_243_4_fu_90/fmul_32ns_32ns_32_7_max_dsp_1_U1356/top_kernel_fmul_32ns_32ns_32_7_max_dsp_1_ip_u/U0/i_synth/MULT.OP/i_non_prim.MULT/DSP48E1_SPD_SGL_VARIANT.FIX_MULT/DSP1/i_no_versal_es1_workaround.DSP/B[17:0] is not pipelined. Pipelining DSP48 input will improve performance.
Related violations: <none>

DPIP-2#9 Warning
Input pipelining  
DSP bd_0_i/hls_inst/inst/stage_bilateral_U0/grp_stage_bilateral_Pipeline_BILATERAL_OUT_VITIS_LOOP_243_4_fu_90/fmul_32ns_32ns_32_7_max_dsp_1_U1357/top_kernel_fmul_32ns_32ns_32_7_max_dsp_1_ip_u/U0/i_synth/MULT.OP/i_non_prim.MULT/DSP48E1_SPD_SGL_VARIANT.FIX_MULT/DSP1/i_no_versal_es1_workaround.DSP input bd_0_i/hls_inst/inst/stage_bilateral_U0/grp_stage_bilateral_Pipeline_BILATERAL_OUT_VITIS_LOOP_243_4_fu_90/fmul_32ns_32ns_32_7_max_dsp_1_U1357/top_kernel_fmul_32ns_32ns_32_7_max_dsp_1_ip_u/U0/i_synth/MULT.OP/i_non_prim.MULT/DSP48E1_SPD_SGL_VARIANT.FIX_MULT/DSP1/i_no_versal_es1_workaround.DSP/A[29:0] is not pipelined. Pipelining DSP48 input will improve performance.
Related violations: <none>

DPIP-2#10 Warning
Input pipelining  
DSP bd_0_i/hls_inst/inst/stage_bilateral_U0/grp_stage_bilateral_Pipeline_BILATERAL_OUT_VITIS_LOOP_243_4_fu_90/fmul_32ns_32ns_32_7_max_dsp_1_U1357/top_kernel_fmul_32ns_32ns_32_7_max_dsp_1_ip_u/U0/i_synth/MULT.OP/i_non_prim.MULT/DSP48E1_SPD_SGL_VARIANT.FIX_MULT/DSP1/i_no_versal_es1_workaround.DSP input bd_0_i/hls_inst/inst/stage_bilateral_U0/grp_stage_bilateral_Pipeline_BILATERAL_OUT_VITIS_LOOP_243_4_fu_90/fmul_32ns_32ns_32_7_max_dsp_1_U1357/top_kernel_fmul_32ns_32ns_32_7_max_dsp_1_ip_u/U0/i_synth/MULT.OP/i_non_prim.MULT/DSP48E1_SPD_SGL_VARIANT.FIX_MULT/DSP1/i_no_versal_es1_workaround.DSP/B[17:0] is not pipelined. Pipelining DSP48 input will improve performance.
Related violations: <none>

DPIP-2#11 Warning
Input pipelining  
DSP bd_0_i/hls_inst/inst/stage_bilateral_U0/grp_stage_bilateral_Pipeline_BILATERAL_OUT_VITIS_LOOP_243_4_fu_90/fmul_32ns_32ns_32_7_max_dsp_1_U1358/top_kernel_fmul_32ns_32ns_32_7_max_dsp_1_ip_u/U0/i_synth/MULT.OP/i_non_prim.MULT/DSP48E1_SPD_SGL_VARIANT.FIX_MULT/DSP1/i_no_versal_es1_workaround.DSP input bd_0_i/hls_inst/inst/stage_bilateral_U0/grp_stage_bilateral_Pipeline_BILATERAL_OUT_VITIS_LOOP_243_4_fu_90/fmul_32ns_32ns_32_7_max_dsp_1_U1358/top_kernel_fmul_32ns_32ns_32_7_max_dsp_1_ip_u/U0/i_synth/MULT.OP/i_non_prim.MULT/DSP48E1_SPD_SGL_VARIANT.FIX_MULT/DSP1/i_no_versal_es1_workaround.DSP/A[29:0] is not pipelined. Pipelining DSP48 input will improve performance.
Related violations: <none>

DPIP-2#12 Warning
Input pipelining  
DSP bd_0_i/hls_inst/inst/stage_bilateral_U0/grp_stage_bilateral_Pipeline_BILATERAL_OUT_VITIS_LOOP_243_4_fu_90/fmul_32ns_32ns_32_7_max_dsp_1_U1358/top_kernel_fmul_32ns_32ns_32_7_max_dsp_1_ip_u/U0/i_synth/MULT.OP/i_non_prim.MULT/DSP48E1_SPD_SGL_VARIANT.FIX_MULT/DSP1/i_no_versal_es1_workaround.DSP input bd_0_i/hls_inst/inst/stage_bilateral_U0/grp_stage_bilateral_Pipeline_BILATERAL_OUT_VITIS_LOOP_243_4_fu_90/fmul_32ns_32ns_32_7_max_dsp_1_U1358/top_kernel_fmul_32ns_32ns_32_7_max_dsp_1_ip_u/U0/i_synth/MULT.OP/i_non_prim.MULT/DSP48E1_SPD_SGL_VARIANT.FIX_MULT/DSP1/i_no_versal_es1_workaround.DSP/B[17:0] is not pipelined. Pipelining DSP48 input will improve performance.
Related violations: <none>

DPIP-2#13 Warning
Input pipelining  
DSP bd_0_i/hls_inst/inst/stage_bilateral_U0/grp_stage_bilateral_Pipeline_BILATERAL_OUT_VITIS_LOOP_243_4_fu_90/fmul_32ns_32ns_32_7_max_dsp_1_U1359/top_kernel_fmul_32ns_32ns_32_7_max_dsp_1_ip_u/U0/i_synth/MULT.OP/i_non_prim.MULT/DSP48E1_SPD_SGL_VARIANT.FIX_MULT/DSP1/i_no_versal_es1_workaround.DSP input bd_0_i/hls_inst/inst/stage_bilateral_U0/grp_stage_bilateral_Pipeline_BILATERAL_OUT_VITIS_LOOP_243_4_fu_90/fmul_32ns_32ns_32_7_max_dsp_1_U1359/top_kernel_fmul_32ns_32ns_32_7_max_dsp_1_ip_u/U0/i_synth/MULT.OP/i_non_prim.MULT/DSP48E1_SPD_SGL_VARIANT.FIX_MULT/DSP1/i_no_versal_es1_workaround.DSP/A[29:0] is not pipelined. Pipelining DSP48 input will improve performance.
Related violations: <none>

DPIP-2#14 Warning
Input pipelining  
DSP bd_0_i/hls_inst/inst/stage_bilateral_U0/grp_stage_bilateral_Pipeline_BILATERAL_OUT_VITIS_LOOP_243_4_fu_90/fmul_32ns_32ns_32_7_max_dsp_1_U1359/top_kernel_fmul_32ns_32ns_32_7_max_dsp_1_ip_u/U0/i_synth/MULT.OP/i_non_prim.MULT/DSP48E1_SPD_SGL_VARIANT.FIX_MULT/DSP1/i_no_versal_es1_workaround.DSP input bd_0_i/hls_inst/inst/stage_bilateral_U0/grp_stage_bilateral_Pipeline_BILATERAL_OUT_VITIS_LOOP_243_4_fu_90/fmul_32ns_32ns_32_7_max_dsp_1_U1359/top_kernel_fmul_32ns_32ns_32_7_max_dsp_1_ip_u/U0/i_synth/MULT.OP/i_non_prim.MULT/DSP48E1_SPD_SGL_VARIANT.FIX_MULT/DSP1/i_no_versal_es1_workaround.DSP/B[17:0] is not pipelined. Pipelining DSP48 input will improve performance.
Related violations: <none>

DPIP-2#15 Warning
Input pipelining  
DSP bd_0_i/hls_inst/inst/stage_bilateral_U0/grp_stage_bilateral_Pipeline_BILATERAL_OUT_VITIS_LOOP_243_4_fu_90/fmul_32ns_32ns_32_7_max_dsp_1_U1360/top_kernel_fmul_32ns_32ns_32_7_max_dsp_1_ip_u/U0/i_synth/MULT.OP/i_non_prim.MULT/DSP48E1_SPD_SGL_VARIANT.FIX_MULT/DSP1/i_no_versal_es1_workaround.DSP input bd_0_i/hls_inst/inst/stage_bilateral_U0/grp_stage_bilateral_Pipeline_BILATERAL_OUT_VITIS_LOOP_243_4_fu_90/fmul_32ns_32ns_32_7_max_dsp_1_U1360/top_kernel_fmul_32ns_32ns_32_7_max_dsp_1_ip_u/U0/i_synth/MULT.OP/i_non_prim.MULT/DSP48E1_SPD_SGL_VARIANT.FIX_MULT/DSP1/i_no_versal_es1_workaround.DSP/A[29:0] is not pipelined. Pipelining DSP48 input will improve performance.
Related violations: <none>

DPIP-2#16 Warning
Input pipelining  
DSP bd_0_i/hls_inst/inst/stage_bilateral_U0/grp_stage_bilateral_Pipeline_BILATERAL_OUT_VITIS_LOOP_243_4_fu_90/fmul_32ns_32ns_32_7_max_dsp_1_U1360/top_kernel_fmul_32ns_32ns_32_7_max_dsp_1_ip_u/U0/i_synth/MULT.OP/i_non_prim.MULT/DSP48E1_SPD_SGL_VARIANT.FIX_MULT/DSP1/i_no_versal_es1_workaround.DSP input bd_0_i/hls_inst/inst/stage_bilateral_U0/grp_stage_bilateral_Pipeline_BILATERAL_OUT_VITIS_LOOP_243_4_fu_90/fmul_32ns_32ns_32_7_max_dsp_1_U1360/top_kernel_fmul_32ns_32ns_32_7_max_dsp_1_ip_u/U0/i_synth/MULT.OP/i_non_prim.MULT/DSP48E1_SPD_SGL_VARIANT.FIX_MULT/DSP1/i_no_versal_es1_workaround.DSP/B[17:0] is not pipelined. Pipelining DSP48 input will improve performance.
Related violations: <none>

DPIP-2#17 Warning
Input pipelining  
DSP bd_0_i/hls_inst/inst/stage_bilateral_U0/grp_stage_bilateral_Pipeline_BILATERAL_OUT_VITIS_LOOP_243_4_fu_90/fmul_32ns_32ns_32_7_max_dsp_1_U1361/top_kernel_fmul_32ns_32ns_32_7_max_dsp_1_ip_u/U0/i_synth/MULT.OP/i_non_prim.MULT/DSP48E1_SPD_SGL_VARIANT.FIX_MULT/DSP1/i_no_versal_es1_workaround.DSP input bd_0_i/hls_inst/inst/stage_bilateral_U0/grp_stage_bilateral_Pipeline_BILATERAL_OUT_VITIS_LOOP_243_4_fu_90/fmul_32ns_32ns_32_7_max_dsp_1_U1361/top_kernel_fmul_32ns_32ns_32_7_max_dsp_1_ip_u/U0/i_synth/MULT.OP/i_non_prim.MULT/DSP48E1_SPD_SGL_VARIANT.FIX_MULT/DSP1/i_no_versal_es1_workaround.DSP/A[29:0] is not pipelined. Pipelining DSP48 input will improve performance.
Related violations: <none>

DPIP-2#18 Warning
Input pipelining  
DSP bd_0_i/hls_inst/inst/stage_bilateral_U0/grp_stage_bilateral_Pipeline_BILATERAL_OUT_VITIS_LOOP_243_4_fu_90/fmul_32ns_32ns_32_7_max_dsp_1_U1361/top_kernel_fmul_32ns_32ns_32_7_max_dsp_1_ip_u/U0/i_synth/MULT.OP/i_non_prim.MULT/DSP48E1_SPD_SGL_VARIANT.FIX_MULT/DSP1/i_no_versal_es1_workaround.DSP input bd_0_i/hls_inst/inst/stage_bilateral_U0/grp_stage_bilateral_Pipeline_BILATERAL_OUT_VITIS_LOOP_243_4_fu_90/fmul_32ns_32ns_32_7_max_dsp_1_U1361/top_kernel_fmul_32ns_32ns_32_7_max_dsp_1_ip_u/U0/i_synth/MULT.OP/i_non_prim.MULT/DSP48E1_SPD_SGL_VARIANT.FIX_MULT/DSP1/i_no_versal_es1_workaround.DSP/B[17:0] is not pipelined. Pipelining DSP48 input will improve performance.
Related violations: <none>

DPIP-2#19 Warning
Input pipelining  
DSP bd_0_i/hls_inst/inst/stage_bilateral_U0/grp_stage_bilateral_Pipeline_BILATERAL_OUT_VITIS_LOOP_243_4_fu_90/fmul_32ns_32ns_32_7_max_dsp_1_U1362/top_kernel_fmul_32ns_32ns_32_7_max_dsp_1_ip_u/U0/i_synth/MULT.OP/i_non_prim.MULT/DSP48E1_SPD_SGL_VARIANT.FIX_MULT/DSP1/i_no_versal_es1_workaround.DSP input bd_0_i/hls_inst/inst/stage_bilateral_U0/grp_stage_bilateral_Pipeline_BILATERAL_OUT_VITIS_LOOP_243_4_fu_90/fmul_32ns_32ns_32_7_max_dsp_1_U1362/top_kernel_fmul_32ns_32ns_32_7_max_dsp_1_ip_u/U0/i_synth/MULT.OP/i_non_prim.MULT/DSP48E1_SPD_SGL_VARIANT.FIX_MULT/DSP1/i_no_versal_es1_workaround.DSP/A[29:0] is not pipelined. Pipelining DSP48 input will improve performance.
Related violations: <none>

DPIP-2#20 Warning
Input pipelining  
DSP bd_0_i/hls_inst/inst/stage_bilateral_U0/grp_stage_bilateral_Pipeline_BILATERAL_OUT_VITIS_LOOP_243_4_fu_90/fmul_32ns_32ns_32_7_max_dsp_1_U1363/top_kernel_fmul_32ns_32ns_32_7_max_dsp_1_ip_u/U0/i_synth/MULT.OP/i_non_prim.MULT/DSP48E1_SPD_SGL_VARIANT.FIX_MULT/DSP1/i_no_versal_es1_workaround.DSP input bd_0_i/hls_inst/inst/stage_bilateral_U0/grp_stage_bilateral_Pipeline_BILATERAL_OUT_VITIS_LOOP_243_4_fu_90/fmul_32ns_32ns_32_7_max_dsp_1_U1363/top_kernel_fmul_32ns_32ns_32_7_max_dsp_1_ip_u/U0/i_synth/MULT.OP/i_non_prim.MULT/DSP48E1_SPD_SGL_VARIANT.FIX_MULT/DSP1/i_no_versal_es1_workaround.DSP/A[29:0] is not pipelined. Pipelining DSP48 input will improve performance.
Related violations: <none>

DPIP-2#21 Warning
Input pipelining  
DSP bd_0_i/hls_inst/inst/stage_bilateral_U0/grp_stage_bilateral_Pipeline_BILATERAL_OUT_VITIS_LOOP_243_4_fu_90/fmul_32ns_32ns_32_7_max_dsp_1_U1364/top_kernel_fmul_32ns_32ns_32_7_max_dsp_1_ip_u/U0/i_synth/MULT.OP/i_non_prim.MULT/DSP48E1_SPD_SGL_VARIANT.FIX_MULT/DSP1/i_no_versal_es1_workaround.DSP input bd_0_i/hls_inst/inst/stage_bilateral_U0/grp_stage_bilateral_Pipeline_BILATERAL_OUT_VITIS_LOOP_243_4_fu_90/fmul_32ns_32ns_32_7_max_dsp_1_U1364/top_kernel_fmul_32ns_32ns_32_7_max_dsp_1_ip_u/U0/i_synth/MULT.OP/i_non_prim.MULT/DSP48E1_SPD_SGL_VARIANT.FIX_MULT/DSP1/i_no_versal_es1_workaround.DSP/A[29:0] is not pipelined. Pipelining DSP48 input will improve performance.
Related violations: <none>

DPIP-2#22 Warning
Input pipelining  
DSP bd_0_i/hls_inst/inst/stage_bilateral_U0/grp_stage_bilateral_Pipeline_BILATERAL_OUT_VITIS_LOOP_243_4_fu_90/fmul_32ns_32ns_32_7_max_dsp_1_U1365/top_kernel_fmul_32ns_32ns_32_7_max_dsp_1_ip_u/U0/i_synth/MULT.OP/i_non_prim.MULT/DSP48E1_SPD_SGL_VARIANT.FIX_MULT/DSP1/i_no_versal_es1_workaround.DSP input bd_0_i/hls_inst/inst/stage_bilateral_U0/grp_stage_bilateral_Pipeline_BILATERAL_OUT_VITIS_LOOP_243_4_fu_90/fmul_32ns_32ns_32_7_max_dsp_1_U1365/top_kernel_fmul_32ns_32ns_32_7_max_dsp_1_ip_u/U0/i_synth/MULT.OP/i_non_prim.MULT/DSP48E1_SPD_SGL_VARIANT.FIX_MULT/DSP1/i_no_versal_es1_workaround.DSP/A[29:0] is not pipelined. Pipelining DSP48 input will improve performance.
Related violations: <none>

DPIP-2#23 Warning
Input pipelining  
DSP bd_0_i/hls_inst/inst/stage_bilateral_U0/grp_stage_bilateral_Pipeline_BILATERAL_OUT_VITIS_LOOP_243_4_fu_90/fmul_32ns_32ns_32_7_max_dsp_1_U1366/top_kernel_fmul_32ns_32ns_32_7_max_dsp_1_ip_u/U0/i_synth/MULT.OP/i_non_prim.MULT/DSP48E1_SPD_SGL_VARIANT.FIX_MULT/DSP1/i_no_versal_es1_workaround.DSP input bd_0_i/hls_inst/inst/stage_bilateral_U0/grp_stage_bilateral_Pipeline_BILATERAL_OUT_VITIS_LOOP_243_4_fu_90/fmul_32ns_32ns_32_7_max_dsp_1_U1366/top_kernel_fmul_32ns_32ns_32_7_max_dsp_1_ip_u/U0/i_synth/MULT.OP/i_non_prim.MULT/DSP48E1_SPD_SGL_VARIANT.FIX_MULT/DSP1/i_no_versal_es1_workaround.DSP/A[29:0] is not pipelined. Pipelining DSP48 input will improve performance.
Related violations: <none>

DPIP-2#24 Warning
Input pipelining  
DSP bd_0_i/hls_inst/inst/stage_bilateral_U0/grp_stage_bilateral_Pipeline_BILATERAL_OUT_VITIS_LOOP_243_4_fu_90/fmul_32ns_32ns_32_7_max_dsp_1_U1367/top_kernel_fmul_32ns_32ns_32_7_max_dsp_1_ip_u/U0/i_synth/MULT.OP/i_non_prim.MULT/DSP48E1_SPD_SGL_VARIANT.FIX_MULT/DSP1/i_no_versal_es1_workaround.DSP input bd_0_i/hls_inst/inst/stage_bilateral_U0/grp_stage_bilateral_Pipeline_BILATERAL_OUT_VITIS_LOOP_243_4_fu_90/fmul_32ns_32ns_32_7_max_dsp_1_U1367/top_kernel_fmul_32ns_32ns_32_7_max_dsp_1_ip_u/U0/i_synth/MULT.OP/i_non_prim.MULT/DSP48E1_SPD_SGL_VARIANT.FIX_MULT/DSP1/i_no_versal_es1_workaround.DSP/A[29:0] is not pipelined. Pipelining DSP48 input will improve performance.
Related violations: <none>

DPIP-2#25 Warning
Input pipelining  
DSP bd_0_i/hls_inst/inst/stage_bilateral_U0/grp_stage_bilateral_Pipeline_BILATERAL_OUT_VITIS_LOOP_243_4_fu_90/fmul_32ns_32ns_32_7_max_dsp_1_U1368/top_kernel_fmul_32ns_32ns_32_7_max_dsp_1_ip_u/U0/i_synth/MULT.OP/i_non_prim.MULT/DSP48E1_SPD_SGL_VARIANT.FIX_MULT/DSP1/i_no_versal_es1_workaround.DSP input bd_0_i/hls_inst/inst/stage_bilateral_U0/grp_stage_bilateral_Pipeline_BILATERAL_OUT_VITIS_LOOP_243_4_fu_90/fmul_32ns_32ns_32_7_max_dsp_1_U1368/top_kernel_fmul_32ns_32ns_32_7_max_dsp_1_ip_u/U0/i_synth/MULT.OP/i_non_prim.MULT/DSP48E1_SPD_SGL_VARIANT.FIX_MULT/DSP1/i_no_versal_es1_workaround.DSP/A[29:0] is not pipelined. Pipelining DSP48 input will improve performance.
Related violations: <none>

DPIP-2#26 Warning
Input pipelining  
DSP bd_0_i/hls_inst/inst/stage_bilateral_U0/grp_stage_bilateral_Pipeline_BILATERAL_OUT_VITIS_LOOP_243_4_fu_90/fmul_32ns_32ns_32_7_max_dsp_1_U1369/top_kernel_fmul_32ns_32ns_32_7_max_dsp_1_ip_u/U0/i_synth/MULT.OP/i_non_prim.MULT/DSP48E1_SPD_SGL_VARIANT.FIX_MULT/DSP1/i_no_versal_es1_workaround.DSP input bd_0_i/hls_inst/inst/stage_bilateral_U0/grp_stage_bilateral_Pipeline_BILATERAL_OUT_VITIS_LOOP_243_4_fu_90/fmul_32ns_32ns_32_7_max_dsp_1_U1369/top_kernel_fmul_32ns_32ns_32_7_max_dsp_1_ip_u/U0/i_synth/MULT.OP/i_non_prim.MULT/DSP48E1_SPD_SGL_VARIANT.FIX_MULT/DSP1/i_no_versal_es1_workaround.DSP/A[29:0] is not pipelined. Pipelining DSP48 input will improve performance.
Related violations: <none>

DPIP-2#27 Warning
Input pipelining  
DSP bd_0_i/hls_inst/inst/stage_bilateral_U0/grp_stage_bilateral_Pipeline_BILATERAL_OUT_VITIS_LOOP_243_4_fu_90/fmul_32ns_32ns_32_7_max_dsp_1_U1370/top_kernel_fmul_32ns_32ns_32_7_max_dsp_1_ip_u/U0/i_synth/MULT.OP/i_non_prim.MULT/DSP48E1_SPD_SGL_VARIANT.FIX_MULT/DSP1/i_no_versal_es1_workaround.DSP input bd_0_i/hls_inst/inst/stage_bilateral_U0/grp_stage_bilateral_Pipeline_BILATERAL_OUT_VITIS_LOOP_243_4_fu_90/fmul_32ns_32ns_32_7_max_dsp_1_U1370/top_kernel_fmul_32ns_32ns_32_7_max_dsp_1_ip_u/U0/i_synth/MULT.OP/i_non_prim.MULT/DSP48E1_SPD_SGL_VARIANT.FIX_MULT/DSP1/i_no_versal_es1_workaround.DSP/A[29:0] is not pipelined. Pipelining DSP48 input will improve performance.
Related violations: <none>

DPIP-2#28 Warning
Input pipelining  
DSP bd_0_i/hls_inst/inst/stage_bilateral_U0/grp_stage_bilateral_Pipeline_BILATERAL_OUT_VITIS_LOOP_243_4_fu_90/fmul_32ns_32ns_32_7_max_dsp_1_U1371/top_kernel_fmul_32ns_32ns_32_7_max_dsp_1_ip_u/U0/i_synth/MULT.OP/i_non_prim.MULT/DSP48E1_SPD_SGL_VARIANT.FIX_MULT/DSP1/i_no_versal_es1_workaround.DSP input bd_0_i/hls_inst/inst/stage_bilateral_U0/grp_stage_bilateral_Pipeline_BILATERAL_OUT_VITIS_LOOP_243_4_fu_90/fmul_32ns_32ns_32_7_max_dsp_1_U1371/top_kernel_fmul_32ns_32ns_32_7_max_dsp_1_ip_u/U0/i_synth/MULT.OP/i_non_prim.MULT/DSP48E1_SPD_SGL_VARIANT.FIX_MULT/DSP1/i_no_versal_es1_workaround.DSP/A[29:0] is not pipelined. Pipelining DSP48 input will improve performance.
Related violations: <none>

DPIP-2#29 Warning
Input pipelining  
DSP bd_0_i/hls_inst/inst/stage_bilateral_U0/grp_stage_bilateral_Pipeline_BILATERAL_OUT_VITIS_LOOP_243_4_fu_90/fmul_32ns_32ns_32_7_max_dsp_1_U1371/top_kernel_fmul_32ns_32ns_32_7_max_dsp_1_ip_u/U0/i_synth/MULT.OP/i_non_prim.MULT/DSP48E1_SPD_SGL_VARIANT.FIX_MULT/DSP1/i_no_versal_es1_workaround.DSP input bd_0_i/hls_inst/inst/stage_bilateral_U0/grp_stage_bilateral_Pipeline_BILATERAL_OUT_VITIS_LOOP_243_4_fu_90/fmul_32ns_32ns_32_7_max_dsp_1_U1371/top_kernel_fmul_32ns_32ns_32_7_max_dsp_1_ip_u/U0/i_synth/MULT.OP/i_non_prim.MULT/DSP48E1_SPD_SGL_VARIANT.FIX_MULT/DSP1/i_no_versal_es1_workaround.DSP/B[17:0] is not pipelined. Pipelining DSP48 input will improve performance.
Related violations: <none>

DPIP-2#30 Warning
Input pipelining  
DSP bd_0_i/hls_inst/inst/stage_bilateral_U0/grp_stage_bilateral_Pipeline_BILATERAL_OUT_VITIS_LOOP_243_4_fu_90/fmul_32ns_32ns_32_7_max_dsp_1_U1372/top_kernel_fmul_32ns_32ns_32_7_max_dsp_1_ip_u/U0/i_synth/MULT.OP/i_non_prim.MULT/DSP48E1_SPD_SGL_VARIANT.FIX_MULT/DSP1/i_no_versal_es1_workaround.DSP input bd_0_i/hls_inst/inst/stage_bilateral_U0/grp_stage_bilateral_Pipeline_BILATERAL_OUT_VITIS_LOOP_243_4_fu_90/fmul_32ns_32ns_32_7_max_dsp_1_U1372/top_kernel_fmul_32ns_32ns_32_7_max_dsp_1_ip_u/U0/i_synth/MULT.OP/i_non_prim.MULT/DSP48E1_SPD_SGL_VARIANT.FIX_MULT/DSP1/i_no_versal_es1_workaround.DSP/A[29:0] is not pipelined. Pipelining DSP48 input will improve performance.
Related violations: <none>

DPIP-2#31 Warning
Input pipelining  
DSP bd_0_i/hls_inst/inst/stage_bilateral_U0/grp_stage_bilateral_Pipeline_BILATERAL_OUT_VITIS_LOOP_243_4_fu_90/fmul_32ns_32ns_32_7_max_dsp_1_U1372/top_kernel_fmul_32ns_32ns_32_7_max_dsp_1_ip_u/U0/i_synth/MULT.OP/i_non_prim.MULT/DSP48E1_SPD_SGL_VARIANT.FIX_MULT/DSP1/i_no_versal_es1_workaround.DSP input bd_0_i/hls_inst/inst/stage_bilateral_U0/grp_stage_bilateral_Pipeline_BILATERAL_OUT_VITIS_LOOP_243_4_fu_90/fmul_32ns_32ns_32_7_max_dsp_1_U1372/top_kernel_fmul_32ns_32ns_32_7_max_dsp_1_ip_u/U0/i_synth/MULT.OP/i_non_prim.MULT/DSP48E1_SPD_SGL_VARIANT.FIX_MULT/DSP1/i_no_versal_es1_workaround.DSP/B[17:0] is not pipelined. Pipelining DSP48 input will improve performance.
Related violations: <none>

DPIP-2#32 Warning
Input pipelining  
DSP bd_0_i/hls_inst/inst/stage_bilateral_U0/grp_stage_bilateral_Pipeline_BILATERAL_OUT_VITIS_LOOP_243_4_fu_90/fmul_32ns_32ns_32_7_max_dsp_1_U1373/top_kernel_fmul_32ns_32ns_32_7_max_dsp_1_ip_u/U0/i_synth/MULT.OP/i_non_prim.MULT/DSP48E1_SPD_SGL_VARIANT.FIX_MULT/DSP1/i_no_versal_es1_workaround.DSP input bd_0_i/hls_inst/inst/stage_bilateral_U0/grp_stage_bilateral_Pipeline_BILATERAL_OUT_VITIS_LOOP_243_4_fu_90/fmul_32ns_32ns_32_7_max_dsp_1_U1373/top_kernel_fmul_32ns_32ns_32_7_max_dsp_1_ip_u/U0/i_synth/MULT.OP/i_non_prim.MULT/DSP48E1_SPD_SGL_VARIANT.FIX_MULT/DSP1/i_no_versal_es1_workaround.DSP/A[29:0] is not pipelined. Pipelining DSP48 input will improve performance.
Related violations: <none>

DPIP-2#33 Warning
Input pipelining  
DSP bd_0_i/hls_inst/inst/stage_bilateral_U0/grp_stage_bilateral_Pipeline_BILATERAL_OUT_VITIS_LOOP_243_4_fu_90/fmul_32ns_32ns_32_7_max_dsp_1_U1373/top_kernel_fmul_32ns_32ns_32_7_max_dsp_1_ip_u/U0/i_synth/MULT.OP/i_non_prim.MULT/DSP48E1_SPD_SGL_VARIANT.FIX_MULT/DSP1/i_no_versal_es1_workaround.DSP input bd_0_i/hls_inst/inst/stage_bilateral_U0/grp_stage_bilateral_Pipeline_BILATERAL_OUT_VITIS_LOOP_243_4_fu_90/fmul_32ns_32ns_32_7_max_dsp_1_U1373/top_kernel_fmul_32ns_32ns_32_7_max_dsp_1_ip_u/U0/i_synth/MULT.OP/i_non_prim.MULT/DSP48E1_SPD_SGL_VARIANT.FIX_MULT/DSP1/i_no_versal_es1_workaround.DSP/B[17:0] is not pipelined. Pipelining DSP48 input will improve performance.
Related violations: <none>

DPIP-2#34 Warning
Input pipelining  
DSP bd_0_i/hls_inst/inst/stage_bilateral_U0/grp_stage_bilateral_Pipeline_BILATERAL_OUT_VITIS_LOOP_243_4_fu_90/fmul_32ns_32ns_32_7_max_dsp_1_U1374/top_kernel_fmul_32ns_32ns_32_7_max_dsp_1_ip_u/U0/i_synth/MULT.OP/i_non_prim.MULT/DSP48E1_SPD_SGL_VARIANT.FIX_MULT/DSP1/i_no_versal_es1_workaround.DSP input bd_0_i/hls_inst/inst/stage_bilateral_U0/grp_stage_bilateral_Pipeline_BILATERAL_OUT_VITIS_LOOP_243_4_fu_90/fmul_32ns_32ns_32_7_max_dsp_1_U1374/top_kernel_fmul_32ns_32ns_32_7_max_dsp_1_ip_u/U0/i_synth/MULT.OP/i_non_prim.MULT/DSP48E1_SPD_SGL_VARIANT.FIX_MULT/DSP1/i_no_versal_es1_workaround.DSP/A[29:0] is not pipelined. Pipelining DSP48 input will improve performance.
Related violations: <none>

DPIP-2#35 Warning
Input pipelining  
DSP bd_0_i/hls_inst/inst/stage_bilateral_U0/grp_stage_bilateral_Pipeline_BILATERAL_OUT_VITIS_LOOP_243_4_fu_90/fmul_32ns_32ns_32_7_max_dsp_1_U1374/top_kernel_fmul_32ns_32ns_32_7_max_dsp_1_ip_u/U0/i_synth/MULT.OP/i_non_prim.MULT/DSP48E1_SPD_SGL_VARIANT.FIX_MULT/DSP1/i_no_versal_es1_workaround.DSP input bd_0_i/hls_inst/inst/stage_bilateral_U0/grp_stage_bilateral_Pipeline_BILATERAL_OUT_VITIS_LOOP_243_4_fu_90/fmul_32ns_32ns_32_7_max_dsp_1_U1374/top_kernel_fmul_32ns_32ns_32_7_max_dsp_1_ip_u/U0/i_synth/MULT.OP/i_non_prim.MULT/DSP48E1_SPD_SGL_VARIANT.FIX_MULT/DSP1/i_no_versal_es1_workaround.DSP/B[17:0] is not pipelined. Pipelining DSP48 input will improve performance.
Related violations: <none>

DPIP-2#36 Warning
Input pipelining  
DSP bd_0_i/hls_inst/inst/stage_bilateral_U0/grp_stage_bilateral_Pipeline_BILATERAL_OUT_VITIS_LOOP_243_4_fu_90/fmul_32ns_32ns_32_7_max_dsp_1_U1375/top_kernel_fmul_32ns_32ns_32_7_max_dsp_1_ip_u/U0/i_synth/MULT.OP/i_non_prim.MULT/DSP48E1_SPD_SGL_VARIANT.FIX_MULT/DSP1/i_no_versal_es1_workaround.DSP input bd_0_i/hls_inst/inst/stage_bilateral_U0/grp_stage_bilateral_Pipeline_BILATERAL_OUT_VITIS_LOOP_243_4_fu_90/fmul_32ns_32ns_32_7_max_dsp_1_U1375/top_kernel_fmul_32ns_32ns_32_7_max_dsp_1_ip_u/U0/i_synth/MULT.OP/i_non_prim.MULT/DSP48E1_SPD_SGL_VARIANT.FIX_MULT/DSP1/i_no_versal_es1_workaround.DSP/A[29:0] is not pipelined. Pipelining DSP48 input will improve performance.
Related violations: <none>

DPIP-2#37 Warning
Input pipelining  
DSP bd_0_i/hls_inst/inst/stage_bilateral_U0/grp_stage_bilateral_Pipeline_BILATERAL_OUT_VITIS_LOOP_243_4_fu_90/fmul_32ns_32ns_32_7_max_dsp_1_U1375/top_kernel_fmul_32ns_32ns_32_7_max_dsp_1_ip_u/U0/i_synth/MULT.OP/i_non_prim.MULT/DSP48E1_SPD_SGL_VARIANT.FIX_MULT/DSP1/i_no_versal_es1_workaround.DSP input bd_0_i/hls_inst/inst/stage_bilateral_U0/grp_stage_bilateral_Pipeline_BILATERAL_OUT_VITIS_LOOP_243_4_fu_90/fmul_32ns_32ns_32_7_max_dsp_1_U1375/top_kernel_fmul_32ns_32ns_32_7_max_dsp_1_ip_u/U0/i_synth/MULT.OP/i_non_prim.MULT/DSP48E1_SPD_SGL_VARIANT.FIX_MULT/DSP1/i_no_versal_es1_workaround.DSP/B[17:0] is not pipelined. Pipelining DSP48 input will improve performance.
Related violations: <none>

DPIP-2#38 Warning
Input pipelining  
DSP bd_0_i/hls_inst/inst/stage_bilateral_U0/grp_stage_bilateral_Pipeline_BILATERAL_OUT_VITIS_LOOP_243_4_fu_90/fmul_32ns_32ns_32_7_max_dsp_1_U1376/top_kernel_fmul_32ns_32ns_32_7_max_dsp_1_ip_u/U0/i_synth/MULT.OP/i_non_prim.MULT/DSP48E1_SPD_SGL_VARIANT.FIX_MULT/DSP1/i_no_versal_es1_workaround.DSP input bd_0_i/hls_inst/inst/stage_bilateral_U0/grp_stage_bilateral_Pipeline_BILATERAL_OUT_VITIS_LOOP_243_4_fu_90/fmul_32ns_32ns_32_7_max_dsp_1_U1376/top_kernel_fmul_32ns_32ns_32_7_max_dsp_1_ip_u/U0/i_synth/MULT.OP/i_non_prim.MULT/DSP48E1_SPD_SGL_VARIANT.FIX_MULT/DSP1/i_no_versal_es1_workaround.DSP/A[29:0] is not pipelined. Pipelining DSP48 input will improve performance.
Related violations: <none>

DPIP-2#39 Warning
Input pipelining  
DSP bd_0_i/hls_inst/inst/stage_bilateral_U0/grp_stage_bilateral_Pipeline_BILATERAL_OUT_VITIS_LOOP_243_4_fu_90/fmul_32ns_32ns_32_7_max_dsp_1_U1376/top_kernel_fmul_32ns_32ns_32_7_max_dsp_1_ip_u/U0/i_synth/MULT.OP/i_non_prim.MULT/DSP48E1_SPD_SGL_VARIANT.FIX_MULT/DSP1/i_no_versal_es1_workaround.DSP input bd_0_i/hls_inst/inst/stage_bilateral_U0/grp_stage_bilateral_Pipeline_BILATERAL_OUT_VITIS_LOOP_243_4_fu_90/fmul_32ns_32ns_32_7_max_dsp_1_U1376/top_kernel_fmul_32ns_32ns_32_7_max_dsp_1_ip_u/U0/i_synth/MULT.OP/i_non_prim.MULT/DSP48E1_SPD_SGL_VARIANT.FIX_MULT/DSP1/i_no_versal_es1_workaround.DSP/B[17:0] is not pipelined. Pipelining DSP48 input will improve performance.
Related violations: <none>

DPIP-2#40 Warning
Input pipelining  
DSP bd_0_i/hls_inst/inst/stage_bilateral_U0/grp_stage_bilateral_Pipeline_BILATERAL_OUT_VITIS_LOOP_243_4_fu_90/fmul_32ns_32ns_32_7_max_dsp_1_U1377/top_kernel_fmul_32ns_32ns_32_7_max_dsp_1_ip_u/U0/i_synth/MULT.OP/i_non_prim.MULT/DSP48E1_SPD_SGL_VARIANT.FIX_MULT/DSP1/i_no_versal_es1_workaround.DSP input bd_0_i/hls_inst/inst/stage_bilateral_U0/grp_stage_bilateral_Pipeline_BILATERAL_OUT_VITIS_LOOP_243_4_fu_90/fmul_32ns_32ns_32_7_max_dsp_1_U1377/top_kernel_fmul_32ns_32ns_32_7_max_dsp_1_ip_u/U0/i_synth/MULT.OP/i_non_prim.MULT/DSP48E1_SPD_SGL_VARIANT.FIX_MULT/DSP1/i_no_versal_es1_workaround.DSP/A[29:0] is not pipelined. Pipelining DSP48 input will improve performance.
Related violations: <none>

DPIP-2#41 Warning
Input pipelining  
DSP bd_0_i/hls_inst/inst/stage_bilateral_U0/grp_stage_bilateral_Pipeline_BILATERAL_OUT_VITIS_LOOP_243_4_fu_90/fmul_32ns_32ns_32_7_max_dsp_1_U1378/top_kernel_fmul_32ns_32ns_32_7_max_dsp_1_ip_u/U0/i_synth/MULT.OP/i_non_prim.MULT/DSP48E1_SPD_SGL_VARIANT.FIX_MULT/DSP1/i_no_versal_es1_workaround.DSP input bd_0_i/hls_inst/inst/stage_bilateral_U0/grp_stage_bilateral_Pipeline_BILATERAL_OUT_VITIS_LOOP_243_4_fu_90/fmul_32ns_32ns_32_7_max_dsp_1_U1378/top_kernel_fmul_32ns_32ns_32_7_max_dsp_1_ip_u/U0/i_synth/MULT.OP/i_non_prim.MULT/DSP48E1_SPD_SGL_VARIANT.FIX_MULT/DSP1/i_no_versal_es1_workaround.DSP/A[29:0] is not pipelined. Pipelining DSP48 input will improve performance.
Related violations: <none>

DPIP-2#42 Warning
Input pipelining  
DSP bd_0_i/hls_inst/inst/stage_bilateral_U0/grp_stage_bilateral_Pipeline_BILATERAL_OUT_VITIS_LOOP_243_4_fu_90/fmul_32ns_32ns_32_7_max_dsp_1_U1379/top_kernel_fmul_32ns_32ns_32_7_max_dsp_1_ip_u/U0/i_synth/MULT.OP/i_non_prim.MULT/DSP48E1_SPD_SGL_VARIANT.FIX_MULT/DSP1/i_no_versal_es1_workaround.DSP input bd_0_i/hls_inst/inst/stage_bilateral_U0/grp_stage_bilateral_Pipeline_BILATERAL_OUT_VITIS_LOOP_243_4_fu_90/fmul_32ns_32ns_32_7_max_dsp_1_U1379/top_kernel_fmul_32ns_32ns_32_7_max_dsp_1_ip_u/U0/i_synth/MULT.OP/i_non_prim.MULT/DSP48E1_SPD_SGL_VARIANT.FIX_MULT/DSP1/i_no_versal_es1_workaround.DSP/A[29:0] is not pipelined. Pipelining DSP48 input will improve performance.
Related violations: <none>

DPIP-2#43 Warning
Input pipelining  
DSP bd_0_i/hls_inst/inst/stage_bilateral_U0/grp_stage_bilateral_Pipeline_BILATERAL_OUT_VITIS_LOOP_243_4_fu_90/fmul_32ns_32ns_32_7_max_dsp_1_U1380/top_kernel_fmul_32ns_32ns_32_7_max_dsp_1_ip_u/U0/i_synth/MULT.OP/i_non_prim.MULT/DSP48E1_SPD_SGL_VARIANT.FIX_MULT/DSP1/i_no_versal_es1_workaround.DSP input bd_0_i/hls_inst/inst/stage_bilateral_U0/grp_stage_bilateral_Pipeline_BILATERAL_OUT_VITIS_LOOP_243_4_fu_90/fmul_32ns_32ns_32_7_max_dsp_1_U1380/top_kernel_fmul_32ns_32ns_32_7_max_dsp_1_ip_u/U0/i_synth/MULT.OP/i_non_prim.MULT/DSP48E1_SPD_SGL_VARIANT.FIX_MULT/DSP1/i_no_versal_es1_workaround.DSP/A[29:0] is not pipelined. Pipelining DSP48 input will improve performance.
Related violations: <none>

DPIP-2#44 Warning
Input pipelining  
DSP bd_0_i/hls_inst/inst/stage_bilateral_U0/grp_stage_bilateral_Pipeline_BILATERAL_OUT_VITIS_LOOP_243_4_fu_90/fmul_32ns_32ns_32_7_max_dsp_1_U1381/top_kernel_fmul_32ns_32ns_32_7_max_dsp_1_ip_u/U0/i_synth/MULT.OP/i_non_prim.MULT/DSP48E1_SPD_SGL_VARIANT.FIX_MULT/DSP1/i_no_versal_es1_workaround.DSP input bd_0_i/hls_inst/inst/stage_bilateral_U0/grp_stage_bilateral_Pipeline_BILATERAL_OUT_VITIS_LOOP_243_4_fu_90/fmul_32ns_32ns_32_7_max_dsp_1_U1381/top_kernel_fmul_32ns_32ns_32_7_max_dsp_1_ip_u/U0/i_synth/MULT.OP/i_non_prim.MULT/DSP48E1_SPD_SGL_VARIANT.FIX_MULT/DSP1/i_no_versal_es1_workaround.DSP/A[29:0] is not pipelined. Pipelining DSP48 input will improve performance.
Related violations: <none>

DPIP-2#45 Warning
Input pipelining  
DSP bd_0_i/hls_inst/inst/stage_bilateral_U0/grp_stage_bilateral_Pipeline_BILATERAL_OUT_VITIS_LOOP_243_4_fu_90/fmul_32ns_32ns_32_7_max_dsp_1_U1382/top_kernel_fmul_32ns_32ns_32_7_max_dsp_1_ip_u/U0/i_synth/MULT.OP/i_non_prim.MULT/DSP48E1_SPD_SGL_VARIANT.FIX_MULT/DSP1/i_no_versal_es1_workaround.DSP input bd_0_i/hls_inst/inst/stage_bilateral_U0/grp_stage_bilateral_Pipeline_BILATERAL_OUT_VITIS_LOOP_243_4_fu_90/fmul_32ns_32ns_32_7_max_dsp_1_U1382/top_kernel_fmul_32ns_32ns_32_7_max_dsp_1_ip_u/U0/i_synth/MULT.OP/i_non_prim.MULT/DSP48E1_SPD_SGL_VARIANT.FIX_MULT/DSP1/i_no_versal_es1_workaround.DSP/A[29:0] is not pipelined. Pipelining DSP48 input will improve performance.
Related violations: <none>

DPIP-2#46 Warning
Input pipelining  
DSP bd_0_i/hls_inst/inst/stage_bilateral_U0/grp_stage_bilateral_Pipeline_BILATERAL_OUT_VITIS_LOOP_243_4_fu_90/fmul_32ns_32ns_32_7_max_dsp_1_U1383/top_kernel_fmul_32ns_32ns_32_7_max_dsp_1_ip_u/U0/i_synth/MULT.OP/i_non_prim.MULT/DSP48E1_SPD_SGL_VARIANT.FIX_MULT/DSP1/i_no_versal_es1_workaround.DSP input bd_0_i/hls_inst/inst/stage_bilateral_U0/grp_stage_bilateral_Pipeline_BILATERAL_OUT_VITIS_LOOP_243_4_fu_90/fmul_32ns_32ns_32_7_max_dsp_1_U1383/top_kernel_fmul_32ns_32ns_32_7_max_dsp_1_ip_u/U0/i_synth/MULT.OP/i_non_prim.MULT/DSP48E1_SPD_SGL_VARIANT.FIX_MULT/DSP1/i_no_versal_es1_workaround.DSP/A[29:0] is not pipelined. Pipelining DSP48 input will improve performance.
Related violations: <none>

DPIP-2#47 Warning
Input pipelining  
DSP bd_0_i/hls_inst/inst/stage_bilateral_U0/grp_stage_bilateral_Pipeline_BILATERAL_OUT_VITIS_LOOP_243_4_fu_90/fmul_32ns_32ns_32_7_max_dsp_1_U1384/top_kernel_fmul_32ns_32ns_32_7_max_dsp_1_ip_u/U0/i_synth/MULT.OP/i_non_prim.MULT/DSP48E1_SPD_SGL_VARIANT.FIX_MULT/DSP1/i_no_versal_es1_workaround.DSP input bd_0_i/hls_inst/inst/stage_bilateral_U0/grp_stage_bilateral_Pipeline_BILATERAL_OUT_VITIS_LOOP_243_4_fu_90/fmul_32ns_32ns_32_7_max_dsp_1_U1384/top_kernel_fmul_32ns_32ns_32_7_max_dsp_1_ip_u/U0/i_synth/MULT.OP/i_non_prim.MULT/DSP48E1_SPD_SGL_VARIANT.FIX_MULT/DSP1/i_no_versal_es1_workaround.DSP/A[29:0] is not pipelined. Pipelining DSP48 input will improve performance.
Related violations: <none>

DPIP-2#48 Warning
Input pipelining  
DSP bd_0_i/hls_inst/inst/stage_bilateral_U0/grp_stage_bilateral_Pipeline_BILATERAL_OUT_VITIS_LOOP_243_4_fu_90/fsub_32ns_32ns_32_10_full_dsp_1_U1335/top_kernel_fsub_32ns_32ns_32_10_full_dsp_1_ip_u/U0/i_synth/ADDSUB_OP.ADDSUB/DSP.OP/DSP48E1_BODY.ALIGN_ADD/DSP2/i_no_versal_es1_workaround.DSP input bd_0_i/hls_inst/inst/stage_bilateral_U0/grp_stage_bilateral_Pipeline_BILATERAL_OUT_VITIS_LOOP_243_4_fu_90/fsub_32ns_32ns_32_10_full_dsp_1_U1335/top_kernel_fsub_32ns_32ns_32_10_full_dsp_1_ip_u/U0/i_synth/ADDSUB_OP.ADDSUB/DSP.OP/DSP48E1_BODY.ALIGN_ADD/DSP2/i_no_versal_es1_workaround.DSP/B[17:0] is not pipelined. Pipelining DSP48 input will improve performance.
Related violations: <none>

DPIP-2#49 Warning
Input pipelining  
DSP bd_0_i/hls_inst/inst/stage_bilateral_U0/grp_stage_bilateral_Pipeline_BILATERAL_OUT_VITIS_LOOP_243_4_fu_90/fsub_32ns_32ns_32_10_full_dsp_1_U1335/top_kernel_fsub_32ns_32ns_32_10_full_dsp_1_ip_u/U0/i_synth/ADDSUB_OP.ADDSUB/DSP.OP/DSP48E1_BODY.NORM_RND/FULL_USAGE_DSP.SHIFT_RND/i_no_versal_es1_workaround.DSP input bd_0_i/hls_inst/inst/stage_bilateral_U0/grp_stage_bilateral_Pipeline_BILATERAL_OUT_VITIS_LOOP_243_4_fu_90/fsub_32ns_32ns_32_10_full_dsp_1_U1335/top_kernel_fsub_32ns_32ns_32_10_full_dsp_1_ip_u/U0/i_synth/ADDSUB_OP.ADDSUB/DSP.OP/DSP48E1_BODY.NORM_RND/FULL_USAGE_DSP.SHIFT_RND/i_no_versal_es1_workaround.DSP/C[47:0] is not pipelined. Pipelining DSP48 input will improve performance.
Related violations: <none>

DPIP-2#50 Warning
Input pipelining  
DSP bd_0_i/hls_inst/inst/stage_bilateral_U0/grp_stage_bilateral_Pipeline_BILATERAL_OUT_VITIS_LOOP_243_4_fu_90/fsub_32ns_32ns_32_10_full_dsp_1_U1336/top_kernel_fsub_32ns_32ns_32_10_full_dsp_1_ip_u/U0/i_synth/ADDSUB_OP.ADDSUB/DSP.OP/DSP48E1_BODY.ALIGN_ADD/DSP2/i_no_versal_es1_workaround.DSP input bd_0_i/hls_inst/inst/stage_bilateral_U0/grp_stage_bilateral_Pipeline_BILATERAL_OUT_VITIS_LOOP_243_4_fu_90/fsub_32ns_32ns_32_10_full_dsp_1_U1336/top_kernel_fsub_32ns_32ns_32_10_full_dsp_1_ip_u/U0/i_synth/ADDSUB_OP.ADDSUB/DSP.OP/DSP48E1_BODY.ALIGN_ADD/DSP2/i_no_versal_es1_workaround.DSP/B[17:0] is not pipelined. Pipelining DSP48 input will improve performance.
Related violations: <none>

DPIP-2#51 Warning
Input pipelining  
DSP bd_0_i/hls_inst/inst/stage_bilateral_U0/grp_stage_bilateral_Pipeline_BILATERAL_OUT_VITIS_LOOP_243_4_fu_90/fsub_32ns_32ns_32_10_full_dsp_1_U1336/top_kernel_fsub_32ns_32ns_32_10_full_dsp_1_ip_u/U0/i_synth/ADDSUB_OP.ADDSUB/DSP.OP/DSP48E1_BODY.NORM_RND/FULL_USAGE_DSP.SHIFT_RND/i_no_versal_es1_workaround.DSP input bd_0_i/hls_inst/inst/stage_bilateral_U0/grp_stage_bilateral_Pipeline_BILATERAL_OUT_VITIS_LOOP_243_4_fu_90/fsub_32ns_32ns_32_10_full_dsp_1_U1336/top_kernel_fsub_32ns_32ns_32_10_full_dsp_1_ip_u/U0/i_synth/ADDSUB_OP.ADDSUB/DSP.OP/DSP48E1_BODY.NORM_RND/FULL_USAGE_DSP.SHIFT_RND/i_no_versal_es1_workaround.DSP/C[47:0] is not pipelined. Pipelining DSP48 input will improve performance.
Related violations: <none>

DPIP-2#52 Warning
Input pipelining  
DSP bd_0_i/hls_inst/inst/stage_bilateral_U0/grp_stage_bilateral_Pipeline_BILATERAL_OUT_VITIS_LOOP_243_4_fu_90/fsub_32ns_32ns_32_10_full_dsp_1_U1337/top_kernel_fsub_32ns_32ns_32_10_full_dsp_1_ip_u/U0/i_synth/ADDSUB_OP.ADDSUB/DSP.OP/DSP48E1_BODY.ALIGN_ADD/DSP2/i_no_versal_es1_workaround.DSP input bd_0_i/hls_inst/inst/stage_bilateral_U0/grp_stage_bilateral_Pipeline_BILATERAL_OUT_VITIS_LOOP_243_4_fu_90/fsub_32ns_32ns_32_10_full_dsp_1_U1337/top_kernel_fsub_32ns_32ns_32_10_full_dsp_1_ip_u/U0/i_synth/ADDSUB_OP.ADDSUB/DSP.OP/DSP48E1_BODY.ALIGN_ADD/DSP2/i_no_versal_es1_workaround.DSP/B[17:0] is not pipelined. Pipelining DSP48 input will improve performance.
Related violations: <none>

DPIP-2#53 Warning
Input pipelining  
DSP bd_0_i/hls_inst/inst/stage_bilateral_U0/grp_stage_bilateral_Pipeline_BILATERAL_OUT_VITIS_LOOP_243_4_fu_90/fsub_32ns_32ns_32_10_full_dsp_1_U1337/top_kernel_fsub_32ns_32ns_32_10_full_dsp_1_ip_u/U0/i_synth/ADDSUB_OP.ADDSUB/DSP.OP/DSP48E1_BODY.NORM_RND/FULL_USAGE_DSP.SHIFT_RND/i_no_versal_es1_workaround.DSP input bd_0_i/hls_inst/inst/stage_bilateral_U0/grp_stage_bilateral_Pipeline_BILATERAL_OUT_VITIS_LOOP_243_4_fu_90/fsub_32ns_32ns_32_10_full_dsp_1_U1337/top_kernel_fsub_32ns_32ns_32_10_full_dsp_1_ip_u/U0/i_synth/ADDSUB_OP.ADDSUB/DSP.OP/DSP48E1_BODY.NORM_RND/FULL_USAGE_DSP.SHIFT_RND/i_no_versal_es1_workaround.DSP/C[47:0] is not pipelined. Pipelining DSP48 input will improve performance.
Related violations: <none>

DPIP-2#54 Warning
Input pipelining  
DSP bd_0_i/hls_inst/inst/stage_bilateral_U0/grp_stage_bilateral_Pipeline_BILATERAL_OUT_VITIS_LOOP_243_4_fu_90/fsub_32ns_32ns_32_10_full_dsp_1_U1338/top_kernel_fsub_32ns_32ns_32_10_full_dsp_1_ip_u/U0/i_synth/ADDSUB_OP.ADDSUB/DSP.OP/DSP48E1_BODY.ALIGN_ADD/DSP2/i_no_versal_es1_workaround.DSP input bd_0_i/hls_inst/inst/stage_bilateral_U0/grp_stage_bilateral_Pipeline_BILATERAL_OUT_VITIS_LOOP_243_4_fu_90/fsub_32ns_32ns_32_10_full_dsp_1_U1338/top_kernel_fsub_32ns_32ns_32_10_full_dsp_1_ip_u/U0/i_synth/ADDSUB_OP.ADDSUB/DSP.OP/DSP48E1_BODY.ALIGN_ADD/DSP2/i_no_versal_es1_workaround.DSP/B[17:0] is not pipelined. Pipelining DSP48 input will improve performance.
Related violations: <none>

DPIP-2#55 Warning
Input pipelining  
DSP bd_0_i/hls_inst/inst/stage_bilateral_U0/grp_stage_bilateral_Pipeline_BILATERAL_OUT_VITIS_LOOP_243_4_fu_90/fsub_32ns_32ns_32_10_full_dsp_1_U1338/top_kernel_fsub_32ns_32ns_32_10_full_dsp_1_ip_u/U0/i_synth/ADDSUB_OP.ADDSUB/DSP.OP/DSP48E1_BODY.NORM_RND/FULL_USAGE_DSP.SHIFT_RND/i_no_versal_es1_workaround.DSP input bd_0_i/hls_inst/inst/stage_bilateral_U0/grp_stage_bilateral_Pipeline_BILATERAL_OUT_VITIS_LOOP_243_4_fu_90/fsub_32ns_32ns_32_10_full_dsp_1_U1338/top_kernel_fsub_32ns_32ns_32_10_full_dsp_1_ip_u/U0/i_synth/ADDSUB_OP.ADDSUB/DSP.OP/DSP48E1_BODY.NORM_RND/FULL_USAGE_DSP.SHIFT_RND/i_no_versal_es1_workaround.DSP/C[47:0] is not pipelined. Pipelining DSP48 input will improve performance.
Related violations: <none>

DPIP-2#56 Warning
Input pipelining  
DSP bd_0_i/hls_inst/inst/stage_bilateral_U0/grp_stage_bilateral_Pipeline_BILATERAL_OUT_VITIS_LOOP_243_4_fu_90/fsub_32ns_32ns_32_10_full_dsp_1_U1339/top_kernel_fsub_32ns_32ns_32_10_full_dsp_1_ip_u/U0/i_synth/ADDSUB_OP.ADDSUB/DSP.OP/DSP48E1_BODY.ALIGN_ADD/DSP2/i_no_versal_es1_workaround.DSP input bd_0_i/hls_inst/inst/stage_bilateral_U0/grp_stage_bilateral_Pipeline_BILATERAL_OUT_VITIS_LOOP_243_4_fu_90/fsub_32ns_32ns_32_10_full_dsp_1_U1339/top_kernel_fsub_32ns_32ns_32_10_full_dsp_1_ip_u/U0/i_synth/ADDSUB_OP.ADDSUB/DSP.OP/DSP48E1_BODY.ALIGN_ADD/DSP2/i_no_versal_es1_workaround.DSP/B[17:0] is not pipelined. Pipelining DSP48 input will improve performance.
Related violations: <none>

DPIP-2#57 Warning
Input pipelining  
DSP bd_0_i/hls_inst/inst/stage_bilateral_U0/grp_stage_bilateral_Pipeline_BILATERAL_OUT_VITIS_LOOP_243_4_fu_90/fsub_32ns_32ns_32_10_full_dsp_1_U1339/top_kernel_fsub_32ns_32ns_32_10_full_dsp_1_ip_u/U0/i_synth/ADDSUB_OP.ADDSUB/DSP.OP/DSP48E1_BODY.NORM_RND/FULL_USAGE_DSP.SHIFT_RND/i_no_versal_es1_workaround.DSP input bd_0_i/hls_inst/inst/stage_bilateral_U0/grp_stage_bilateral_Pipeline_BILATERAL_OUT_VITIS_LOOP_243_4_fu_90/fsub_32ns_32ns_32_10_full_dsp_1_U1339/top_kernel_fsub_32ns_32ns_32_10_full_dsp_1_ip_u/U0/i_synth/ADDSUB_OP.ADDSUB/DSP.OP/DSP48E1_BODY.NORM_RND/FULL_USAGE_DSP.SHIFT_RND/i_no_versal_es1_workaround.DSP/C[47:0] is not pipelined. Pipelining DSP48 input will improve performance.
Related violations: <none>

DPIP-2#58 Warning
Input pipelining  
DSP bd_0_i/hls_inst/inst/stage_bilateral_U0/grp_stage_bilateral_Pipeline_BILATERAL_OUT_VITIS_LOOP_243_4_fu_90/fsub_32ns_32ns_32_10_full_dsp_1_U1340/top_kernel_fsub_32ns_32ns_32_10_full_dsp_1_ip_u/U0/i_synth/ADDSUB_OP.ADDSUB/DSP.OP/DSP48E1_BODY.ALIGN_ADD/DSP2/i_no_versal_es1_workaround.DSP input bd_0_i/hls_inst/inst/stage_bilateral_U0/grp_stage_bilateral_Pipeline_BILATERAL_OUT_VITIS_LOOP_243_4_fu_90/fsub_32ns_32ns_32_10_full_dsp_1_U1340/top_kernel_fsub_32ns_32ns_32_10_full_dsp_1_ip_u/U0/i_synth/ADDSUB_OP.ADDSUB/DSP.OP/DSP48E1_BODY.ALIGN_ADD/DSP2/i_no_versal_es1_workaround.DSP/B[17:0] is not pipelined. Pipelining DSP48 input will improve performance.
Related violations: <none>

DPIP-2#59 Warning
Input pipelining  
DSP bd_0_i/hls_inst/inst/stage_bilateral_U0/grp_stage_bilateral_Pipeline_BILATERAL_OUT_VITIS_LOOP_243_4_fu_90/fsub_32ns_32ns_32_10_full_dsp_1_U1340/top_kernel_fsub_32ns_32ns_32_10_full_dsp_1_ip_u/U0/i_synth/ADDSUB_OP.ADDSUB/DSP.OP/DSP48E1_BODY.NORM_RND/FULL_USAGE_DSP.SHIFT_RND/i_no_versal_es1_workaround.DSP input bd_0_i/hls_inst/inst/stage_bilateral_U0/grp_stage_bilateral_Pipeline_BILATERAL_OUT_VITIS_LOOP_243_4_fu_90/fsub_32ns_32ns_32_10_full_dsp_1_U1340/top_kernel_fsub_32ns_32ns_32_10_full_dsp_1_ip_u/U0/i_synth/ADDSUB_OP.ADDSUB/DSP.OP/DSP48E1_BODY.NORM_RND/FULL_USAGE_DSP.SHIFT_RND/i_no_versal_es1_workaround.DSP/C[47:0] is not pipelined. Pipelining DSP48 input will improve performance.
Related violations: <none>

DPIP-2#60 Warning
Input pipelining  
DSP bd_0_i/hls_inst/inst/stage_bilateral_U0/grp_stage_bilateral_Pipeline_BILATERAL_OUT_VITIS_LOOP_243_4_fu_90/fsub_32ns_32ns_32_10_full_dsp_1_U1341/top_kernel_fsub_32ns_32ns_32_10_full_dsp_1_ip_u/U0/i_synth/ADDSUB_OP.ADDSUB/DSP.OP/DSP48E1_BODY.ALIGN_ADD/DSP2/i_no_versal_es1_workaround.DSP input bd_0_i/hls_inst/inst/stage_bilateral_U0/grp_stage_bilateral_Pipeline_BILATERAL_OUT_VITIS_LOOP_243_4_fu_90/fsub_32ns_32ns_32_10_full_dsp_1_U1341/top_kernel_fsub_32ns_32ns_32_10_full_dsp_1_ip_u/U0/i_synth/ADDSUB_OP.ADDSUB/DSP.OP/DSP48E1_BODY.ALIGN_ADD/DSP2/i_no_versal_es1_workaround.DSP/B[17:0] is not pipelined. Pipelining DSP48 input will improve performance.
Related violations: <none>

DPIP-2#61 Warning
Input pipelining  
DSP bd_0_i/hls_inst/inst/stage_bilateral_U0/grp_stage_bilateral_Pipeline_BILATERAL_OUT_VITIS_LOOP_243_4_fu_90/fsub_32ns_32ns_32_10_full_dsp_1_U1341/top_kernel_fsub_32ns_32ns_32_10_full_dsp_1_ip_u/U0/i_synth/ADDSUB_OP.ADDSUB/DSP.OP/DSP48E1_BODY.NORM_RND/FULL_USAGE_DSP.SHIFT_RND/i_no_versal_es1_workaround.DSP input bd_0_i/hls_inst/inst/stage_bilateral_U0/grp_stage_bilateral_Pipeline_BILATERAL_OUT_VITIS_LOOP_243_4_fu_90/fsub_32ns_32ns_32_10_full_dsp_1_U1341/top_kernel_fsub_32ns_32ns_32_10_full_dsp_1_ip_u/U0/i_synth/ADDSUB_OP.ADDSUB/DSP.OP/DSP48E1_BODY.NORM_RND/FULL_USAGE_DSP.SHIFT_RND/i_no_versal_es1_workaround.DSP/C[47:0] is not pipelined. Pipelining DSP48 input will improve performance.
Related violations: <none>

DPIP-2#62 Warning
Input pipelining  
DSP bd_0_i/hls_inst/inst/stage_bilateral_U0/grp_stage_bilateral_Pipeline_BILATERAL_OUT_VITIS_LOOP_243_4_fu_90/fsub_32ns_32ns_32_10_full_dsp_1_U1342/top_kernel_fsub_32ns_32ns_32_10_full_dsp_1_ip_u/U0/i_synth/ADDSUB_OP.ADDSUB/DSP.OP/DSP48E1_BODY.ALIGN_ADD/DSP2/i_no_versal_es1_workaround.DSP input bd_0_i/hls_inst/inst/stage_bilateral_U0/grp_stage_bilateral_Pipeline_BILATERAL_OUT_VITIS_LOOP_243_4_fu_90/fsub_32ns_32ns_32_10_full_dsp_1_U1342/top_kernel_fsub_32ns_32ns_32_10_full_dsp_1_ip_u/U0/i_synth/ADDSUB_OP.ADDSUB/DSP.OP/DSP48E1_BODY.ALIGN_ADD/DSP2/i_no_versal_es1_workaround.DSP/B[17:0] is not pipelined. Pipelining DSP48 input will improve performance.
Related violations: <none>

DPIP-2#63 Warning
Input pipelining  
DSP bd_0_i/hls_inst/inst/stage_bilateral_U0/grp_stage_bilateral_Pipeline_BILATERAL_OUT_VITIS_LOOP_243_4_fu_90/fsub_32ns_32ns_32_10_full_dsp_1_U1342/top_kernel_fsub_32ns_32ns_32_10_full_dsp_1_ip_u/U0/i_synth/ADDSUB_OP.ADDSUB/DSP.OP/DSP48E1_BODY.NORM_RND/FULL_USAGE_DSP.SHIFT_RND/i_no_versal_es1_workaround.DSP input bd_0_i/hls_inst/inst/stage_bilateral_U0/grp_stage_bilateral_Pipeline_BILATERAL_OUT_VITIS_LOOP_243_4_fu_90/fsub_32ns_32ns_32_10_full_dsp_1_U1342/top_kernel_fsub_32ns_32ns_32_10_full_dsp_1_ip_u/U0/i_synth/ADDSUB_OP.ADDSUB/DSP.OP/DSP48E1_BODY.NORM_RND/FULL_USAGE_DSP.SHIFT_RND/i_no_versal_es1_workaround.DSP/C[47:0] is not pipelined. Pipelining DSP48 input will improve performance.
Related violations: <none>

DPIP-2#64 Warning
Input pipelining  
DSP bd_0_i/hls_inst/inst/stage_bilateral_U0/grp_stage_bilateral_Pipeline_BILATERAL_OUT_VITIS_LOOP_243_4_fu_90/fsub_32ns_32ns_32_10_full_dsp_1_U1343/top_kernel_fsub_32ns_32ns_32_10_full_dsp_1_ip_u/U0/i_synth/ADDSUB_OP.ADDSUB/DSP.OP/DSP48E1_BODY.ALIGN_ADD/DSP2/i_no_versal_es1_workaround.DSP input bd_0_i/hls_inst/inst/stage_bilateral_U0/grp_stage_bilateral_Pipeline_BILATERAL_OUT_VITIS_LOOP_243_4_fu_90/fsub_32ns_32ns_32_10_full_dsp_1_U1343/top_kernel_fsub_32ns_32ns_32_10_full_dsp_1_ip_u/U0/i_synth/ADDSUB_OP.ADDSUB/DSP.OP/DSP48E1_BODY.ALIGN_ADD/DSP2/i_no_versal_es1_workaround.DSP/B[17:0] is not pipelined. Pipelining DSP48 input will improve performance.
Related violations: <none>

DPIP-2#65 Warning
Input pipelining  
DSP bd_0_i/hls_inst/inst/stage_bilateral_U0/grp_stage_bilateral_Pipeline_BILATERAL_OUT_VITIS_LOOP_243_4_fu_90/fsub_32ns_32ns_32_10_full_dsp_1_U1343/top_kernel_fsub_32ns_32ns_32_10_full_dsp_1_ip_u/U0/i_synth/ADDSUB_OP.ADDSUB/DSP.OP/DSP48E1_BODY.NORM_RND/FULL_USAGE_DSP.SHIFT_RND/i_no_versal_es1_workaround.DSP input bd_0_i/hls_inst/inst/stage_bilateral_U0/grp_stage_bilateral_Pipeline_BILATERAL_OUT_VITIS_LOOP_243_4_fu_90/fsub_32ns_32ns_32_10_full_dsp_1_U1343/top_kernel_fsub_32ns_32ns_32_10_full_dsp_1_ip_u/U0/i_synth/ADDSUB_OP.ADDSUB/DSP.OP/DSP48E1_BODY.NORM_RND/FULL_USAGE_DSP.SHIFT_RND/i_no_versal_es1_workaround.DSP/C[47:0] is not pipelined. Pipelining DSP48 input will improve performance.
Related violations: <none>

DPIP-2#66 Warning
Input pipelining  
DSP bd_0_i/hls_inst/inst/stage_bilateral_U0/grp_stage_bilateral_Pipeline_BILATERAL_OUT_VITIS_LOOP_243_4_fu_90/fsub_32ns_32ns_32_10_full_dsp_1_U1344/top_kernel_fsub_32ns_32ns_32_10_full_dsp_1_ip_u/U0/i_synth/ADDSUB_OP.ADDSUB/DSP.OP/DSP48E1_BODY.ALIGN_ADD/DSP2/i_no_versal_es1_workaround.DSP input bd_0_i/hls_inst/inst/stage_bilateral_U0/grp_stage_bilateral_Pipeline_BILATERAL_OUT_VITIS_LOOP_243_4_fu_90/fsub_32ns_32ns_32_10_full_dsp_1_U1344/top_kernel_fsub_32ns_32ns_32_10_full_dsp_1_ip_u/U0/i_synth/ADDSUB_OP.ADDSUB/DSP.OP/DSP48E1_BODY.ALIGN_ADD/DSP2/i_no_versal_es1_workaround.DSP/B[17:0] is not pipelined. Pipelining DSP48 input will improve performance.
Related violations: <none>

DPIP-2#67 Warning
Input pipelining  
DSP bd_0_i/hls_inst/inst/stage_bilateral_U0/grp_stage_bilateral_Pipeline_BILATERAL_OUT_VITIS_LOOP_243_4_fu_90/fsub_32ns_32ns_32_10_full_dsp_1_U1344/top_kernel_fsub_32ns_32ns_32_10_full_dsp_1_ip_u/U0/i_synth/ADDSUB_OP.ADDSUB/DSP.OP/DSP48E1_BODY.NORM_RND/FULL_USAGE_DSP.SHIFT_RND/i_no_versal_es1_workaround.DSP input bd_0_i/hls_inst/inst/stage_bilateral_U0/grp_stage_bilateral_Pipeline_BILATERAL_OUT_VITIS_LOOP_243_4_fu_90/fsub_32ns_32ns_32_10_full_dsp_1_U1344/top_kernel_fsub_32ns_32ns_32_10_full_dsp_1_ip_u/U0/i_synth/ADDSUB_OP.ADDSUB/DSP.OP/DSP48E1_BODY.NORM_RND/FULL_USAGE_DSP.SHIFT_RND/i_no_versal_es1_workaround.DSP/C[47:0] is not pipelined. Pipelining DSP48 input will improve performance.
Related violations: <none>

DPIP-2#68 Warning
Input pipelining  
DSP bd_0_i/hls_inst/inst/stage_bilateral_U0/grp_stage_bilateral_Pipeline_BILATERAL_OUT_VITIS_LOOP_243_4_fu_90/fsub_32ns_32ns_32_10_full_dsp_1_U1345/top_kernel_fsub_32ns_32ns_32_10_full_dsp_1_ip_u/U0/i_synth/ADDSUB_OP.ADDSUB/DSP.OP/DSP48E1_BODY.ALIGN_ADD/DSP2/i_no_versal_es1_workaround.DSP input bd_0_i/hls_inst/inst/stage_bilateral_U0/grp_stage_bilateral_Pipeline_BILATERAL_OUT_VITIS_LOOP_243_4_fu_90/fsub_32ns_32ns_32_10_full_dsp_1_U1345/top_kernel_fsub_32ns_32ns_32_10_full_dsp_1_ip_u/U0/i_synth/ADDSUB_OP.ADDSUB/DSP.OP/DSP48E1_BODY.ALIGN_ADD/DSP2/i_no_versal_es1_workaround.DSP/B[17:0] is not pipelined. Pipelining DSP48 input will improve performance.
Related violations: <none>

DPIP-2#69 Warning
Input pipelining  
DSP bd_0_i/hls_inst/inst/stage_bilateral_U0/grp_stage_bilateral_Pipeline_BILATERAL_OUT_VITIS_LOOP_243_4_fu_90/fsub_32ns_32ns_32_10_full_dsp_1_U1345/top_kernel_fsub_32ns_32ns_32_10_full_dsp_1_ip_u/U0/i_synth/ADDSUB_OP.ADDSUB/DSP.OP/DSP48E1_BODY.NORM_RND/FULL_USAGE_DSP.SHIFT_RND/i_no_versal_es1_workaround.DSP input bd_0_i/hls_inst/inst/stage_bilateral_U0/grp_stage_bilateral_Pipeline_BILATERAL_OUT_VITIS_LOOP_243_4_fu_90/fsub_32ns_32ns_32_10_full_dsp_1_U1345/top_kernel_fsub_32ns_32ns_32_10_full_dsp_1_ip_u/U0/i_synth/ADDSUB_OP.ADDSUB/DSP.OP/DSP48E1_BODY.NORM_RND/FULL_USAGE_DSP.SHIFT_RND/i_no_versal_es1_workaround.DSP/C[47:0] is not pipelined. Pipelining DSP48 input will improve performance.
Related violations: <none>

DPIP-2#70 Warning
Input pipelining  
DSP bd_0_i/hls_inst/inst/stage_bilateral_U0/grp_stage_bilateral_Pipeline_BILATERAL_OUT_VITIS_LOOP_243_4_fu_90/fsub_32ns_32ns_32_10_full_dsp_1_U1346/top_kernel_fsub_32ns_32ns_32_10_full_dsp_1_ip_u/U0/i_synth/ADDSUB_OP.ADDSUB/DSP.OP/DSP48E1_BODY.ALIGN_ADD/DSP2/i_no_versal_es1_workaround.DSP input bd_0_i/hls_inst/inst/stage_bilateral_U0/grp_stage_bilateral_Pipeline_BILATERAL_OUT_VITIS_LOOP_243_4_fu_90/fsub_32ns_32ns_32_10_full_dsp_1_U1346/top_kernel_fsub_32ns_32ns_32_10_full_dsp_1_ip_u/U0/i_synth/ADDSUB_OP.ADDSUB/DSP.OP/DSP48E1_BODY.ALIGN_ADD/DSP2/i_no_versal_es1_workaround.DSP/B[17:0] is not pipelined. Pipelining DSP48 input will improve performance.
Related violations: <none>

DPIP-2#71 Warning
Input pipelining  
DSP bd_0_i/hls_inst/inst/stage_bilateral_U0/grp_stage_bilateral_Pipeline_BILATERAL_OUT_VITIS_LOOP_243_4_fu_90/fsub_32ns_32ns_32_10_full_dsp_1_U1346/top_kernel_fsub_32ns_32ns_32_10_full_dsp_1_ip_u/U0/i_synth/ADDSUB_OP.ADDSUB/DSP.OP/DSP48E1_BODY.NORM_RND/FULL_USAGE_DSP.SHIFT_RND/i_no_versal_es1_workaround.DSP input bd_0_i/hls_inst/inst/stage_bilateral_U0/grp_stage_bilateral_Pipeline_BILATERAL_OUT_VITIS_LOOP_243_4_fu_90/fsub_32ns_32ns_32_10_full_dsp_1_U1346/top_kernel_fsub_32ns_32ns_32_10_full_dsp_1_ip_u/U0/i_synth/ADDSUB_OP.ADDSUB/DSP.OP/DSP48E1_BODY.NORM_RND/FULL_USAGE_DSP.SHIFT_RND/i_no_versal_es1_workaround.DSP/C[47:0] is not pipelined. Pipelining DSP48 input will improve performance.
Related violations: <none>

DPIP-2#72 Warning
Input pipelining  
DSP bd_0_i/hls_inst/inst/stage_bilateral_U0/grp_stage_bilateral_Pipeline_BILATERAL_OUT_VITIS_LOOP_243_4_fu_90/fsub_32ns_32ns_32_10_full_dsp_1_U1347/top_kernel_fsub_32ns_32ns_32_10_full_dsp_1_ip_u/U0/i_synth/ADDSUB_OP.ADDSUB/DSP.OP/DSP48E1_BODY.ALIGN_ADD/DSP2/i_no_versal_es1_workaround.DSP input bd_0_i/hls_inst/inst/stage_bilateral_U0/grp_stage_bilateral_Pipeline_BILATERAL_OUT_VITIS_LOOP_243_4_fu_90/fsub_32ns_32ns_32_10_full_dsp_1_U1347/top_kernel_fsub_32ns_32ns_32_10_full_dsp_1_ip_u/U0/i_synth/ADDSUB_OP.ADDSUB/DSP.OP/DSP48E1_BODY.ALIGN_ADD/DSP2/i_no_versal_es1_workaround.DSP/B[17:0] is not pipelined. Pipelining DSP48 input will improve performance.
Related violations: <none>

DPIP-2#73 Warning
Input pipelining  
DSP bd_0_i/hls_inst/inst/stage_bilateral_U0/grp_stage_bilateral_Pipeline_BILATERAL_OUT_VITIS_LOOP_243_4_fu_90/fsub_32ns_32ns_32_10_full_dsp_1_U1347/top_kernel_fsub_32ns_32ns_32_10_full_dsp_1_ip_u/U0/i_synth/ADDSUB_OP.ADDSUB/DSP.OP/DSP48E1_BODY.NORM_RND/FULL_USAGE_DSP.SHIFT_RND/i_no_versal_es1_workaround.DSP input bd_0_i/hls_inst/inst/stage_bilateral_U0/grp_stage_bilateral_Pipeline_BILATERAL_OUT_VITIS_LOOP_243_4_fu_90/fsub_32ns_32ns_32_10_full_dsp_1_U1347/top_kernel_fsub_32ns_32ns_32_10_full_dsp_1_ip_u/U0/i_synth/ADDSUB_OP.ADDSUB/DSP.OP/DSP48E1_BODY.NORM_RND/FULL_USAGE_DSP.SHIFT_RND/i_no_versal_es1_workaround.DSP/C[47:0] is not pipelined. Pipelining DSP48 input will improve performance.
Related violations: <none>

DPIP-2#74 Warning
Input pipelining  
DSP bd_0_i/hls_inst/inst/stage_bilateral_U0/grp_stage_bilateral_Pipeline_BILATERAL_OUT_VITIS_LOOP_243_4_fu_90/fsub_32ns_32ns_32_10_full_dsp_1_U1348/top_kernel_fsub_32ns_32ns_32_10_full_dsp_1_ip_u/U0/i_synth/ADDSUB_OP.ADDSUB/DSP.OP/DSP48E1_BODY.ALIGN_ADD/DSP2/i_no_versal_es1_workaround.DSP input bd_0_i/hls_inst/inst/stage_bilateral_U0/grp_stage_bilateral_Pipeline_BILATERAL_OUT_VITIS_LOOP_243_4_fu_90/fsub_32ns_32ns_32_10_full_dsp_1_U1348/top_kernel_fsub_32ns_32ns_32_10_full_dsp_1_ip_u/U0/i_synth/ADDSUB_OP.ADDSUB/DSP.OP/DSP48E1_BODY.ALIGN_ADD/DSP2/i_no_versal_es1_workaround.DSP/B[17:0] is not pipelined. Pipelining DSP48 input will improve performance.
Related violations: <none>

DPIP-2#75 Warning
Input pipelining  
DSP bd_0_i/hls_inst/inst/stage_bilateral_U0/grp_stage_bilateral_Pipeline_BILATERAL_OUT_VITIS_LOOP_243_4_fu_90/fsub_32ns_32ns_32_10_full_dsp_1_U1348/top_kernel_fsub_32ns_32ns_32_10_full_dsp_1_ip_u/U0/i_synth/ADDSUB_OP.ADDSUB/DSP.OP/DSP48E1_BODY.NORM_RND/FULL_USAGE_DSP.SHIFT_RND/i_no_versal_es1_workaround.DSP input bd_0_i/hls_inst/inst/stage_bilateral_U0/grp_stage_bilateral_Pipeline_BILATERAL_OUT_VITIS_LOOP_243_4_fu_90/fsub_32ns_32ns_32_10_full_dsp_1_U1348/top_kernel_fsub_32ns_32ns_32_10_full_dsp_1_ip_u/U0/i_synth/ADDSUB_OP.ADDSUB/DSP.OP/DSP48E1_BODY.NORM_RND/FULL_USAGE_DSP.SHIFT_RND/i_no_versal_es1_workaround.DSP/C[47:0] is not pipelined. Pipelining DSP48 input will improve performance.
Related violations: <none>

DPIP-2#76 Warning
Input pipelining  
DSP bd_0_i/hls_inst/inst/stage_bilateral_U0/grp_stage_bilateral_Pipeline_BILATERAL_OUT_VITIS_LOOP_243_4_fu_90/fsub_32ns_32ns_32_10_full_dsp_1_U1349/top_kernel_fsub_32ns_32ns_32_10_full_dsp_1_ip_u/U0/i_synth/ADDSUB_OP.ADDSUB/DSP.OP/DSP48E1_BODY.ALIGN_ADD/DSP2/i_no_versal_es1_workaround.DSP input bd_0_i/hls_inst/inst/stage_bilateral_U0/grp_stage_bilateral_Pipeline_BILATERAL_OUT_VITIS_LOOP_243_4_fu_90/fsub_32ns_32ns_32_10_full_dsp_1_U1349/top_kernel_fsub_32ns_32ns_32_10_full_dsp_1_ip_u/U0/i_synth/ADDSUB_OP.ADDSUB/DSP.OP/DSP48E1_BODY.ALIGN_ADD/DSP2/i_no_versal_es1_workaround.DSP/B[17:0] is not pipelined. Pipelining DSP48 input will improve performance.
Related violations: <none>

DPIP-2#77 Warning
Input pipelining  
DSP bd_0_i/hls_inst/inst/stage_bilateral_U0/grp_stage_bilateral_Pipeline_BILATERAL_OUT_VITIS_LOOP_243_4_fu_90/fsub_32ns_32ns_32_10_full_dsp_1_U1349/top_kernel_fsub_32ns_32ns_32_10_full_dsp_1_ip_u/U0/i_synth/ADDSUB_OP.ADDSUB/DSP.OP/DSP48E1_BODY.NORM_RND/FULL_USAGE_DSP.SHIFT_RND/i_no_versal_es1_workaround.DSP input bd_0_i/hls_inst/inst/stage_bilateral_U0/grp_stage_bilateral_Pipeline_BILATERAL_OUT_VITIS_LOOP_243_4_fu_90/fsub_32ns_32ns_32_10_full_dsp_1_U1349/top_kernel_fsub_32ns_32ns_32_10_full_dsp_1_ip_u/U0/i_synth/ADDSUB_OP.ADDSUB/DSP.OP/DSP48E1_BODY.NORM_RND/FULL_USAGE_DSP.SHIFT_RND/i_no_versal_es1_workaround.DSP/C[47:0] is not pipelined. Pipelining DSP48 input will improve performance.
Related violations: <none>

DPIP-2#78 Warning
Input pipelining  
DSP bd_0_i/hls_inst/inst/stage_bilateral_U0/grp_stage_bilateral_Pipeline_BILATERAL_OUT_VITIS_LOOP_243_4_fu_90/fsub_32ns_32ns_32_10_full_dsp_1_U1350/top_kernel_fsub_32ns_32ns_32_10_full_dsp_1_ip_u/U0/i_synth/ADDSUB_OP.ADDSUB/DSP.OP/DSP48E1_BODY.ALIGN_ADD/DSP2/i_no_versal_es1_workaround.DSP input bd_0_i/hls_inst/inst/stage_bilateral_U0/grp_stage_bilateral_Pipeline_BILATERAL_OUT_VITIS_LOOP_243_4_fu_90/fsub_32ns_32ns_32_10_full_dsp_1_U1350/top_kernel_fsub_32ns_32ns_32_10_full_dsp_1_ip_u/U0/i_synth/ADDSUB_OP.ADDSUB/DSP.OP/DSP48E1_BODY.ALIGN_ADD/DSP2/i_no_versal_es1_workaround.DSP/B[17:0] is not pipelined. Pipelining DSP48 input will improve performance.
Related violations: <none>

DPIP-2#79 Warning
Input pipelining  
DSP bd_0_i/hls_inst/inst/stage_bilateral_U0/grp_stage_bilateral_Pipeline_BILATERAL_OUT_VITIS_LOOP_243_4_fu_90/fsub_32ns_32ns_32_10_full_dsp_1_U1350/top_kernel_fsub_32ns_32ns_32_10_full_dsp_1_ip_u/U0/i_synth/ADDSUB_OP.ADDSUB/DSP.OP/DSP48E1_BODY.NORM_RND/FULL_USAGE_DSP.SHIFT_RND/i_no_versal_es1_workaround.DSP input bd_0_i/hls_inst/inst/stage_bilateral_U0/grp_stage_bilateral_Pipeline_BILATERAL_OUT_VITIS_LOOP_243_4_fu_90/fsub_32ns_32ns_32_10_full_dsp_1_U1350/top_kernel_fsub_32ns_32ns_32_10_full_dsp_1_ip_u/U0/i_synth/ADDSUB_OP.ADDSUB/DSP.OP/DSP48E1_BODY.NORM_RND/FULL_USAGE_DSP.SHIFT_RND/i_no_versal_es1_workaround.DSP/C[47:0] is not pipelined. Pipelining DSP48 input will improve performance.
Related violations: <none>

DPIP-2#80 Warning
Input pipelining  
DSP bd_0_i/hls_inst/inst/stage_bilateral_U0/grp_stage_bilateral_Pipeline_BILATERAL_OUT_VITIS_LOOP_243_4_fu_90/fsub_32ns_32ns_32_10_full_dsp_1_U1351/top_kernel_fsub_32ns_32ns_32_10_full_dsp_1_ip_u/U0/i_synth/ADDSUB_OP.ADDSUB/DSP.OP/DSP48E1_BODY.ALIGN_ADD/DSP2/i_no_versal_es1_workaround.DSP input bd_0_i/hls_inst/inst/stage_bilateral_U0/grp_stage_bilateral_Pipeline_BILATERAL_OUT_VITIS_LOOP_243_4_fu_90/fsub_32ns_32ns_32_10_full_dsp_1_U1351/top_kernel_fsub_32ns_32ns_32_10_full_dsp_1_ip_u/U0/i_synth/ADDSUB_OP.ADDSUB/DSP.OP/DSP48E1_BODY.ALIGN_ADD/DSP2/i_no_versal_es1_workaround.DSP/B[17:0] is not pipelined. Pipelining DSP48 input will improve performance.
Related violations: <none>

DPIP-2#81 Warning
Input pipelining  
DSP bd_0_i/hls_inst/inst/stage_bilateral_U0/grp_stage_bilateral_Pipeline_BILATERAL_OUT_VITIS_LOOP_243_4_fu_90/fsub_32ns_32ns_32_10_full_dsp_1_U1351/top_kernel_fsub_32ns_32ns_32_10_full_dsp_1_ip_u/U0/i_synth/ADDSUB_OP.ADDSUB/DSP.OP/DSP48E1_BODY.NORM_RND/FULL_USAGE_DSP.SHIFT_RND/i_no_versal_es1_workaround.DSP input bd_0_i/hls_inst/inst/stage_bilateral_U0/grp_stage_bilateral_Pipeline_BILATERAL_OUT_VITIS_LOOP_243_4_fu_90/fsub_32ns_32ns_32_10_full_dsp_1_U1351/top_kernel_fsub_32ns_32ns_32_10_full_dsp_1_ip_u/U0/i_synth/ADDSUB_OP.ADDSUB/DSP.OP/DSP48E1_BODY.NORM_RND/FULL_USAGE_DSP.SHIFT_RND/i_no_versal_es1_workaround.DSP/C[47:0] is not pipelined. Pipelining DSP48 input will improve performance.
Related violations: <none>

DPIP-2#82 Warning
Input pipelining  
DSP bd_0_i/hls_inst/inst/stage_bilateral_U0/grp_stage_bilateral_Pipeline_BILATERAL_OUT_VITIS_LOOP_243_4_fu_90/fsub_32ns_32ns_32_10_full_dsp_1_U1352/top_kernel_fsub_32ns_32ns_32_10_full_dsp_1_ip_u/U0/i_synth/ADDSUB_OP.ADDSUB/DSP.OP/DSP48E1_BODY.ALIGN_ADD/DSP2/i_no_versal_es1_workaround.DSP input bd_0_i/hls_inst/inst/stage_bilateral_U0/grp_stage_bilateral_Pipeline_BILATERAL_OUT_VITIS_LOOP_243_4_fu_90/fsub_32ns_32ns_32_10_full_dsp_1_U1352/top_kernel_fsub_32ns_32ns_32_10_full_dsp_1_ip_u/U0/i_synth/ADDSUB_OP.ADDSUB/DSP.OP/DSP48E1_BODY.ALIGN_ADD/DSP2/i_no_versal_es1_workaround.DSP/B[17:0] is not pipelined. Pipelining DSP48 input will improve performance.
Related violations: <none>

DPIP-2#83 Warning
Input pipelining  
DSP bd_0_i/hls_inst/inst/stage_bilateral_U0/grp_stage_bilateral_Pipeline_BILATERAL_OUT_VITIS_LOOP_243_4_fu_90/fsub_32ns_32ns_32_10_full_dsp_1_U1352/top_kernel_fsub_32ns_32ns_32_10_full_dsp_1_ip_u/U0/i_synth/ADDSUB_OP.ADDSUB/DSP.OP/DSP48E1_BODY.NORM_RND/FULL_USAGE_DSP.SHIFT_RND/i_no_versal_es1_workaround.DSP input bd_0_i/hls_inst/inst/stage_bilateral_U0/grp_stage_bilateral_Pipeline_BILATERAL_OUT_VITIS_LOOP_243_4_fu_90/fsub_32ns_32ns_32_10_full_dsp_1_U1352/top_kernel_fsub_32ns_32ns_32_10_full_dsp_1_ip_u/U0/i_synth/ADDSUB_OP.ADDSUB/DSP.OP/DSP48E1_BODY.NORM_RND/FULL_USAGE_DSP.SHIFT_RND/i_no_versal_es1_workaround.DSP/C[47:0] is not pipelined. Pipelining DSP48 input will improve performance.
Related violations: <none>

DPIP-2#84 Warning
Input pipelining  
DSP bd_0_i/hls_inst/inst/stage_bilateral_U0/grp_stage_bilateral_Pipeline_VITIS_LOOP_223_1_fu_66/tmp_368_reg_421_reg input bd_0_i/hls_inst/inst/stage_bilateral_U0/grp_stage_bilateral_Pipeline_VITIS_LOOP_223_1_fu_66/tmp_368_reg_421_reg/A[29:0] is not pipelined. Pipelining DSP48 input will improve performance.
Related violations: <none>

DPIP-2#85 Warning
Input pipelining  
DSP bd_0_i/hls_inst/inst/stage_bilateral_U0/grp_stage_bilateral_Pipeline_VITIS_LOOP_223_1_fu_66/tmp_reg_416_reg input bd_0_i/hls_inst/inst/stage_bilateral_U0/grp_stage_bilateral_Pipeline_VITIS_LOOP_223_1_fu_66/tmp_reg_416_reg/A[29:0] is not pipelined. Pipelining DSP48 input will improve performance.
Related violations: <none>

DPIP-2#86 Warning
Input pipelining  
DSP bd_0_i/hls_inst/inst/stage_gaussian_U0/grp_stage_gaussian_Pipeline_GAUSSIAN_OUT_VITIS_LOOP_161_1_fu_186/add_20ns_20ns_20_1_1_U1215/dout input bd_0_i/hls_inst/inst/stage_gaussian_U0/grp_stage_gaussian_Pipeline_GAUSSIAN_OUT_VITIS_LOOP_161_1_fu_186/add_20ns_20ns_20_1_1_U1215/dout/C[47:0] is not pipelined. Pipelining DSP48 input will improve performance.
Related violations: <none>

DPIP-2#87 Warning
Input pipelining  
DSP bd_0_i/hls_inst/inst/stage_gaussian_U0/grp_stage_gaussian_Pipeline_GAUSSIAN_OUT_VITIS_LOOP_161_1_fu_186/add_20ns_20ns_20_1_1_U1233/dout input bd_0_i/hls_inst/inst/stage_gaussian_U0/grp_stage_gaussian_Pipeline_GAUSSIAN_OUT_VITIS_LOOP_161_1_fu_186/add_20ns_20ns_20_1_1_U1233/dout/C[47:0] is not pipelined. Pipelining DSP48 input will improve performance.
Related violations: <none>

DPIP-2#88 Warning
Input pipelining  
DSP bd_0_i/hls_inst/inst/stage_gaussian_U0/grp_stage_gaussian_Pipeline_GAUSSIAN_OUT_VITIS_LOOP_161_1_fu_186/add_20ns_20ns_20_1_1_U1236/dout input bd_0_i/hls_inst/inst/stage_gaussian_U0/grp_stage_gaussian_Pipeline_GAUSSIAN_OUT_VITIS_LOOP_161_1_fu_186/add_20ns_20ns_20_1_1_U1236/dout/C[47:0] is not pipelined. Pipelining DSP48 input will improve performance.
Related violations: <none>

DPIP-2#89 Warning
Input pipelining  
DSP bd_0_i/hls_inst/inst/stage_gaussian_U0/grp_stage_gaussian_Pipeline_GAUSSIAN_OUT_VITIS_LOOP_161_1_fu_186/add_20ns_20ns_20_1_1_U1245/dout input bd_0_i/hls_inst/inst/stage_gaussian_U0/grp_stage_gaussian_Pipeline_GAUSSIAN_OUT_VITIS_LOOP_161_1_fu_186/add_20ns_20ns_20_1_1_U1245/dout/C[47:0] is not pipelined. Pipelining DSP48 input will improve performance.
Related violations: <none>

DPIP-2#90 Warning
Input pipelining  
DSP bd_0_i/hls_inst/inst/stage_gaussian_U0/grp_stage_gaussian_Pipeline_GAUSSIAN_OUT_VITIS_LOOP_161_1_fu_186/add_20ns_20ns_20_1_1_U1248/dout input bd_0_i/hls_inst/inst/stage_gaussian_U0/grp_stage_gaussian_Pipeline_GAUSSIAN_OUT_VITIS_LOOP_161_1_fu_186/add_20ns_20ns_20_1_1_U1248/dout/C[47:0] is not pipelined. Pipelining DSP48 input will improve performance.
Related violations: <none>

DPIP-2#91 Warning
Input pipelining  
DSP bd_0_i/hls_inst/inst/stage_gaussian_U0/grp_stage_gaussian_Pipeline_GAUSSIAN_OUT_VITIS_LOOP_161_1_fu_186/add_20ns_20ns_20_1_1_U1254/dout input bd_0_i/hls_inst/inst/stage_gaussian_U0/grp_stage_gaussian_Pipeline_GAUSSIAN_OUT_VITIS_LOOP_161_1_fu_186/add_20ns_20ns_20_1_1_U1254/dout/C[47:0] is not pipelined. Pipelining DSP48 input will improve performance.
Related violations: <none>

DPIP-2#92 Warning
Input pipelining  
DSP bd_0_i/hls_inst/inst/stage_gaussian_U0/grp_stage_gaussian_Pipeline_GAUSSIAN_OUT_VITIS_LOOP_161_1_fu_186/add_20ns_20ns_20_1_1_U1269/dout input bd_0_i/hls_inst/inst/stage_gaussian_U0/grp_stage_gaussian_Pipeline_GAUSSIAN_OUT_VITIS_LOOP_161_1_fu_186/add_20ns_20ns_20_1_1_U1269/dout/C[47:0] is not pipelined. Pipelining DSP48 input will improve performance.
Related violations: <none>

DPIP-2#93 Warning
Input pipelining  
DSP bd_0_i/hls_inst/inst/stage_gaussian_U0/grp_stage_gaussian_Pipeline_GAUSSIAN_OUT_VITIS_LOOP_161_1_fu_186/add_36s_36s_36_1_1_U1202/dout input bd_0_i/hls_inst/inst/stage_gaussian_U0/grp_stage_gaussian_Pipeline_GAUSSIAN_OUT_VITIS_LOOP_161_1_fu_186/add_36s_36s_36_1_1_U1202/dout/C[47:0] is not pipelined. Pipelining DSP48 input will improve performance.
Related violations: <none>

DPIP-2#94 Warning
Input pipelining  
DSP bd_0_i/hls_inst/inst/stage_gaussian_U0/grp_stage_gaussian_Pipeline_GAUSSIAN_OUT_VITIS_LOOP_161_1_fu_186/add_36s_36s_36_1_1_U1205/dout input bd_0_i/hls_inst/inst/stage_gaussian_U0/grp_stage_gaussian_Pipeline_GAUSSIAN_OUT_VITIS_LOOP_161_1_fu_186/add_36s_36s_36_1_1_U1205/dout/C[47:0] is not pipelined. Pipelining DSP48 input will improve performance.
Related violations: <none>

DPIP-2#95 Warning
Input pipelining  
DSP bd_0_i/hls_inst/inst/stage_gaussian_U0/grp_stage_gaussian_Pipeline_GAUSSIAN_OUT_VITIS_LOOP_161_1_fu_186/add_36s_36s_36_1_1_U1208/dout input bd_0_i/hls_inst/inst/stage_gaussian_U0/grp_stage_gaussian_Pipeline_GAUSSIAN_OUT_VITIS_LOOP_161_1_fu_186/add_36s_36s_36_1_1_U1208/dout/C[47:0] is not pipelined. Pipelining DSP48 input will improve performance.
Related violations: <none>

DPIP-2#96 Warning
Input pipelining  
DSP bd_0_i/hls_inst/inst/stage_gaussian_U0/grp_stage_gaussian_Pipeline_GAUSSIAN_OUT_VITIS_LOOP_161_1_fu_186/add_36s_36s_36_1_1_U1210/dout input bd_0_i/hls_inst/inst/stage_gaussian_U0/grp_stage_gaussian_Pipeline_GAUSSIAN_OUT_VITIS_LOOP_161_1_fu_186/add_36s_36s_36_1_1_U1210/dout/A[29:0] is not pipelined. Pipelining DSP48 input will improve performance.
Related violations: <none>

DPIP-2#97 Warning
Input pipelining  
DSP bd_0_i/hls_inst/inst/stage_gaussian_U0/grp_stage_gaussian_Pipeline_GAUSSIAN_OUT_VITIS_LOOP_161_1_fu_186/add_36s_36s_36_1_1_U1210/dout input bd_0_i/hls_inst/inst/stage_gaussian_U0/grp_stage_gaussian_Pipeline_GAUSSIAN_OUT_VITIS_LOOP_161_1_fu_186/add_36s_36s_36_1_1_U1210/dout/B[17:0] is not pipelined. Pipelining DSP48 input will improve performance.
Related violations: <none>

DPIP-2#98 Warning
Input pipelining  
DSP bd_0_i/hls_inst/inst/stage_gaussian_U0/grp_stage_gaussian_Pipeline_GAUSSIAN_OUT_VITIS_LOOP_161_1_fu_186/add_36s_36s_36_1_1_U1210/dout input bd_0_i/hls_inst/inst/stage_gaussian_U0/grp_stage_gaussian_Pipeline_GAUSSIAN_OUT_VITIS_LOOP_161_1_fu_186/add_36s_36s_36_1_1_U1210/dout/C[47:0] is not pipelined. Pipelining DSP48 input will improve performance.
Related violations: <none>

DPIP-2#99 Warning
Input pipelining  
DSP bd_0_i/hls_inst/inst/stage_gaussian_U0/grp_stage_gaussian_Pipeline_GAUSSIAN_OUT_VITIS_LOOP_161_1_fu_186/add_36s_36s_36_1_1_U1213/dout input bd_0_i/hls_inst/inst/stage_gaussian_U0/grp_stage_gaussian_Pipeline_GAUSSIAN_OUT_VITIS_LOOP_161_1_fu_186/add_36s_36s_36_1_1_U1213/dout/C[47:0] is not pipelined. Pipelining DSP48 input will improve performance.
Related violations: <none>

DPIP-2#100 Warning
Input pipelining  
DSP bd_0_i/hls_inst/inst/stage_gaussian_U0/grp_stage_gaussian_Pipeline_GAUSSIAN_OUT_VITIS_LOOP_161_1_fu_186/add_36s_36s_36_1_1_U1216/dout input bd_0_i/hls_inst/inst/stage_gaussian_U0/grp_stage_gaussian_Pipeline_GAUSSIAN_OUT_VITIS_LOOP_161_1_fu_186/add_36s_36s_36_1_1_U1216/dout/C[47:0] is not pipelined. Pipelining DSP48 input will improve performance.
Related violations: <none>

DPIP-2#101 Warning
Input pipelining  
DSP bd_0_i/hls_inst/inst/stage_gaussian_U0/grp_stage_gaussian_Pipeline_GAUSSIAN_OUT_VITIS_LOOP_161_1_fu_186/add_36s_36s_36_1_1_U1219/dout input bd_0_i/hls_inst/inst/stage_gaussian_U0/grp_stage_gaussian_Pipeline_GAUSSIAN_OUT_VITIS_LOOP_161_1_fu_186/add_36s_36s_36_1_1_U1219/dout/C[47:0] is not pipelined. Pipelining DSP48 input will improve performance.
Related violations: <none>

DPIP-2#102 Warning
Input pipelining  
DSP bd_0_i/hls_inst/inst/stage_gaussian_U0/grp_stage_gaussian_Pipeline_GAUSSIAN_OUT_VITIS_LOOP_161_1_fu_186/add_36s_36s_36_1_1_U1222/dout input bd_0_i/hls_inst/inst/stage_gaussian_U0/grp_stage_gaussian_Pipeline_GAUSSIAN_OUT_VITIS_LOOP_161_1_fu_186/add_36s_36s_36_1_1_U1222/dout/C[47:0] is not pipelined. Pipelining DSP48 input will improve performance.
Related violations: <none>

DPIP-2#103 Warning
Input pipelining  
DSP bd_0_i/hls_inst/inst/stage_gaussian_U0/grp_stage_gaussian_Pipeline_GAUSSIAN_OUT_VITIS_LOOP_161_1_fu_186/add_36s_36s_36_1_1_U1225/dout input bd_0_i/hls_inst/inst/stage_gaussian_U0/grp_stage_gaussian_Pipeline_GAUSSIAN_OUT_VITIS_LOOP_161_1_fu_186/add_36s_36s_36_1_1_U1225/dout/C[47:0] is not pipelined. Pipelining DSP48 input will improve performance.
Related violations: <none>

DPIP-2#104 Warning
Input pipelining  
DSP bd_0_i/hls_inst/inst/stage_gaussian_U0/grp_stage_gaussian_Pipeline_GAUSSIAN_OUT_VITIS_LOOP_161_1_fu_186/add_36s_36s_36_1_1_U1228/dout input bd_0_i/hls_inst/inst/stage_gaussian_U0/grp_stage_gaussian_Pipeline_GAUSSIAN_OUT_VITIS_LOOP_161_1_fu_186/add_36s_36s_36_1_1_U1228/dout/C[47:0] is not pipelined. Pipelining DSP48 input will improve performance.
Related violations: <none>

DPIP-2#105 Warning
Input pipelining  
DSP bd_0_i/hls_inst/inst/stage_gaussian_U0/grp_stage_gaussian_Pipeline_GAUSSIAN_OUT_VITIS_LOOP_161_1_fu_186/add_36s_36s_36_1_1_U1231/dout input bd_0_i/hls_inst/inst/stage_gaussian_U0/grp_stage_gaussian_Pipeline_GAUSSIAN_OUT_VITIS_LOOP_161_1_fu_186/add_36s_36s_36_1_1_U1231/dout/C[47:0] is not pipelined. Pipelining DSP48 input will improve performance.
Related violations: <none>

DPIP-2#106 Warning
Input pipelining  
DSP bd_0_i/hls_inst/inst/stage_gaussian_U0/grp_stage_gaussian_Pipeline_GAUSSIAN_OUT_VITIS_LOOP_161_1_fu_186/add_36s_36s_36_1_1_U1234/dout input bd_0_i/hls_inst/inst/stage_gaussian_U0/grp_stage_gaussian_Pipeline_GAUSSIAN_OUT_VITIS_LOOP_161_1_fu_186/add_36s_36s_36_1_1_U1234/dout/C[47:0] is not pipelined. Pipelining DSP48 input will improve performance.
Related violations: <none>

DPIP-2#107 Warning
Input pipelining  
DSP bd_0_i/hls_inst/inst/stage_gaussian_U0/grp_stage_gaussian_Pipeline_GAUSSIAN_OUT_VITIS_LOOP_161_1_fu_186/add_36s_36s_36_1_1_U1237/dout input bd_0_i/hls_inst/inst/stage_gaussian_U0/grp_stage_gaussian_Pipeline_GAUSSIAN_OUT_VITIS_LOOP_161_1_fu_186/add_36s_36s_36_1_1_U1237/dout/C[47:0] is not pipelined. Pipelining DSP48 input will improve performance.
Related violations: <none>

DPIP-2#108 Warning
Input pipelining  
DSP bd_0_i/hls_inst/inst/stage_gaussian_U0/grp_stage_gaussian_Pipeline_GAUSSIAN_OUT_VITIS_LOOP_161_1_fu_186/add_36s_36s_36_1_1_U1240/dout input bd_0_i/hls_inst/inst/stage_gaussian_U0/grp_stage_gaussian_Pipeline_GAUSSIAN_OUT_VITIS_LOOP_161_1_fu_186/add_36s_36s_36_1_1_U1240/dout/C[47:0] is not pipelined. Pipelining DSP48 input will improve performance.
Related violations: <none>

DPIP-2#109 Warning
Input pipelining  
DSP bd_0_i/hls_inst/inst/stage_gaussian_U0/grp_stage_gaussian_Pipeline_GAUSSIAN_OUT_VITIS_LOOP_161_1_fu_186/add_36s_36s_36_1_1_U1243/dout input bd_0_i/hls_inst/inst/stage_gaussian_U0/grp_stage_gaussian_Pipeline_GAUSSIAN_OUT_VITIS_LOOP_161_1_fu_186/add_36s_36s_36_1_1_U1243/dout/C[47:0] is not pipelined. Pipelining DSP48 input will improve performance.
Related violations: <none>

DPIP-2#110 Warning
Input pipelining  
DSP bd_0_i/hls_inst/inst/stage_gaussian_U0/grp_stage_gaussian_Pipeline_GAUSSIAN_OUT_VITIS_LOOP_161_1_fu_186/add_36s_36s_36_1_1_U1246/dout input bd_0_i/hls_inst/inst/stage_gaussian_U0/grp_stage_gaussian_Pipeline_GAUSSIAN_OUT_VITIS_LOOP_161_1_fu_186/add_36s_36s_36_1_1_U1246/dout/C[47:0] is not pipelined. Pipelining DSP48 input will improve performance.
Related violations: <none>

DPIP-2#111 Warning
Input pipelining  
DSP bd_0_i/hls_inst/inst/stage_gaussian_U0/grp_stage_gaussian_Pipeline_GAUSSIAN_OUT_VITIS_LOOP_161_1_fu_186/add_36s_36s_36_1_1_U1249/dout input bd_0_i/hls_inst/inst/stage_gaussian_U0/grp_stage_gaussian_Pipeline_GAUSSIAN_OUT_VITIS_LOOP_161_1_fu_186/add_36s_36s_36_1_1_U1249/dout/C[47:0] is not pipelined. Pipelining DSP48 input will improve performance.
Related violations: <none>

DPIP-2#112 Warning
Input pipelining  
DSP bd_0_i/hls_inst/inst/stage_gaussian_U0/grp_stage_gaussian_Pipeline_GAUSSIAN_OUT_VITIS_LOOP_161_1_fu_186/add_36s_36s_36_1_1_U1252/dout input bd_0_i/hls_inst/inst/stage_gaussian_U0/grp_stage_gaussian_Pipeline_GAUSSIAN_OUT_VITIS_LOOP_161_1_fu_186/add_36s_36s_36_1_1_U1252/dout/C[47:0] is not pipelined. Pipelining DSP48 input will improve performance.
Related violations: <none>

DPIP-2#113 Warning
Input pipelining  
DSP bd_0_i/hls_inst/inst/stage_gaussian_U0/grp_stage_gaussian_Pipeline_GAUSSIAN_OUT_VITIS_LOOP_161_1_fu_186/add_36s_36s_36_1_1_U1255/dout input bd_0_i/hls_inst/inst/stage_gaussian_U0/grp_stage_gaussian_Pipeline_GAUSSIAN_OUT_VITIS_LOOP_161_1_fu_186/add_36s_36s_36_1_1_U1255/dout/C[47:0] is not pipelined. Pipelining DSP48 input will improve performance.
Related violations: <none>

DPIP-2#114 Warning
Input pipelining  
DSP bd_0_i/hls_inst/inst/stage_gaussian_U0/grp_stage_gaussian_Pipeline_GAUSSIAN_OUT_VITIS_LOOP_161_1_fu_186/add_36s_36s_36_1_1_U1257/dout input bd_0_i/hls_inst/inst/stage_gaussian_U0/grp_stage_gaussian_Pipeline_GAUSSIAN_OUT_VITIS_LOOP_161_1_fu_186/add_36s_36s_36_1_1_U1257/dout/A[29:0] is not pipelined. Pipelining DSP48 input will improve performance.
Related violations: <none>

DPIP-2#115 Warning
Input pipelining  
DSP bd_0_i/hls_inst/inst/stage_gaussian_U0/grp_stage_gaussian_Pipeline_GAUSSIAN_OUT_VITIS_LOOP_161_1_fu_186/add_36s_36s_36_1_1_U1257/dout input bd_0_i/hls_inst/inst/stage_gaussian_U0/grp_stage_gaussian_Pipeline_GAUSSIAN_OUT_VITIS_LOOP_161_1_fu_186/add_36s_36s_36_1_1_U1257/dout/B[17:0] is not pipelined. Pipelining DSP48 input will improve performance.
Related violations: <none>

DPIP-2#116 Warning
Input pipelining  
DSP bd_0_i/hls_inst/inst/stage_gaussian_U0/grp_stage_gaussian_Pipeline_GAUSSIAN_OUT_VITIS_LOOP_161_1_fu_186/add_36s_36s_36_1_1_U1257/dout input bd_0_i/hls_inst/inst/stage_gaussian_U0/grp_stage_gaussian_Pipeline_GAUSSIAN_OUT_VITIS_LOOP_161_1_fu_186/add_36s_36s_36_1_1_U1257/dout/C[47:0] is not pipelined. Pipelining DSP48 input will improve performance.
Related violations: <none>

DPIP-2#117 Warning
Input pipelining  
DSP bd_0_i/hls_inst/inst/stage_gaussian_U0/grp_stage_gaussian_Pipeline_GAUSSIAN_OUT_VITIS_LOOP_161_1_fu_186/add_36s_36s_36_1_1_U1260/dout input bd_0_i/hls_inst/inst/stage_gaussian_U0/grp_stage_gaussian_Pipeline_GAUSSIAN_OUT_VITIS_LOOP_161_1_fu_186/add_36s_36s_36_1_1_U1260/dout/C[47:0] is not pipelined. Pipelining DSP48 input will improve performance.
Related violations: <none>

DPIP-2#118 Warning
Input pipelining  
DSP bd_0_i/hls_inst/inst/stage_gaussian_U0/grp_stage_gaussian_Pipeline_GAUSSIAN_OUT_VITIS_LOOP_161_1_fu_186/add_36s_36s_36_1_1_U1263/dout input bd_0_i/hls_inst/inst/stage_gaussian_U0/grp_stage_gaussian_Pipeline_GAUSSIAN_OUT_VITIS_LOOP_161_1_fu_186/add_36s_36s_36_1_1_U1263/dout/C[47:0] is not pipelined. Pipelining DSP48 input will improve performance.
Related violations: <none>

DPIP-2#119 Warning
Input pipelining  
DSP bd_0_i/hls_inst/inst/stage_gaussian_U0/grp_stage_gaussian_Pipeline_GAUSSIAN_OUT_VITIS_LOOP_161_1_fu_186/add_36s_36s_36_1_1_U1266/dout input bd_0_i/hls_inst/inst/stage_gaussian_U0/grp_stage_gaussian_Pipeline_GAUSSIAN_OUT_VITIS_LOOP_161_1_fu_186/add_36s_36s_36_1_1_U1266/dout/C[47:0] is not pipelined. Pipelining DSP48 input will improve performance.
Related violations: <none>

DPIP-2#120 Warning
Input pipelining  
DSP bd_0_i/hls_inst/inst/stage_gaussian_U0/grp_stage_gaussian_Pipeline_GAUSSIAN_OUT_VITIS_LOOP_161_1_fu_186/add_36s_36s_36_1_1_U1268/dout input bd_0_i/hls_inst/inst/stage_gaussian_U0/grp_stage_gaussian_Pipeline_GAUSSIAN_OUT_VITIS_LOOP_161_1_fu_186/add_36s_36s_36_1_1_U1268/dout/A[29:0] is not pipelined. Pipelining DSP48 input will improve performance.
Related violations: <none>

DPIP-2#121 Warning
Input pipelining  
DSP bd_0_i/hls_inst/inst/stage_gaussian_U0/grp_stage_gaussian_Pipeline_GAUSSIAN_OUT_VITIS_LOOP_161_1_fu_186/add_36s_36s_36_1_1_U1268/dout input bd_0_i/hls_inst/inst/stage_gaussian_U0/grp_stage_gaussian_Pipeline_GAUSSIAN_OUT_VITIS_LOOP_161_1_fu_186/add_36s_36s_36_1_1_U1268/dout/B[17:0] is not pipelined. Pipelining DSP48 input will improve performance.
Related violations: <none>

DPIP-2#122 Warning
Input pipelining  
DSP bd_0_i/hls_inst/inst/stage_gaussian_U0/grp_stage_gaussian_Pipeline_GAUSSIAN_OUT_VITIS_LOOP_161_1_fu_186/add_36s_36s_36_1_1_U1268/dout input bd_0_i/hls_inst/inst/stage_gaussian_U0/grp_stage_gaussian_Pipeline_GAUSSIAN_OUT_VITIS_LOOP_161_1_fu_186/add_36s_36s_36_1_1_U1268/dout/C[47:0] is not pipelined. Pipelining DSP48 input will improve performance.
Related violations: <none>

DPIP-2#123 Warning
Input pipelining  
DSP bd_0_i/hls_inst/inst/stage_gaussian_U0/grp_stage_gaussian_Pipeline_GAUSSIAN_OUT_VITIS_LOOP_161_1_fu_186/mul_18s_10ns_28_1_1_U1200/tmp_product input bd_0_i/hls_inst/inst/stage_gaussian_U0/grp_stage_gaussian_Pipeline_GAUSSIAN_OUT_VITIS_LOOP_161_1_fu_186/mul_18s_10ns_28_1_1_U1200/tmp_product/A[29:0] is not pipelined. Pipelining DSP48 input will improve performance.
Related violations: <none>

DPIP-2#124 Warning
Input pipelining  
DSP bd_0_i/hls_inst/inst/stage_gaussian_U0/grp_stage_gaussian_Pipeline_GAUSSIAN_OUT_VITIS_LOOP_161_1_fu_186/mul_18s_8ns_26_1_1_U1199/tmp_product input bd_0_i/hls_inst/inst/stage_gaussian_U0/grp_stage_gaussian_Pipeline_GAUSSIAN_OUT_VITIS_LOOP_161_1_fu_186/mul_18s_8ns_26_1_1_U1199/tmp_product/A[29:0] is not pipelined. Pipelining DSP48 input will improve performance.
Related violations: <none>

DPIP-2#125 Warning
Input pipelining  
DSP bd_0_i/hls_inst/inst/stage_gaussian_U0/grp_stage_gaussian_Pipeline_READ_IN_fu_130/tmp_102_reg_770_reg input bd_0_i/hls_inst/inst/stage_gaussian_U0/grp_stage_gaussian_Pipeline_READ_IN_fu_130/tmp_102_reg_770_reg/A[29:0] is not pipelined. Pipelining DSP48 input will improve performance.
Related violations: <none>

DPIP-2#126 Warning
Input pipelining  
DSP bd_0_i/hls_inst/inst/stage_gaussian_U0/grp_stage_gaussian_Pipeline_READ_IN_fu_130/tmp_reg_765_reg input bd_0_i/hls_inst/inst/stage_gaussian_U0/grp_stage_gaussian_Pipeline_READ_IN_fu_130/tmp_reg_765_reg/A[29:0] is not pipelined. Pipelining DSP48 input will improve performance.
Related violations: <none>

DPIP-2#127 Warning
Input pipelining  
DSP bd_0_i/hls_inst/inst/stage_morphology_U0/grp_stage_morphology_Pipeline_DILATION_LOOP_VITIS_LOOP_347_2_fu_150/add_ln355_1_fu_1372_p2 input bd_0_i/hls_inst/inst/stage_morphology_U0/grp_stage_morphology_Pipeline_DILATION_LOOP_VITIS_LOOP_347_2_fu_150/add_ln355_1_fu_1372_p2/C[47:0] is not pipelined. Pipelining DSP48 input will improve performance.
Related violations: <none>

DPIP-2#128 Warning
Input pipelining  
DSP bd_0_i/hls_inst/inst/stage_morphology_U0/grp_stage_morphology_Pipeline_DILATION_LOOP_VITIS_LOOP_347_2_fu_150/add_ln357_1_fu_1429_p2 input bd_0_i/hls_inst/inst/stage_morphology_U0/grp_stage_morphology_Pipeline_DILATION_LOOP_VITIS_LOOP_347_2_fu_150/add_ln357_1_fu_1429_p2/C[47:0] is not pipelined. Pipelining DSP48 input will improve performance.
Related violations: <none>

DPIP-2#129 Warning
Input pipelining  
DSP bd_0_i/hls_inst/inst/stage_morphology_U0/grp_stage_morphology_Pipeline_READ_BILATERAL_fu_104/tmp_35_reg_421_reg input bd_0_i/hls_inst/inst/stage_morphology_U0/grp_stage_morphology_Pipeline_READ_BILATERAL_fu_104/tmp_35_reg_421_reg/A[29:0] is not pipelined. Pipelining DSP48 input will improve performance.
Related violations: <none>

DPIP-2#130 Warning
Input pipelining  
DSP bd_0_i/hls_inst/inst/stage_morphology_U0/grp_stage_morphology_Pipeline_READ_BILATERAL_fu_104/tmp_reg_416_reg input bd_0_i/hls_inst/inst/stage_morphology_U0/grp_stage_morphology_Pipeline_READ_BILATERAL_fu_104/tmp_reg_416_reg/A[29:0] is not pipelined. Pipelining DSP48 input will improve performance.
Related violations: <none>

DPIP-2#131 Warning
Input pipelining  
DSP bd_0_i/hls_inst/inst/stage_rgb2eq_U0/faddfsub_32ns_32ns_32_10_full_dsp_1_U1082/top_kernel_faddfsub_32ns_32ns_32_10_full_dsp_1_ip_u/U0/i_synth/ADDSUB_OP.ADDSUB/DSP.OP/DSP48E1_BODY.ALIGN_ADD/DSP2/i_no_versal_es1_workaround.DSP input bd_0_i/hls_inst/inst/stage_rgb2eq_U0/faddfsub_32ns_32ns_32_10_full_dsp_1_U1082/top_kernel_faddfsub_32ns_32ns_32_10_full_dsp_1_ip_u/U0/i_synth/ADDSUB_OP.ADDSUB/DSP.OP/DSP48E1_BODY.ALIGN_ADD/DSP2/i_no_versal_es1_workaround.DSP/B[17:0] is not pipelined. Pipelining DSP48 input will improve performance.
Related violations: <none>

DPIP-2#132 Warning
Input pipelining  
DSP bd_0_i/hls_inst/inst/stage_rgb2eq_U0/faddfsub_32ns_32ns_32_10_full_dsp_1_U1082/top_kernel_faddfsub_32ns_32ns_32_10_full_dsp_1_ip_u/U0/i_synth/ADDSUB_OP.ADDSUB/DSP.OP/DSP48E1_BODY.NORM_RND/FULL_USAGE_DSP.SHIFT_RND/i_no_versal_es1_workaround.DSP input bd_0_i/hls_inst/inst/stage_rgb2eq_U0/faddfsub_32ns_32ns_32_10_full_dsp_1_U1082/top_kernel_faddfsub_32ns_32ns_32_10_full_dsp_1_ip_u/U0/i_synth/ADDSUB_OP.ADDSUB/DSP.OP/DSP48E1_BODY.NORM_RND/FULL_USAGE_DSP.SHIFT_RND/i_no_versal_es1_workaround.DSP/C[47:0] is not pipelined. Pipelining DSP48 input will improve performance.
Related violations: <none>

DPIP-2#133 Warning
Input pipelining  
DSP bd_0_i/hls_inst/inst/stage_rgb2eq_U0/fmul_32ns_32ns_32_7_max_dsp_1_U1084/top_kernel_fmul_32ns_32ns_32_7_max_dsp_1_ip_u/U0/i_synth/MULT.OP/i_non_prim.MULT/DSP48E1_SPD_SGL_VARIANT.FIX_MULT/DSP1/i_no_versal_es1_workaround.DSP input bd_0_i/hls_inst/inst/stage_rgb2eq_U0/fmul_32ns_32ns_32_7_max_dsp_1_U1084/top_kernel_fmul_32ns_32ns_32_7_max_dsp_1_ip_u/U0/i_synth/MULT.OP/i_non_prim.MULT/DSP48E1_SPD_SGL_VARIANT.FIX_MULT/DSP1/i_no_versal_es1_workaround.DSP/A[29:0] is not pipelined. Pipelining DSP48 input will improve performance.
Related violations: <none>

DPIP-2#134 Warning
Input pipelining  
DSP bd_0_i/hls_inst/inst/stage_rgb2eq_U0/fmul_32ns_32ns_32_7_max_dsp_1_U1084/top_kernel_fmul_32ns_32ns_32_7_max_dsp_1_ip_u/U0/i_synth/MULT.OP/i_non_prim.MULT/DSP48E1_SPD_SGL_VARIANT.FIX_MULT/DSP1/i_no_versal_es1_workaround.DSP input bd_0_i/hls_inst/inst/stage_rgb2eq_U0/fmul_32ns_32ns_32_7_max_dsp_1_U1084/top_kernel_fmul_32ns_32ns_32_7_max_dsp_1_ip_u/U0/i_synth/MULT.OP/i_non_prim.MULT/DSP48E1_SPD_SGL_VARIANT.FIX_MULT/DSP1/i_no_versal_es1_workaround.DSP/B[17:0] is not pipelined. Pipelining DSP48 input will improve performance.
Related violations: <none>

DPIP-2#135 Warning
Input pipelining  
DSP bd_0_i/hls_inst/inst/stage_rgb2eq_U0/grp_stage_rgb2eq_Pipeline_PASS1_fu_2149/fadd_32ns_32ns_32_10_full_dsp_1_U4/top_kernel_fadd_32ns_32ns_32_10_full_dsp_1_ip_u/U0/i_synth/ADDSUB_OP.ADDSUB/DSP.OP/DSP48E1_BODY.ALIGN_ADD/DSP2/i_no_versal_es1_workaround.DSP input bd_0_i/hls_inst/inst/stage_rgb2eq_U0/grp_stage_rgb2eq_Pipeline_PASS1_fu_2149/fadd_32ns_32ns_32_10_full_dsp_1_U4/top_kernel_fadd_32ns_32ns_32_10_full_dsp_1_ip_u/U0/i_synth/ADDSUB_OP.ADDSUB/DSP.OP/DSP48E1_BODY.ALIGN_ADD/DSP2/i_no_versal_es1_workaround.DSP/B[17:0] is not pipelined. Pipelining DSP48 input will improve performance.
Related violations: <none>

DPIP-2#136 Warning
Input pipelining  
DSP bd_0_i/hls_inst/inst/stage_rgb2eq_U0/grp_stage_rgb2eq_Pipeline_PASS1_fu_2149/fadd_32ns_32ns_32_10_full_dsp_1_U4/top_kernel_fadd_32ns_32ns_32_10_full_dsp_1_ip_u/U0/i_synth/ADDSUB_OP.ADDSUB/DSP.OP/DSP48E1_BODY.NORM_RND/FULL_USAGE_DSP.SHIFT_RND/i_no_versal_es1_workaround.DSP input bd_0_i/hls_inst/inst/stage_rgb2eq_U0/grp_stage_rgb2eq_Pipeline_PASS1_fu_2149/fadd_32ns_32ns_32_10_full_dsp_1_U4/top_kernel_fadd_32ns_32ns_32_10_full_dsp_1_ip_u/U0/i_synth/ADDSUB_OP.ADDSUB/DSP.OP/DSP48E1_BODY.NORM_RND/FULL_USAGE_DSP.SHIFT_RND/i_no_versal_es1_workaround.DSP/C[47:0] is not pipelined. Pipelining DSP48 input will improve performance.
Related violations: <none>

DPIP-2#137 Warning
Input pipelining  
DSP bd_0_i/hls_inst/inst/stage_rgb2eq_U0/grp_stage_rgb2eq_Pipeline_PASS1_fu_2149/fmul_32ns_32ns_32_7_max_dsp_1_U6/top_kernel_fmul_32ns_32ns_32_7_max_dsp_1_ip_u/U0/i_synth/MULT.OP/i_non_prim.MULT/DSP48E1_SPD_SGL_VARIANT.FIX_MULT/DSP1/i_no_versal_es1_workaround.DSP input bd_0_i/hls_inst/inst/stage_rgb2eq_U0/grp_stage_rgb2eq_Pipeline_PASS1_fu_2149/fmul_32ns_32ns_32_7_max_dsp_1_U6/top_kernel_fmul_32ns_32ns_32_7_max_dsp_1_ip_u/U0/i_synth/MULT.OP/i_non_prim.MULT/DSP48E1_SPD_SGL_VARIANT.FIX_MULT/DSP1/i_no_versal_es1_workaround.DSP/A[29:0] is not pipelined. Pipelining DSP48 input will improve performance.
Related violations: <none>

DPIP-2#138 Warning
Input pipelining  
DSP bd_0_i/hls_inst/inst/stage_rgb2eq_U0/grp_stage_rgb2eq_Pipeline_PASS1_fu_2149/fmul_32ns_32ns_32_7_max_dsp_1_U7/top_kernel_fmul_32ns_32ns_32_7_max_dsp_1_ip_u/U0/i_synth/MULT.OP/i_non_prim.MULT/DSP48E1_SPD_SGL_VARIANT.FIX_MULT/DSP1/i_no_versal_es1_workaround.DSP input bd_0_i/hls_inst/inst/stage_rgb2eq_U0/grp_stage_rgb2eq_Pipeline_PASS1_fu_2149/fmul_32ns_32ns_32_7_max_dsp_1_U7/top_kernel_fmul_32ns_32ns_32_7_max_dsp_1_ip_u/U0/i_synth/MULT.OP/i_non_prim.MULT/DSP48E1_SPD_SGL_VARIANT.FIX_MULT/DSP1/i_no_versal_es1_workaround.DSP/A[29:0] is not pipelined. Pipelining DSP48 input will improve performance.
Related violations: <none>

DPIP-2#139 Warning
Input pipelining  
DSP bd_0_i/hls_inst/inst/stage_rgb2eq_U0/grp_stage_rgb2eq_Pipeline_PASS1_fu_2149/fmul_32ns_32ns_32_7_max_dsp_1_U8/top_kernel_fmul_32ns_32ns_32_7_max_dsp_1_ip_u/U0/i_synth/MULT.OP/i_non_prim.MULT/DSP48E1_SPD_SGL_VARIANT.FIX_MULT/DSP1/i_no_versal_es1_workaround.DSP input bd_0_i/hls_inst/inst/stage_rgb2eq_U0/grp_stage_rgb2eq_Pipeline_PASS1_fu_2149/fmul_32ns_32ns_32_7_max_dsp_1_U8/top_kernel_fmul_32ns_32ns_32_7_max_dsp_1_ip_u/U0/i_synth/MULT.OP/i_non_prim.MULT/DSP48E1_SPD_SGL_VARIANT.FIX_MULT/DSP1/i_no_versal_es1_workaround.DSP/A[29:0] is not pipelined. Pipelining DSP48 input will improve performance.
Related violations: <none>

DPOP-3#1 Warning
PREG Output pipelining  
DSP bd_0_i/hls_inst/inst/stage_bilateral_U0/grp_stage_bilateral_Pipeline_BILATERAL_OUT_VITIS_LOOP_243_4_fu_90/mul_64ns_66ns_129_5_1_U1430/buff1_reg__0 output bd_0_i/hls_inst/inst/stage_bilateral_U0/grp_stage_bilateral_Pipeline_BILATERAL_OUT_VITIS_LOOP_243_4_fu_90/mul_64ns_66ns_129_5_1_U1430/buff1_reg__0/P[47:0] is not pipelined (PREG=0). Pipelining the DSP48 output will improve performance and often saves power so it is suggested whenever possible to fully pipeline this function.  If this DSP48 function was inferred, it is suggested to describe an additional register stage after this function.  If the DSP48 was instantiated in the design, it is suggested to set the PREG attribute to 1.
Related violations: <none>

DPOP-3#2 Warning
PREG Output pipelining  
DSP bd_0_i/hls_inst/inst/stage_gaussian_U0/grp_stage_gaussian_Pipeline_GAUSSIAN_OUT_VITIS_LOOP_161_1_fu_186/add_12s_12ns_12_1_1_U1201/dout output bd_0_i/hls_inst/inst/stage_gaussian_U0/grp_stage_gaussian_Pipeline_GAUSSIAN_OUT_VITIS_LOOP_161_1_fu_186/add_12s_12ns_12_1_1_U1201/dout/P[47:0] is not pipelined (PREG=0). Pipelining the DSP48 output will improve performance and often saves power so it is suggested whenever possible to fully pipeline this function.  If this DSP48 function was inferred, it is suggested to describe an additional register stage after this function.  If the DSP48 was instantiated in the design, it is suggested to set the PREG attribute to 1.
Related violations: <none>

DPOP-3#3 Warning
PREG Output pipelining  
DSP bd_0_i/hls_inst/inst/stage_gaussian_U0/grp_stage_gaussian_Pipeline_GAUSSIAN_OUT_VITIS_LOOP_161_1_fu_186/add_20ns_20ns_20_1_1_U1204/dout output bd_0_i/hls_inst/inst/stage_gaussian_U0/grp_stage_gaussian_Pipeline_GAUSSIAN_OUT_VITIS_LOOP_161_1_fu_186/add_20ns_20ns_20_1_1_U1204/dout/P[47:0] is not pipelined (PREG=0). Pipelining the DSP48 output will improve performance and often saves power so it is suggested whenever possible to fully pipeline this function.  If this DSP48 function was inferred, it is suggested to describe an additional register stage after this function.  If the DSP48 was instantiated in the design, it is suggested to set the PREG attribute to 1.
Related violations: <none>

DPOP-3#4 Warning
PREG Output pipelining  
DSP bd_0_i/hls_inst/inst/stage_gaussian_U0/grp_stage_gaussian_Pipeline_GAUSSIAN_OUT_VITIS_LOOP_161_1_fu_186/add_20ns_20ns_20_1_1_U1207/dout output bd_0_i/hls_inst/inst/stage_gaussian_U0/grp_stage_gaussian_Pipeline_GAUSSIAN_OUT_VITIS_LOOP_161_1_fu_186/add_20ns_20ns_20_1_1_U1207/dout/P[47:0] is not pipelined (PREG=0). Pipelining the DSP48 output will improve performance and often saves power so it is suggested whenever possible to fully pipeline this function.  If this DSP48 function was inferred, it is suggested to describe an additional register stage after this function.  If the DSP48 was instantiated in the design, it is suggested to set the PREG attribute to 1.
Related violations: <none>

DPOP-3#5 Warning
PREG Output pipelining  
DSP bd_0_i/hls_inst/inst/stage_gaussian_U0/grp_stage_gaussian_Pipeline_GAUSSIAN_OUT_VITIS_LOOP_161_1_fu_186/add_20ns_20ns_20_1_1_U1209/dout output bd_0_i/hls_inst/inst/stage_gaussian_U0/grp_stage_gaussian_Pipeline_GAUSSIAN_OUT_VITIS_LOOP_161_1_fu_186/add_20ns_20ns_20_1_1_U1209/dout/P[47:0] is not pipelined (PREG=0). Pipelining the DSP48 output will improve performance and often saves power so it is suggested whenever possible to fully pipeline this function.  If this DSP48 function was inferred, it is suggested to describe an additional register stage after this function.  If the DSP48 was instantiated in the design, it is suggested to set the PREG attribute to 1.
Related violations: <none>

DPOP-3#6 Warning
PREG Output pipelining  
DSP bd_0_i/hls_inst/inst/stage_gaussian_U0/grp_stage_gaussian_Pipeline_GAUSSIAN_OUT_VITIS_LOOP_161_1_fu_186/add_20ns_20ns_20_1_1_U1212/dout output bd_0_i/hls_inst/inst/stage_gaussian_U0/grp_stage_gaussian_Pipeline_GAUSSIAN_OUT_VITIS_LOOP_161_1_fu_186/add_20ns_20ns_20_1_1_U1212/dout/P[47:0] is not pipelined (PREG=0). Pipelining the DSP48 output will improve performance and often saves power so it is suggested whenever possible to fully pipeline this function.  If this DSP48 function was inferred, it is suggested to describe an additional register stage after this function.  If the DSP48 was instantiated in the design, it is suggested to set the PREG attribute to 1.
Related violations: <none>

DPOP-3#7 Warning
PREG Output pipelining  
DSP bd_0_i/hls_inst/inst/stage_gaussian_U0/grp_stage_gaussian_Pipeline_GAUSSIAN_OUT_VITIS_LOOP_161_1_fu_186/add_20ns_20ns_20_1_1_U1215/dout output bd_0_i/hls_inst/inst/stage_gaussian_U0/grp_stage_gaussian_Pipeline_GAUSSIAN_OUT_VITIS_LOOP_161_1_fu_186/add_20ns_20ns_20_1_1_U1215/dout/P[47:0] is not pipelined (PREG=0). Pipelining the DSP48 output will improve performance and often saves power so it is suggested whenever possible to fully pipeline this function.  If this DSP48 function was inferred, it is suggested to describe an additional register stage after this function.  If the DSP48 was instantiated in the design, it is suggested to set the PREG attribute to 1.
Related violations: <none>

DPOP-3#8 Warning
PREG Output pipelining  
DSP bd_0_i/hls_inst/inst/stage_gaussian_U0/grp_stage_gaussian_Pipeline_GAUSSIAN_OUT_VITIS_LOOP_161_1_fu_186/add_20ns_20ns_20_1_1_U1218/dout output bd_0_i/hls_inst/inst/stage_gaussian_U0/grp_stage_gaussian_Pipeline_GAUSSIAN_OUT_VITIS_LOOP_161_1_fu_186/add_20ns_20ns_20_1_1_U1218/dout/P[47:0] is not pipelined (PREG=0). Pipelining the DSP48 output will improve performance and often saves power so it is suggested whenever possible to fully pipeline this function.  If this DSP48 function was inferred, it is suggested to describe an additional register stage after this function.  If the DSP48 was instantiated in the design, it is suggested to set the PREG attribute to 1.
Related violations: <none>

DPOP-3#9 Warning
PREG Output pipelining  
DSP bd_0_i/hls_inst/inst/stage_gaussian_U0/grp_stage_gaussian_Pipeline_GAUSSIAN_OUT_VITIS_LOOP_161_1_fu_186/add_20ns_20ns_20_1_1_U1221/dout output bd_0_i/hls_inst/inst/stage_gaussian_U0/grp_stage_gaussian_Pipeline_GAUSSIAN_OUT_VITIS_LOOP_161_1_fu_186/add_20ns_20ns_20_1_1_U1221/dout/P[47:0] is not pipelined (PREG=0). Pipelining the DSP48 output will improve performance and often saves power so it is suggested whenever possible to fully pipeline this function.  If this DSP48 function was inferred, it is suggested to describe an additional register stage after this function.  If the DSP48 was instantiated in the design, it is suggested to set the PREG attribute to 1.
Related violations: <none>

DPOP-3#10 Warning
PREG Output pipelining  
DSP bd_0_i/hls_inst/inst/stage_gaussian_U0/grp_stage_gaussian_Pipeline_GAUSSIAN_OUT_VITIS_LOOP_161_1_fu_186/add_20ns_20ns_20_1_1_U1224/dout output bd_0_i/hls_inst/inst/stage_gaussian_U0/grp_stage_gaussian_Pipeline_GAUSSIAN_OUT_VITIS_LOOP_161_1_fu_186/add_20ns_20ns_20_1_1_U1224/dout/P[47:0] is not pipelined (PREG=0). Pipelining the DSP48 output will improve performance and often saves power so it is suggested whenever possible to fully pipeline this function.  If this DSP48 function was inferred, it is suggested to describe an additional register stage after this function.  If the DSP48 was instantiated in the design, it is suggested to set the PREG attribute to 1.
Related violations: <none>

DPOP-3#11 Warning
PREG Output pipelining  
DSP bd_0_i/hls_inst/inst/stage_gaussian_U0/grp_stage_gaussian_Pipeline_GAUSSIAN_OUT_VITIS_LOOP_161_1_fu_186/add_20ns_20ns_20_1_1_U1227/dout output bd_0_i/hls_inst/inst/stage_gaussian_U0/grp_stage_gaussian_Pipeline_GAUSSIAN_OUT_VITIS_LOOP_161_1_fu_186/add_20ns_20ns_20_1_1_U1227/dout/P[47:0] is not pipelined (PREG=0). Pipelining the DSP48 output will improve performance and often saves power so it is suggested whenever possible to fully pipeline this function.  If this DSP48 function was inferred, it is suggested to describe an additional register stage after this function.  If the DSP48 was instantiated in the design, it is suggested to set the PREG attribute to 1.
Related violations: <none>

DPOP-3#12 Warning
PREG Output pipelining  
DSP bd_0_i/hls_inst/inst/stage_gaussian_U0/grp_stage_gaussian_Pipeline_GAUSSIAN_OUT_VITIS_LOOP_161_1_fu_186/add_20ns_20ns_20_1_1_U1230/dout output bd_0_i/hls_inst/inst/stage_gaussian_U0/grp_stage_gaussian_Pipeline_GAUSSIAN_OUT_VITIS_LOOP_161_1_fu_186/add_20ns_20ns_20_1_1_U1230/dout/P[47:0] is not pipelined (PREG=0). Pipelining the DSP48 output will improve performance and often saves power so it is suggested whenever possible to fully pipeline this function.  If this DSP48 function was inferred, it is suggested to describe an additional register stage after this function.  If the DSP48 was instantiated in the design, it is suggested to set the PREG attribute to 1.
Related violations: <none>

DPOP-3#13 Warning
PREG Output pipelining  
DSP bd_0_i/hls_inst/inst/stage_gaussian_U0/grp_stage_gaussian_Pipeline_GAUSSIAN_OUT_VITIS_LOOP_161_1_fu_186/add_20ns_20ns_20_1_1_U1233/dout output bd_0_i/hls_inst/inst/stage_gaussian_U0/grp_stage_gaussian_Pipeline_GAUSSIAN_OUT_VITIS_LOOP_161_1_fu_186/add_20ns_20ns_20_1_1_U1233/dout/P[47:0] is not pipelined (PREG=0). Pipelining the DSP48 output will improve performance and often saves power so it is suggested whenever possible to fully pipeline this function.  If this DSP48 function was inferred, it is suggested to describe an additional register stage after this function.  If the DSP48 was instantiated in the design, it is suggested to set the PREG attribute to 1.
Related violations: <none>

DPOP-3#14 Warning
PREG Output pipelining  
DSP bd_0_i/hls_inst/inst/stage_gaussian_U0/grp_stage_gaussian_Pipeline_GAUSSIAN_OUT_VITIS_LOOP_161_1_fu_186/add_20ns_20ns_20_1_1_U1236/dout output bd_0_i/hls_inst/inst/stage_gaussian_U0/grp_stage_gaussian_Pipeline_GAUSSIAN_OUT_VITIS_LOOP_161_1_fu_186/add_20ns_20ns_20_1_1_U1236/dout/P[47:0] is not pipelined (PREG=0). Pipelining the DSP48 output will improve performance and often saves power so it is suggested whenever possible to fully pipeline this function.  If this DSP48 function was inferred, it is suggested to describe an additional register stage after this function.  If the DSP48 was instantiated in the design, it is suggested to set the PREG attribute to 1.
Related violations: <none>

DPOP-3#15 Warning
PREG Output pipelining  
DSP bd_0_i/hls_inst/inst/stage_gaussian_U0/grp_stage_gaussian_Pipeline_GAUSSIAN_OUT_VITIS_LOOP_161_1_fu_186/add_20ns_20ns_20_1_1_U1239/dout output bd_0_i/hls_inst/inst/stage_gaussian_U0/grp_stage_gaussian_Pipeline_GAUSSIAN_OUT_VITIS_LOOP_161_1_fu_186/add_20ns_20ns_20_1_1_U1239/dout/P[47:0] is not pipelined (PREG=0). Pipelining the DSP48 output will improve performance and often saves power so it is suggested whenever possible to fully pipeline this function.  If this DSP48 function was inferred, it is suggested to describe an additional register stage after this function.  If the DSP48 was instantiated in the design, it is suggested to set the PREG attribute to 1.
Related violations: <none>

DPOP-3#16 Warning
PREG Output pipelining  
DSP bd_0_i/hls_inst/inst/stage_gaussian_U0/grp_stage_gaussian_Pipeline_GAUSSIAN_OUT_VITIS_LOOP_161_1_fu_186/add_20ns_20ns_20_1_1_U1242/dout output bd_0_i/hls_inst/inst/stage_gaussian_U0/grp_stage_gaussian_Pipeline_GAUSSIAN_OUT_VITIS_LOOP_161_1_fu_186/add_20ns_20ns_20_1_1_U1242/dout/P[47:0] is not pipelined (PREG=0). Pipelining the DSP48 output will improve performance and often saves power so it is suggested whenever possible to fully pipeline this function.  If this DSP48 function was inferred, it is suggested to describe an additional register stage after this function.  If the DSP48 was instantiated in the design, it is suggested to set the PREG attribute to 1.
Related violations: <none>

DPOP-3#17 Warning
PREG Output pipelining  
DSP bd_0_i/hls_inst/inst/stage_gaussian_U0/grp_stage_gaussian_Pipeline_GAUSSIAN_OUT_VITIS_LOOP_161_1_fu_186/add_20ns_20ns_20_1_1_U1245/dout output bd_0_i/hls_inst/inst/stage_gaussian_U0/grp_stage_gaussian_Pipeline_GAUSSIAN_OUT_VITIS_LOOP_161_1_fu_186/add_20ns_20ns_20_1_1_U1245/dout/P[47:0] is not pipelined (PREG=0). Pipelining the DSP48 output will improve performance and often saves power so it is suggested whenever possible to fully pipeline this function.  If this DSP48 function was inferred, it is suggested to describe an additional register stage after this function.  If the DSP48 was instantiated in the design, it is suggested to set the PREG attribute to 1.
Related violations: <none>

DPOP-3#18 Warning
PREG Output pipelining  
DSP bd_0_i/hls_inst/inst/stage_gaussian_U0/grp_stage_gaussian_Pipeline_GAUSSIAN_OUT_VITIS_LOOP_161_1_fu_186/add_20ns_20ns_20_1_1_U1248/dout output bd_0_i/hls_inst/inst/stage_gaussian_U0/grp_stage_gaussian_Pipeline_GAUSSIAN_OUT_VITIS_LOOP_161_1_fu_186/add_20ns_20ns_20_1_1_U1248/dout/P[47:0] is not pipelined (PREG=0). Pipelining the DSP48 output will improve performance and often saves power so it is suggested whenever possible to fully pipeline this function.  If this DSP48 function was inferred, it is suggested to describe an additional register stage after this function.  If the DSP48 was instantiated in the design, it is suggested to set the PREG attribute to 1.
Related violations: <none>

DPOP-3#19 Warning
PREG Output pipelining  
DSP bd_0_i/hls_inst/inst/stage_gaussian_U0/grp_stage_gaussian_Pipeline_GAUSSIAN_OUT_VITIS_LOOP_161_1_fu_186/add_20ns_20ns_20_1_1_U1251/dout output bd_0_i/hls_inst/inst/stage_gaussian_U0/grp_stage_gaussian_Pipeline_GAUSSIAN_OUT_VITIS_LOOP_161_1_fu_186/add_20ns_20ns_20_1_1_U1251/dout/P[47:0] is not pipelined (PREG=0). Pipelining the DSP48 output will improve performance and often saves power so it is suggested whenever possible to fully pipeline this function.  If this DSP48 function was inferred, it is suggested to describe an additional register stage after this function.  If the DSP48 was instantiated in the design, it is suggested to set the PREG attribute to 1.
Related violations: <none>

DPOP-3#20 Warning
PREG Output pipelining  
DSP bd_0_i/hls_inst/inst/stage_gaussian_U0/grp_stage_gaussian_Pipeline_GAUSSIAN_OUT_VITIS_LOOP_161_1_fu_186/add_20ns_20ns_20_1_1_U1254/dout output bd_0_i/hls_inst/inst/stage_gaussian_U0/grp_stage_gaussian_Pipeline_GAUSSIAN_OUT_VITIS_LOOP_161_1_fu_186/add_20ns_20ns_20_1_1_U1254/dout/P[47:0] is not pipelined (PREG=0). Pipelining the DSP48 output will improve performance and often saves power so it is suggested whenever possible to fully pipeline this function.  If this DSP48 function was inferred, it is suggested to describe an additional register stage after this function.  If the DSP48 was instantiated in the design, it is suggested to set the PREG attribute to 1.
Related violations: <none>

DPOP-3#21 Warning
PREG Output pipelining  
DSP bd_0_i/hls_inst/inst/stage_gaussian_U0/grp_stage_gaussian_Pipeline_GAUSSIAN_OUT_VITIS_LOOP_161_1_fu_186/add_20ns_20ns_20_1_1_U1256/dout output bd_0_i/hls_inst/inst/stage_gaussian_U0/grp_stage_gaussian_Pipeline_GAUSSIAN_OUT_VITIS_LOOP_161_1_fu_186/add_20ns_20ns_20_1_1_U1256/dout/P[47:0] is not pipelined (PREG=0). Pipelining the DSP48 output will improve performance and often saves power so it is suggested whenever possible to fully pipeline this function.  If this DSP48 function was inferred, it is suggested to describe an additional register stage after this function.  If the DSP48 was instantiated in the design, it is suggested to set the PREG attribute to 1.
Related violations: <none>

DPOP-3#22 Warning
PREG Output pipelining  
DSP bd_0_i/hls_inst/inst/stage_gaussian_U0/grp_stage_gaussian_Pipeline_GAUSSIAN_OUT_VITIS_LOOP_161_1_fu_186/add_20ns_20ns_20_1_1_U1259/dout output bd_0_i/hls_inst/inst/stage_gaussian_U0/grp_stage_gaussian_Pipeline_GAUSSIAN_OUT_VITIS_LOOP_161_1_fu_186/add_20ns_20ns_20_1_1_U1259/dout/P[47:0] is not pipelined (PREG=0). Pipelining the DSP48 output will improve performance and often saves power so it is suggested whenever possible to fully pipeline this function.  If this DSP48 function was inferred, it is suggested to describe an additional register stage after this function.  If the DSP48 was instantiated in the design, it is suggested to set the PREG attribute to 1.
Related violations: <none>

DPOP-3#23 Warning
PREG Output pipelining  
DSP bd_0_i/hls_inst/inst/stage_gaussian_U0/grp_stage_gaussian_Pipeline_GAUSSIAN_OUT_VITIS_LOOP_161_1_fu_186/add_20ns_20ns_20_1_1_U1262/dout output bd_0_i/hls_inst/inst/stage_gaussian_U0/grp_stage_gaussian_Pipeline_GAUSSIAN_OUT_VITIS_LOOP_161_1_fu_186/add_20ns_20ns_20_1_1_U1262/dout/P[47:0] is not pipelined (PREG=0). Pipelining the DSP48 output will improve performance and often saves power so it is suggested whenever possible to fully pipeline this function.  If this DSP48 function was inferred, it is suggested to describe an additional register stage after this function.  If the DSP48 was instantiated in the design, it is suggested to set the PREG attribute to 1.
Related violations: <none>

DPOP-3#24 Warning
PREG Output pipelining  
DSP bd_0_i/hls_inst/inst/stage_gaussian_U0/grp_stage_gaussian_Pipeline_GAUSSIAN_OUT_VITIS_LOOP_161_1_fu_186/add_20ns_20ns_20_1_1_U1265/dout output bd_0_i/hls_inst/inst/stage_gaussian_U0/grp_stage_gaussian_Pipeline_GAUSSIAN_OUT_VITIS_LOOP_161_1_fu_186/add_20ns_20ns_20_1_1_U1265/dout/P[47:0] is not pipelined (PREG=0). Pipelining the DSP48 output will improve performance and often saves power so it is suggested whenever possible to fully pipeline this function.  If this DSP48 function was inferred, it is suggested to describe an additional register stage after this function.  If the DSP48 was instantiated in the design, it is suggested to set the PREG attribute to 1.
Related violations: <none>

DPOP-3#25 Warning
PREG Output pipelining  
DSP bd_0_i/hls_inst/inst/stage_gaussian_U0/grp_stage_gaussian_Pipeline_GAUSSIAN_OUT_VITIS_LOOP_161_1_fu_186/add_20ns_20ns_20_1_1_U1267/dout output bd_0_i/hls_inst/inst/stage_gaussian_U0/grp_stage_gaussian_Pipeline_GAUSSIAN_OUT_VITIS_LOOP_161_1_fu_186/add_20ns_20ns_20_1_1_U1267/dout/P[47:0] is not pipelined (PREG=0). Pipelining the DSP48 output will improve performance and often saves power so it is suggested whenever possible to fully pipeline this function.  If this DSP48 function was inferred, it is suggested to describe an additional register stage after this function.  If the DSP48 was instantiated in the design, it is suggested to set the PREG attribute to 1.
Related violations: <none>

DPOP-3#26 Warning
PREG Output pipelining  
DSP bd_0_i/hls_inst/inst/stage_gaussian_U0/grp_stage_gaussian_Pipeline_GAUSSIAN_OUT_VITIS_LOOP_161_1_fu_186/add_20ns_20ns_20_1_1_U1269/dout output bd_0_i/hls_inst/inst/stage_gaussian_U0/grp_stage_gaussian_Pipeline_GAUSSIAN_OUT_VITIS_LOOP_161_1_fu_186/add_20ns_20ns_20_1_1_U1269/dout/P[47:0] is not pipelined (PREG=0). Pipelining the DSP48 output will improve performance and often saves power so it is suggested whenever possible to fully pipeline this function.  If this DSP48 function was inferred, it is suggested to describe an additional register stage after this function.  If the DSP48 was instantiated in the design, it is suggested to set the PREG attribute to 1.
Related violations: <none>

DPOP-3#27 Warning
PREG Output pipelining  
DSP bd_0_i/hls_inst/inst/stage_gaussian_U0/grp_stage_gaussian_Pipeline_GAUSSIAN_OUT_VITIS_LOOP_161_1_fu_186/add_36s_36s_36_1_1_U1202/dout output bd_0_i/hls_inst/inst/stage_gaussian_U0/grp_stage_gaussian_Pipeline_GAUSSIAN_OUT_VITIS_LOOP_161_1_fu_186/add_36s_36s_36_1_1_U1202/dout/P[47:0] is not pipelined (PREG=0). Pipelining the DSP48 output will improve performance and often saves power so it is suggested whenever possible to fully pipeline this function.  If this DSP48 function was inferred, it is suggested to describe an additional register stage after this function.  If the DSP48 was instantiated in the design, it is suggested to set the PREG attribute to 1.
Related violations: <none>

DPOP-3#28 Warning
PREG Output pipelining  
DSP bd_0_i/hls_inst/inst/stage_gaussian_U0/grp_stage_gaussian_Pipeline_GAUSSIAN_OUT_VITIS_LOOP_161_1_fu_186/add_36s_36s_36_1_1_U1205/dout output bd_0_i/hls_inst/inst/stage_gaussian_U0/grp_stage_gaussian_Pipeline_GAUSSIAN_OUT_VITIS_LOOP_161_1_fu_186/add_36s_36s_36_1_1_U1205/dout/P[47:0] is not pipelined (PREG=0). Pipelining the DSP48 output will improve performance and often saves power so it is suggested whenever possible to fully pipeline this function.  If this DSP48 function was inferred, it is suggested to describe an additional register stage after this function.  If the DSP48 was instantiated in the design, it is suggested to set the PREG attribute to 1.
Related violations: <none>

DPOP-3#29 Warning
PREG Output pipelining  
DSP bd_0_i/hls_inst/inst/stage_gaussian_U0/grp_stage_gaussian_Pipeline_GAUSSIAN_OUT_VITIS_LOOP_161_1_fu_186/add_36s_36s_36_1_1_U1208/dout output bd_0_i/hls_inst/inst/stage_gaussian_U0/grp_stage_gaussian_Pipeline_GAUSSIAN_OUT_VITIS_LOOP_161_1_fu_186/add_36s_36s_36_1_1_U1208/dout/P[47:0] is not pipelined (PREG=0). Pipelining the DSP48 output will improve performance and often saves power so it is suggested whenever possible to fully pipeline this function.  If this DSP48 function was inferred, it is suggested to describe an additional register stage after this function.  If the DSP48 was instantiated in the design, it is suggested to set the PREG attribute to 1.
Related violations: <none>

DPOP-3#30 Warning
PREG Output pipelining  
DSP bd_0_i/hls_inst/inst/stage_gaussian_U0/grp_stage_gaussian_Pipeline_GAUSSIAN_OUT_VITIS_LOOP_161_1_fu_186/add_36s_36s_36_1_1_U1210/dout output bd_0_i/hls_inst/inst/stage_gaussian_U0/grp_stage_gaussian_Pipeline_GAUSSIAN_OUT_VITIS_LOOP_161_1_fu_186/add_36s_36s_36_1_1_U1210/dout/P[47:0] is not pipelined (PREG=0). Pipelining the DSP48 output will improve performance and often saves power so it is suggested whenever possible to fully pipeline this function.  If this DSP48 function was inferred, it is suggested to describe an additional register stage after this function.  If the DSP48 was instantiated in the design, it is suggested to set the PREG attribute to 1.
Related violations: <none>

DPOP-3#31 Warning
PREG Output pipelining  
DSP bd_0_i/hls_inst/inst/stage_gaussian_U0/grp_stage_gaussian_Pipeline_GAUSSIAN_OUT_VITIS_LOOP_161_1_fu_186/add_36s_36s_36_1_1_U1213/dout output bd_0_i/hls_inst/inst/stage_gaussian_U0/grp_stage_gaussian_Pipeline_GAUSSIAN_OUT_VITIS_LOOP_161_1_fu_186/add_36s_36s_36_1_1_U1213/dout/P[47:0] is not pipelined (PREG=0). Pipelining the DSP48 output will improve performance and often saves power so it is suggested whenever possible to fully pipeline this function.  If this DSP48 function was inferred, it is suggested to describe an additional register stage after this function.  If the DSP48 was instantiated in the design, it is suggested to set the PREG attribute to 1.
Related violations: <none>

DPOP-3#32 Warning
PREG Output pipelining  
DSP bd_0_i/hls_inst/inst/stage_gaussian_U0/grp_stage_gaussian_Pipeline_GAUSSIAN_OUT_VITIS_LOOP_161_1_fu_186/add_36s_36s_36_1_1_U1216/dout output bd_0_i/hls_inst/inst/stage_gaussian_U0/grp_stage_gaussian_Pipeline_GAUSSIAN_OUT_VITIS_LOOP_161_1_fu_186/add_36s_36s_36_1_1_U1216/dout/P[47:0] is not pipelined (PREG=0). Pipelining the DSP48 output will improve performance and often saves power so it is suggested whenever possible to fully pipeline this function.  If this DSP48 function was inferred, it is suggested to describe an additional register stage after this function.  If the DSP48 was instantiated in the design, it is suggested to set the PREG attribute to 1.
Related violations: <none>

DPOP-3#33 Warning
PREG Output pipelining  
DSP bd_0_i/hls_inst/inst/stage_gaussian_U0/grp_stage_gaussian_Pipeline_GAUSSIAN_OUT_VITIS_LOOP_161_1_fu_186/add_36s_36s_36_1_1_U1219/dout output bd_0_i/hls_inst/inst/stage_gaussian_U0/grp_stage_gaussian_Pipeline_GAUSSIAN_OUT_VITIS_LOOP_161_1_fu_186/add_36s_36s_36_1_1_U1219/dout/P[47:0] is not pipelined (PREG=0). Pipelining the DSP48 output will improve performance and often saves power so it is suggested whenever possible to fully pipeline this function.  If this DSP48 function was inferred, it is suggested to describe an additional register stage after this function.  If the DSP48 was instantiated in the design, it is suggested to set the PREG attribute to 1.
Related violations: <none>

DPOP-3#34 Warning
PREG Output pipelining  
DSP bd_0_i/hls_inst/inst/stage_gaussian_U0/grp_stage_gaussian_Pipeline_GAUSSIAN_OUT_VITIS_LOOP_161_1_fu_186/add_36s_36s_36_1_1_U1222/dout output bd_0_i/hls_inst/inst/stage_gaussian_U0/grp_stage_gaussian_Pipeline_GAUSSIAN_OUT_VITIS_LOOP_161_1_fu_186/add_36s_36s_36_1_1_U1222/dout/P[47:0] is not pipelined (PREG=0). Pipelining the DSP48 output will improve performance and often saves power so it is suggested whenever possible to fully pipeline this function.  If this DSP48 function was inferred, it is suggested to describe an additional register stage after this function.  If the DSP48 was instantiated in the design, it is suggested to set the PREG attribute to 1.
Related violations: <none>

DPOP-3#35 Warning
PREG Output pipelining  
DSP bd_0_i/hls_inst/inst/stage_gaussian_U0/grp_stage_gaussian_Pipeline_GAUSSIAN_OUT_VITIS_LOOP_161_1_fu_186/add_36s_36s_36_1_1_U1225/dout output bd_0_i/hls_inst/inst/stage_gaussian_U0/grp_stage_gaussian_Pipeline_GAUSSIAN_OUT_VITIS_LOOP_161_1_fu_186/add_36s_36s_36_1_1_U1225/dout/P[47:0] is not pipelined (PREG=0). Pipelining the DSP48 output will improve performance and often saves power so it is suggested whenever possible to fully pipeline this function.  If this DSP48 function was inferred, it is suggested to describe an additional register stage after this function.  If the DSP48 was instantiated in the design, it is suggested to set the PREG attribute to 1.
Related violations: <none>

DPOP-3#36 Warning
PREG Output pipelining  
DSP bd_0_i/hls_inst/inst/stage_gaussian_U0/grp_stage_gaussian_Pipeline_GAUSSIAN_OUT_VITIS_LOOP_161_1_fu_186/add_36s_36s_36_1_1_U1228/dout output bd_0_i/hls_inst/inst/stage_gaussian_U0/grp_stage_gaussian_Pipeline_GAUSSIAN_OUT_VITIS_LOOP_161_1_fu_186/add_36s_36s_36_1_1_U1228/dout/P[47:0] is not pipelined (PREG=0). Pipelining the DSP48 output will improve performance and often saves power so it is suggested whenever possible to fully pipeline this function.  If this DSP48 function was inferred, it is suggested to describe an additional register stage after this function.  If the DSP48 was instantiated in the design, it is suggested to set the PREG attribute to 1.
Related violations: <none>

DPOP-3#37 Warning
PREG Output pipelining  
DSP bd_0_i/hls_inst/inst/stage_gaussian_U0/grp_stage_gaussian_Pipeline_GAUSSIAN_OUT_VITIS_LOOP_161_1_fu_186/add_36s_36s_36_1_1_U1231/dout output bd_0_i/hls_inst/inst/stage_gaussian_U0/grp_stage_gaussian_Pipeline_GAUSSIAN_OUT_VITIS_LOOP_161_1_fu_186/add_36s_36s_36_1_1_U1231/dout/P[47:0] is not pipelined (PREG=0). Pipelining the DSP48 output will improve performance and often saves power so it is suggested whenever possible to fully pipeline this function.  If this DSP48 function was inferred, it is suggested to describe an additional register stage after this function.  If the DSP48 was instantiated in the design, it is suggested to set the PREG attribute to 1.
Related violations: <none>

DPOP-3#38 Warning
PREG Output pipelining  
DSP bd_0_i/hls_inst/inst/stage_gaussian_U0/grp_stage_gaussian_Pipeline_GAUSSIAN_OUT_VITIS_LOOP_161_1_fu_186/add_36s_36s_36_1_1_U1237/dout output bd_0_i/hls_inst/inst/stage_gaussian_U0/grp_stage_gaussian_Pipeline_GAUSSIAN_OUT_VITIS_LOOP_161_1_fu_186/add_36s_36s_36_1_1_U1237/dout/P[47:0] is not pipelined (PREG=0). Pipelining the DSP48 output will improve performance and often saves power so it is suggested whenever possible to fully pipeline this function.  If this DSP48 function was inferred, it is suggested to describe an additional register stage after this function.  If the DSP48 was instantiated in the design, it is suggested to set the PREG attribute to 1.
Related violations: <none>

DPOP-3#39 Warning
PREG Output pipelining  
DSP bd_0_i/hls_inst/inst/stage_gaussian_U0/grp_stage_gaussian_Pipeline_GAUSSIAN_OUT_VITIS_LOOP_161_1_fu_186/add_36s_36s_36_1_1_U1240/dout output bd_0_i/hls_inst/inst/stage_gaussian_U0/grp_stage_gaussian_Pipeline_GAUSSIAN_OUT_VITIS_LOOP_161_1_fu_186/add_36s_36s_36_1_1_U1240/dout/P[47:0] is not pipelined (PREG=0). Pipelining the DSP48 output will improve performance and often saves power so it is suggested whenever possible to fully pipeline this function.  If this DSP48 function was inferred, it is suggested to describe an additional register stage after this function.  If the DSP48 was instantiated in the design, it is suggested to set the PREG attribute to 1.
Related violations: <none>

DPOP-3#40 Warning
PREG Output pipelining  
DSP bd_0_i/hls_inst/inst/stage_gaussian_U0/grp_stage_gaussian_Pipeline_GAUSSIAN_OUT_VITIS_LOOP_161_1_fu_186/add_36s_36s_36_1_1_U1243/dout output bd_0_i/hls_inst/inst/stage_gaussian_U0/grp_stage_gaussian_Pipeline_GAUSSIAN_OUT_VITIS_LOOP_161_1_fu_186/add_36s_36s_36_1_1_U1243/dout/P[47:0] is not pipelined (PREG=0). Pipelining the DSP48 output will improve performance and often saves power so it is suggested whenever possible to fully pipeline this function.  If this DSP48 function was inferred, it is suggested to describe an additional register stage after this function.  If the DSP48 was instantiated in the design, it is suggested to set the PREG attribute to 1.
Related violations: <none>

DPOP-3#41 Warning
PREG Output pipelining  
DSP bd_0_i/hls_inst/inst/stage_gaussian_U0/grp_stage_gaussian_Pipeline_GAUSSIAN_OUT_VITIS_LOOP_161_1_fu_186/add_36s_36s_36_1_1_U1246/dout output bd_0_i/hls_inst/inst/stage_gaussian_U0/grp_stage_gaussian_Pipeline_GAUSSIAN_OUT_VITIS_LOOP_161_1_fu_186/add_36s_36s_36_1_1_U1246/dout/P[47:0] is not pipelined (PREG=0). Pipelining the DSP48 output will improve performance and often saves power so it is suggested whenever possible to fully pipeline this function.  If this DSP48 function was inferred, it is suggested to describe an additional register stage after this function.  If the DSP48 was instantiated in the design, it is suggested to set the PREG attribute to 1.
Related violations: <none>

DPOP-3#42 Warning
PREG Output pipelining  
DSP bd_0_i/hls_inst/inst/stage_gaussian_U0/grp_stage_gaussian_Pipeline_GAUSSIAN_OUT_VITIS_LOOP_161_1_fu_186/add_36s_36s_36_1_1_U1249/dout output bd_0_i/hls_inst/inst/stage_gaussian_U0/grp_stage_gaussian_Pipeline_GAUSSIAN_OUT_VITIS_LOOP_161_1_fu_186/add_36s_36s_36_1_1_U1249/dout/P[47:0] is not pipelined (PREG=0). Pipelining the DSP48 output will improve performance and often saves power so it is suggested whenever possible to fully pipeline this function.  If this DSP48 function was inferred, it is suggested to describe an additional register stage after this function.  If the DSP48 was instantiated in the design, it is suggested to set the PREG attribute to 1.
Related violations: <none>

DPOP-3#43 Warning
PREG Output pipelining  
DSP bd_0_i/hls_inst/inst/stage_gaussian_U0/grp_stage_gaussian_Pipeline_GAUSSIAN_OUT_VITIS_LOOP_161_1_fu_186/add_36s_36s_36_1_1_U1252/dout output bd_0_i/hls_inst/inst/stage_gaussian_U0/grp_stage_gaussian_Pipeline_GAUSSIAN_OUT_VITIS_LOOP_161_1_fu_186/add_36s_36s_36_1_1_U1252/dout/P[47:0] is not pipelined (PREG=0). Pipelining the DSP48 output will improve performance and often saves power so it is suggested whenever possible to fully pipeline this function.  If this DSP48 function was inferred, it is suggested to describe an additional register stage after this function.  If the DSP48 was instantiated in the design, it is suggested to set the PREG attribute to 1.
Related violations: <none>

DPOP-3#44 Warning
PREG Output pipelining  
DSP bd_0_i/hls_inst/inst/stage_gaussian_U0/grp_stage_gaussian_Pipeline_GAUSSIAN_OUT_VITIS_LOOP_161_1_fu_186/add_36s_36s_36_1_1_U1255/dout output bd_0_i/hls_inst/inst/stage_gaussian_U0/grp_stage_gaussian_Pipeline_GAUSSIAN_OUT_VITIS_LOOP_161_1_fu_186/add_36s_36s_36_1_1_U1255/dout/P[47:0] is not pipelined (PREG=0). Pipelining the DSP48 output will improve performance and often saves power so it is suggested whenever possible to fully pipeline this function.  If this DSP48 function was inferred, it is suggested to describe an additional register stage after this function.  If the DSP48 was instantiated in the design, it is suggested to set the PREG attribute to 1.
Related violations: <none>

DPOP-3#45 Warning
PREG Output pipelining  
DSP bd_0_i/hls_inst/inst/stage_gaussian_U0/grp_stage_gaussian_Pipeline_GAUSSIAN_OUT_VITIS_LOOP_161_1_fu_186/add_36s_36s_36_1_1_U1257/dout output bd_0_i/hls_inst/inst/stage_gaussian_U0/grp_stage_gaussian_Pipeline_GAUSSIAN_OUT_VITIS_LOOP_161_1_fu_186/add_36s_36s_36_1_1_U1257/dout/P[47:0] is not pipelined (PREG=0). Pipelining the DSP48 output will improve performance and often saves power so it is suggested whenever possible to fully pipeline this function.  If this DSP48 function was inferred, it is suggested to describe an additional register stage after this function.  If the DSP48 was instantiated in the design, it is suggested to set the PREG attribute to 1.
Related violations: <none>

DPOP-3#46 Warning
PREG Output pipelining  
DSP bd_0_i/hls_inst/inst/stage_gaussian_U0/grp_stage_gaussian_Pipeline_GAUSSIAN_OUT_VITIS_LOOP_161_1_fu_186/add_36s_36s_36_1_1_U1260/dout output bd_0_i/hls_inst/inst/stage_gaussian_U0/grp_stage_gaussian_Pipeline_GAUSSIAN_OUT_VITIS_LOOP_161_1_fu_186/add_36s_36s_36_1_1_U1260/dout/P[47:0] is not pipelined (PREG=0). Pipelining the DSP48 output will improve performance and often saves power so it is suggested whenever possible to fully pipeline this function.  If this DSP48 function was inferred, it is suggested to describe an additional register stage after this function.  If the DSP48 was instantiated in the design, it is suggested to set the PREG attribute to 1.
Related violations: <none>

DPOP-3#47 Warning
PREG Output pipelining  
DSP bd_0_i/hls_inst/inst/stage_gaussian_U0/grp_stage_gaussian_Pipeline_GAUSSIAN_OUT_VITIS_LOOP_161_1_fu_186/add_36s_36s_36_1_1_U1263/dout output bd_0_i/hls_inst/inst/stage_gaussian_U0/grp_stage_gaussian_Pipeline_GAUSSIAN_OUT_VITIS_LOOP_161_1_fu_186/add_36s_36s_36_1_1_U1263/dout/P[47:0] is not pipelined (PREG=0). Pipelining the DSP48 output will improve performance and often saves power so it is suggested whenever possible to fully pipeline this function.  If this DSP48 function was inferred, it is suggested to describe an additional register stage after this function.  If the DSP48 was instantiated in the design, it is suggested to set the PREG attribute to 1.
Related violations: <none>

DPOP-3#48 Warning
PREG Output pipelining  
DSP bd_0_i/hls_inst/inst/stage_gaussian_U0/grp_stage_gaussian_Pipeline_GAUSSIAN_OUT_VITIS_LOOP_161_1_fu_186/add_36s_36s_36_1_1_U1266/dout output bd_0_i/hls_inst/inst/stage_gaussian_U0/grp_stage_gaussian_Pipeline_GAUSSIAN_OUT_VITIS_LOOP_161_1_fu_186/add_36s_36s_36_1_1_U1266/dout/P[47:0] is not pipelined (PREG=0). Pipelining the DSP48 output will improve performance and often saves power so it is suggested whenever possible to fully pipeline this function.  If this DSP48 function was inferred, it is suggested to describe an additional register stage after this function.  If the DSP48 was instantiated in the design, it is suggested to set the PREG attribute to 1.
Related violations: <none>

DPOP-3#49 Warning
PREG Output pipelining  
DSP bd_0_i/hls_inst/inst/stage_gaussian_U0/grp_stage_gaussian_Pipeline_GAUSSIAN_OUT_VITIS_LOOP_161_1_fu_186/add_36s_36s_36_1_1_U1268/dout output bd_0_i/hls_inst/inst/stage_gaussian_U0/grp_stage_gaussian_Pipeline_GAUSSIAN_OUT_VITIS_LOOP_161_1_fu_186/add_36s_36s_36_1_1_U1268/dout/P[47:0] is not pipelined (PREG=0). Pipelining the DSP48 output will improve performance and often saves power so it is suggested whenever possible to fully pipeline this function.  If this DSP48 function was inferred, it is suggested to describe an additional register stage after this function.  If the DSP48 was instantiated in the design, it is suggested to set the PREG attribute to 1.
Related violations: <none>

DPOP-3#50 Warning
PREG Output pipelining  
DSP bd_0_i/hls_inst/inst/stage_gaussian_U0/grp_stage_gaussian_Pipeline_GAUSSIAN_OUT_VITIS_LOOP_161_1_fu_186/mul_18s_10ns_28_1_1_U1200/tmp_product output bd_0_i/hls_inst/inst/stage_gaussian_U0/grp_stage_gaussian_Pipeline_GAUSSIAN_OUT_VITIS_LOOP_161_1_fu_186/mul_18s_10ns_28_1_1_U1200/tmp_product/P[47:0] is not pipelined (PREG=0). Pipelining the DSP48 output will improve performance and often saves power so it is suggested whenever possible to fully pipeline this function.  If this DSP48 function was inferred, it is suggested to describe an additional register stage after this function.  If the DSP48 was instantiated in the design, it is suggested to set the PREG attribute to 1.
Related violations: <none>

DPOP-3#51 Warning
PREG Output pipelining  
DSP bd_0_i/hls_inst/inst/stage_gaussian_U0/grp_stage_gaussian_Pipeline_GAUSSIAN_OUT_VITIS_LOOP_161_1_fu_186/mul_18s_10ns_28_1_1_U1206/tmp_product output bd_0_i/hls_inst/inst/stage_gaussian_U0/grp_stage_gaussian_Pipeline_GAUSSIAN_OUT_VITIS_LOOP_161_1_fu_186/mul_18s_10ns_28_1_1_U1206/tmp_product/P[47:0] is not pipelined (PREG=0). Pipelining the DSP48 output will improve performance and often saves power so it is suggested whenever possible to fully pipeline this function.  If this DSP48 function was inferred, it is suggested to describe an additional register stage after this function.  If the DSP48 was instantiated in the design, it is suggested to set the PREG attribute to 1.
Related violations: <none>

DPOP-3#52 Warning
PREG Output pipelining  
DSP bd_0_i/hls_inst/inst/stage_gaussian_U0/grp_stage_gaussian_Pipeline_GAUSSIAN_OUT_VITIS_LOOP_161_1_fu_186/mul_18s_10ns_28_1_1_U1211/tmp_product output bd_0_i/hls_inst/inst/stage_gaussian_U0/grp_stage_gaussian_Pipeline_GAUSSIAN_OUT_VITIS_LOOP_161_1_fu_186/mul_18s_10ns_28_1_1_U1211/tmp_product/P[47:0] is not pipelined (PREG=0). Pipelining the DSP48 output will improve performance and often saves power so it is suggested whenever possible to fully pipeline this function.  If this DSP48 function was inferred, it is suggested to describe an additional register stage after this function.  If the DSP48 was instantiated in the design, it is suggested to set the PREG attribute to 1.
Related violations: <none>

DPOP-3#53 Warning
PREG Output pipelining  
DSP bd_0_i/hls_inst/inst/stage_gaussian_U0/grp_stage_gaussian_Pipeline_GAUSSIAN_OUT_VITIS_LOOP_161_1_fu_186/mul_18s_10ns_28_1_1_U1223/tmp_product output bd_0_i/hls_inst/inst/stage_gaussian_U0/grp_stage_gaussian_Pipeline_GAUSSIAN_OUT_VITIS_LOOP_161_1_fu_186/mul_18s_10ns_28_1_1_U1223/tmp_product/P[47:0] is not pipelined (PREG=0). Pipelining the DSP48 output will improve performance and often saves power so it is suggested whenever possible to fully pipeline this function.  If this DSP48 function was inferred, it is suggested to describe an additional register stage after this function.  If the DSP48 was instantiated in the design, it is suggested to set the PREG attribute to 1.
Related violations: <none>

DPOP-3#54 Warning
PREG Output pipelining  
DSP bd_0_i/hls_inst/inst/stage_gaussian_U0/grp_stage_gaussian_Pipeline_GAUSSIAN_OUT_VITIS_LOOP_161_1_fu_186/mul_18s_10ns_28_1_1_U1241/tmp_product output bd_0_i/hls_inst/inst/stage_gaussian_U0/grp_stage_gaussian_Pipeline_GAUSSIAN_OUT_VITIS_LOOP_161_1_fu_186/mul_18s_10ns_28_1_1_U1241/tmp_product/P[47:0] is not pipelined (PREG=0). Pipelining the DSP48 output will improve performance and often saves power so it is suggested whenever possible to fully pipeline this function.  If this DSP48 function was inferred, it is suggested to describe an additional register stage after this function.  If the DSP48 was instantiated in the design, it is suggested to set the PREG attribute to 1.
Related violations: <none>

DPOP-3#55 Warning
PREG Output pipelining  
DSP bd_0_i/hls_inst/inst/stage_gaussian_U0/grp_stage_gaussian_Pipeline_GAUSSIAN_OUT_VITIS_LOOP_161_1_fu_186/mul_18s_10ns_28_1_1_U1253/tmp_product output bd_0_i/hls_inst/inst/stage_gaussian_U0/grp_stage_gaussian_Pipeline_GAUSSIAN_OUT_VITIS_LOOP_161_1_fu_186/mul_18s_10ns_28_1_1_U1253/tmp_product/P[47:0] is not pipelined (PREG=0). Pipelining the DSP48 output will improve performance and often saves power so it is suggested whenever possible to fully pipeline this function.  If this DSP48 function was inferred, it is suggested to describe an additional register stage after this function.  If the DSP48 was instantiated in the design, it is suggested to set the PREG attribute to 1.
Related violations: <none>

DPOP-3#56 Warning
PREG Output pipelining  
DSP bd_0_i/hls_inst/inst/stage_gaussian_U0/grp_stage_gaussian_Pipeline_GAUSSIAN_OUT_VITIS_LOOP_161_1_fu_186/mul_18s_10ns_28_1_1_U1258/tmp_product output bd_0_i/hls_inst/inst/stage_gaussian_U0/grp_stage_gaussian_Pipeline_GAUSSIAN_OUT_VITIS_LOOP_161_1_fu_186/mul_18s_10ns_28_1_1_U1258/tmp_product/P[47:0] is not pipelined (PREG=0). Pipelining the DSP48 output will improve performance and often saves power so it is suggested whenever possible to fully pipeline this function.  If this DSP48 function was inferred, it is suggested to describe an additional register stage after this function.  If the DSP48 was instantiated in the design, it is suggested to set the PREG attribute to 1.
Related violations: <none>

DPOP-3#57 Warning
PREG Output pipelining  
DSP bd_0_i/hls_inst/inst/stage_gaussian_U0/grp_stage_gaussian_Pipeline_GAUSSIAN_OUT_VITIS_LOOP_161_1_fu_186/mul_18s_10ns_28_1_1_U1264/tmp_product output bd_0_i/hls_inst/inst/stage_gaussian_U0/grp_stage_gaussian_Pipeline_GAUSSIAN_OUT_VITIS_LOOP_161_1_fu_186/mul_18s_10ns_28_1_1_U1264/tmp_product/P[47:0] is not pipelined (PREG=0). Pipelining the DSP48 output will improve performance and often saves power so it is suggested whenever possible to fully pipeline this function.  If this DSP48 function was inferred, it is suggested to describe an additional register stage after this function.  If the DSP48 was instantiated in the design, it is suggested to set the PREG attribute to 1.
Related violations: <none>

DPOP-3#58 Warning
PREG Output pipelining  
DSP bd_0_i/hls_inst/inst/stage_gaussian_U0/grp_stage_gaussian_Pipeline_GAUSSIAN_OUT_VITIS_LOOP_161_1_fu_186/mul_18s_11ns_29_1_1_U1203/tmp_product output bd_0_i/hls_inst/inst/stage_gaussian_U0/grp_stage_gaussian_Pipeline_GAUSSIAN_OUT_VITIS_LOOP_161_1_fu_186/mul_18s_11ns_29_1_1_U1203/tmp_product/P[47:0] is not pipelined (PREG=0). Pipelining the DSP48 output will improve performance and often saves power so it is suggested whenever possible to fully pipeline this function.  If this DSP48 function was inferred, it is suggested to describe an additional register stage after this function.  If the DSP48 was instantiated in the design, it is suggested to set the PREG attribute to 1.
Related violations: <none>

DPOP-3#59 Warning
PREG Output pipelining  
DSP bd_0_i/hls_inst/inst/stage_gaussian_U0/grp_stage_gaussian_Pipeline_GAUSSIAN_OUT_VITIS_LOOP_161_1_fu_186/mul_18s_11ns_29_1_1_U1226/tmp_product output bd_0_i/hls_inst/inst/stage_gaussian_U0/grp_stage_gaussian_Pipeline_GAUSSIAN_OUT_VITIS_LOOP_161_1_fu_186/mul_18s_11ns_29_1_1_U1226/tmp_product/P[47:0] is not pipelined (PREG=0). Pipelining the DSP48 output will improve performance and often saves power so it is suggested whenever possible to fully pipeline this function.  If this DSP48 function was inferred, it is suggested to describe an additional register stage after this function.  If the DSP48 was instantiated in the design, it is suggested to set the PREG attribute to 1.
Related violations: <none>

DPOP-3#60 Warning
PREG Output pipelining  
DSP bd_0_i/hls_inst/inst/stage_gaussian_U0/grp_stage_gaussian_Pipeline_GAUSSIAN_OUT_VITIS_LOOP_161_1_fu_186/mul_18s_11ns_29_1_1_U1238/tmp_product output bd_0_i/hls_inst/inst/stage_gaussian_U0/grp_stage_gaussian_Pipeline_GAUSSIAN_OUT_VITIS_LOOP_161_1_fu_186/mul_18s_11ns_29_1_1_U1238/tmp_product/P[47:0] is not pipelined (PREG=0). Pipelining the DSP48 output will improve performance and often saves power so it is suggested whenever possible to fully pipeline this function.  If this DSP48 function was inferred, it is suggested to describe an additional register stage after this function.  If the DSP48 was instantiated in the design, it is suggested to set the PREG attribute to 1.
Related violations: <none>

DPOP-3#61 Warning
PREG Output pipelining  
DSP bd_0_i/hls_inst/inst/stage_gaussian_U0/grp_stage_gaussian_Pipeline_GAUSSIAN_OUT_VITIS_LOOP_161_1_fu_186/mul_18s_11ns_29_1_1_U1261/tmp_product output bd_0_i/hls_inst/inst/stage_gaussian_U0/grp_stage_gaussian_Pipeline_GAUSSIAN_OUT_VITIS_LOOP_161_1_fu_186/mul_18s_11ns_29_1_1_U1261/tmp_product/P[47:0] is not pipelined (PREG=0). Pipelining the DSP48 output will improve performance and often saves power so it is suggested whenever possible to fully pipeline this function.  If this DSP48 function was inferred, it is suggested to describe an additional register stage after this function.  If the DSP48 was instantiated in the design, it is suggested to set the PREG attribute to 1.
Related violations: <none>

DPOP-3#62 Warning
PREG Output pipelining  
DSP bd_0_i/hls_inst/inst/stage_gaussian_U0/grp_stage_gaussian_Pipeline_GAUSSIAN_OUT_VITIS_LOOP_161_1_fu_186/mul_18s_12ns_30_1_1_U1214/tmp_product output bd_0_i/hls_inst/inst/stage_gaussian_U0/grp_stage_gaussian_Pipeline_GAUSSIAN_OUT_VITIS_LOOP_161_1_fu_186/mul_18s_12ns_30_1_1_U1214/tmp_product/P[47:0] is not pipelined (PREG=0). Pipelining the DSP48 output will improve performance and often saves power so it is suggested whenever possible to fully pipeline this function.  If this DSP48 function was inferred, it is suggested to describe an additional register stage after this function.  If the DSP48 was instantiated in the design, it is suggested to set the PREG attribute to 1.
Related violations: <none>

DPOP-3#63 Warning
PREG Output pipelining  
DSP bd_0_i/hls_inst/inst/stage_gaussian_U0/grp_stage_gaussian_Pipeline_GAUSSIAN_OUT_VITIS_LOOP_161_1_fu_186/mul_18s_12ns_30_1_1_U1220/tmp_product output bd_0_i/hls_inst/inst/stage_gaussian_U0/grp_stage_gaussian_Pipeline_GAUSSIAN_OUT_VITIS_LOOP_161_1_fu_186/mul_18s_12ns_30_1_1_U1220/tmp_product/P[47:0] is not pipelined (PREG=0). Pipelining the DSP48 output will improve performance and often saves power so it is suggested whenever possible to fully pipeline this function.  If this DSP48 function was inferred, it is suggested to describe an additional register stage after this function.  If the DSP48 was instantiated in the design, it is suggested to set the PREG attribute to 1.
Related violations: <none>

DPOP-3#64 Warning
PREG Output pipelining  
DSP bd_0_i/hls_inst/inst/stage_gaussian_U0/grp_stage_gaussian_Pipeline_GAUSSIAN_OUT_VITIS_LOOP_161_1_fu_186/mul_18s_12ns_30_1_1_U1244/tmp_product output bd_0_i/hls_inst/inst/stage_gaussian_U0/grp_stage_gaussian_Pipeline_GAUSSIAN_OUT_VITIS_LOOP_161_1_fu_186/mul_18s_12ns_30_1_1_U1244/tmp_product/P[47:0] is not pipelined (PREG=0). Pipelining the DSP48 output will improve performance and often saves power so it is suggested whenever possible to fully pipeline this function.  If this DSP48 function was inferred, it is suggested to describe an additional register stage after this function.  If the DSP48 was instantiated in the design, it is suggested to set the PREG attribute to 1.
Related violations: <none>

DPOP-3#65 Warning
PREG Output pipelining  
DSP bd_0_i/hls_inst/inst/stage_gaussian_U0/grp_stage_gaussian_Pipeline_GAUSSIAN_OUT_VITIS_LOOP_161_1_fu_186/mul_18s_12ns_30_1_1_U1250/tmp_product output bd_0_i/hls_inst/inst/stage_gaussian_U0/grp_stage_gaussian_Pipeline_GAUSSIAN_OUT_VITIS_LOOP_161_1_fu_186/mul_18s_12ns_30_1_1_U1250/tmp_product/P[47:0] is not pipelined (PREG=0). Pipelining the DSP48 output will improve performance and often saves power so it is suggested whenever possible to fully pipeline this function.  If this DSP48 function was inferred, it is suggested to describe an additional register stage after this function.  If the DSP48 was instantiated in the design, it is suggested to set the PREG attribute to 1.
Related violations: <none>

DPOP-3#66 Warning
PREG Output pipelining  
DSP bd_0_i/hls_inst/inst/stage_gaussian_U0/grp_stage_gaussian_Pipeline_GAUSSIAN_OUT_VITIS_LOOP_161_1_fu_186/mul_18s_13ns_31_1_1_U1217/tmp_product output bd_0_i/hls_inst/inst/stage_gaussian_U0/grp_stage_gaussian_Pipeline_GAUSSIAN_OUT_VITIS_LOOP_161_1_fu_186/mul_18s_13ns_31_1_1_U1217/tmp_product/P[47:0] is not pipelined (PREG=0). Pipelining the DSP48 output will improve performance and often saves power so it is suggested whenever possible to fully pipeline this function.  If this DSP48 function was inferred, it is suggested to describe an additional register stage after this function.  If the DSP48 was instantiated in the design, it is suggested to set the PREG attribute to 1.
Related violations: <none>

DPOP-3#67 Warning
PREG Output pipelining  
DSP bd_0_i/hls_inst/inst/stage_gaussian_U0/grp_stage_gaussian_Pipeline_GAUSSIAN_OUT_VITIS_LOOP_161_1_fu_186/mul_18s_13ns_31_1_1_U1229/tmp_product output bd_0_i/hls_inst/inst/stage_gaussian_U0/grp_stage_gaussian_Pipeline_GAUSSIAN_OUT_VITIS_LOOP_161_1_fu_186/mul_18s_13ns_31_1_1_U1229/tmp_product/P[47:0] is not pipelined (PREG=0). Pipelining the DSP48 output will improve performance and often saves power so it is suggested whenever possible to fully pipeline this function.  If this DSP48 function was inferred, it is suggested to describe an additional register stage after this function.  If the DSP48 was instantiated in the design, it is suggested to set the PREG attribute to 1.
Related violations: <none>

DPOP-3#68 Warning
PREG Output pipelining  
DSP bd_0_i/hls_inst/inst/stage_gaussian_U0/grp_stage_gaussian_Pipeline_GAUSSIAN_OUT_VITIS_LOOP_161_1_fu_186/mul_18s_13ns_31_1_1_U1235/tmp_product output bd_0_i/hls_inst/inst/stage_gaussian_U0/grp_stage_gaussian_Pipeline_GAUSSIAN_OUT_VITIS_LOOP_161_1_fu_186/mul_18s_13ns_31_1_1_U1235/tmp_product/P[47:0] is not pipelined (PREG=0). Pipelining the DSP48 output will improve performance and often saves power so it is suggested whenever possible to fully pipeline this function.  If this DSP48 function was inferred, it is suggested to describe an additional register stage after this function.  If the DSP48 was instantiated in the design, it is suggested to set the PREG attribute to 1.
Related violations: <none>

DPOP-3#69 Warning
PREG Output pipelining  
DSP bd_0_i/hls_inst/inst/stage_gaussian_U0/grp_stage_gaussian_Pipeline_GAUSSIAN_OUT_VITIS_LOOP_161_1_fu_186/mul_18s_13ns_31_1_1_U1247/tmp_product output bd_0_i/hls_inst/inst/stage_gaussian_U0/grp_stage_gaussian_Pipeline_GAUSSIAN_OUT_VITIS_LOOP_161_1_fu_186/mul_18s_13ns_31_1_1_U1247/tmp_product/P[47:0] is not pipelined (PREG=0). Pipelining the DSP48 output will improve performance and often saves power so it is suggested whenever possible to fully pipeline this function.  If this DSP48 function was inferred, it is suggested to describe an additional register stage after this function.  If the DSP48 was instantiated in the design, it is suggested to set the PREG attribute to 1.
Related violations: <none>

DPOP-3#70 Warning
PREG Output pipelining  
DSP bd_0_i/hls_inst/inst/stage_gaussian_U0/grp_stage_gaussian_Pipeline_GAUSSIAN_OUT_VITIS_LOOP_161_1_fu_186/mul_18s_14ns_32_1_1_U1232/tmp_product output bd_0_i/hls_inst/inst/stage_gaussian_U0/grp_stage_gaussian_Pipeline_GAUSSIAN_OUT_VITIS_LOOP_161_1_fu_186/mul_18s_14ns_32_1_1_U1232/tmp_product/P[47:0] is not pipelined (PREG=0). Pipelining the DSP48 output will improve performance and often saves power so it is suggested whenever possible to fully pipeline this function.  If this DSP48 function was inferred, it is suggested to describe an additional register stage after this function.  If the DSP48 was instantiated in the design, it is suggested to set the PREG attribute to 1.
Related violations: <none>

DPOP-3#71 Warning
PREG Output pipelining  
DSP bd_0_i/hls_inst/inst/stage_gaussian_U0/grp_stage_gaussian_Pipeline_GAUSSIAN_OUT_VITIS_LOOP_161_1_fu_186/mul_18s_8ns_26_1_1_U1199/tmp_product output bd_0_i/hls_inst/inst/stage_gaussian_U0/grp_stage_gaussian_Pipeline_GAUSSIAN_OUT_VITIS_LOOP_161_1_fu_186/mul_18s_8ns_26_1_1_U1199/tmp_product/P[47:0] is not pipelined (PREG=0). Pipelining the DSP48 output will improve performance and often saves power so it is suggested whenever possible to fully pipeline this function.  If this DSP48 function was inferred, it is suggested to describe an additional register stage after this function.  If the DSP48 was instantiated in the design, it is suggested to set the PREG attribute to 1.
Related violations: <none>

DPOP-3#72 Warning
PREG Output pipelining  
DSP bd_0_i/hls_inst/inst/stage_gaussian_U0/grp_stage_gaussian_Pipeline_GAUSSIAN_OUT_VITIS_LOOP_161_1_fu_186/mul_6ns_8ns_13_1_1_U1170/tmp_product output bd_0_i/hls_inst/inst/stage_gaussian_U0/grp_stage_gaussian_Pipeline_GAUSSIAN_OUT_VITIS_LOOP_161_1_fu_186/mul_6ns_8ns_13_1_1_U1170/tmp_product/P[47:0] is not pipelined (PREG=0). Pipelining the DSP48 output will improve performance and often saves power so it is suggested whenever possible to fully pipeline this function.  If this DSP48 function was inferred, it is suggested to describe an additional register stage after this function.  If the DSP48 was instantiated in the design, it is suggested to set the PREG attribute to 1.
Related violations: <none>

DPOP-3#73 Warning
PREG Output pipelining  
DSP bd_0_i/hls_inst/inst/stage_gaussian_U0/grp_stage_gaussian_Pipeline_GAUSSIAN_OUT_VITIS_LOOP_161_1_fu_186/mul_6ns_8ns_13_1_1_U1171/tmp_product output bd_0_i/hls_inst/inst/stage_gaussian_U0/grp_stage_gaussian_Pipeline_GAUSSIAN_OUT_VITIS_LOOP_161_1_fu_186/mul_6ns_8ns_13_1_1_U1171/tmp_product/P[47:0] is not pipelined (PREG=0). Pipelining the DSP48 output will improve performance and often saves power so it is suggested whenever possible to fully pipeline this function.  If this DSP48 function was inferred, it is suggested to describe an additional register stage after this function.  If the DSP48 was instantiated in the design, it is suggested to set the PREG attribute to 1.
Related violations: <none>

DPOP-3#74 Warning
PREG Output pipelining  
DSP bd_0_i/hls_inst/inst/stage_gaussian_U0/grp_stage_gaussian_Pipeline_GAUSSIAN_OUT_VITIS_LOOP_161_1_fu_186/mul_6ns_8ns_13_1_1_U1172/tmp_product output bd_0_i/hls_inst/inst/stage_gaussian_U0/grp_stage_gaussian_Pipeline_GAUSSIAN_OUT_VITIS_LOOP_161_1_fu_186/mul_6ns_8ns_13_1_1_U1172/tmp_product/P[47:0] is not pipelined (PREG=0). Pipelining the DSP48 output will improve performance and often saves power so it is suggested whenever possible to fully pipeline this function.  If this DSP48 function was inferred, it is suggested to describe an additional register stage after this function.  If the DSP48 was instantiated in the design, it is suggested to set the PREG attribute to 1.
Related violations: <none>

DPOP-3#75 Warning
PREG Output pipelining  
DSP bd_0_i/hls_inst/inst/stage_gaussian_U0/grp_stage_gaussian_Pipeline_GAUSSIAN_OUT_VITIS_LOOP_161_1_fu_186/mul_6ns_8ns_13_1_1_U1173/tmp_product output bd_0_i/hls_inst/inst/stage_gaussian_U0/grp_stage_gaussian_Pipeline_GAUSSIAN_OUT_VITIS_LOOP_161_1_fu_186/mul_6ns_8ns_13_1_1_U1173/tmp_product/P[47:0] is not pipelined (PREG=0). Pipelining the DSP48 output will improve performance and often saves power so it is suggested whenever possible to fully pipeline this function.  If this DSP48 function was inferred, it is suggested to describe an additional register stage after this function.  If the DSP48 was instantiated in the design, it is suggested to set the PREG attribute to 1.
Related violations: <none>

DPOP-3#76 Warning
PREG Output pipelining  
DSP bd_0_i/hls_inst/inst/stage_morphology_U0/grp_stage_morphology_Pipeline_DILATION_LOOP_VITIS_LOOP_347_2_fu_150/mul_6ns_8ns_13_1_1_U1653/tmp_product output bd_0_i/hls_inst/inst/stage_morphology_U0/grp_stage_morphology_Pipeline_DILATION_LOOP_VITIS_LOOP_347_2_fu_150/mul_6ns_8ns_13_1_1_U1653/tmp_product/P[47:0] is not pipelined (PREG=0). Pipelining the DSP48 output will improve performance and often saves power so it is suggested whenever possible to fully pipeline this function.  If this DSP48 function was inferred, it is suggested to describe an additional register stage after this function.  If the DSP48 was instantiated in the design, it is suggested to set the PREG attribute to 1.
Related violations: <none>

DPOP-3#77 Warning
PREG Output pipelining  
DSP bd_0_i/hls_inst/inst/stage_morphology_U0/grp_stage_morphology_Pipeline_DILATION_LOOP_VITIS_LOOP_347_2_fu_150/mul_6ns_8ns_13_1_1_U1654/tmp_product output bd_0_i/hls_inst/inst/stage_morphology_U0/grp_stage_morphology_Pipeline_DILATION_LOOP_VITIS_LOOP_347_2_fu_150/mul_6ns_8ns_13_1_1_U1654/tmp_product/P[47:0] is not pipelined (PREG=0). Pipelining the DSP48 output will improve performance and often saves power so it is suggested whenever possible to fully pipeline this function.  If this DSP48 function was inferred, it is suggested to describe an additional register stage after this function.  If the DSP48 was instantiated in the design, it is suggested to set the PREG attribute to 1.
Related violations: <none>

DPOP-4#1 Warning
MREG Output pipelining  
DSP bd_0_i/hls_inst/inst/stage_bilateral_U0/grp_stage_bilateral_Pipeline_BILATERAL_OUT_VITIS_LOOP_243_4_fu_90/fsub_32ns_32ns_32_10_full_dsp_1_U1335/top_kernel_fsub_32ns_32ns_32_10_full_dsp_1_ip_u/U0/i_synth/ADDSUB_OP.ADDSUB/DSP.OP/DSP48E1_BODY.NORM_RND/FULL_USAGE_DSP.SHIFT_RND/i_no_versal_es1_workaround.DSP multiplier stage bd_0_i/hls_inst/inst/stage_bilateral_U0/grp_stage_bilateral_Pipeline_BILATERAL_OUT_VITIS_LOOP_243_4_fu_90/fsub_32ns_32ns_32_10_full_dsp_1_U1335/top_kernel_fsub_32ns_32ns_32_10_full_dsp_1_ip_u/U0/i_synth/ADDSUB_OP.ADDSUB/DSP.OP/DSP48E1_BODY.NORM_RND/FULL_USAGE_DSP.SHIFT_RND/i_no_versal_es1_workaround.DSP/P[47:0] is not pipelined (MREG=0). Pipelining the multiplier function will improve performance and will save significant power so it is suggested whenever possible to fully pipeline this function.  If this multiplier was inferred, it is suggested to describe an additional register stage after this function.  If there is no registered adder/accumulator following the multiply function, two pipeline stages are suggested to allow both the MREG and PREG registers to be used.  If the DSP48 was instantiated in the design, it is suggested to set both the MREG and PREG attributes to 1 when performing multiply functions.
Related violations: <none>

DPOP-4#2 Warning
MREG Output pipelining  
DSP bd_0_i/hls_inst/inst/stage_bilateral_U0/grp_stage_bilateral_Pipeline_BILATERAL_OUT_VITIS_LOOP_243_4_fu_90/fsub_32ns_32ns_32_10_full_dsp_1_U1336/top_kernel_fsub_32ns_32ns_32_10_full_dsp_1_ip_u/U0/i_synth/ADDSUB_OP.ADDSUB/DSP.OP/DSP48E1_BODY.NORM_RND/FULL_USAGE_DSP.SHIFT_RND/i_no_versal_es1_workaround.DSP multiplier stage bd_0_i/hls_inst/inst/stage_bilateral_U0/grp_stage_bilateral_Pipeline_BILATERAL_OUT_VITIS_LOOP_243_4_fu_90/fsub_32ns_32ns_32_10_full_dsp_1_U1336/top_kernel_fsub_32ns_32ns_32_10_full_dsp_1_ip_u/U0/i_synth/ADDSUB_OP.ADDSUB/DSP.OP/DSP48E1_BODY.NORM_RND/FULL_USAGE_DSP.SHIFT_RND/i_no_versal_es1_workaround.DSP/P[47:0] is not pipelined (MREG=0). Pipelining the multiplier function will improve performance and will save significant power so it is suggested whenever possible to fully pipeline this function.  If this multiplier was inferred, it is suggested to describe an additional register stage after this function.  If there is no registered adder/accumulator following the multiply function, two pipeline stages are suggested to allow both the MREG and PREG registers to be used.  If the DSP48 was instantiated in the design, it is suggested to set both the MREG and PREG attributes to 1 when performing multiply functions.
Related violations: <none>

DPOP-4#3 Warning
MREG Output pipelining  
DSP bd_0_i/hls_inst/inst/stage_bilateral_U0/grp_stage_bilateral_Pipeline_BILATERAL_OUT_VITIS_LOOP_243_4_fu_90/fsub_32ns_32ns_32_10_full_dsp_1_U1337/top_kernel_fsub_32ns_32ns_32_10_full_dsp_1_ip_u/U0/i_synth/ADDSUB_OP.ADDSUB/DSP.OP/DSP48E1_BODY.NORM_RND/FULL_USAGE_DSP.SHIFT_RND/i_no_versal_es1_workaround.DSP multiplier stage bd_0_i/hls_inst/inst/stage_bilateral_U0/grp_stage_bilateral_Pipeline_BILATERAL_OUT_VITIS_LOOP_243_4_fu_90/fsub_32ns_32ns_32_10_full_dsp_1_U1337/top_kernel_fsub_32ns_32ns_32_10_full_dsp_1_ip_u/U0/i_synth/ADDSUB_OP.ADDSUB/DSP.OP/DSP48E1_BODY.NORM_RND/FULL_USAGE_DSP.SHIFT_RND/i_no_versal_es1_workaround.DSP/P[47:0] is not pipelined (MREG=0). Pipelining the multiplier function will improve performance and will save significant power so it is suggested whenever possible to fully pipeline this function.  If this multiplier was inferred, it is suggested to describe an additional register stage after this function.  If there is no registered adder/accumulator following the multiply function, two pipeline stages are suggested to allow both the MREG and PREG registers to be used.  If the DSP48 was instantiated in the design, it is suggested to set both the MREG and PREG attributes to 1 when performing multiply functions.
Related violations: <none>

DPOP-4#4 Warning
MREG Output pipelining  
DSP bd_0_i/hls_inst/inst/stage_bilateral_U0/grp_stage_bilateral_Pipeline_BILATERAL_OUT_VITIS_LOOP_243_4_fu_90/fsub_32ns_32ns_32_10_full_dsp_1_U1338/top_kernel_fsub_32ns_32ns_32_10_full_dsp_1_ip_u/U0/i_synth/ADDSUB_OP.ADDSUB/DSP.OP/DSP48E1_BODY.NORM_RND/FULL_USAGE_DSP.SHIFT_RND/i_no_versal_es1_workaround.DSP multiplier stage bd_0_i/hls_inst/inst/stage_bilateral_U0/grp_stage_bilateral_Pipeline_BILATERAL_OUT_VITIS_LOOP_243_4_fu_90/fsub_32ns_32ns_32_10_full_dsp_1_U1338/top_kernel_fsub_32ns_32ns_32_10_full_dsp_1_ip_u/U0/i_synth/ADDSUB_OP.ADDSUB/DSP.OP/DSP48E1_BODY.NORM_RND/FULL_USAGE_DSP.SHIFT_RND/i_no_versal_es1_workaround.DSP/P[47:0] is not pipelined (MREG=0). Pipelining the multiplier function will improve performance and will save significant power so it is suggested whenever possible to fully pipeline this function.  If this multiplier was inferred, it is suggested to describe an additional register stage after this function.  If there is no registered adder/accumulator following the multiply function, two pipeline stages are suggested to allow both the MREG and PREG registers to be used.  If the DSP48 was instantiated in the design, it is suggested to set both the MREG and PREG attributes to 1 when performing multiply functions.
Related violations: <none>

DPOP-4#5 Warning
MREG Output pipelining  
DSP bd_0_i/hls_inst/inst/stage_bilateral_U0/grp_stage_bilateral_Pipeline_BILATERAL_OUT_VITIS_LOOP_243_4_fu_90/fsub_32ns_32ns_32_10_full_dsp_1_U1339/top_kernel_fsub_32ns_32ns_32_10_full_dsp_1_ip_u/U0/i_synth/ADDSUB_OP.ADDSUB/DSP.OP/DSP48E1_BODY.NORM_RND/FULL_USAGE_DSP.SHIFT_RND/i_no_versal_es1_workaround.DSP multiplier stage bd_0_i/hls_inst/inst/stage_bilateral_U0/grp_stage_bilateral_Pipeline_BILATERAL_OUT_VITIS_LOOP_243_4_fu_90/fsub_32ns_32ns_32_10_full_dsp_1_U1339/top_kernel_fsub_32ns_32ns_32_10_full_dsp_1_ip_u/U0/i_synth/ADDSUB_OP.ADDSUB/DSP.OP/DSP48E1_BODY.NORM_RND/FULL_USAGE_DSP.SHIFT_RND/i_no_versal_es1_workaround.DSP/P[47:0] is not pipelined (MREG=0). Pipelining the multiplier function will improve performance and will save significant power so it is suggested whenever possible to fully pipeline this function.  If this multiplier was inferred, it is suggested to describe an additional register stage after this function.  If there is no registered adder/accumulator following the multiply function, two pipeline stages are suggested to allow both the MREG and PREG registers to be used.  If the DSP48 was instantiated in the design, it is suggested to set both the MREG and PREG attributes to 1 when performing multiply functions.
Related violations: <none>

DPOP-4#6 Warning
MREG Output pipelining  
DSP bd_0_i/hls_inst/inst/stage_bilateral_U0/grp_stage_bilateral_Pipeline_BILATERAL_OUT_VITIS_LOOP_243_4_fu_90/fsub_32ns_32ns_32_10_full_dsp_1_U1340/top_kernel_fsub_32ns_32ns_32_10_full_dsp_1_ip_u/U0/i_synth/ADDSUB_OP.ADDSUB/DSP.OP/DSP48E1_BODY.NORM_RND/FULL_USAGE_DSP.SHIFT_RND/i_no_versal_es1_workaround.DSP multiplier stage bd_0_i/hls_inst/inst/stage_bilateral_U0/grp_stage_bilateral_Pipeline_BILATERAL_OUT_VITIS_LOOP_243_4_fu_90/fsub_32ns_32ns_32_10_full_dsp_1_U1340/top_kernel_fsub_32ns_32ns_32_10_full_dsp_1_ip_u/U0/i_synth/ADDSUB_OP.ADDSUB/DSP.OP/DSP48E1_BODY.NORM_RND/FULL_USAGE_DSP.SHIFT_RND/i_no_versal_es1_workaround.DSP/P[47:0] is not pipelined (MREG=0). Pipelining the multiplier function will improve performance and will save significant power so it is suggested whenever possible to fully pipeline this function.  If this multiplier was inferred, it is suggested to describe an additional register stage after this function.  If there is no registered adder/accumulator following the multiply function, two pipeline stages are suggested to allow both the MREG and PREG registers to be used.  If the DSP48 was instantiated in the design, it is suggested to set both the MREG and PREG attributes to 1 when performing multiply functions.
Related violations: <none>

DPOP-4#7 Warning
MREG Output pipelining  
DSP bd_0_i/hls_inst/inst/stage_bilateral_U0/grp_stage_bilateral_Pipeline_BILATERAL_OUT_VITIS_LOOP_243_4_fu_90/fsub_32ns_32ns_32_10_full_dsp_1_U1341/top_kernel_fsub_32ns_32ns_32_10_full_dsp_1_ip_u/U0/i_synth/ADDSUB_OP.ADDSUB/DSP.OP/DSP48E1_BODY.NORM_RND/FULL_USAGE_DSP.SHIFT_RND/i_no_versal_es1_workaround.DSP multiplier stage bd_0_i/hls_inst/inst/stage_bilateral_U0/grp_stage_bilateral_Pipeline_BILATERAL_OUT_VITIS_LOOP_243_4_fu_90/fsub_32ns_32ns_32_10_full_dsp_1_U1341/top_kernel_fsub_32ns_32ns_32_10_full_dsp_1_ip_u/U0/i_synth/ADDSUB_OP.ADDSUB/DSP.OP/DSP48E1_BODY.NORM_RND/FULL_USAGE_DSP.SHIFT_RND/i_no_versal_es1_workaround.DSP/P[47:0] is not pipelined (MREG=0). Pipelining the multiplier function will improve performance and will save significant power so it is suggested whenever possible to fully pipeline this function.  If this multiplier was inferred, it is suggested to describe an additional register stage after this function.  If there is no registered adder/accumulator following the multiply function, two pipeline stages are suggested to allow both the MREG and PREG registers to be used.  If the DSP48 was instantiated in the design, it is suggested to set both the MREG and PREG attributes to 1 when performing multiply functions.
Related violations: <none>

DPOP-4#8 Warning
MREG Output pipelining  
DSP bd_0_i/hls_inst/inst/stage_bilateral_U0/grp_stage_bilateral_Pipeline_BILATERAL_OUT_VITIS_LOOP_243_4_fu_90/fsub_32ns_32ns_32_10_full_dsp_1_U1342/top_kernel_fsub_32ns_32ns_32_10_full_dsp_1_ip_u/U0/i_synth/ADDSUB_OP.ADDSUB/DSP.OP/DSP48E1_BODY.NORM_RND/FULL_USAGE_DSP.SHIFT_RND/i_no_versal_es1_workaround.DSP multiplier stage bd_0_i/hls_inst/inst/stage_bilateral_U0/grp_stage_bilateral_Pipeline_BILATERAL_OUT_VITIS_LOOP_243_4_fu_90/fsub_32ns_32ns_32_10_full_dsp_1_U1342/top_kernel_fsub_32ns_32ns_32_10_full_dsp_1_ip_u/U0/i_synth/ADDSUB_OP.ADDSUB/DSP.OP/DSP48E1_BODY.NORM_RND/FULL_USAGE_DSP.SHIFT_RND/i_no_versal_es1_workaround.DSP/P[47:0] is not pipelined (MREG=0). Pipelining the multiplier function will improve performance and will save significant power so it is suggested whenever possible to fully pipeline this function.  If this multiplier was inferred, it is suggested to describe an additional register stage after this function.  If there is no registered adder/accumulator following the multiply function, two pipeline stages are suggested to allow both the MREG and PREG registers to be used.  If the DSP48 was instantiated in the design, it is suggested to set both the MREG and PREG attributes to 1 when performing multiply functions.
Related violations: <none>

DPOP-4#9 Warning
MREG Output pipelining  
DSP bd_0_i/hls_inst/inst/stage_bilateral_U0/grp_stage_bilateral_Pipeline_BILATERAL_OUT_VITIS_LOOP_243_4_fu_90/fsub_32ns_32ns_32_10_full_dsp_1_U1343/top_kernel_fsub_32ns_32ns_32_10_full_dsp_1_ip_u/U0/i_synth/ADDSUB_OP.ADDSUB/DSP.OP/DSP48E1_BODY.NORM_RND/FULL_USAGE_DSP.SHIFT_RND/i_no_versal_es1_workaround.DSP multiplier stage bd_0_i/hls_inst/inst/stage_bilateral_U0/grp_stage_bilateral_Pipeline_BILATERAL_OUT_VITIS_LOOP_243_4_fu_90/fsub_32ns_32ns_32_10_full_dsp_1_U1343/top_kernel_fsub_32ns_32ns_32_10_full_dsp_1_ip_u/U0/i_synth/ADDSUB_OP.ADDSUB/DSP.OP/DSP48E1_BODY.NORM_RND/FULL_USAGE_DSP.SHIFT_RND/i_no_versal_es1_workaround.DSP/P[47:0] is not pipelined (MREG=0). Pipelining the multiplier function will improve performance and will save significant power so it is suggested whenever possible to fully pipeline this function.  If this multiplier was inferred, it is suggested to describe an additional register stage after this function.  If there is no registered adder/accumulator following the multiply function, two pipeline stages are suggested to allow both the MREG and PREG registers to be used.  If the DSP48 was instantiated in the design, it is suggested to set both the MREG and PREG attributes to 1 when performing multiply functions.
Related violations: <none>

DPOP-4#10 Warning
MREG Output pipelining  
DSP bd_0_i/hls_inst/inst/stage_bilateral_U0/grp_stage_bilateral_Pipeline_BILATERAL_OUT_VITIS_LOOP_243_4_fu_90/fsub_32ns_32ns_32_10_full_dsp_1_U1344/top_kernel_fsub_32ns_32ns_32_10_full_dsp_1_ip_u/U0/i_synth/ADDSUB_OP.ADDSUB/DSP.OP/DSP48E1_BODY.NORM_RND/FULL_USAGE_DSP.SHIFT_RND/i_no_versal_es1_workaround.DSP multiplier stage bd_0_i/hls_inst/inst/stage_bilateral_U0/grp_stage_bilateral_Pipeline_BILATERAL_OUT_VITIS_LOOP_243_4_fu_90/fsub_32ns_32ns_32_10_full_dsp_1_U1344/top_kernel_fsub_32ns_32ns_32_10_full_dsp_1_ip_u/U0/i_synth/ADDSUB_OP.ADDSUB/DSP.OP/DSP48E1_BODY.NORM_RND/FULL_USAGE_DSP.SHIFT_RND/i_no_versal_es1_workaround.DSP/P[47:0] is not pipelined (MREG=0). Pipelining the multiplier function will improve performance and will save significant power so it is suggested whenever possible to fully pipeline this function.  If this multiplier was inferred, it is suggested to describe an additional register stage after this function.  If there is no registered adder/accumulator following the multiply function, two pipeline stages are suggested to allow both the MREG and PREG registers to be used.  If the DSP48 was instantiated in the design, it is suggested to set both the MREG and PREG attributes to 1 when performing multiply functions.
Related violations: <none>

DPOP-4#11 Warning
MREG Output pipelining  
DSP bd_0_i/hls_inst/inst/stage_bilateral_U0/grp_stage_bilateral_Pipeline_BILATERAL_OUT_VITIS_LOOP_243_4_fu_90/fsub_32ns_32ns_32_10_full_dsp_1_U1345/top_kernel_fsub_32ns_32ns_32_10_full_dsp_1_ip_u/U0/i_synth/ADDSUB_OP.ADDSUB/DSP.OP/DSP48E1_BODY.NORM_RND/FULL_USAGE_DSP.SHIFT_RND/i_no_versal_es1_workaround.DSP multiplier stage bd_0_i/hls_inst/inst/stage_bilateral_U0/grp_stage_bilateral_Pipeline_BILATERAL_OUT_VITIS_LOOP_243_4_fu_90/fsub_32ns_32ns_32_10_full_dsp_1_U1345/top_kernel_fsub_32ns_32ns_32_10_full_dsp_1_ip_u/U0/i_synth/ADDSUB_OP.ADDSUB/DSP.OP/DSP48E1_BODY.NORM_RND/FULL_USAGE_DSP.SHIFT_RND/i_no_versal_es1_workaround.DSP/P[47:0] is not pipelined (MREG=0). Pipelining the multiplier function will improve performance and will save significant power so it is suggested whenever possible to fully pipeline this function.  If this multiplier was inferred, it is suggested to describe an additional register stage after this function.  If there is no registered adder/accumulator following the multiply function, two pipeline stages are suggested to allow both the MREG and PREG registers to be used.  If the DSP48 was instantiated in the design, it is suggested to set both the MREG and PREG attributes to 1 when performing multiply functions.
Related violations: <none>

DPOP-4#12 Warning
MREG Output pipelining  
DSP bd_0_i/hls_inst/inst/stage_bilateral_U0/grp_stage_bilateral_Pipeline_BILATERAL_OUT_VITIS_LOOP_243_4_fu_90/fsub_32ns_32ns_32_10_full_dsp_1_U1346/top_kernel_fsub_32ns_32ns_32_10_full_dsp_1_ip_u/U0/i_synth/ADDSUB_OP.ADDSUB/DSP.OP/DSP48E1_BODY.NORM_RND/FULL_USAGE_DSP.SHIFT_RND/i_no_versal_es1_workaround.DSP multiplier stage bd_0_i/hls_inst/inst/stage_bilateral_U0/grp_stage_bilateral_Pipeline_BILATERAL_OUT_VITIS_LOOP_243_4_fu_90/fsub_32ns_32ns_32_10_full_dsp_1_U1346/top_kernel_fsub_32ns_32ns_32_10_full_dsp_1_ip_u/U0/i_synth/ADDSUB_OP.ADDSUB/DSP.OP/DSP48E1_BODY.NORM_RND/FULL_USAGE_DSP.SHIFT_RND/i_no_versal_es1_workaround.DSP/P[47:0] is not pipelined (MREG=0). Pipelining the multiplier function will improve performance and will save significant power so it is suggested whenever possible to fully pipeline this function.  If this multiplier was inferred, it is suggested to describe an additional register stage after this function.  If there is no registered adder/accumulator following the multiply function, two pipeline stages are suggested to allow both the MREG and PREG registers to be used.  If the DSP48 was instantiated in the design, it is suggested to set both the MREG and PREG attributes to 1 when performing multiply functions.
Related violations: <none>

DPOP-4#13 Warning
MREG Output pipelining  
DSP bd_0_i/hls_inst/inst/stage_bilateral_U0/grp_stage_bilateral_Pipeline_BILATERAL_OUT_VITIS_LOOP_243_4_fu_90/fsub_32ns_32ns_32_10_full_dsp_1_U1347/top_kernel_fsub_32ns_32ns_32_10_full_dsp_1_ip_u/U0/i_synth/ADDSUB_OP.ADDSUB/DSP.OP/DSP48E1_BODY.NORM_RND/FULL_USAGE_DSP.SHIFT_RND/i_no_versal_es1_workaround.DSP multiplier stage bd_0_i/hls_inst/inst/stage_bilateral_U0/grp_stage_bilateral_Pipeline_BILATERAL_OUT_VITIS_LOOP_243_4_fu_90/fsub_32ns_32ns_32_10_full_dsp_1_U1347/top_kernel_fsub_32ns_32ns_32_10_full_dsp_1_ip_u/U0/i_synth/ADDSUB_OP.ADDSUB/DSP.OP/DSP48E1_BODY.NORM_RND/FULL_USAGE_DSP.SHIFT_RND/i_no_versal_es1_workaround.DSP/P[47:0] is not pipelined (MREG=0). Pipelining the multiplier function will improve performance and will save significant power so it is suggested whenever possible to fully pipeline this function.  If this multiplier was inferred, it is suggested to describe an additional register stage after this function.  If there is no registered adder/accumulator following the multiply function, two pipeline stages are suggested to allow both the MREG and PREG registers to be used.  If the DSP48 was instantiated in the design, it is suggested to set both the MREG and PREG attributes to 1 when performing multiply functions.
Related violations: <none>

DPOP-4#14 Warning
MREG Output pipelining  
DSP bd_0_i/hls_inst/inst/stage_bilateral_U0/grp_stage_bilateral_Pipeline_BILATERAL_OUT_VITIS_LOOP_243_4_fu_90/fsub_32ns_32ns_32_10_full_dsp_1_U1348/top_kernel_fsub_32ns_32ns_32_10_full_dsp_1_ip_u/U0/i_synth/ADDSUB_OP.ADDSUB/DSP.OP/DSP48E1_BODY.NORM_RND/FULL_USAGE_DSP.SHIFT_RND/i_no_versal_es1_workaround.DSP multiplier stage bd_0_i/hls_inst/inst/stage_bilateral_U0/grp_stage_bilateral_Pipeline_BILATERAL_OUT_VITIS_LOOP_243_4_fu_90/fsub_32ns_32ns_32_10_full_dsp_1_U1348/top_kernel_fsub_32ns_32ns_32_10_full_dsp_1_ip_u/U0/i_synth/ADDSUB_OP.ADDSUB/DSP.OP/DSP48E1_BODY.NORM_RND/FULL_USAGE_DSP.SHIFT_RND/i_no_versal_es1_workaround.DSP/P[47:0] is not pipelined (MREG=0). Pipelining the multiplier function will improve performance and will save significant power so it is suggested whenever possible to fully pipeline this function.  If this multiplier was inferred, it is suggested to describe an additional register stage after this function.  If there is no registered adder/accumulator following the multiply function, two pipeline stages are suggested to allow both the MREG and PREG registers to be used.  If the DSP48 was instantiated in the design, it is suggested to set both the MREG and PREG attributes to 1 when performing multiply functions.
Related violations: <none>

DPOP-4#15 Warning
MREG Output pipelining  
DSP bd_0_i/hls_inst/inst/stage_bilateral_U0/grp_stage_bilateral_Pipeline_BILATERAL_OUT_VITIS_LOOP_243_4_fu_90/fsub_32ns_32ns_32_10_full_dsp_1_U1349/top_kernel_fsub_32ns_32ns_32_10_full_dsp_1_ip_u/U0/i_synth/ADDSUB_OP.ADDSUB/DSP.OP/DSP48E1_BODY.NORM_RND/FULL_USAGE_DSP.SHIFT_RND/i_no_versal_es1_workaround.DSP multiplier stage bd_0_i/hls_inst/inst/stage_bilateral_U0/grp_stage_bilateral_Pipeline_BILATERAL_OUT_VITIS_LOOP_243_4_fu_90/fsub_32ns_32ns_32_10_full_dsp_1_U1349/top_kernel_fsub_32ns_32ns_32_10_full_dsp_1_ip_u/U0/i_synth/ADDSUB_OP.ADDSUB/DSP.OP/DSP48E1_BODY.NORM_RND/FULL_USAGE_DSP.SHIFT_RND/i_no_versal_es1_workaround.DSP/P[47:0] is not pipelined (MREG=0). Pipelining the multiplier function will improve performance and will save significant power so it is suggested whenever possible to fully pipeline this function.  If this multiplier was inferred, it is suggested to describe an additional register stage after this function.  If there is no registered adder/accumulator following the multiply function, two pipeline stages are suggested to allow both the MREG and PREG registers to be used.  If the DSP48 was instantiated in the design, it is suggested to set both the MREG and PREG attributes to 1 when performing multiply functions.
Related violations: <none>

DPOP-4#16 Warning
MREG Output pipelining  
DSP bd_0_i/hls_inst/inst/stage_bilateral_U0/grp_stage_bilateral_Pipeline_BILATERAL_OUT_VITIS_LOOP_243_4_fu_90/fsub_32ns_32ns_32_10_full_dsp_1_U1350/top_kernel_fsub_32ns_32ns_32_10_full_dsp_1_ip_u/U0/i_synth/ADDSUB_OP.ADDSUB/DSP.OP/DSP48E1_BODY.NORM_RND/FULL_USAGE_DSP.SHIFT_RND/i_no_versal_es1_workaround.DSP multiplier stage bd_0_i/hls_inst/inst/stage_bilateral_U0/grp_stage_bilateral_Pipeline_BILATERAL_OUT_VITIS_LOOP_243_4_fu_90/fsub_32ns_32ns_32_10_full_dsp_1_U1350/top_kernel_fsub_32ns_32ns_32_10_full_dsp_1_ip_u/U0/i_synth/ADDSUB_OP.ADDSUB/DSP.OP/DSP48E1_BODY.NORM_RND/FULL_USAGE_DSP.SHIFT_RND/i_no_versal_es1_workaround.DSP/P[47:0] is not pipelined (MREG=0). Pipelining the multiplier function will improve performance and will save significant power so it is suggested whenever possible to fully pipeline this function.  If this multiplier was inferred, it is suggested to describe an additional register stage after this function.  If there is no registered adder/accumulator following the multiply function, two pipeline stages are suggested to allow both the MREG and PREG registers to be used.  If the DSP48 was instantiated in the design, it is suggested to set both the MREG and PREG attributes to 1 when performing multiply functions.
Related violations: <none>

DPOP-4#17 Warning
MREG Output pipelining  
DSP bd_0_i/hls_inst/inst/stage_bilateral_U0/grp_stage_bilateral_Pipeline_BILATERAL_OUT_VITIS_LOOP_243_4_fu_90/fsub_32ns_32ns_32_10_full_dsp_1_U1351/top_kernel_fsub_32ns_32ns_32_10_full_dsp_1_ip_u/U0/i_synth/ADDSUB_OP.ADDSUB/DSP.OP/DSP48E1_BODY.NORM_RND/FULL_USAGE_DSP.SHIFT_RND/i_no_versal_es1_workaround.DSP multiplier stage bd_0_i/hls_inst/inst/stage_bilateral_U0/grp_stage_bilateral_Pipeline_BILATERAL_OUT_VITIS_LOOP_243_4_fu_90/fsub_32ns_32ns_32_10_full_dsp_1_U1351/top_kernel_fsub_32ns_32ns_32_10_full_dsp_1_ip_u/U0/i_synth/ADDSUB_OP.ADDSUB/DSP.OP/DSP48E1_BODY.NORM_RND/FULL_USAGE_DSP.SHIFT_RND/i_no_versal_es1_workaround.DSP/P[47:0] is not pipelined (MREG=0). Pipelining the multiplier function will improve performance and will save significant power so it is suggested whenever possible to fully pipeline this function.  If this multiplier was inferred, it is suggested to describe an additional register stage after this function.  If there is no registered adder/accumulator following the multiply function, two pipeline stages are suggested to allow both the MREG and PREG registers to be used.  If the DSP48 was instantiated in the design, it is suggested to set both the MREG and PREG attributes to 1 when performing multiply functions.
Related violations: <none>

DPOP-4#18 Warning
MREG Output pipelining  
DSP bd_0_i/hls_inst/inst/stage_bilateral_U0/grp_stage_bilateral_Pipeline_BILATERAL_OUT_VITIS_LOOP_243_4_fu_90/fsub_32ns_32ns_32_10_full_dsp_1_U1352/top_kernel_fsub_32ns_32ns_32_10_full_dsp_1_ip_u/U0/i_synth/ADDSUB_OP.ADDSUB/DSP.OP/DSP48E1_BODY.NORM_RND/FULL_USAGE_DSP.SHIFT_RND/i_no_versal_es1_workaround.DSP multiplier stage bd_0_i/hls_inst/inst/stage_bilateral_U0/grp_stage_bilateral_Pipeline_BILATERAL_OUT_VITIS_LOOP_243_4_fu_90/fsub_32ns_32ns_32_10_full_dsp_1_U1352/top_kernel_fsub_32ns_32ns_32_10_full_dsp_1_ip_u/U0/i_synth/ADDSUB_OP.ADDSUB/DSP.OP/DSP48E1_BODY.NORM_RND/FULL_USAGE_DSP.SHIFT_RND/i_no_versal_es1_workaround.DSP/P[47:0] is not pipelined (MREG=0). Pipelining the multiplier function will improve performance and will save significant power so it is suggested whenever possible to fully pipeline this function.  If this multiplier was inferred, it is suggested to describe an additional register stage after this function.  If there is no registered adder/accumulator following the multiply function, two pipeline stages are suggested to allow both the MREG and PREG registers to be used.  If the DSP48 was instantiated in the design, it is suggested to set both the MREG and PREG attributes to 1 when performing multiply functions.
Related violations: <none>

DPOP-4#19 Warning
MREG Output pipelining  
DSP bd_0_i/hls_inst/inst/stage_bilateral_U0/grp_stage_bilateral_Pipeline_BILATERAL_OUT_VITIS_LOOP_243_4_fu_90/mul_64ns_66ns_129_5_1_U1430/buff0_reg__0 multiplier stage bd_0_i/hls_inst/inst/stage_bilateral_U0/grp_stage_bilateral_Pipeline_BILATERAL_OUT_VITIS_LOOP_243_4_fu_90/mul_64ns_66ns_129_5_1_U1430/buff0_reg__0/P[47:0] is not pipelined (MREG=0). Pipelining the multiplier function will improve performance and will save significant power so it is suggested whenever possible to fully pipeline this function.  If this multiplier was inferred, it is suggested to describe an additional register stage after this function.  If there is no registered adder/accumulator following the multiply function, two pipeline stages are suggested to allow both the MREG and PREG registers to be used.  If the DSP48 was instantiated in the design, it is suggested to set both the MREG and PREG attributes to 1 when performing multiply functions.
Related violations: <none>

DPOP-4#20 Warning
MREG Output pipelining  
DSP bd_0_i/hls_inst/inst/stage_bilateral_U0/grp_stage_bilateral_Pipeline_BILATERAL_OUT_VITIS_LOOP_243_4_fu_90/mul_6ns_8ns_13_1_1_U1448/tmp_product multiplier stage bd_0_i/hls_inst/inst/stage_bilateral_U0/grp_stage_bilateral_Pipeline_BILATERAL_OUT_VITIS_LOOP_243_4_fu_90/mul_6ns_8ns_13_1_1_U1448/tmp_product/P[47:0] is not pipelined (MREG=0). Pipelining the multiplier function will improve performance and will save significant power so it is suggested whenever possible to fully pipeline this function.  If this multiplier was inferred, it is suggested to describe an additional register stage after this function.  If there is no registered adder/accumulator following the multiply function, two pipeline stages are suggested to allow both the MREG and PREG registers to be used.  If the DSP48 was instantiated in the design, it is suggested to set both the MREG and PREG attributes to 1 when performing multiply functions.
Related violations: <none>

DPOP-4#21 Warning
MREG Output pipelining  
DSP bd_0_i/hls_inst/inst/stage_bilateral_U0/grp_stage_bilateral_Pipeline_BILATERAL_OUT_VITIS_LOOP_243_4_fu_90/mul_6ns_8ns_13_1_1_U1449/tmp_product multiplier stage bd_0_i/hls_inst/inst/stage_bilateral_U0/grp_stage_bilateral_Pipeline_BILATERAL_OUT_VITIS_LOOP_243_4_fu_90/mul_6ns_8ns_13_1_1_U1449/tmp_product/P[47:0] is not pipelined (MREG=0). Pipelining the multiplier function will improve performance and will save significant power so it is suggested whenever possible to fully pipeline this function.  If this multiplier was inferred, it is suggested to describe an additional register stage after this function.  If there is no registered adder/accumulator following the multiply function, two pipeline stages are suggested to allow both the MREG and PREG registers to be used.  If the DSP48 was instantiated in the design, it is suggested to set both the MREG and PREG attributes to 1 when performing multiply functions.
Related violations: <none>

DPOP-4#22 Warning
MREG Output pipelining  
DSP bd_0_i/hls_inst/inst/stage_bilateral_U0/grp_stage_bilateral_Pipeline_BILATERAL_OUT_VITIS_LOOP_243_4_fu_90/mul_7ns_9ns_15_1_1_U1441/tmp_product multiplier stage bd_0_i/hls_inst/inst/stage_bilateral_U0/grp_stage_bilateral_Pipeline_BILATERAL_OUT_VITIS_LOOP_243_4_fu_90/mul_7ns_9ns_15_1_1_U1441/tmp_product/P[47:0] is not pipelined (MREG=0). Pipelining the multiplier function will improve performance and will save significant power so it is suggested whenever possible to fully pipeline this function.  If this multiplier was inferred, it is suggested to describe an additional register stage after this function.  If there is no registered adder/accumulator following the multiply function, two pipeline stages are suggested to allow both the MREG and PREG registers to be used.  If the DSP48 was instantiated in the design, it is suggested to set both the MREG and PREG attributes to 1 when performing multiply functions.
Related violations: <none>

DPOP-4#23 Warning
MREG Output pipelining  
DSP bd_0_i/hls_inst/inst/stage_bilateral_U0/grp_stage_bilateral_Pipeline_BILATERAL_OUT_VITIS_LOOP_243_4_fu_90/mul_7ns_9ns_15_1_1_U1443/tmp_product multiplier stage bd_0_i/hls_inst/inst/stage_bilateral_U0/grp_stage_bilateral_Pipeline_BILATERAL_OUT_VITIS_LOOP_243_4_fu_90/mul_7ns_9ns_15_1_1_U1443/tmp_product/P[47:0] is not pipelined (MREG=0). Pipelining the multiplier function will improve performance and will save significant power so it is suggested whenever possible to fully pipeline this function.  If this multiplier was inferred, it is suggested to describe an additional register stage after this function.  If there is no registered adder/accumulator following the multiply function, two pipeline stages are suggested to allow both the MREG and PREG registers to be used.  If the DSP48 was instantiated in the design, it is suggested to set both the MREG and PREG attributes to 1 when performing multiply functions.
Related violations: <none>

DPOP-4#24 Warning
MREG Output pipelining  
DSP bd_0_i/hls_inst/inst/stage_bilateral_U0/grp_stage_bilateral_Pipeline_BILATERAL_OUT_VITIS_LOOP_243_4_fu_90/mul_7ns_9ns_15_1_1_U1444/tmp_product multiplier stage bd_0_i/hls_inst/inst/stage_bilateral_U0/grp_stage_bilateral_Pipeline_BILATERAL_OUT_VITIS_LOOP_243_4_fu_90/mul_7ns_9ns_15_1_1_U1444/tmp_product/P[47:0] is not pipelined (MREG=0). Pipelining the multiplier function will improve performance and will save significant power so it is suggested whenever possible to fully pipeline this function.  If this multiplier was inferred, it is suggested to describe an additional register stage after this function.  If there is no registered adder/accumulator following the multiply function, two pipeline stages are suggested to allow both the MREG and PREG registers to be used.  If the DSP48 was instantiated in the design, it is suggested to set both the MREG and PREG attributes to 1 when performing multiply functions.
Related violations: <none>

DPOP-4#25 Warning
MREG Output pipelining  
DSP bd_0_i/hls_inst/inst/stage_bilateral_U0/grp_stage_bilateral_Pipeline_BILATERAL_OUT_VITIS_LOOP_243_4_fu_90/mul_ln259_reg_14140_reg multiplier stage bd_0_i/hls_inst/inst/stage_bilateral_U0/grp_stage_bilateral_Pipeline_BILATERAL_OUT_VITIS_LOOP_243_4_fu_90/mul_ln259_reg_14140_reg/P[47:0] is not pipelined (MREG=0). Pipelining the multiplier function will improve performance and will save significant power so it is suggested whenever possible to fully pipeline this function.  If this multiplier was inferred, it is suggested to describe an additional register stage after this function.  If there is no registered adder/accumulator following the multiply function, two pipeline stages are suggested to allow both the MREG and PREG registers to be used.  If the DSP48 was instantiated in the design, it is suggested to set both the MREG and PREG attributes to 1 when performing multiply functions.
Related violations: <none>

DPOP-4#26 Warning
MREG Output pipelining  
DSP bd_0_i/hls_inst/inst/stage_bilateral_U0/grp_stage_bilateral_Pipeline_VITIS_LOOP_223_1_fu_66/tmp_reg_416_reg multiplier stage bd_0_i/hls_inst/inst/stage_bilateral_U0/grp_stage_bilateral_Pipeline_VITIS_LOOP_223_1_fu_66/tmp_reg_416_reg/P[47:0] is not pipelined (MREG=0). Pipelining the multiplier function will improve performance and will save significant power so it is suggested whenever possible to fully pipeline this function.  If this multiplier was inferred, it is suggested to describe an additional register stage after this function.  If there is no registered adder/accumulator following the multiply function, two pipeline stages are suggested to allow both the MREG and PREG registers to be used.  If the DSP48 was instantiated in the design, it is suggested to set both the MREG and PREG attributes to 1 when performing multiply functions.
Related violations: <none>

DPOP-4#27 Warning
MREG Output pipelining  
DSP bd_0_i/hls_inst/inst/stage_gaussian_U0/grp_stage_gaussian_Pipeline_GAUSSIAN_OUT_VITIS_LOOP_161_1_fu_186/mul_18s_10ns_28_1_1_U1200/tmp_product multiplier stage bd_0_i/hls_inst/inst/stage_gaussian_U0/grp_stage_gaussian_Pipeline_GAUSSIAN_OUT_VITIS_LOOP_161_1_fu_186/mul_18s_10ns_28_1_1_U1200/tmp_product/P[47:0] is not pipelined (MREG=0). Pipelining the multiplier function will improve performance and will save significant power so it is suggested whenever possible to fully pipeline this function.  If this multiplier was inferred, it is suggested to describe an additional register stage after this function.  If there is no registered adder/accumulator following the multiply function, two pipeline stages are suggested to allow both the MREG and PREG registers to be used.  If the DSP48 was instantiated in the design, it is suggested to set both the MREG and PREG attributes to 1 when performing multiply functions.
Related violations: <none>

DPOP-4#28 Warning
MREG Output pipelining  
DSP bd_0_i/hls_inst/inst/stage_gaussian_U0/grp_stage_gaussian_Pipeline_GAUSSIAN_OUT_VITIS_LOOP_161_1_fu_186/mul_18s_10ns_28_1_1_U1206/tmp_product multiplier stage bd_0_i/hls_inst/inst/stage_gaussian_U0/grp_stage_gaussian_Pipeline_GAUSSIAN_OUT_VITIS_LOOP_161_1_fu_186/mul_18s_10ns_28_1_1_U1206/tmp_product/P[47:0] is not pipelined (MREG=0). Pipelining the multiplier function will improve performance and will save significant power so it is suggested whenever possible to fully pipeline this function.  If this multiplier was inferred, it is suggested to describe an additional register stage after this function.  If there is no registered adder/accumulator following the multiply function, two pipeline stages are suggested to allow both the MREG and PREG registers to be used.  If the DSP48 was instantiated in the design, it is suggested to set both the MREG and PREG attributes to 1 when performing multiply functions.
Related violations: <none>

DPOP-4#29 Warning
MREG Output pipelining  
DSP bd_0_i/hls_inst/inst/stage_gaussian_U0/grp_stage_gaussian_Pipeline_GAUSSIAN_OUT_VITIS_LOOP_161_1_fu_186/mul_18s_10ns_28_1_1_U1211/tmp_product multiplier stage bd_0_i/hls_inst/inst/stage_gaussian_U0/grp_stage_gaussian_Pipeline_GAUSSIAN_OUT_VITIS_LOOP_161_1_fu_186/mul_18s_10ns_28_1_1_U1211/tmp_product/P[47:0] is not pipelined (MREG=0). Pipelining the multiplier function will improve performance and will save significant power so it is suggested whenever possible to fully pipeline this function.  If this multiplier was inferred, it is suggested to describe an additional register stage after this function.  If there is no registered adder/accumulator following the multiply function, two pipeline stages are suggested to allow both the MREG and PREG registers to be used.  If the DSP48 was instantiated in the design, it is suggested to set both the MREG and PREG attributes to 1 when performing multiply functions.
Related violations: <none>

DPOP-4#30 Warning
MREG Output pipelining  
DSP bd_0_i/hls_inst/inst/stage_gaussian_U0/grp_stage_gaussian_Pipeline_GAUSSIAN_OUT_VITIS_LOOP_161_1_fu_186/mul_18s_10ns_28_1_1_U1223/tmp_product multiplier stage bd_0_i/hls_inst/inst/stage_gaussian_U0/grp_stage_gaussian_Pipeline_GAUSSIAN_OUT_VITIS_LOOP_161_1_fu_186/mul_18s_10ns_28_1_1_U1223/tmp_product/P[47:0] is not pipelined (MREG=0). Pipelining the multiplier function will improve performance and will save significant power so it is suggested whenever possible to fully pipeline this function.  If this multiplier was inferred, it is suggested to describe an additional register stage after this function.  If there is no registered adder/accumulator following the multiply function, two pipeline stages are suggested to allow both the MREG and PREG registers to be used.  If the DSP48 was instantiated in the design, it is suggested to set both the MREG and PREG attributes to 1 when performing multiply functions.
Related violations: <none>

DPOP-4#31 Warning
MREG Output pipelining  
DSP bd_0_i/hls_inst/inst/stage_gaussian_U0/grp_stage_gaussian_Pipeline_GAUSSIAN_OUT_VITIS_LOOP_161_1_fu_186/mul_18s_10ns_28_1_1_U1241/tmp_product multiplier stage bd_0_i/hls_inst/inst/stage_gaussian_U0/grp_stage_gaussian_Pipeline_GAUSSIAN_OUT_VITIS_LOOP_161_1_fu_186/mul_18s_10ns_28_1_1_U1241/tmp_product/P[47:0] is not pipelined (MREG=0). Pipelining the multiplier function will improve performance and will save significant power so it is suggested whenever possible to fully pipeline this function.  If this multiplier was inferred, it is suggested to describe an additional register stage after this function.  If there is no registered adder/accumulator following the multiply function, two pipeline stages are suggested to allow both the MREG and PREG registers to be used.  If the DSP48 was instantiated in the design, it is suggested to set both the MREG and PREG attributes to 1 when performing multiply functions.
Related violations: <none>

DPOP-4#32 Warning
MREG Output pipelining  
DSP bd_0_i/hls_inst/inst/stage_gaussian_U0/grp_stage_gaussian_Pipeline_GAUSSIAN_OUT_VITIS_LOOP_161_1_fu_186/mul_18s_10ns_28_1_1_U1253/tmp_product multiplier stage bd_0_i/hls_inst/inst/stage_gaussian_U0/grp_stage_gaussian_Pipeline_GAUSSIAN_OUT_VITIS_LOOP_161_1_fu_186/mul_18s_10ns_28_1_1_U1253/tmp_product/P[47:0] is not pipelined (MREG=0). Pipelining the multiplier function will improve performance and will save significant power so it is suggested whenever possible to fully pipeline this function.  If this multiplier was inferred, it is suggested to describe an additional register stage after this function.  If there is no registered adder/accumulator following the multiply function, two pipeline stages are suggested to allow both the MREG and PREG registers to be used.  If the DSP48 was instantiated in the design, it is suggested to set both the MREG and PREG attributes to 1 when performing multiply functions.
Related violations: <none>

DPOP-4#33 Warning
MREG Output pipelining  
DSP bd_0_i/hls_inst/inst/stage_gaussian_U0/grp_stage_gaussian_Pipeline_GAUSSIAN_OUT_VITIS_LOOP_161_1_fu_186/mul_18s_10ns_28_1_1_U1258/tmp_product multiplier stage bd_0_i/hls_inst/inst/stage_gaussian_U0/grp_stage_gaussian_Pipeline_GAUSSIAN_OUT_VITIS_LOOP_161_1_fu_186/mul_18s_10ns_28_1_1_U1258/tmp_product/P[47:0] is not pipelined (MREG=0). Pipelining the multiplier function will improve performance and will save significant power so it is suggested whenever possible to fully pipeline this function.  If this multiplier was inferred, it is suggested to describe an additional register stage after this function.  If there is no registered adder/accumulator following the multiply function, two pipeline stages are suggested to allow both the MREG and PREG registers to be used.  If the DSP48 was instantiated in the design, it is suggested to set both the MREG and PREG attributes to 1 when performing multiply functions.
Related violations: <none>

DPOP-4#34 Warning
MREG Output pipelining  
DSP bd_0_i/hls_inst/inst/stage_gaussian_U0/grp_stage_gaussian_Pipeline_GAUSSIAN_OUT_VITIS_LOOP_161_1_fu_186/mul_18s_10ns_28_1_1_U1264/tmp_product multiplier stage bd_0_i/hls_inst/inst/stage_gaussian_U0/grp_stage_gaussian_Pipeline_GAUSSIAN_OUT_VITIS_LOOP_161_1_fu_186/mul_18s_10ns_28_1_1_U1264/tmp_product/P[47:0] is not pipelined (MREG=0). Pipelining the multiplier function will improve performance and will save significant power so it is suggested whenever possible to fully pipeline this function.  If this multiplier was inferred, it is suggested to describe an additional register stage after this function.  If there is no registered adder/accumulator following the multiply function, two pipeline stages are suggested to allow both the MREG and PREG registers to be used.  If the DSP48 was instantiated in the design, it is suggested to set both the MREG and PREG attributes to 1 when performing multiply functions.
Related violations: <none>

DPOP-4#35 Warning
MREG Output pipelining  
DSP bd_0_i/hls_inst/inst/stage_gaussian_U0/grp_stage_gaussian_Pipeline_GAUSSIAN_OUT_VITIS_LOOP_161_1_fu_186/mul_18s_11ns_29_1_1_U1203/tmp_product multiplier stage bd_0_i/hls_inst/inst/stage_gaussian_U0/grp_stage_gaussian_Pipeline_GAUSSIAN_OUT_VITIS_LOOP_161_1_fu_186/mul_18s_11ns_29_1_1_U1203/tmp_product/P[47:0] is not pipelined (MREG=0). Pipelining the multiplier function will improve performance and will save significant power so it is suggested whenever possible to fully pipeline this function.  If this multiplier was inferred, it is suggested to describe an additional register stage after this function.  If there is no registered adder/accumulator following the multiply function, two pipeline stages are suggested to allow both the MREG and PREG registers to be used.  If the DSP48 was instantiated in the design, it is suggested to set both the MREG and PREG attributes to 1 when performing multiply functions.
Related violations: <none>

DPOP-4#36 Warning
MREG Output pipelining  
DSP bd_0_i/hls_inst/inst/stage_gaussian_U0/grp_stage_gaussian_Pipeline_GAUSSIAN_OUT_VITIS_LOOP_161_1_fu_186/mul_18s_11ns_29_1_1_U1226/tmp_product multiplier stage bd_0_i/hls_inst/inst/stage_gaussian_U0/grp_stage_gaussian_Pipeline_GAUSSIAN_OUT_VITIS_LOOP_161_1_fu_186/mul_18s_11ns_29_1_1_U1226/tmp_product/P[47:0] is not pipelined (MREG=0). Pipelining the multiplier function will improve performance and will save significant power so it is suggested whenever possible to fully pipeline this function.  If this multiplier was inferred, it is suggested to describe an additional register stage after this function.  If there is no registered adder/accumulator following the multiply function, two pipeline stages are suggested to allow both the MREG and PREG registers to be used.  If the DSP48 was instantiated in the design, it is suggested to set both the MREG and PREG attributes to 1 when performing multiply functions.
Related violations: <none>

DPOP-4#37 Warning
MREG Output pipelining  
DSP bd_0_i/hls_inst/inst/stage_gaussian_U0/grp_stage_gaussian_Pipeline_GAUSSIAN_OUT_VITIS_LOOP_161_1_fu_186/mul_18s_11ns_29_1_1_U1238/tmp_product multiplier stage bd_0_i/hls_inst/inst/stage_gaussian_U0/grp_stage_gaussian_Pipeline_GAUSSIAN_OUT_VITIS_LOOP_161_1_fu_186/mul_18s_11ns_29_1_1_U1238/tmp_product/P[47:0] is not pipelined (MREG=0). Pipelining the multiplier function will improve performance and will save significant power so it is suggested whenever possible to fully pipeline this function.  If this multiplier was inferred, it is suggested to describe an additional register stage after this function.  If there is no registered adder/accumulator following the multiply function, two pipeline stages are suggested to allow both the MREG and PREG registers to be used.  If the DSP48 was instantiated in the design, it is suggested to set both the MREG and PREG attributes to 1 when performing multiply functions.
Related violations: <none>

DPOP-4#38 Warning
MREG Output pipelining  
DSP bd_0_i/hls_inst/inst/stage_gaussian_U0/grp_stage_gaussian_Pipeline_GAUSSIAN_OUT_VITIS_LOOP_161_1_fu_186/mul_18s_11ns_29_1_1_U1261/tmp_product multiplier stage bd_0_i/hls_inst/inst/stage_gaussian_U0/grp_stage_gaussian_Pipeline_GAUSSIAN_OUT_VITIS_LOOP_161_1_fu_186/mul_18s_11ns_29_1_1_U1261/tmp_product/P[47:0] is not pipelined (MREG=0). Pipelining the multiplier function will improve performance and will save significant power so it is suggested whenever possible to fully pipeline this function.  If this multiplier was inferred, it is suggested to describe an additional register stage after this function.  If there is no registered adder/accumulator following the multiply function, two pipeline stages are suggested to allow both the MREG and PREG registers to be used.  If the DSP48 was instantiated in the design, it is suggested to set both the MREG and PREG attributes to 1 when performing multiply functions.
Related violations: <none>

DPOP-4#39 Warning
MREG Output pipelining  
DSP bd_0_i/hls_inst/inst/stage_gaussian_U0/grp_stage_gaussian_Pipeline_GAUSSIAN_OUT_VITIS_LOOP_161_1_fu_186/mul_18s_12ns_30_1_1_U1214/tmp_product multiplier stage bd_0_i/hls_inst/inst/stage_gaussian_U0/grp_stage_gaussian_Pipeline_GAUSSIAN_OUT_VITIS_LOOP_161_1_fu_186/mul_18s_12ns_30_1_1_U1214/tmp_product/P[47:0] is not pipelined (MREG=0). Pipelining the multiplier function will improve performance and will save significant power so it is suggested whenever possible to fully pipeline this function.  If this multiplier was inferred, it is suggested to describe an additional register stage after this function.  If there is no registered adder/accumulator following the multiply function, two pipeline stages are suggested to allow both the MREG and PREG registers to be used.  If the DSP48 was instantiated in the design, it is suggested to set both the MREG and PREG attributes to 1 when performing multiply functions.
Related violations: <none>

DPOP-4#40 Warning
MREG Output pipelining  
DSP bd_0_i/hls_inst/inst/stage_gaussian_U0/grp_stage_gaussian_Pipeline_GAUSSIAN_OUT_VITIS_LOOP_161_1_fu_186/mul_18s_12ns_30_1_1_U1220/tmp_product multiplier stage bd_0_i/hls_inst/inst/stage_gaussian_U0/grp_stage_gaussian_Pipeline_GAUSSIAN_OUT_VITIS_LOOP_161_1_fu_186/mul_18s_12ns_30_1_1_U1220/tmp_product/P[47:0] is not pipelined (MREG=0). Pipelining the multiplier function will improve performance and will save significant power so it is suggested whenever possible to fully pipeline this function.  If this multiplier was inferred, it is suggested to describe an additional register stage after this function.  If there is no registered adder/accumulator following the multiply function, two pipeline stages are suggested to allow both the MREG and PREG registers to be used.  If the DSP48 was instantiated in the design, it is suggested to set both the MREG and PREG attributes to 1 when performing multiply functions.
Related violations: <none>

DPOP-4#41 Warning
MREG Output pipelining  
DSP bd_0_i/hls_inst/inst/stage_gaussian_U0/grp_stage_gaussian_Pipeline_GAUSSIAN_OUT_VITIS_LOOP_161_1_fu_186/mul_18s_12ns_30_1_1_U1244/tmp_product multiplier stage bd_0_i/hls_inst/inst/stage_gaussian_U0/grp_stage_gaussian_Pipeline_GAUSSIAN_OUT_VITIS_LOOP_161_1_fu_186/mul_18s_12ns_30_1_1_U1244/tmp_product/P[47:0] is not pipelined (MREG=0). Pipelining the multiplier function will improve performance and will save significant power so it is suggested whenever possible to fully pipeline this function.  If this multiplier was inferred, it is suggested to describe an additional register stage after this function.  If there is no registered adder/accumulator following the multiply function, two pipeline stages are suggested to allow both the MREG and PREG registers to be used.  If the DSP48 was instantiated in the design, it is suggested to set both the MREG and PREG attributes to 1 when performing multiply functions.
Related violations: <none>

DPOP-4#42 Warning
MREG Output pipelining  
DSP bd_0_i/hls_inst/inst/stage_gaussian_U0/grp_stage_gaussian_Pipeline_GAUSSIAN_OUT_VITIS_LOOP_161_1_fu_186/mul_18s_12ns_30_1_1_U1250/tmp_product multiplier stage bd_0_i/hls_inst/inst/stage_gaussian_U0/grp_stage_gaussian_Pipeline_GAUSSIAN_OUT_VITIS_LOOP_161_1_fu_186/mul_18s_12ns_30_1_1_U1250/tmp_product/P[47:0] is not pipelined (MREG=0). Pipelining the multiplier function will improve performance and will save significant power so it is suggested whenever possible to fully pipeline this function.  If this multiplier was inferred, it is suggested to describe an additional register stage after this function.  If there is no registered adder/accumulator following the multiply function, two pipeline stages are suggested to allow both the MREG and PREG registers to be used.  If the DSP48 was instantiated in the design, it is suggested to set both the MREG and PREG attributes to 1 when performing multiply functions.
Related violations: <none>

DPOP-4#43 Warning
MREG Output pipelining  
DSP bd_0_i/hls_inst/inst/stage_gaussian_U0/grp_stage_gaussian_Pipeline_GAUSSIAN_OUT_VITIS_LOOP_161_1_fu_186/mul_18s_13ns_31_1_1_U1217/tmp_product multiplier stage bd_0_i/hls_inst/inst/stage_gaussian_U0/grp_stage_gaussian_Pipeline_GAUSSIAN_OUT_VITIS_LOOP_161_1_fu_186/mul_18s_13ns_31_1_1_U1217/tmp_product/P[47:0] is not pipelined (MREG=0). Pipelining the multiplier function will improve performance and will save significant power so it is suggested whenever possible to fully pipeline this function.  If this multiplier was inferred, it is suggested to describe an additional register stage after this function.  If there is no registered adder/accumulator following the multiply function, two pipeline stages are suggested to allow both the MREG and PREG registers to be used.  If the DSP48 was instantiated in the design, it is suggested to set both the MREG and PREG attributes to 1 when performing multiply functions.
Related violations: <none>

DPOP-4#44 Warning
MREG Output pipelining  
DSP bd_0_i/hls_inst/inst/stage_gaussian_U0/grp_stage_gaussian_Pipeline_GAUSSIAN_OUT_VITIS_LOOP_161_1_fu_186/mul_18s_13ns_31_1_1_U1229/tmp_product multiplier stage bd_0_i/hls_inst/inst/stage_gaussian_U0/grp_stage_gaussian_Pipeline_GAUSSIAN_OUT_VITIS_LOOP_161_1_fu_186/mul_18s_13ns_31_1_1_U1229/tmp_product/P[47:0] is not pipelined (MREG=0). Pipelining the multiplier function will improve performance and will save significant power so it is suggested whenever possible to fully pipeline this function.  If this multiplier was inferred, it is suggested to describe an additional register stage after this function.  If there is no registered adder/accumulator following the multiply function, two pipeline stages are suggested to allow both the MREG and PREG registers to be used.  If the DSP48 was instantiated in the design, it is suggested to set both the MREG and PREG attributes to 1 when performing multiply functions.
Related violations: <none>

DPOP-4#45 Warning
MREG Output pipelining  
DSP bd_0_i/hls_inst/inst/stage_gaussian_U0/grp_stage_gaussian_Pipeline_GAUSSIAN_OUT_VITIS_LOOP_161_1_fu_186/mul_18s_13ns_31_1_1_U1235/tmp_product multiplier stage bd_0_i/hls_inst/inst/stage_gaussian_U0/grp_stage_gaussian_Pipeline_GAUSSIAN_OUT_VITIS_LOOP_161_1_fu_186/mul_18s_13ns_31_1_1_U1235/tmp_product/P[47:0] is not pipelined (MREG=0). Pipelining the multiplier function will improve performance and will save significant power so it is suggested whenever possible to fully pipeline this function.  If this multiplier was inferred, it is suggested to describe an additional register stage after this function.  If there is no registered adder/accumulator following the multiply function, two pipeline stages are suggested to allow both the MREG and PREG registers to be used.  If the DSP48 was instantiated in the design, it is suggested to set both the MREG and PREG attributes to 1 when performing multiply functions.
Related violations: <none>

DPOP-4#46 Warning
MREG Output pipelining  
DSP bd_0_i/hls_inst/inst/stage_gaussian_U0/grp_stage_gaussian_Pipeline_GAUSSIAN_OUT_VITIS_LOOP_161_1_fu_186/mul_18s_13ns_31_1_1_U1247/tmp_product multiplier stage bd_0_i/hls_inst/inst/stage_gaussian_U0/grp_stage_gaussian_Pipeline_GAUSSIAN_OUT_VITIS_LOOP_161_1_fu_186/mul_18s_13ns_31_1_1_U1247/tmp_product/P[47:0] is not pipelined (MREG=0). Pipelining the multiplier function will improve performance and will save significant power so it is suggested whenever possible to fully pipeline this function.  If this multiplier was inferred, it is suggested to describe an additional register stage after this function.  If there is no registered adder/accumulator following the multiply function, two pipeline stages are suggested to allow both the MREG and PREG registers to be used.  If the DSP48 was instantiated in the design, it is suggested to set both the MREG and PREG attributes to 1 when performing multiply functions.
Related violations: <none>

DPOP-4#47 Warning
MREG Output pipelining  
DSP bd_0_i/hls_inst/inst/stage_gaussian_U0/grp_stage_gaussian_Pipeline_GAUSSIAN_OUT_VITIS_LOOP_161_1_fu_186/mul_18s_14ns_32_1_1_U1232/tmp_product multiplier stage bd_0_i/hls_inst/inst/stage_gaussian_U0/grp_stage_gaussian_Pipeline_GAUSSIAN_OUT_VITIS_LOOP_161_1_fu_186/mul_18s_14ns_32_1_1_U1232/tmp_product/P[47:0] is not pipelined (MREG=0). Pipelining the multiplier function will improve performance and will save significant power so it is suggested whenever possible to fully pipeline this function.  If this multiplier was inferred, it is suggested to describe an additional register stage after this function.  If there is no registered adder/accumulator following the multiply function, two pipeline stages are suggested to allow both the MREG and PREG registers to be used.  If the DSP48 was instantiated in the design, it is suggested to set both the MREG and PREG attributes to 1 when performing multiply functions.
Related violations: <none>

DPOP-4#48 Warning
MREG Output pipelining  
DSP bd_0_i/hls_inst/inst/stage_gaussian_U0/grp_stage_gaussian_Pipeline_GAUSSIAN_OUT_VITIS_LOOP_161_1_fu_186/mul_18s_8ns_26_1_1_U1199/tmp_product multiplier stage bd_0_i/hls_inst/inst/stage_gaussian_U0/grp_stage_gaussian_Pipeline_GAUSSIAN_OUT_VITIS_LOOP_161_1_fu_186/mul_18s_8ns_26_1_1_U1199/tmp_product/P[47:0] is not pipelined (MREG=0). Pipelining the multiplier function will improve performance and will save significant power so it is suggested whenever possible to fully pipeline this function.  If this multiplier was inferred, it is suggested to describe an additional register stage after this function.  If there is no registered adder/accumulator following the multiply function, two pipeline stages are suggested to allow both the MREG and PREG registers to be used.  If the DSP48 was instantiated in the design, it is suggested to set both the MREG and PREG attributes to 1 when performing multiply functions.
Related violations: <none>

DPOP-4#49 Warning
MREG Output pipelining  
DSP bd_0_i/hls_inst/inst/stage_gaussian_U0/grp_stage_gaussian_Pipeline_GAUSSIAN_OUT_VITIS_LOOP_161_1_fu_186/mul_64ns_66ns_129_5_1_U1132/buff0_reg__0 multiplier stage bd_0_i/hls_inst/inst/stage_gaussian_U0/grp_stage_gaussian_Pipeline_GAUSSIAN_OUT_VITIS_LOOP_161_1_fu_186/mul_64ns_66ns_129_5_1_U1132/buff0_reg__0/P[47:0] is not pipelined (MREG=0). Pipelining the multiplier function will improve performance and will save significant power so it is suggested whenever possible to fully pipeline this function.  If this multiplier was inferred, it is suggested to describe an additional register stage after this function.  If there is no registered adder/accumulator following the multiply function, two pipeline stages are suggested to allow both the MREG and PREG registers to be used.  If the DSP48 was instantiated in the design, it is suggested to set both the MREG and PREG attributes to 1 when performing multiply functions.
Related violations: <none>

DPOP-4#50 Warning
MREG Output pipelining  
DSP bd_0_i/hls_inst/inst/stage_gaussian_U0/grp_stage_gaussian_Pipeline_GAUSSIAN_OUT_VITIS_LOOP_161_1_fu_186/mul_64ns_66ns_129_5_1_U1133/buff0_reg__0 multiplier stage bd_0_i/hls_inst/inst/stage_gaussian_U0/grp_stage_gaussian_Pipeline_GAUSSIAN_OUT_VITIS_LOOP_161_1_fu_186/mul_64ns_66ns_129_5_1_U1133/buff0_reg__0/P[47:0] is not pipelined (MREG=0). Pipelining the multiplier function will improve performance and will save significant power so it is suggested whenever possible to fully pipeline this function.  If this multiplier was inferred, it is suggested to describe an additional register stage after this function.  If there is no registered adder/accumulator following the multiply function, two pipeline stages are suggested to allow both the MREG and PREG registers to be used.  If the DSP48 was instantiated in the design, it is suggested to set both the MREG and PREG attributes to 1 when performing multiply functions.
Related violations: <none>

DPOP-4#51 Warning
MREG Output pipelining  
DSP bd_0_i/hls_inst/inst/stage_gaussian_U0/grp_stage_gaussian_Pipeline_GAUSSIAN_OUT_VITIS_LOOP_161_1_fu_186/mul_6ns_8ns_13_1_1_U1170/tmp_product multiplier stage bd_0_i/hls_inst/inst/stage_gaussian_U0/grp_stage_gaussian_Pipeline_GAUSSIAN_OUT_VITIS_LOOP_161_1_fu_186/mul_6ns_8ns_13_1_1_U1170/tmp_product/P[47:0] is not pipelined (MREG=0). Pipelining the multiplier function will improve performance and will save significant power so it is suggested whenever possible to fully pipeline this function.  If this multiplier was inferred, it is suggested to describe an additional register stage after this function.  If there is no registered adder/accumulator following the multiply function, two pipeline stages are suggested to allow both the MREG and PREG registers to be used.  If the DSP48 was instantiated in the design, it is suggested to set both the MREG and PREG attributes to 1 when performing multiply functions.
Related violations: <none>

DPOP-4#52 Warning
MREG Output pipelining  
DSP bd_0_i/hls_inst/inst/stage_gaussian_U0/grp_stage_gaussian_Pipeline_GAUSSIAN_OUT_VITIS_LOOP_161_1_fu_186/mul_6ns_8ns_13_1_1_U1171/tmp_product multiplier stage bd_0_i/hls_inst/inst/stage_gaussian_U0/grp_stage_gaussian_Pipeline_GAUSSIAN_OUT_VITIS_LOOP_161_1_fu_186/mul_6ns_8ns_13_1_1_U1171/tmp_product/P[47:0] is not pipelined (MREG=0). Pipelining the multiplier function will improve performance and will save significant power so it is suggested whenever possible to fully pipeline this function.  If this multiplier was inferred, it is suggested to describe an additional register stage after this function.  If there is no registered adder/accumulator following the multiply function, two pipeline stages are suggested to allow both the MREG and PREG registers to be used.  If the DSP48 was instantiated in the design, it is suggested to set both the MREG and PREG attributes to 1 when performing multiply functions.
Related violations: <none>

DPOP-4#53 Warning
MREG Output pipelining  
DSP bd_0_i/hls_inst/inst/stage_gaussian_U0/grp_stage_gaussian_Pipeline_GAUSSIAN_OUT_VITIS_LOOP_161_1_fu_186/mul_6ns_8ns_13_1_1_U1172/tmp_product multiplier stage bd_0_i/hls_inst/inst/stage_gaussian_U0/grp_stage_gaussian_Pipeline_GAUSSIAN_OUT_VITIS_LOOP_161_1_fu_186/mul_6ns_8ns_13_1_1_U1172/tmp_product/P[47:0] is not pipelined (MREG=0). Pipelining the multiplier function will improve performance and will save significant power so it is suggested whenever possible to fully pipeline this function.  If this multiplier was inferred, it is suggested to describe an additional register stage after this function.  If there is no registered adder/accumulator following the multiply function, two pipeline stages are suggested to allow both the MREG and PREG registers to be used.  If the DSP48 was instantiated in the design, it is suggested to set both the MREG and PREG attributes to 1 when performing multiply functions.
Related violations: <none>

DPOP-4#54 Warning
MREG Output pipelining  
DSP bd_0_i/hls_inst/inst/stage_gaussian_U0/grp_stage_gaussian_Pipeline_GAUSSIAN_OUT_VITIS_LOOP_161_1_fu_186/mul_6ns_8ns_13_1_1_U1173/tmp_product multiplier stage bd_0_i/hls_inst/inst/stage_gaussian_U0/grp_stage_gaussian_Pipeline_GAUSSIAN_OUT_VITIS_LOOP_161_1_fu_186/mul_6ns_8ns_13_1_1_U1173/tmp_product/P[47:0] is not pipelined (MREG=0). Pipelining the multiplier function will improve performance and will save significant power so it is suggested whenever possible to fully pipeline this function.  If this multiplier was inferred, it is suggested to describe an additional register stage after this function.  If there is no registered adder/accumulator following the multiply function, two pipeline stages are suggested to allow both the MREG and PREG registers to be used.  If the DSP48 was instantiated in the design, it is suggested to set both the MREG and PREG attributes to 1 when performing multiply functions.
Related violations: <none>

DPOP-4#55 Warning
MREG Output pipelining  
DSP bd_0_i/hls_inst/inst/stage_gaussian_U0/grp_stage_gaussian_Pipeline_GAUSSIAN_OUT_VITIS_LOOP_161_1_fu_186/mul_7ns_9ns_15_1_1_U1164/tmp_product multiplier stage bd_0_i/hls_inst/inst/stage_gaussian_U0/grp_stage_gaussian_Pipeline_GAUSSIAN_OUT_VITIS_LOOP_161_1_fu_186/mul_7ns_9ns_15_1_1_U1164/tmp_product/P[47:0] is not pipelined (MREG=0). Pipelining the multiplier function will improve performance and will save significant power so it is suggested whenever possible to fully pipeline this function.  If this multiplier was inferred, it is suggested to describe an additional register stage after this function.  If there is no registered adder/accumulator following the multiply function, two pipeline stages are suggested to allow both the MREG and PREG registers to be used.  If the DSP48 was instantiated in the design, it is suggested to set both the MREG and PREG attributes to 1 when performing multiply functions.
Related violations: <none>

DPOP-4#56 Warning
MREG Output pipelining  
DSP bd_0_i/hls_inst/inst/stage_morphology_U0/grp_stage_morphology_Pipeline_DILATION_LOOP_VITIS_LOOP_347_2_fu_150/add_ln355_1_fu_1372_p2 multiplier stage bd_0_i/hls_inst/inst/stage_morphology_U0/grp_stage_morphology_Pipeline_DILATION_LOOP_VITIS_LOOP_347_2_fu_150/add_ln355_1_fu_1372_p2/P[47:0] is not pipelined (MREG=0). Pipelining the multiplier function will improve performance and will save significant power so it is suggested whenever possible to fully pipeline this function.  If this multiplier was inferred, it is suggested to describe an additional register stage after this function.  If there is no registered adder/accumulator following the multiply function, two pipeline stages are suggested to allow both the MREG and PREG registers to be used.  If the DSP48 was instantiated in the design, it is suggested to set both the MREG and PREG attributes to 1 when performing multiply functions.
Related violations: <none>

DPOP-4#57 Warning
MREG Output pipelining  
DSP bd_0_i/hls_inst/inst/stage_morphology_U0/grp_stage_morphology_Pipeline_DILATION_LOOP_VITIS_LOOP_347_2_fu_150/add_ln356_fu_1333_p2 multiplier stage bd_0_i/hls_inst/inst/stage_morphology_U0/grp_stage_morphology_Pipeline_DILATION_LOOP_VITIS_LOOP_347_2_fu_150/add_ln356_fu_1333_p2/P[47:0] is not pipelined (MREG=0). Pipelining the multiplier function will improve performance and will save significant power so it is suggested whenever possible to fully pipeline this function.  If this multiplier was inferred, it is suggested to describe an additional register stage after this function.  If there is no registered adder/accumulator following the multiply function, two pipeline stages are suggested to allow both the MREG and PREG registers to be used.  If the DSP48 was instantiated in the design, it is suggested to set both the MREG and PREG attributes to 1 when performing multiply functions.
Related violations: <none>

DPOP-4#58 Warning
MREG Output pipelining  
DSP bd_0_i/hls_inst/inst/stage_morphology_U0/grp_stage_morphology_Pipeline_DILATION_LOOP_VITIS_LOOP_347_2_fu_150/add_ln357_1_fu_1429_p2 multiplier stage bd_0_i/hls_inst/inst/stage_morphology_U0/grp_stage_morphology_Pipeline_DILATION_LOOP_VITIS_LOOP_347_2_fu_150/add_ln357_1_fu_1429_p2/P[47:0] is not pipelined (MREG=0). Pipelining the multiplier function will improve performance and will save significant power so it is suggested whenever possible to fully pipeline this function.  If this multiplier was inferred, it is suggested to describe an additional register stage after this function.  If there is no registered adder/accumulator following the multiply function, two pipeline stages are suggested to allow both the MREG and PREG registers to be used.  If the DSP48 was instantiated in the design, it is suggested to set both the MREG and PREG attributes to 1 when performing multiply functions.
Related violations: <none>

DPOP-4#59 Warning
MREG Output pipelining  
DSP bd_0_i/hls_inst/inst/stage_morphology_U0/grp_stage_morphology_Pipeline_DILATION_LOOP_VITIS_LOOP_347_2_fu_150/mul_6ns_8ns_13_1_1_U1653/tmp_product multiplier stage bd_0_i/hls_inst/inst/stage_morphology_U0/grp_stage_morphology_Pipeline_DILATION_LOOP_VITIS_LOOP_347_2_fu_150/mul_6ns_8ns_13_1_1_U1653/tmp_product/P[47:0] is not pipelined (MREG=0). Pipelining the multiplier function will improve performance and will save significant power so it is suggested whenever possible to fully pipeline this function.  If this multiplier was inferred, it is suggested to describe an additional register stage after this function.  If there is no registered adder/accumulator following the multiply function, two pipeline stages are suggested to allow both the MREG and PREG registers to be used.  If the DSP48 was instantiated in the design, it is suggested to set both the MREG and PREG attributes to 1 when performing multiply functions.
Related violations: <none>

DPOP-4#60 Warning
MREG Output pipelining  
DSP bd_0_i/hls_inst/inst/stage_morphology_U0/grp_stage_morphology_Pipeline_DILATION_LOOP_VITIS_LOOP_347_2_fu_150/mul_6ns_8ns_13_1_1_U1654/tmp_product multiplier stage bd_0_i/hls_inst/inst/stage_morphology_U0/grp_stage_morphology_Pipeline_DILATION_LOOP_VITIS_LOOP_347_2_fu_150/mul_6ns_8ns_13_1_1_U1654/tmp_product/P[47:0] is not pipelined (MREG=0). Pipelining the multiplier function will improve performance and will save significant power so it is suggested whenever possible to fully pipeline this function.  If this multiplier was inferred, it is suggested to describe an additional register stage after this function.  If there is no registered adder/accumulator following the multiply function, two pipeline stages are suggested to allow both the MREG and PREG registers to be used.  If the DSP48 was instantiated in the design, it is suggested to set both the MREG and PREG attributes to 1 when performing multiply functions.
Related violations: <none>

DPOP-4#61 Warning
MREG Output pipelining  
DSP bd_0_i/hls_inst/inst/stage_morphology_U0/grp_stage_morphology_Pipeline_EROSION_LOOP_VITIS_LOOP_308_1_fu_128/add_ln316_1_fu_1597_p2 multiplier stage bd_0_i/hls_inst/inst/stage_morphology_U0/grp_stage_morphology_Pipeline_EROSION_LOOP_VITIS_LOOP_308_1_fu_128/add_ln316_1_fu_1597_p2/P[47:0] is not pipelined (MREG=0). Pipelining the multiplier function will improve performance and will save significant power so it is suggested whenever possible to fully pipeline this function.  If this multiplier was inferred, it is suggested to describe an additional register stage after this function.  If there is no registered adder/accumulator following the multiply function, two pipeline stages are suggested to allow both the MREG and PREG registers to be used.  If the DSP48 was instantiated in the design, it is suggested to set both the MREG and PREG attributes to 1 when performing multiply functions.
Related violations: <none>

DPOP-4#62 Warning
MREG Output pipelining  
DSP bd_0_i/hls_inst/inst/stage_morphology_U0/grp_stage_morphology_Pipeline_EROSION_LOOP_VITIS_LOOP_308_1_fu_128/add_ln317_fu_1501_p2 multiplier stage bd_0_i/hls_inst/inst/stage_morphology_U0/grp_stage_morphology_Pipeline_EROSION_LOOP_VITIS_LOOP_308_1_fu_128/add_ln317_fu_1501_p2/P[47:0] is not pipelined (MREG=0). Pipelining the multiplier function will improve performance and will save significant power so it is suggested whenever possible to fully pipeline this function.  If this multiplier was inferred, it is suggested to describe an additional register stage after this function.  If there is no registered adder/accumulator following the multiply function, two pipeline stages are suggested to allow both the MREG and PREG registers to be used.  If the DSP48 was instantiated in the design, it is suggested to set both the MREG and PREG attributes to 1 when performing multiply functions.
Related violations: <none>

DPOP-4#63 Warning
MREG Output pipelining  
DSP bd_0_i/hls_inst/inst/stage_morphology_U0/grp_stage_morphology_Pipeline_EROSION_LOOP_VITIS_LOOP_308_1_fu_128/add_ln318_fu_1540_p2 multiplier stage bd_0_i/hls_inst/inst/stage_morphology_U0/grp_stage_morphology_Pipeline_EROSION_LOOP_VITIS_LOOP_308_1_fu_128/add_ln318_fu_1540_p2/P[47:0] is not pipelined (MREG=0). Pipelining the multiplier function will improve performance and will save significant power so it is suggested whenever possible to fully pipeline this function.  If this multiplier was inferred, it is suggested to describe an additional register stage after this function.  If there is no registered adder/accumulator following the multiply function, two pipeline stages are suggested to allow both the MREG and PREG registers to be used.  If the DSP48 was instantiated in the design, it is suggested to set both the MREG and PREG attributes to 1 when performing multiply functions.
Related violations: <none>

DPOP-4#64 Warning
MREG Output pipelining  
DSP bd_0_i/hls_inst/inst/stage_morphology_U0/grp_stage_morphology_Pipeline_READ_BILATERAL_fu_104/tmp_reg_416_reg multiplier stage bd_0_i/hls_inst/inst/stage_morphology_U0/grp_stage_morphology_Pipeline_READ_BILATERAL_fu_104/tmp_reg_416_reg/P[47:0] is not pipelined (MREG=0). Pipelining the multiplier function will improve performance and will save significant power so it is suggested whenever possible to fully pipeline this function.  If this multiplier was inferred, it is suggested to describe an additional register stage after this function.  If there is no registered adder/accumulator following the multiply function, two pipeline stages are suggested to allow both the MREG and PREG registers to be used.  If the DSP48 was instantiated in the design, it is suggested to set both the MREG and PREG attributes to 1 when performing multiply functions.
Related violations: <none>

DPOP-4#65 Warning
MREG Output pipelining  
DSP bd_0_i/hls_inst/inst/stage_morphology_U0/mul_64ns_66ns_129_5_1_U1674/buff0_reg__0 multiplier stage bd_0_i/hls_inst/inst/stage_morphology_U0/mul_64ns_66ns_129_5_1_U1674/buff0_reg__0/P[47:0] is not pipelined (MREG=0). Pipelining the multiplier function will improve performance and will save significant power so it is suggested whenever possible to fully pipeline this function.  If this multiplier was inferred, it is suggested to describe an additional register stage after this function.  If there is no registered adder/accumulator following the multiply function, two pipeline stages are suggested to allow both the MREG and PREG registers to be used.  If the DSP48 was instantiated in the design, it is suggested to set both the MREG and PREG attributes to 1 when performing multiply functions.
Related violations: <none>

DPOP-4#66 Warning
MREG Output pipelining  
DSP bd_0_i/hls_inst/inst/stage_rgb2eq_U0/faddfsub_32ns_32ns_32_10_full_dsp_1_U1082/top_kernel_faddfsub_32ns_32ns_32_10_full_dsp_1_ip_u/U0/i_synth/ADDSUB_OP.ADDSUB/DSP.OP/DSP48E1_BODY.NORM_RND/FULL_USAGE_DSP.SHIFT_RND/i_no_versal_es1_workaround.DSP multiplier stage bd_0_i/hls_inst/inst/stage_rgb2eq_U0/faddfsub_32ns_32ns_32_10_full_dsp_1_U1082/top_kernel_faddfsub_32ns_32ns_32_10_full_dsp_1_ip_u/U0/i_synth/ADDSUB_OP.ADDSUB/DSP.OP/DSP48E1_BODY.NORM_RND/FULL_USAGE_DSP.SHIFT_RND/i_no_versal_es1_workaround.DSP/P[47:0] is not pipelined (MREG=0). Pipelining the multiplier function will improve performance and will save significant power so it is suggested whenever possible to fully pipeline this function.  If this multiplier was inferred, it is suggested to describe an additional register stage after this function.  If there is no registered adder/accumulator following the multiply function, two pipeline stages are suggested to allow both the MREG and PREG registers to be used.  If the DSP48 was instantiated in the design, it is suggested to set both the MREG and PREG attributes to 1 when performing multiply functions.
Related violations: <none>

DPOP-4#67 Warning
MREG Output pipelining  
DSP bd_0_i/hls_inst/inst/stage_rgb2eq_U0/grp_stage_rgb2eq_Pipeline_PASS1_fu_2149/fadd_32ns_32ns_32_10_full_dsp_1_U4/top_kernel_fadd_32ns_32ns_32_10_full_dsp_1_ip_u/U0/i_synth/ADDSUB_OP.ADDSUB/DSP.OP/DSP48E1_BODY.NORM_RND/FULL_USAGE_DSP.SHIFT_RND/i_no_versal_es1_workaround.DSP multiplier stage bd_0_i/hls_inst/inst/stage_rgb2eq_U0/grp_stage_rgb2eq_Pipeline_PASS1_fu_2149/fadd_32ns_32ns_32_10_full_dsp_1_U4/top_kernel_fadd_32ns_32ns_32_10_full_dsp_1_ip_u/U0/i_synth/ADDSUB_OP.ADDSUB/DSP.OP/DSP48E1_BODY.NORM_RND/FULL_USAGE_DSP.SHIFT_RND/i_no_versal_es1_workaround.DSP/P[47:0] is not pipelined (MREG=0). Pipelining the multiplier function will improve performance and will save significant power so it is suggested whenever possible to fully pipeline this function.  If this multiplier was inferred, it is suggested to describe an additional register stage after this function.  If there is no registered adder/accumulator following the multiply function, two pipeline stages are suggested to allow both the MREG and PREG registers to be used.  If the DSP48 was instantiated in the design, it is suggested to set both the MREG and PREG attributes to 1 when performing multiply functions.
Related violations: <none>

RTSTAT-10#1 Warning
No routable loads  
162 net(s) have no routable loads. The problem bus(es) and/or net(s) are bd_0_i/hls_inst/inst/control_s_axi_U/s_axi_control_RDATA[31:0],
bd_0_i/hls_inst/inst/gmem0_m_axi_U/bus_read/rreq_burst_conv/burst_sequential/m_axi_gmem0_ARLEN[7:0],
bd_0_i/hls_inst/inst/gmem1_m_axi_U/bus_read/rreq_burst_conv/burst_sequential/m_axi_gmem1_ARLEN[7:0],
bd_0_i/hls_inst/inst/gmem2_m_axi_U/bus_read/rreq_burst_conv/burst_sequential/m_axi_gmem2_ARLEN[7:0],
bd_0_i/hls_inst/inst/gmem3_m_axi_U/bus_write/wreq_throttle/rs_req/data_p1_reg[71]_0[69:0],
bd_0_i/hls_inst/inst/gmem3_m_axi_U/store_unit_0/buff_wdata/U_fifo_mem/m_axi_gmem3_WDATA[31:0]
bd_0_i/hls_inst/inst/gmem3_m_axi_U/store_unit_0/buff_wdata/U_fifo_mem/m_axi_gmem3_WSTRB[3:0].
Related violations: <none>

AVAL-155#1 Advisory
enum_AMULTSEL_BMULTSEL_enum_DREG_ADREG_0_connects_CED_CEAD_RSTD_GND  
bd_0_i/hls_inst/inst/stage_bilateral_U0/grp_stage_bilateral_Pipeline_BILATERAL_OUT_VITIS_LOOP_243_4_fu_90/fmul_32ns_32ns_32_7_max_dsp_1_U1353/top_kernel_fmul_32ns_32ns_32_7_max_dsp_1_ip_u/U0/i_synth/MULT.OP/i_non_prim.MULT/DSP48E1_SPD_SGL_VARIANT.FIX_MULT/DSP1/i_no_versal_es1_workaround.DSP: DSP48E2 is not using the D port (AMULTSEL = A and BMULTSEL = B). For improved power characteristics, set DREG and ADREG to '1', tie CED, CEAD, and RSTD to logic '0'.
Related violations: <none>

AVAL-155#2 Advisory
enum_AMULTSEL_BMULTSEL_enum_DREG_ADREG_0_connects_CED_CEAD_RSTD_GND  
bd_0_i/hls_inst/inst/stage_bilateral_U0/grp_stage_bilateral_Pipeline_BILATERAL_OUT_VITIS_LOOP_243_4_fu_90/fmul_32ns_32ns_32_7_max_dsp_1_U1353/top_kernel_fmul_32ns_32ns_32_7_max_dsp_1_ip_u/U0/i_synth/MULT.OP/i_non_prim.MULT/DSP48E1_SPD_SGL_VARIANT.FIX_MULT/DSP2/i_no_versal_es1_workaround.DSP: DSP48E2 is not using the D port (AMULTSEL = A and BMULTSEL = B). For improved power characteristics, set DREG and ADREG to '1', tie CED, CEAD, and RSTD to logic '0'.
Related violations: <none>

AVAL-155#3 Advisory
enum_AMULTSEL_BMULTSEL_enum_DREG_ADREG_0_connects_CED_CEAD_RSTD_GND  
bd_0_i/hls_inst/inst/stage_bilateral_U0/grp_stage_bilateral_Pipeline_BILATERAL_OUT_VITIS_LOOP_243_4_fu_90/fmul_32ns_32ns_32_7_max_dsp_1_U1353/top_kernel_fmul_32ns_32ns_32_7_max_dsp_1_ip_u/U0/i_synth/MULT.OP/i_non_prim.R_AND_R/LAT_OPT.FULL.R_AND_R/DSP48E1_SGL_EXP_IP.OLD_ADD.ADD/i_no_versal_es1_workaround.DSP: DSP48E2 is not using the D port (AMULTSEL = A and BMULTSEL = B). For improved power characteristics, set DREG and ADREG to '1', tie CED, CEAD, and RSTD to logic '0'.
Related violations: <none>

AVAL-155#4 Advisory
enum_AMULTSEL_BMULTSEL_enum_DREG_ADREG_0_connects_CED_CEAD_RSTD_GND  
bd_0_i/hls_inst/inst/stage_bilateral_U0/grp_stage_bilateral_Pipeline_BILATERAL_OUT_VITIS_LOOP_243_4_fu_90/fmul_32ns_32ns_32_7_max_dsp_1_U1354/top_kernel_fmul_32ns_32ns_32_7_max_dsp_1_ip_u/U0/i_synth/MULT.OP/i_non_prim.MULT/DSP48E1_SPD_SGL_VARIANT.FIX_MULT/DSP1/i_no_versal_es1_workaround.DSP: DSP48E2 is not using the D port (AMULTSEL = A and BMULTSEL = B). For improved power characteristics, set DREG and ADREG to '1', tie CED, CEAD, and RSTD to logic '0'.
Related violations: <none>

AVAL-155#5 Advisory
enum_AMULTSEL_BMULTSEL_enum_DREG_ADREG_0_connects_CED_CEAD_RSTD_GND  
bd_0_i/hls_inst/inst/stage_bilateral_U0/grp_stage_bilateral_Pipeline_BILATERAL_OUT_VITIS_LOOP_243_4_fu_90/fmul_32ns_32ns_32_7_max_dsp_1_U1354/top_kernel_fmul_32ns_32ns_32_7_max_dsp_1_ip_u/U0/i_synth/MULT.OP/i_non_prim.MULT/DSP48E1_SPD_SGL_VARIANT.FIX_MULT/DSP2/i_no_versal_es1_workaround.DSP: DSP48E2 is not using the D port (AMULTSEL = A and BMULTSEL = B). For improved power characteristics, set DREG and ADREG to '1', tie CED, CEAD, and RSTD to logic '0'.
Related violations: <none>

AVAL-155#6 Advisory
enum_AMULTSEL_BMULTSEL_enum_DREG_ADREG_0_connects_CED_CEAD_RSTD_GND  
bd_0_i/hls_inst/inst/stage_bilateral_U0/grp_stage_bilateral_Pipeline_BILATERAL_OUT_VITIS_LOOP_243_4_fu_90/fmul_32ns_32ns_32_7_max_dsp_1_U1354/top_kernel_fmul_32ns_32ns_32_7_max_dsp_1_ip_u/U0/i_synth/MULT.OP/i_non_prim.R_AND_R/LAT_OPT.FULL.R_AND_R/DSP48E1_SGL_EXP_IP.OLD_ADD.ADD/i_no_versal_es1_workaround.DSP: DSP48E2 is not using the D port (AMULTSEL = A and BMULTSEL = B). For improved power characteristics, set DREG and ADREG to '1', tie CED, CEAD, and RSTD to logic '0'.
Related violations: <none>

AVAL-155#7 Advisory
enum_AMULTSEL_BMULTSEL_enum_DREG_ADREG_0_connects_CED_CEAD_RSTD_GND  
bd_0_i/hls_inst/inst/stage_bilateral_U0/grp_stage_bilateral_Pipeline_BILATERAL_OUT_VITIS_LOOP_243_4_fu_90/fmul_32ns_32ns_32_7_max_dsp_1_U1355/top_kernel_fmul_32ns_32ns_32_7_max_dsp_1_ip_u/U0/i_synth/MULT.OP/i_non_prim.MULT/DSP48E1_SPD_SGL_VARIANT.FIX_MULT/DSP1/i_no_versal_es1_workaround.DSP: DSP48E2 is not using the D port (AMULTSEL = A and BMULTSEL = B). For improved power characteristics, set DREG and ADREG to '1', tie CED, CEAD, and RSTD to logic '0'.
Related violations: <none>

AVAL-155#8 Advisory
enum_AMULTSEL_BMULTSEL_enum_DREG_ADREG_0_connects_CED_CEAD_RSTD_GND  
bd_0_i/hls_inst/inst/stage_bilateral_U0/grp_stage_bilateral_Pipeline_BILATERAL_OUT_VITIS_LOOP_243_4_fu_90/fmul_32ns_32ns_32_7_max_dsp_1_U1355/top_kernel_fmul_32ns_32ns_32_7_max_dsp_1_ip_u/U0/i_synth/MULT.OP/i_non_prim.MULT/DSP48E1_SPD_SGL_VARIANT.FIX_MULT/DSP2/i_no_versal_es1_workaround.DSP: DSP48E2 is not using the D port (AMULTSEL = A and BMULTSEL = B). For improved power characteristics, set DREG and ADREG to '1', tie CED, CEAD, and RSTD to logic '0'.
Related violations: <none>

AVAL-155#9 Advisory
enum_AMULTSEL_BMULTSEL_enum_DREG_ADREG_0_connects_CED_CEAD_RSTD_GND  
bd_0_i/hls_inst/inst/stage_bilateral_U0/grp_stage_bilateral_Pipeline_BILATERAL_OUT_VITIS_LOOP_243_4_fu_90/fmul_32ns_32ns_32_7_max_dsp_1_U1355/top_kernel_fmul_32ns_32ns_32_7_max_dsp_1_ip_u/U0/i_synth/MULT.OP/i_non_prim.R_AND_R/LAT_OPT.FULL.R_AND_R/DSP48E1_SGL_EXP_IP.OLD_ADD.ADD/i_no_versal_es1_workaround.DSP: DSP48E2 is not using the D port (AMULTSEL = A and BMULTSEL = B). For improved power characteristics, set DREG and ADREG to '1', tie CED, CEAD, and RSTD to logic '0'.
Related violations: <none>

AVAL-155#10 Advisory
enum_AMULTSEL_BMULTSEL_enum_DREG_ADREG_0_connects_CED_CEAD_RSTD_GND  
bd_0_i/hls_inst/inst/stage_bilateral_U0/grp_stage_bilateral_Pipeline_BILATERAL_OUT_VITIS_LOOP_243_4_fu_90/fmul_32ns_32ns_32_7_max_dsp_1_U1356/top_kernel_fmul_32ns_32ns_32_7_max_dsp_1_ip_u/U0/i_synth/MULT.OP/i_non_prim.MULT/DSP48E1_SPD_SGL_VARIANT.FIX_MULT/DSP1/i_no_versal_es1_workaround.DSP: DSP48E2 is not using the D port (AMULTSEL = A and BMULTSEL = B). For improved power characteristics, set DREG and ADREG to '1', tie CED, CEAD, and RSTD to logic '0'.
Related violations: <none>

AVAL-155#11 Advisory
enum_AMULTSEL_BMULTSEL_enum_DREG_ADREG_0_connects_CED_CEAD_RSTD_GND  
bd_0_i/hls_inst/inst/stage_bilateral_U0/grp_stage_bilateral_Pipeline_BILATERAL_OUT_VITIS_LOOP_243_4_fu_90/fmul_32ns_32ns_32_7_max_dsp_1_U1356/top_kernel_fmul_32ns_32ns_32_7_max_dsp_1_ip_u/U0/i_synth/MULT.OP/i_non_prim.MULT/DSP48E1_SPD_SGL_VARIANT.FIX_MULT/DSP2/i_no_versal_es1_workaround.DSP: DSP48E2 is not using the D port (AMULTSEL = A and BMULTSEL = B). For improved power characteristics, set DREG and ADREG to '1', tie CED, CEAD, and RSTD to logic '0'.
Related violations: <none>

AVAL-155#12 Advisory
enum_AMULTSEL_BMULTSEL_enum_DREG_ADREG_0_connects_CED_CEAD_RSTD_GND  
bd_0_i/hls_inst/inst/stage_bilateral_U0/grp_stage_bilateral_Pipeline_BILATERAL_OUT_VITIS_LOOP_243_4_fu_90/fmul_32ns_32ns_32_7_max_dsp_1_U1356/top_kernel_fmul_32ns_32ns_32_7_max_dsp_1_ip_u/U0/i_synth/MULT.OP/i_non_prim.R_AND_R/LAT_OPT.FULL.R_AND_R/DSP48E1_SGL_EXP_IP.OLD_ADD.ADD/i_no_versal_es1_workaround.DSP: DSP48E2 is not using the D port (AMULTSEL = A and BMULTSEL = B). For improved power characteristics, set DREG and ADREG to '1', tie CED, CEAD, and RSTD to logic '0'.
Related violations: <none>

AVAL-155#13 Advisory
enum_AMULTSEL_BMULTSEL_enum_DREG_ADREG_0_connects_CED_CEAD_RSTD_GND  
bd_0_i/hls_inst/inst/stage_bilateral_U0/grp_stage_bilateral_Pipeline_BILATERAL_OUT_VITIS_LOOP_243_4_fu_90/fmul_32ns_32ns_32_7_max_dsp_1_U1357/top_kernel_fmul_32ns_32ns_32_7_max_dsp_1_ip_u/U0/i_synth/MULT.OP/i_non_prim.MULT/DSP48E1_SPD_SGL_VARIANT.FIX_MULT/DSP1/i_no_versal_es1_workaround.DSP: DSP48E2 is not using the D port (AMULTSEL = A and BMULTSEL = B). For improved power characteristics, set DREG and ADREG to '1', tie CED, CEAD, and RSTD to logic '0'.
Related violations: <none>

AVAL-155#14 Advisory
enum_AMULTSEL_BMULTSEL_enum_DREG_ADREG_0_connects_CED_CEAD_RSTD_GND  
bd_0_i/hls_inst/inst/stage_bilateral_U0/grp_stage_bilateral_Pipeline_BILATERAL_OUT_VITIS_LOOP_243_4_fu_90/fmul_32ns_32ns_32_7_max_dsp_1_U1357/top_kernel_fmul_32ns_32ns_32_7_max_dsp_1_ip_u/U0/i_synth/MULT.OP/i_non_prim.MULT/DSP48E1_SPD_SGL_VARIANT.FIX_MULT/DSP2/i_no_versal_es1_workaround.DSP: DSP48E2 is not using the D port (AMULTSEL = A and BMULTSEL = B). For improved power characteristics, set DREG and ADREG to '1', tie CED, CEAD, and RSTD to logic '0'.
Related violations: <none>

AVAL-155#15 Advisory
enum_AMULTSEL_BMULTSEL_enum_DREG_ADREG_0_connects_CED_CEAD_RSTD_GND  
bd_0_i/hls_inst/inst/stage_bilateral_U0/grp_stage_bilateral_Pipeline_BILATERAL_OUT_VITIS_LOOP_243_4_fu_90/fmul_32ns_32ns_32_7_max_dsp_1_U1357/top_kernel_fmul_32ns_32ns_32_7_max_dsp_1_ip_u/U0/i_synth/MULT.OP/i_non_prim.R_AND_R/LAT_OPT.FULL.R_AND_R/DSP48E1_SGL_EXP_IP.OLD_ADD.ADD/i_no_versal_es1_workaround.DSP: DSP48E2 is not using the D port (AMULTSEL = A and BMULTSEL = B). For improved power characteristics, set DREG and ADREG to '1', tie CED, CEAD, and RSTD to logic '0'.
Related violations: <none>

AVAL-155#16 Advisory
enum_AMULTSEL_BMULTSEL_enum_DREG_ADREG_0_connects_CED_CEAD_RSTD_GND  
bd_0_i/hls_inst/inst/stage_bilateral_U0/grp_stage_bilateral_Pipeline_BILATERAL_OUT_VITIS_LOOP_243_4_fu_90/fmul_32ns_32ns_32_7_max_dsp_1_U1358/top_kernel_fmul_32ns_32ns_32_7_max_dsp_1_ip_u/U0/i_synth/MULT.OP/i_non_prim.MULT/DSP48E1_SPD_SGL_VARIANT.FIX_MULT/DSP1/i_no_versal_es1_workaround.DSP: DSP48E2 is not using the D port (AMULTSEL = A and BMULTSEL = B). For improved power characteristics, set DREG and ADREG to '1', tie CED, CEAD, and RSTD to logic '0'.
Related violations: <none>

AVAL-155#17 Advisory
enum_AMULTSEL_BMULTSEL_enum_DREG_ADREG_0_connects_CED_CEAD_RSTD_GND  
bd_0_i/hls_inst/inst/stage_bilateral_U0/grp_stage_bilateral_Pipeline_BILATERAL_OUT_VITIS_LOOP_243_4_fu_90/fmul_32ns_32ns_32_7_max_dsp_1_U1358/top_kernel_fmul_32ns_32ns_32_7_max_dsp_1_ip_u/U0/i_synth/MULT.OP/i_non_prim.MULT/DSP48E1_SPD_SGL_VARIANT.FIX_MULT/DSP2/i_no_versal_es1_workaround.DSP: DSP48E2 is not using the D port (AMULTSEL = A and BMULTSEL = B). For improved power characteristics, set DREG and ADREG to '1', tie CED, CEAD, and RSTD to logic '0'.
Related violations: <none>

AVAL-155#18 Advisory
enum_AMULTSEL_BMULTSEL_enum_DREG_ADREG_0_connects_CED_CEAD_RSTD_GND  
bd_0_i/hls_inst/inst/stage_bilateral_U0/grp_stage_bilateral_Pipeline_BILATERAL_OUT_VITIS_LOOP_243_4_fu_90/fmul_32ns_32ns_32_7_max_dsp_1_U1358/top_kernel_fmul_32ns_32ns_32_7_max_dsp_1_ip_u/U0/i_synth/MULT.OP/i_non_prim.R_AND_R/LAT_OPT.FULL.R_AND_R/DSP48E1_SGL_EXP_IP.OLD_ADD.ADD/i_no_versal_es1_workaround.DSP: DSP48E2 is not using the D port (AMULTSEL = A and BMULTSEL = B). For improved power characteristics, set DREG and ADREG to '1', tie CED, CEAD, and RSTD to logic '0'.
Related violations: <none>

AVAL-155#19 Advisory
enum_AMULTSEL_BMULTSEL_enum_DREG_ADREG_0_connects_CED_CEAD_RSTD_GND  
bd_0_i/hls_inst/inst/stage_bilateral_U0/grp_stage_bilateral_Pipeline_BILATERAL_OUT_VITIS_LOOP_243_4_fu_90/fmul_32ns_32ns_32_7_max_dsp_1_U1359/top_kernel_fmul_32ns_32ns_32_7_max_dsp_1_ip_u/U0/i_synth/MULT.OP/i_non_prim.MULT/DSP48E1_SPD_SGL_VARIANT.FIX_MULT/DSP1/i_no_versal_es1_workaround.DSP: DSP48E2 is not using the D port (AMULTSEL = A and BMULTSEL = B). For improved power characteristics, set DREG and ADREG to '1', tie CED, CEAD, and RSTD to logic '0'.
Related violations: <none>

AVAL-155#20 Advisory
enum_AMULTSEL_BMULTSEL_enum_DREG_ADREG_0_connects_CED_CEAD_RSTD_GND  
bd_0_i/hls_inst/inst/stage_bilateral_U0/grp_stage_bilateral_Pipeline_BILATERAL_OUT_VITIS_LOOP_243_4_fu_90/fmul_32ns_32ns_32_7_max_dsp_1_U1359/top_kernel_fmul_32ns_32ns_32_7_max_dsp_1_ip_u/U0/i_synth/MULT.OP/i_non_prim.MULT/DSP48E1_SPD_SGL_VARIANT.FIX_MULT/DSP2/i_no_versal_es1_workaround.DSP: DSP48E2 is not using the D port (AMULTSEL = A and BMULTSEL = B). For improved power characteristics, set DREG and ADREG to '1', tie CED, CEAD, and RSTD to logic '0'.
Related violations: <none>

AVAL-155#21 Advisory
enum_AMULTSEL_BMULTSEL_enum_DREG_ADREG_0_connects_CED_CEAD_RSTD_GND  
bd_0_i/hls_inst/inst/stage_bilateral_U0/grp_stage_bilateral_Pipeline_BILATERAL_OUT_VITIS_LOOP_243_4_fu_90/fmul_32ns_32ns_32_7_max_dsp_1_U1359/top_kernel_fmul_32ns_32ns_32_7_max_dsp_1_ip_u/U0/i_synth/MULT.OP/i_non_prim.R_AND_R/LAT_OPT.FULL.R_AND_R/DSP48E1_SGL_EXP_IP.OLD_ADD.ADD/i_no_versal_es1_workaround.DSP: DSP48E2 is not using the D port (AMULTSEL = A and BMULTSEL = B). For improved power characteristics, set DREG and ADREG to '1', tie CED, CEAD, and RSTD to logic '0'.
Related violations: <none>

AVAL-155#22 Advisory
enum_AMULTSEL_BMULTSEL_enum_DREG_ADREG_0_connects_CED_CEAD_RSTD_GND  
bd_0_i/hls_inst/inst/stage_bilateral_U0/grp_stage_bilateral_Pipeline_BILATERAL_OUT_VITIS_LOOP_243_4_fu_90/fmul_32ns_32ns_32_7_max_dsp_1_U1360/top_kernel_fmul_32ns_32ns_32_7_max_dsp_1_ip_u/U0/i_synth/MULT.OP/i_non_prim.MULT/DSP48E1_SPD_SGL_VARIANT.FIX_MULT/DSP1/i_no_versal_es1_workaround.DSP: DSP48E2 is not using the D port (AMULTSEL = A and BMULTSEL = B). For improved power characteristics, set DREG and ADREG to '1', tie CED, CEAD, and RSTD to logic '0'.
Related violations: <none>

AVAL-155#23 Advisory
enum_AMULTSEL_BMULTSEL_enum_DREG_ADREG_0_connects_CED_CEAD_RSTD_GND  
bd_0_i/hls_inst/inst/stage_bilateral_U0/grp_stage_bilateral_Pipeline_BILATERAL_OUT_VITIS_LOOP_243_4_fu_90/fmul_32ns_32ns_32_7_max_dsp_1_U1360/top_kernel_fmul_32ns_32ns_32_7_max_dsp_1_ip_u/U0/i_synth/MULT.OP/i_non_prim.MULT/DSP48E1_SPD_SGL_VARIANT.FIX_MULT/DSP2/i_no_versal_es1_workaround.DSP: DSP48E2 is not using the D port (AMULTSEL = A and BMULTSEL = B). For improved power characteristics, set DREG and ADREG to '1', tie CED, CEAD, and RSTD to logic '0'.
Related violations: <none>

AVAL-155#24 Advisory
enum_AMULTSEL_BMULTSEL_enum_DREG_ADREG_0_connects_CED_CEAD_RSTD_GND  
bd_0_i/hls_inst/inst/stage_bilateral_U0/grp_stage_bilateral_Pipeline_BILATERAL_OUT_VITIS_LOOP_243_4_fu_90/fmul_32ns_32ns_32_7_max_dsp_1_U1360/top_kernel_fmul_32ns_32ns_32_7_max_dsp_1_ip_u/U0/i_synth/MULT.OP/i_non_prim.R_AND_R/LAT_OPT.FULL.R_AND_R/DSP48E1_SGL_EXP_IP.OLD_ADD.ADD/i_no_versal_es1_workaround.DSP: DSP48E2 is not using the D port (AMULTSEL = A and BMULTSEL = B). For improved power characteristics, set DREG and ADREG to '1', tie CED, CEAD, and RSTD to logic '0'.
Related violations: <none>

AVAL-155#25 Advisory
enum_AMULTSEL_BMULTSEL_enum_DREG_ADREG_0_connects_CED_CEAD_RSTD_GND  
bd_0_i/hls_inst/inst/stage_bilateral_U0/grp_stage_bilateral_Pipeline_BILATERAL_OUT_VITIS_LOOP_243_4_fu_90/fmul_32ns_32ns_32_7_max_dsp_1_U1361/top_kernel_fmul_32ns_32ns_32_7_max_dsp_1_ip_u/U0/i_synth/MULT.OP/i_non_prim.MULT/DSP48E1_SPD_SGL_VARIANT.FIX_MULT/DSP1/i_no_versal_es1_workaround.DSP: DSP48E2 is not using the D port (AMULTSEL = A and BMULTSEL = B). For improved power characteristics, set DREG and ADREG to '1', tie CED, CEAD, and RSTD to logic '0'.
Related violations: <none>

AVAL-155#26 Advisory
enum_AMULTSEL_BMULTSEL_enum_DREG_ADREG_0_connects_CED_CEAD_RSTD_GND  
bd_0_i/hls_inst/inst/stage_bilateral_U0/grp_stage_bilateral_Pipeline_BILATERAL_OUT_VITIS_LOOP_243_4_fu_90/fmul_32ns_32ns_32_7_max_dsp_1_U1361/top_kernel_fmul_32ns_32ns_32_7_max_dsp_1_ip_u/U0/i_synth/MULT.OP/i_non_prim.MULT/DSP48E1_SPD_SGL_VARIANT.FIX_MULT/DSP2/i_no_versal_es1_workaround.DSP: DSP48E2 is not using the D port (AMULTSEL = A and BMULTSEL = B). For improved power characteristics, set DREG and ADREG to '1', tie CED, CEAD, and RSTD to logic '0'.
Related violations: <none>

AVAL-155#27 Advisory
enum_AMULTSEL_BMULTSEL_enum_DREG_ADREG_0_connects_CED_CEAD_RSTD_GND  
bd_0_i/hls_inst/inst/stage_bilateral_U0/grp_stage_bilateral_Pipeline_BILATERAL_OUT_VITIS_LOOP_243_4_fu_90/fmul_32ns_32ns_32_7_max_dsp_1_U1361/top_kernel_fmul_32ns_32ns_32_7_max_dsp_1_ip_u/U0/i_synth/MULT.OP/i_non_prim.R_AND_R/LAT_OPT.FULL.R_AND_R/DSP48E1_SGL_EXP_IP.OLD_ADD.ADD/i_no_versal_es1_workaround.DSP: DSP48E2 is not using the D port (AMULTSEL = A and BMULTSEL = B). For improved power characteristics, set DREG and ADREG to '1', tie CED, CEAD, and RSTD to logic '0'.
Related violations: <none>

AVAL-155#28 Advisory
enum_AMULTSEL_BMULTSEL_enum_DREG_ADREG_0_connects_CED_CEAD_RSTD_GND  
bd_0_i/hls_inst/inst/stage_bilateral_U0/grp_stage_bilateral_Pipeline_BILATERAL_OUT_VITIS_LOOP_243_4_fu_90/fmul_32ns_32ns_32_7_max_dsp_1_U1362/top_kernel_fmul_32ns_32ns_32_7_max_dsp_1_ip_u/U0/i_synth/MULT.OP/i_non_prim.MULT/DSP48E1_SPD_SGL_VARIANT.FIX_MULT/DSP1/i_no_versal_es1_workaround.DSP: DSP48E2 is not using the D port (AMULTSEL = A and BMULTSEL = B). For improved power characteristics, set DREG and ADREG to '1', tie CED, CEAD, and RSTD to logic '0'.
Related violations: <none>

AVAL-155#29 Advisory
enum_AMULTSEL_BMULTSEL_enum_DREG_ADREG_0_connects_CED_CEAD_RSTD_GND  
bd_0_i/hls_inst/inst/stage_bilateral_U0/grp_stage_bilateral_Pipeline_BILATERAL_OUT_VITIS_LOOP_243_4_fu_90/fmul_32ns_32ns_32_7_max_dsp_1_U1362/top_kernel_fmul_32ns_32ns_32_7_max_dsp_1_ip_u/U0/i_synth/MULT.OP/i_non_prim.MULT/DSP48E1_SPD_SGL_VARIANT.FIX_MULT/DSP2/i_no_versal_es1_workaround.DSP: DSP48E2 is not using the D port (AMULTSEL = A and BMULTSEL = B). For improved power characteristics, set DREG and ADREG to '1', tie CED, CEAD, and RSTD to logic '0'.
Related violations: <none>

AVAL-155#30 Advisory
enum_AMULTSEL_BMULTSEL_enum_DREG_ADREG_0_connects_CED_CEAD_RSTD_GND  
bd_0_i/hls_inst/inst/stage_bilateral_U0/grp_stage_bilateral_Pipeline_BILATERAL_OUT_VITIS_LOOP_243_4_fu_90/fmul_32ns_32ns_32_7_max_dsp_1_U1362/top_kernel_fmul_32ns_32ns_32_7_max_dsp_1_ip_u/U0/i_synth/MULT.OP/i_non_prim.R_AND_R/LAT_OPT.FULL.R_AND_R/DSP48E1_SGL_EXP_IP.OLD_ADD.ADD/i_no_versal_es1_workaround.DSP: DSP48E2 is not using the D port (AMULTSEL = A and BMULTSEL = B). For improved power characteristics, set DREG and ADREG to '1', tie CED, CEAD, and RSTD to logic '0'.
Related violations: <none>

AVAL-155#31 Advisory
enum_AMULTSEL_BMULTSEL_enum_DREG_ADREG_0_connects_CED_CEAD_RSTD_GND  
bd_0_i/hls_inst/inst/stage_bilateral_U0/grp_stage_bilateral_Pipeline_BILATERAL_OUT_VITIS_LOOP_243_4_fu_90/fmul_32ns_32ns_32_7_max_dsp_1_U1363/top_kernel_fmul_32ns_32ns_32_7_max_dsp_1_ip_u/U0/i_synth/MULT.OP/i_non_prim.MULT/DSP48E1_SPD_SGL_VARIANT.FIX_MULT/DSP1/i_no_versal_es1_workaround.DSP: DSP48E2 is not using the D port (AMULTSEL = A and BMULTSEL = B). For improved power characteristics, set DREG and ADREG to '1', tie CED, CEAD, and RSTD to logic '0'.
Related violations: <none>

AVAL-155#32 Advisory
enum_AMULTSEL_BMULTSEL_enum_DREG_ADREG_0_connects_CED_CEAD_RSTD_GND  
bd_0_i/hls_inst/inst/stage_bilateral_U0/grp_stage_bilateral_Pipeline_BILATERAL_OUT_VITIS_LOOP_243_4_fu_90/fmul_32ns_32ns_32_7_max_dsp_1_U1363/top_kernel_fmul_32ns_32ns_32_7_max_dsp_1_ip_u/U0/i_synth/MULT.OP/i_non_prim.MULT/DSP48E1_SPD_SGL_VARIANT.FIX_MULT/DSP2/i_no_versal_es1_workaround.DSP: DSP48E2 is not using the D port (AMULTSEL = A and BMULTSEL = B). For improved power characteristics, set DREG and ADREG to '1', tie CED, CEAD, and RSTD to logic '0'.
Related violations: <none>

AVAL-155#33 Advisory
enum_AMULTSEL_BMULTSEL_enum_DREG_ADREG_0_connects_CED_CEAD_RSTD_GND  
bd_0_i/hls_inst/inst/stage_bilateral_U0/grp_stage_bilateral_Pipeline_BILATERAL_OUT_VITIS_LOOP_243_4_fu_90/fmul_32ns_32ns_32_7_max_dsp_1_U1363/top_kernel_fmul_32ns_32ns_32_7_max_dsp_1_ip_u/U0/i_synth/MULT.OP/i_non_prim.R_AND_R/LAT_OPT.FULL.R_AND_R/DSP48E1_SGL_EXP_IP.OLD_ADD.ADD/i_no_versal_es1_workaround.DSP: DSP48E2 is not using the D port (AMULTSEL = A and BMULTSEL = B). For improved power characteristics, set DREG and ADREG to '1', tie CED, CEAD, and RSTD to logic '0'.
Related violations: <none>

AVAL-155#34 Advisory
enum_AMULTSEL_BMULTSEL_enum_DREG_ADREG_0_connects_CED_CEAD_RSTD_GND  
bd_0_i/hls_inst/inst/stage_bilateral_U0/grp_stage_bilateral_Pipeline_BILATERAL_OUT_VITIS_LOOP_243_4_fu_90/fmul_32ns_32ns_32_7_max_dsp_1_U1364/top_kernel_fmul_32ns_32ns_32_7_max_dsp_1_ip_u/U0/i_synth/MULT.OP/i_non_prim.MULT/DSP48E1_SPD_SGL_VARIANT.FIX_MULT/DSP1/i_no_versal_es1_workaround.DSP: DSP48E2 is not using the D port (AMULTSEL = A and BMULTSEL = B). For improved power characteristics, set DREG and ADREG to '1', tie CED, CEAD, and RSTD to logic '0'.
Related violations: <none>

AVAL-155#35 Advisory
enum_AMULTSEL_BMULTSEL_enum_DREG_ADREG_0_connects_CED_CEAD_RSTD_GND  
bd_0_i/hls_inst/inst/stage_bilateral_U0/grp_stage_bilateral_Pipeline_BILATERAL_OUT_VITIS_LOOP_243_4_fu_90/fmul_32ns_32ns_32_7_max_dsp_1_U1364/top_kernel_fmul_32ns_32ns_32_7_max_dsp_1_ip_u/U0/i_synth/MULT.OP/i_non_prim.MULT/DSP48E1_SPD_SGL_VARIANT.FIX_MULT/DSP2/i_no_versal_es1_workaround.DSP: DSP48E2 is not using the D port (AMULTSEL = A and BMULTSEL = B). For improved power characteristics, set DREG and ADREG to '1', tie CED, CEAD, and RSTD to logic '0'.
Related violations: <none>

AVAL-155#36 Advisory
enum_AMULTSEL_BMULTSEL_enum_DREG_ADREG_0_connects_CED_CEAD_RSTD_GND  
bd_0_i/hls_inst/inst/stage_bilateral_U0/grp_stage_bilateral_Pipeline_BILATERAL_OUT_VITIS_LOOP_243_4_fu_90/fmul_32ns_32ns_32_7_max_dsp_1_U1364/top_kernel_fmul_32ns_32ns_32_7_max_dsp_1_ip_u/U0/i_synth/MULT.OP/i_non_prim.R_AND_R/LAT_OPT.FULL.R_AND_R/DSP48E1_SGL_EXP_IP.OLD_ADD.ADD/i_no_versal_es1_workaround.DSP: DSP48E2 is not using the D port (AMULTSEL = A and BMULTSEL = B). For improved power characteristics, set DREG and ADREG to '1', tie CED, CEAD, and RSTD to logic '0'.
Related violations: <none>

AVAL-155#37 Advisory
enum_AMULTSEL_BMULTSEL_enum_DREG_ADREG_0_connects_CED_CEAD_RSTD_GND  
bd_0_i/hls_inst/inst/stage_bilateral_U0/grp_stage_bilateral_Pipeline_BILATERAL_OUT_VITIS_LOOP_243_4_fu_90/fmul_32ns_32ns_32_7_max_dsp_1_U1365/top_kernel_fmul_32ns_32ns_32_7_max_dsp_1_ip_u/U0/i_synth/MULT.OP/i_non_prim.MULT/DSP48E1_SPD_SGL_VARIANT.FIX_MULT/DSP1/i_no_versal_es1_workaround.DSP: DSP48E2 is not using the D port (AMULTSEL = A and BMULTSEL = B). For improved power characteristics, set DREG and ADREG to '1', tie CED, CEAD, and RSTD to logic '0'.
Related violations: <none>

AVAL-155#38 Advisory
enum_AMULTSEL_BMULTSEL_enum_DREG_ADREG_0_connects_CED_CEAD_RSTD_GND  
bd_0_i/hls_inst/inst/stage_bilateral_U0/grp_stage_bilateral_Pipeline_BILATERAL_OUT_VITIS_LOOP_243_4_fu_90/fmul_32ns_32ns_32_7_max_dsp_1_U1365/top_kernel_fmul_32ns_32ns_32_7_max_dsp_1_ip_u/U0/i_synth/MULT.OP/i_non_prim.MULT/DSP48E1_SPD_SGL_VARIANT.FIX_MULT/DSP2/i_no_versal_es1_workaround.DSP: DSP48E2 is not using the D port (AMULTSEL = A and BMULTSEL = B). For improved power characteristics, set DREG and ADREG to '1', tie CED, CEAD, and RSTD to logic '0'.
Related violations: <none>

AVAL-155#39 Advisory
enum_AMULTSEL_BMULTSEL_enum_DREG_ADREG_0_connects_CED_CEAD_RSTD_GND  
bd_0_i/hls_inst/inst/stage_bilateral_U0/grp_stage_bilateral_Pipeline_BILATERAL_OUT_VITIS_LOOP_243_4_fu_90/fmul_32ns_32ns_32_7_max_dsp_1_U1365/top_kernel_fmul_32ns_32ns_32_7_max_dsp_1_ip_u/U0/i_synth/MULT.OP/i_non_prim.R_AND_R/LAT_OPT.FULL.R_AND_R/DSP48E1_SGL_EXP_IP.OLD_ADD.ADD/i_no_versal_es1_workaround.DSP: DSP48E2 is not using the D port (AMULTSEL = A and BMULTSEL = B). For improved power characteristics, set DREG and ADREG to '1', tie CED, CEAD, and RSTD to logic '0'.
Related violations: <none>

AVAL-155#40 Advisory
enum_AMULTSEL_BMULTSEL_enum_DREG_ADREG_0_connects_CED_CEAD_RSTD_GND  
bd_0_i/hls_inst/inst/stage_bilateral_U0/grp_stage_bilateral_Pipeline_BILATERAL_OUT_VITIS_LOOP_243_4_fu_90/fmul_32ns_32ns_32_7_max_dsp_1_U1366/top_kernel_fmul_32ns_32ns_32_7_max_dsp_1_ip_u/U0/i_synth/MULT.OP/i_non_prim.MULT/DSP48E1_SPD_SGL_VARIANT.FIX_MULT/DSP1/i_no_versal_es1_workaround.DSP: DSP48E2 is not using the D port (AMULTSEL = A and BMULTSEL = B). For improved power characteristics, set DREG and ADREG to '1', tie CED, CEAD, and RSTD to logic '0'.
Related violations: <none>

AVAL-155#41 Advisory
enum_AMULTSEL_BMULTSEL_enum_DREG_ADREG_0_connects_CED_CEAD_RSTD_GND  
bd_0_i/hls_inst/inst/stage_bilateral_U0/grp_stage_bilateral_Pipeline_BILATERAL_OUT_VITIS_LOOP_243_4_fu_90/fmul_32ns_32ns_32_7_max_dsp_1_U1366/top_kernel_fmul_32ns_32ns_32_7_max_dsp_1_ip_u/U0/i_synth/MULT.OP/i_non_prim.MULT/DSP48E1_SPD_SGL_VARIANT.FIX_MULT/DSP2/i_no_versal_es1_workaround.DSP: DSP48E2 is not using the D port (AMULTSEL = A and BMULTSEL = B). For improved power characteristics, set DREG and ADREG to '1', tie CED, CEAD, and RSTD to logic '0'.
Related violations: <none>

AVAL-155#42 Advisory
enum_AMULTSEL_BMULTSEL_enum_DREG_ADREG_0_connects_CED_CEAD_RSTD_GND  
bd_0_i/hls_inst/inst/stage_bilateral_U0/grp_stage_bilateral_Pipeline_BILATERAL_OUT_VITIS_LOOP_243_4_fu_90/fmul_32ns_32ns_32_7_max_dsp_1_U1366/top_kernel_fmul_32ns_32ns_32_7_max_dsp_1_ip_u/U0/i_synth/MULT.OP/i_non_prim.R_AND_R/LAT_OPT.FULL.R_AND_R/DSP48E1_SGL_EXP_IP.OLD_ADD.ADD/i_no_versal_es1_workaround.DSP: DSP48E2 is not using the D port (AMULTSEL = A and BMULTSEL = B). For improved power characteristics, set DREG and ADREG to '1', tie CED, CEAD, and RSTD to logic '0'.
Related violations: <none>

AVAL-155#43 Advisory
enum_AMULTSEL_BMULTSEL_enum_DREG_ADREG_0_connects_CED_CEAD_RSTD_GND  
bd_0_i/hls_inst/inst/stage_bilateral_U0/grp_stage_bilateral_Pipeline_BILATERAL_OUT_VITIS_LOOP_243_4_fu_90/fmul_32ns_32ns_32_7_max_dsp_1_U1367/top_kernel_fmul_32ns_32ns_32_7_max_dsp_1_ip_u/U0/i_synth/MULT.OP/i_non_prim.MULT/DSP48E1_SPD_SGL_VARIANT.FIX_MULT/DSP1/i_no_versal_es1_workaround.DSP: DSP48E2 is not using the D port (AMULTSEL = A and BMULTSEL = B). For improved power characteristics, set DREG and ADREG to '1', tie CED, CEAD, and RSTD to logic '0'.
Related violations: <none>

AVAL-155#44 Advisory
enum_AMULTSEL_BMULTSEL_enum_DREG_ADREG_0_connects_CED_CEAD_RSTD_GND  
bd_0_i/hls_inst/inst/stage_bilateral_U0/grp_stage_bilateral_Pipeline_BILATERAL_OUT_VITIS_LOOP_243_4_fu_90/fmul_32ns_32ns_32_7_max_dsp_1_U1367/top_kernel_fmul_32ns_32ns_32_7_max_dsp_1_ip_u/U0/i_synth/MULT.OP/i_non_prim.MULT/DSP48E1_SPD_SGL_VARIANT.FIX_MULT/DSP2/i_no_versal_es1_workaround.DSP: DSP48E2 is not using the D port (AMULTSEL = A and BMULTSEL = B). For improved power characteristics, set DREG and ADREG to '1', tie CED, CEAD, and RSTD to logic '0'.
Related violations: <none>

AVAL-155#45 Advisory
enum_AMULTSEL_BMULTSEL_enum_DREG_ADREG_0_connects_CED_CEAD_RSTD_GND  
bd_0_i/hls_inst/inst/stage_bilateral_U0/grp_stage_bilateral_Pipeline_BILATERAL_OUT_VITIS_LOOP_243_4_fu_90/fmul_32ns_32ns_32_7_max_dsp_1_U1367/top_kernel_fmul_32ns_32ns_32_7_max_dsp_1_ip_u/U0/i_synth/MULT.OP/i_non_prim.R_AND_R/LAT_OPT.FULL.R_AND_R/DSP48E1_SGL_EXP_IP.OLD_ADD.ADD/i_no_versal_es1_workaround.DSP: DSP48E2 is not using the D port (AMULTSEL = A and BMULTSEL = B). For improved power characteristics, set DREG and ADREG to '1', tie CED, CEAD, and RSTD to logic '0'.
Related violations: <none>

AVAL-155#46 Advisory
enum_AMULTSEL_BMULTSEL_enum_DREG_ADREG_0_connects_CED_CEAD_RSTD_GND  
bd_0_i/hls_inst/inst/stage_bilateral_U0/grp_stage_bilateral_Pipeline_BILATERAL_OUT_VITIS_LOOP_243_4_fu_90/fmul_32ns_32ns_32_7_max_dsp_1_U1368/top_kernel_fmul_32ns_32ns_32_7_max_dsp_1_ip_u/U0/i_synth/MULT.OP/i_non_prim.MULT/DSP48E1_SPD_SGL_VARIANT.FIX_MULT/DSP1/i_no_versal_es1_workaround.DSP: DSP48E2 is not using the D port (AMULTSEL = A and BMULTSEL = B). For improved power characteristics, set DREG and ADREG to '1', tie CED, CEAD, and RSTD to logic '0'.
Related violations: <none>

AVAL-155#47 Advisory
enum_AMULTSEL_BMULTSEL_enum_DREG_ADREG_0_connects_CED_CEAD_RSTD_GND  
bd_0_i/hls_inst/inst/stage_bilateral_U0/grp_stage_bilateral_Pipeline_BILATERAL_OUT_VITIS_LOOP_243_4_fu_90/fmul_32ns_32ns_32_7_max_dsp_1_U1368/top_kernel_fmul_32ns_32ns_32_7_max_dsp_1_ip_u/U0/i_synth/MULT.OP/i_non_prim.MULT/DSP48E1_SPD_SGL_VARIANT.FIX_MULT/DSP2/i_no_versal_es1_workaround.DSP: DSP48E2 is not using the D port (AMULTSEL = A and BMULTSEL = B). For improved power characteristics, set DREG and ADREG to '1', tie CED, CEAD, and RSTD to logic '0'.
Related violations: <none>

AVAL-155#48 Advisory
enum_AMULTSEL_BMULTSEL_enum_DREG_ADREG_0_connects_CED_CEAD_RSTD_GND  
bd_0_i/hls_inst/inst/stage_bilateral_U0/grp_stage_bilateral_Pipeline_BILATERAL_OUT_VITIS_LOOP_243_4_fu_90/fmul_32ns_32ns_32_7_max_dsp_1_U1368/top_kernel_fmul_32ns_32ns_32_7_max_dsp_1_ip_u/U0/i_synth/MULT.OP/i_non_prim.R_AND_R/LAT_OPT.FULL.R_AND_R/DSP48E1_SGL_EXP_IP.OLD_ADD.ADD/i_no_versal_es1_workaround.DSP: DSP48E2 is not using the D port (AMULTSEL = A and BMULTSEL = B). For improved power characteristics, set DREG and ADREG to '1', tie CED, CEAD, and RSTD to logic '0'.
Related violations: <none>

AVAL-155#49 Advisory
enum_AMULTSEL_BMULTSEL_enum_DREG_ADREG_0_connects_CED_CEAD_RSTD_GND  
bd_0_i/hls_inst/inst/stage_bilateral_U0/grp_stage_bilateral_Pipeline_BILATERAL_OUT_VITIS_LOOP_243_4_fu_90/fmul_32ns_32ns_32_7_max_dsp_1_U1369/top_kernel_fmul_32ns_32ns_32_7_max_dsp_1_ip_u/U0/i_synth/MULT.OP/i_non_prim.MULT/DSP48E1_SPD_SGL_VARIANT.FIX_MULT/DSP1/i_no_versal_es1_workaround.DSP: DSP48E2 is not using the D port (AMULTSEL = A and BMULTSEL = B). For improved power characteristics, set DREG and ADREG to '1', tie CED, CEAD, and RSTD to logic '0'.
Related violations: <none>

AVAL-155#50 Advisory
enum_AMULTSEL_BMULTSEL_enum_DREG_ADREG_0_connects_CED_CEAD_RSTD_GND  
bd_0_i/hls_inst/inst/stage_bilateral_U0/grp_stage_bilateral_Pipeline_BILATERAL_OUT_VITIS_LOOP_243_4_fu_90/fmul_32ns_32ns_32_7_max_dsp_1_U1369/top_kernel_fmul_32ns_32ns_32_7_max_dsp_1_ip_u/U0/i_synth/MULT.OP/i_non_prim.MULT/DSP48E1_SPD_SGL_VARIANT.FIX_MULT/DSP2/i_no_versal_es1_workaround.DSP: DSP48E2 is not using the D port (AMULTSEL = A and BMULTSEL = B). For improved power characteristics, set DREG and ADREG to '1', tie CED, CEAD, and RSTD to logic '0'.
Related violations: <none>

AVAL-155#51 Advisory
enum_AMULTSEL_BMULTSEL_enum_DREG_ADREG_0_connects_CED_CEAD_RSTD_GND  
bd_0_i/hls_inst/inst/stage_bilateral_U0/grp_stage_bilateral_Pipeline_BILATERAL_OUT_VITIS_LOOP_243_4_fu_90/fmul_32ns_32ns_32_7_max_dsp_1_U1369/top_kernel_fmul_32ns_32ns_32_7_max_dsp_1_ip_u/U0/i_synth/MULT.OP/i_non_prim.R_AND_R/LAT_OPT.FULL.R_AND_R/DSP48E1_SGL_EXP_IP.OLD_ADD.ADD/i_no_versal_es1_workaround.DSP: DSP48E2 is not using the D port (AMULTSEL = A and BMULTSEL = B). For improved power characteristics, set DREG and ADREG to '1', tie CED, CEAD, and RSTD to logic '0'.
Related violations: <none>

AVAL-155#52 Advisory
enum_AMULTSEL_BMULTSEL_enum_DREG_ADREG_0_connects_CED_CEAD_RSTD_GND  
bd_0_i/hls_inst/inst/stage_bilateral_U0/grp_stage_bilateral_Pipeline_BILATERAL_OUT_VITIS_LOOP_243_4_fu_90/fmul_32ns_32ns_32_7_max_dsp_1_U1370/top_kernel_fmul_32ns_32ns_32_7_max_dsp_1_ip_u/U0/i_synth/MULT.OP/i_non_prim.MULT/DSP48E1_SPD_SGL_VARIANT.FIX_MULT/DSP1/i_no_versal_es1_workaround.DSP: DSP48E2 is not using the D port (AMULTSEL = A and BMULTSEL = B). For improved power characteristics, set DREG and ADREG to '1', tie CED, CEAD, and RSTD to logic '0'.
Related violations: <none>

AVAL-155#53 Advisory
enum_AMULTSEL_BMULTSEL_enum_DREG_ADREG_0_connects_CED_CEAD_RSTD_GND  
bd_0_i/hls_inst/inst/stage_bilateral_U0/grp_stage_bilateral_Pipeline_BILATERAL_OUT_VITIS_LOOP_243_4_fu_90/fmul_32ns_32ns_32_7_max_dsp_1_U1370/top_kernel_fmul_32ns_32ns_32_7_max_dsp_1_ip_u/U0/i_synth/MULT.OP/i_non_prim.MULT/DSP48E1_SPD_SGL_VARIANT.FIX_MULT/DSP2/i_no_versal_es1_workaround.DSP: DSP48E2 is not using the D port (AMULTSEL = A and BMULTSEL = B). For improved power characteristics, set DREG and ADREG to '1', tie CED, CEAD, and RSTD to logic '0'.
Related violations: <none>

AVAL-155#54 Advisory
enum_AMULTSEL_BMULTSEL_enum_DREG_ADREG_0_connects_CED_CEAD_RSTD_GND  
bd_0_i/hls_inst/inst/stage_bilateral_U0/grp_stage_bilateral_Pipeline_BILATERAL_OUT_VITIS_LOOP_243_4_fu_90/fmul_32ns_32ns_32_7_max_dsp_1_U1370/top_kernel_fmul_32ns_32ns_32_7_max_dsp_1_ip_u/U0/i_synth/MULT.OP/i_non_prim.R_AND_R/LAT_OPT.FULL.R_AND_R/DSP48E1_SGL_EXP_IP.OLD_ADD.ADD/i_no_versal_es1_workaround.DSP: DSP48E2 is not using the D port (AMULTSEL = A and BMULTSEL = B). For improved power characteristics, set DREG and ADREG to '1', tie CED, CEAD, and RSTD to logic '0'.
Related violations: <none>

AVAL-155#55 Advisory
enum_AMULTSEL_BMULTSEL_enum_DREG_ADREG_0_connects_CED_CEAD_RSTD_GND  
bd_0_i/hls_inst/inst/stage_bilateral_U0/grp_stage_bilateral_Pipeline_BILATERAL_OUT_VITIS_LOOP_243_4_fu_90/fmul_32ns_32ns_32_7_max_dsp_1_U1371/top_kernel_fmul_32ns_32ns_32_7_max_dsp_1_ip_u/U0/i_synth/MULT.OP/i_non_prim.MULT/DSP48E1_SPD_SGL_VARIANT.FIX_MULT/DSP1/i_no_versal_es1_workaround.DSP: DSP48E2 is not using the D port (AMULTSEL = A and BMULTSEL = B). For improved power characteristics, set DREG and ADREG to '1', tie CED, CEAD, and RSTD to logic '0'.
Related violations: <none>

AVAL-155#56 Advisory
enum_AMULTSEL_BMULTSEL_enum_DREG_ADREG_0_connects_CED_CEAD_RSTD_GND  
bd_0_i/hls_inst/inst/stage_bilateral_U0/grp_stage_bilateral_Pipeline_BILATERAL_OUT_VITIS_LOOP_243_4_fu_90/fmul_32ns_32ns_32_7_max_dsp_1_U1371/top_kernel_fmul_32ns_32ns_32_7_max_dsp_1_ip_u/U0/i_synth/MULT.OP/i_non_prim.MULT/DSP48E1_SPD_SGL_VARIANT.FIX_MULT/DSP2/i_no_versal_es1_workaround.DSP: DSP48E2 is not using the D port (AMULTSEL = A and BMULTSEL = B). For improved power characteristics, set DREG and ADREG to '1', tie CED, CEAD, and RSTD to logic '0'.
Related violations: <none>

AVAL-155#57 Advisory
enum_AMULTSEL_BMULTSEL_enum_DREG_ADREG_0_connects_CED_CEAD_RSTD_GND  
bd_0_i/hls_inst/inst/stage_bilateral_U0/grp_stage_bilateral_Pipeline_BILATERAL_OUT_VITIS_LOOP_243_4_fu_90/fmul_32ns_32ns_32_7_max_dsp_1_U1371/top_kernel_fmul_32ns_32ns_32_7_max_dsp_1_ip_u/U0/i_synth/MULT.OP/i_non_prim.R_AND_R/LAT_OPT.FULL.R_AND_R/DSP48E1_SGL_EXP_IP.OLD_ADD.ADD/i_no_versal_es1_workaround.DSP: DSP48E2 is not using the D port (AMULTSEL = A and BMULTSEL = B). For improved power characteristics, set DREG and ADREG to '1', tie CED, CEAD, and RSTD to logic '0'.
Related violations: <none>

AVAL-155#58 Advisory
enum_AMULTSEL_BMULTSEL_enum_DREG_ADREG_0_connects_CED_CEAD_RSTD_GND  
bd_0_i/hls_inst/inst/stage_bilateral_U0/grp_stage_bilateral_Pipeline_BILATERAL_OUT_VITIS_LOOP_243_4_fu_90/fmul_32ns_32ns_32_7_max_dsp_1_U1372/top_kernel_fmul_32ns_32ns_32_7_max_dsp_1_ip_u/U0/i_synth/MULT.OP/i_non_prim.MULT/DSP48E1_SPD_SGL_VARIANT.FIX_MULT/DSP1/i_no_versal_es1_workaround.DSP: DSP48E2 is not using the D port (AMULTSEL = A and BMULTSEL = B). For improved power characteristics, set DREG and ADREG to '1', tie CED, CEAD, and RSTD to logic '0'.
Related violations: <none>

AVAL-155#59 Advisory
enum_AMULTSEL_BMULTSEL_enum_DREG_ADREG_0_connects_CED_CEAD_RSTD_GND  
bd_0_i/hls_inst/inst/stage_bilateral_U0/grp_stage_bilateral_Pipeline_BILATERAL_OUT_VITIS_LOOP_243_4_fu_90/fmul_32ns_32ns_32_7_max_dsp_1_U1372/top_kernel_fmul_32ns_32ns_32_7_max_dsp_1_ip_u/U0/i_synth/MULT.OP/i_non_prim.MULT/DSP48E1_SPD_SGL_VARIANT.FIX_MULT/DSP2/i_no_versal_es1_workaround.DSP: DSP48E2 is not using the D port (AMULTSEL = A and BMULTSEL = B). For improved power characteristics, set DREG and ADREG to '1', tie CED, CEAD, and RSTD to logic '0'.
Related violations: <none>

AVAL-155#60 Advisory
enum_AMULTSEL_BMULTSEL_enum_DREG_ADREG_0_connects_CED_CEAD_RSTD_GND  
bd_0_i/hls_inst/inst/stage_bilateral_U0/grp_stage_bilateral_Pipeline_BILATERAL_OUT_VITIS_LOOP_243_4_fu_90/fmul_32ns_32ns_32_7_max_dsp_1_U1372/top_kernel_fmul_32ns_32ns_32_7_max_dsp_1_ip_u/U0/i_synth/MULT.OP/i_non_prim.R_AND_R/LAT_OPT.FULL.R_AND_R/DSP48E1_SGL_EXP_IP.OLD_ADD.ADD/i_no_versal_es1_workaround.DSP: DSP48E2 is not using the D port (AMULTSEL = A and BMULTSEL = B). For improved power characteristics, set DREG and ADREG to '1', tie CED, CEAD, and RSTD to logic '0'.
Related violations: <none>

AVAL-155#61 Advisory
enum_AMULTSEL_BMULTSEL_enum_DREG_ADREG_0_connects_CED_CEAD_RSTD_GND  
bd_0_i/hls_inst/inst/stage_bilateral_U0/grp_stage_bilateral_Pipeline_BILATERAL_OUT_VITIS_LOOP_243_4_fu_90/fmul_32ns_32ns_32_7_max_dsp_1_U1373/top_kernel_fmul_32ns_32ns_32_7_max_dsp_1_ip_u/U0/i_synth/MULT.OP/i_non_prim.MULT/DSP48E1_SPD_SGL_VARIANT.FIX_MULT/DSP1/i_no_versal_es1_workaround.DSP: DSP48E2 is not using the D port (AMULTSEL = A and BMULTSEL = B). For improved power characteristics, set DREG and ADREG to '1', tie CED, CEAD, and RSTD to logic '0'.
Related violations: <none>

AVAL-155#62 Advisory
enum_AMULTSEL_BMULTSEL_enum_DREG_ADREG_0_connects_CED_CEAD_RSTD_GND  
bd_0_i/hls_inst/inst/stage_bilateral_U0/grp_stage_bilateral_Pipeline_BILATERAL_OUT_VITIS_LOOP_243_4_fu_90/fmul_32ns_32ns_32_7_max_dsp_1_U1373/top_kernel_fmul_32ns_32ns_32_7_max_dsp_1_ip_u/U0/i_synth/MULT.OP/i_non_prim.MULT/DSP48E1_SPD_SGL_VARIANT.FIX_MULT/DSP2/i_no_versal_es1_workaround.DSP: DSP48E2 is not using the D port (AMULTSEL = A and BMULTSEL = B). For improved power characteristics, set DREG and ADREG to '1', tie CED, CEAD, and RSTD to logic '0'.
Related violations: <none>

AVAL-155#63 Advisory
enum_AMULTSEL_BMULTSEL_enum_DREG_ADREG_0_connects_CED_CEAD_RSTD_GND  
bd_0_i/hls_inst/inst/stage_bilateral_U0/grp_stage_bilateral_Pipeline_BILATERAL_OUT_VITIS_LOOP_243_4_fu_90/fmul_32ns_32ns_32_7_max_dsp_1_U1373/top_kernel_fmul_32ns_32ns_32_7_max_dsp_1_ip_u/U0/i_synth/MULT.OP/i_non_prim.R_AND_R/LAT_OPT.FULL.R_AND_R/DSP48E1_SGL_EXP_IP.OLD_ADD.ADD/i_no_versal_es1_workaround.DSP: DSP48E2 is not using the D port (AMULTSEL = A and BMULTSEL = B). For improved power characteristics, set DREG and ADREG to '1', tie CED, CEAD, and RSTD to logic '0'.
Related violations: <none>

AVAL-155#64 Advisory
enum_AMULTSEL_BMULTSEL_enum_DREG_ADREG_0_connects_CED_CEAD_RSTD_GND  
bd_0_i/hls_inst/inst/stage_bilateral_U0/grp_stage_bilateral_Pipeline_BILATERAL_OUT_VITIS_LOOP_243_4_fu_90/fmul_32ns_32ns_32_7_max_dsp_1_U1374/top_kernel_fmul_32ns_32ns_32_7_max_dsp_1_ip_u/U0/i_synth/MULT.OP/i_non_prim.MULT/DSP48E1_SPD_SGL_VARIANT.FIX_MULT/DSP1/i_no_versal_es1_workaround.DSP: DSP48E2 is not using the D port (AMULTSEL = A and BMULTSEL = B). For improved power characteristics, set DREG and ADREG to '1', tie CED, CEAD, and RSTD to logic '0'.
Related violations: <none>

AVAL-155#65 Advisory
enum_AMULTSEL_BMULTSEL_enum_DREG_ADREG_0_connects_CED_CEAD_RSTD_GND  
bd_0_i/hls_inst/inst/stage_bilateral_U0/grp_stage_bilateral_Pipeline_BILATERAL_OUT_VITIS_LOOP_243_4_fu_90/fmul_32ns_32ns_32_7_max_dsp_1_U1374/top_kernel_fmul_32ns_32ns_32_7_max_dsp_1_ip_u/U0/i_synth/MULT.OP/i_non_prim.MULT/DSP48E1_SPD_SGL_VARIANT.FIX_MULT/DSP2/i_no_versal_es1_workaround.DSP: DSP48E2 is not using the D port (AMULTSEL = A and BMULTSEL = B). For improved power characteristics, set DREG and ADREG to '1', tie CED, CEAD, and RSTD to logic '0'.
Related violations: <none>

AVAL-155#66 Advisory
enum_AMULTSEL_BMULTSEL_enum_DREG_ADREG_0_connects_CED_CEAD_RSTD_GND  
bd_0_i/hls_inst/inst/stage_bilateral_U0/grp_stage_bilateral_Pipeline_BILATERAL_OUT_VITIS_LOOP_243_4_fu_90/fmul_32ns_32ns_32_7_max_dsp_1_U1374/top_kernel_fmul_32ns_32ns_32_7_max_dsp_1_ip_u/U0/i_synth/MULT.OP/i_non_prim.R_AND_R/LAT_OPT.FULL.R_AND_R/DSP48E1_SGL_EXP_IP.OLD_ADD.ADD/i_no_versal_es1_workaround.DSP: DSP48E2 is not using the D port (AMULTSEL = A and BMULTSEL = B). For improved power characteristics, set DREG and ADREG to '1', tie CED, CEAD, and RSTD to logic '0'.
Related violations: <none>

AVAL-155#67 Advisory
enum_AMULTSEL_BMULTSEL_enum_DREG_ADREG_0_connects_CED_CEAD_RSTD_GND  
bd_0_i/hls_inst/inst/stage_bilateral_U0/grp_stage_bilateral_Pipeline_BILATERAL_OUT_VITIS_LOOP_243_4_fu_90/fmul_32ns_32ns_32_7_max_dsp_1_U1375/top_kernel_fmul_32ns_32ns_32_7_max_dsp_1_ip_u/U0/i_synth/MULT.OP/i_non_prim.MULT/DSP48E1_SPD_SGL_VARIANT.FIX_MULT/DSP1/i_no_versal_es1_workaround.DSP: DSP48E2 is not using the D port (AMULTSEL = A and BMULTSEL = B). For improved power characteristics, set DREG and ADREG to '1', tie CED, CEAD, and RSTD to logic '0'.
Related violations: <none>

AVAL-155#68 Advisory
enum_AMULTSEL_BMULTSEL_enum_DREG_ADREG_0_connects_CED_CEAD_RSTD_GND  
bd_0_i/hls_inst/inst/stage_bilateral_U0/grp_stage_bilateral_Pipeline_BILATERAL_OUT_VITIS_LOOP_243_4_fu_90/fmul_32ns_32ns_32_7_max_dsp_1_U1375/top_kernel_fmul_32ns_32ns_32_7_max_dsp_1_ip_u/U0/i_synth/MULT.OP/i_non_prim.MULT/DSP48E1_SPD_SGL_VARIANT.FIX_MULT/DSP2/i_no_versal_es1_workaround.DSP: DSP48E2 is not using the D port (AMULTSEL = A and BMULTSEL = B). For improved power characteristics, set DREG and ADREG to '1', tie CED, CEAD, and RSTD to logic '0'.
Related violations: <none>

AVAL-155#69 Advisory
enum_AMULTSEL_BMULTSEL_enum_DREG_ADREG_0_connects_CED_CEAD_RSTD_GND  
bd_0_i/hls_inst/inst/stage_bilateral_U0/grp_stage_bilateral_Pipeline_BILATERAL_OUT_VITIS_LOOP_243_4_fu_90/fmul_32ns_32ns_32_7_max_dsp_1_U1375/top_kernel_fmul_32ns_32ns_32_7_max_dsp_1_ip_u/U0/i_synth/MULT.OP/i_non_prim.R_AND_R/LAT_OPT.FULL.R_AND_R/DSP48E1_SGL_EXP_IP.OLD_ADD.ADD/i_no_versal_es1_workaround.DSP: DSP48E2 is not using the D port (AMULTSEL = A and BMULTSEL = B). For improved power characteristics, set DREG and ADREG to '1', tie CED, CEAD, and RSTD to logic '0'.
Related violations: <none>

AVAL-155#70 Advisory
enum_AMULTSEL_BMULTSEL_enum_DREG_ADREG_0_connects_CED_CEAD_RSTD_GND  
bd_0_i/hls_inst/inst/stage_bilateral_U0/grp_stage_bilateral_Pipeline_BILATERAL_OUT_VITIS_LOOP_243_4_fu_90/fmul_32ns_32ns_32_7_max_dsp_1_U1376/top_kernel_fmul_32ns_32ns_32_7_max_dsp_1_ip_u/U0/i_synth/MULT.OP/i_non_prim.MULT/DSP48E1_SPD_SGL_VARIANT.FIX_MULT/DSP1/i_no_versal_es1_workaround.DSP: DSP48E2 is not using the D port (AMULTSEL = A and BMULTSEL = B). For improved power characteristics, set DREG and ADREG to '1', tie CED, CEAD, and RSTD to logic '0'.
Related violations: <none>

AVAL-155#71 Advisory
enum_AMULTSEL_BMULTSEL_enum_DREG_ADREG_0_connects_CED_CEAD_RSTD_GND  
bd_0_i/hls_inst/inst/stage_bilateral_U0/grp_stage_bilateral_Pipeline_BILATERAL_OUT_VITIS_LOOP_243_4_fu_90/fmul_32ns_32ns_32_7_max_dsp_1_U1376/top_kernel_fmul_32ns_32ns_32_7_max_dsp_1_ip_u/U0/i_synth/MULT.OP/i_non_prim.MULT/DSP48E1_SPD_SGL_VARIANT.FIX_MULT/DSP2/i_no_versal_es1_workaround.DSP: DSP48E2 is not using the D port (AMULTSEL = A and BMULTSEL = B). For improved power characteristics, set DREG and ADREG to '1', tie CED, CEAD, and RSTD to logic '0'.
Related violations: <none>

AVAL-155#72 Advisory
enum_AMULTSEL_BMULTSEL_enum_DREG_ADREG_0_connects_CED_CEAD_RSTD_GND  
bd_0_i/hls_inst/inst/stage_bilateral_U0/grp_stage_bilateral_Pipeline_BILATERAL_OUT_VITIS_LOOP_243_4_fu_90/fmul_32ns_32ns_32_7_max_dsp_1_U1376/top_kernel_fmul_32ns_32ns_32_7_max_dsp_1_ip_u/U0/i_synth/MULT.OP/i_non_prim.R_AND_R/LAT_OPT.FULL.R_AND_R/DSP48E1_SGL_EXP_IP.OLD_ADD.ADD/i_no_versal_es1_workaround.DSP: DSP48E2 is not using the D port (AMULTSEL = A and BMULTSEL = B). For improved power characteristics, set DREG and ADREG to '1', tie CED, CEAD, and RSTD to logic '0'.
Related violations: <none>

AVAL-155#73 Advisory
enum_AMULTSEL_BMULTSEL_enum_DREG_ADREG_0_connects_CED_CEAD_RSTD_GND  
bd_0_i/hls_inst/inst/stage_bilateral_U0/grp_stage_bilateral_Pipeline_BILATERAL_OUT_VITIS_LOOP_243_4_fu_90/fmul_32ns_32ns_32_7_max_dsp_1_U1377/top_kernel_fmul_32ns_32ns_32_7_max_dsp_1_ip_u/U0/i_synth/MULT.OP/i_non_prim.MULT/DSP48E1_SPD_SGL_VARIANT.FIX_MULT/DSP1/i_no_versal_es1_workaround.DSP: DSP48E2 is not using the D port (AMULTSEL = A and BMULTSEL = B). For improved power characteristics, set DREG and ADREG to '1', tie CED, CEAD, and RSTD to logic '0'.
Related violations: <none>

AVAL-155#74 Advisory
enum_AMULTSEL_BMULTSEL_enum_DREG_ADREG_0_connects_CED_CEAD_RSTD_GND  
bd_0_i/hls_inst/inst/stage_bilateral_U0/grp_stage_bilateral_Pipeline_BILATERAL_OUT_VITIS_LOOP_243_4_fu_90/fmul_32ns_32ns_32_7_max_dsp_1_U1377/top_kernel_fmul_32ns_32ns_32_7_max_dsp_1_ip_u/U0/i_synth/MULT.OP/i_non_prim.MULT/DSP48E1_SPD_SGL_VARIANT.FIX_MULT/DSP2/i_no_versal_es1_workaround.DSP: DSP48E2 is not using the D port (AMULTSEL = A and BMULTSEL = B). For improved power characteristics, set DREG and ADREG to '1', tie CED, CEAD, and RSTD to logic '0'.
Related violations: <none>

AVAL-155#75 Advisory
enum_AMULTSEL_BMULTSEL_enum_DREG_ADREG_0_connects_CED_CEAD_RSTD_GND  
bd_0_i/hls_inst/inst/stage_bilateral_U0/grp_stage_bilateral_Pipeline_BILATERAL_OUT_VITIS_LOOP_243_4_fu_90/fmul_32ns_32ns_32_7_max_dsp_1_U1377/top_kernel_fmul_32ns_32ns_32_7_max_dsp_1_ip_u/U0/i_synth/MULT.OP/i_non_prim.R_AND_R/LAT_OPT.FULL.R_AND_R/DSP48E1_SGL_EXP_IP.OLD_ADD.ADD/i_no_versal_es1_workaround.DSP: DSP48E2 is not using the D port (AMULTSEL = A and BMULTSEL = B). For improved power characteristics, set DREG and ADREG to '1', tie CED, CEAD, and RSTD to logic '0'.
Related violations: <none>

AVAL-155#76 Advisory
enum_AMULTSEL_BMULTSEL_enum_DREG_ADREG_0_connects_CED_CEAD_RSTD_GND  
bd_0_i/hls_inst/inst/stage_bilateral_U0/grp_stage_bilateral_Pipeline_BILATERAL_OUT_VITIS_LOOP_243_4_fu_90/fmul_32ns_32ns_32_7_max_dsp_1_U1378/top_kernel_fmul_32ns_32ns_32_7_max_dsp_1_ip_u/U0/i_synth/MULT.OP/i_non_prim.MULT/DSP48E1_SPD_SGL_VARIANT.FIX_MULT/DSP1/i_no_versal_es1_workaround.DSP: DSP48E2 is not using the D port (AMULTSEL = A and BMULTSEL = B). For improved power characteristics, set DREG and ADREG to '1', tie CED, CEAD, and RSTD to logic '0'.
Related violations: <none>

AVAL-155#77 Advisory
enum_AMULTSEL_BMULTSEL_enum_DREG_ADREG_0_connects_CED_CEAD_RSTD_GND  
bd_0_i/hls_inst/inst/stage_bilateral_U0/grp_stage_bilateral_Pipeline_BILATERAL_OUT_VITIS_LOOP_243_4_fu_90/fmul_32ns_32ns_32_7_max_dsp_1_U1378/top_kernel_fmul_32ns_32ns_32_7_max_dsp_1_ip_u/U0/i_synth/MULT.OP/i_non_prim.MULT/DSP48E1_SPD_SGL_VARIANT.FIX_MULT/DSP2/i_no_versal_es1_workaround.DSP: DSP48E2 is not using the D port (AMULTSEL = A and BMULTSEL = B). For improved power characteristics, set DREG and ADREG to '1', tie CED, CEAD, and RSTD to logic '0'.
Related violations: <none>

AVAL-155#78 Advisory
enum_AMULTSEL_BMULTSEL_enum_DREG_ADREG_0_connects_CED_CEAD_RSTD_GND  
bd_0_i/hls_inst/inst/stage_bilateral_U0/grp_stage_bilateral_Pipeline_BILATERAL_OUT_VITIS_LOOP_243_4_fu_90/fmul_32ns_32ns_32_7_max_dsp_1_U1378/top_kernel_fmul_32ns_32ns_32_7_max_dsp_1_ip_u/U0/i_synth/MULT.OP/i_non_prim.R_AND_R/LAT_OPT.FULL.R_AND_R/DSP48E1_SGL_EXP_IP.OLD_ADD.ADD/i_no_versal_es1_workaround.DSP: DSP48E2 is not using the D port (AMULTSEL = A and BMULTSEL = B). For improved power characteristics, set DREG and ADREG to '1', tie CED, CEAD, and RSTD to logic '0'.
Related violations: <none>

AVAL-155#79 Advisory
enum_AMULTSEL_BMULTSEL_enum_DREG_ADREG_0_connects_CED_CEAD_RSTD_GND  
bd_0_i/hls_inst/inst/stage_bilateral_U0/grp_stage_bilateral_Pipeline_BILATERAL_OUT_VITIS_LOOP_243_4_fu_90/fmul_32ns_32ns_32_7_max_dsp_1_U1379/top_kernel_fmul_32ns_32ns_32_7_max_dsp_1_ip_u/U0/i_synth/MULT.OP/i_non_prim.MULT/DSP48E1_SPD_SGL_VARIANT.FIX_MULT/DSP1/i_no_versal_es1_workaround.DSP: DSP48E2 is not using the D port (AMULTSEL = A and BMULTSEL = B). For improved power characteristics, set DREG and ADREG to '1', tie CED, CEAD, and RSTD to logic '0'.
Related violations: <none>

AVAL-155#80 Advisory
enum_AMULTSEL_BMULTSEL_enum_DREG_ADREG_0_connects_CED_CEAD_RSTD_GND  
bd_0_i/hls_inst/inst/stage_bilateral_U0/grp_stage_bilateral_Pipeline_BILATERAL_OUT_VITIS_LOOP_243_4_fu_90/fmul_32ns_32ns_32_7_max_dsp_1_U1379/top_kernel_fmul_32ns_32ns_32_7_max_dsp_1_ip_u/U0/i_synth/MULT.OP/i_non_prim.MULT/DSP48E1_SPD_SGL_VARIANT.FIX_MULT/DSP2/i_no_versal_es1_workaround.DSP: DSP48E2 is not using the D port (AMULTSEL = A and BMULTSEL = B). For improved power characteristics, set DREG and ADREG to '1', tie CED, CEAD, and RSTD to logic '0'.
Related violations: <none>

AVAL-155#81 Advisory
enum_AMULTSEL_BMULTSEL_enum_DREG_ADREG_0_connects_CED_CEAD_RSTD_GND  
bd_0_i/hls_inst/inst/stage_bilateral_U0/grp_stage_bilateral_Pipeline_BILATERAL_OUT_VITIS_LOOP_243_4_fu_90/fmul_32ns_32ns_32_7_max_dsp_1_U1379/top_kernel_fmul_32ns_32ns_32_7_max_dsp_1_ip_u/U0/i_synth/MULT.OP/i_non_prim.R_AND_R/LAT_OPT.FULL.R_AND_R/DSP48E1_SGL_EXP_IP.OLD_ADD.ADD/i_no_versal_es1_workaround.DSP: DSP48E2 is not using the D port (AMULTSEL = A and BMULTSEL = B). For improved power characteristics, set DREG and ADREG to '1', tie CED, CEAD, and RSTD to logic '0'.
Related violations: <none>

AVAL-155#82 Advisory
enum_AMULTSEL_BMULTSEL_enum_DREG_ADREG_0_connects_CED_CEAD_RSTD_GND  
bd_0_i/hls_inst/inst/stage_bilateral_U0/grp_stage_bilateral_Pipeline_BILATERAL_OUT_VITIS_LOOP_243_4_fu_90/fmul_32ns_32ns_32_7_max_dsp_1_U1380/top_kernel_fmul_32ns_32ns_32_7_max_dsp_1_ip_u/U0/i_synth/MULT.OP/i_non_prim.MULT/DSP48E1_SPD_SGL_VARIANT.FIX_MULT/DSP1/i_no_versal_es1_workaround.DSP: DSP48E2 is not using the D port (AMULTSEL = A and BMULTSEL = B). For improved power characteristics, set DREG and ADREG to '1', tie CED, CEAD, and RSTD to logic '0'.
Related violations: <none>

AVAL-155#83 Advisory
enum_AMULTSEL_BMULTSEL_enum_DREG_ADREG_0_connects_CED_CEAD_RSTD_GND  
bd_0_i/hls_inst/inst/stage_bilateral_U0/grp_stage_bilateral_Pipeline_BILATERAL_OUT_VITIS_LOOP_243_4_fu_90/fmul_32ns_32ns_32_7_max_dsp_1_U1380/top_kernel_fmul_32ns_32ns_32_7_max_dsp_1_ip_u/U0/i_synth/MULT.OP/i_non_prim.MULT/DSP48E1_SPD_SGL_VARIANT.FIX_MULT/DSP2/i_no_versal_es1_workaround.DSP: DSP48E2 is not using the D port (AMULTSEL = A and BMULTSEL = B). For improved power characteristics, set DREG and ADREG to '1', tie CED, CEAD, and RSTD to logic '0'.
Related violations: <none>

AVAL-155#84 Advisory
enum_AMULTSEL_BMULTSEL_enum_DREG_ADREG_0_connects_CED_CEAD_RSTD_GND  
bd_0_i/hls_inst/inst/stage_bilateral_U0/grp_stage_bilateral_Pipeline_BILATERAL_OUT_VITIS_LOOP_243_4_fu_90/fmul_32ns_32ns_32_7_max_dsp_1_U1380/top_kernel_fmul_32ns_32ns_32_7_max_dsp_1_ip_u/U0/i_synth/MULT.OP/i_non_prim.R_AND_R/LAT_OPT.FULL.R_AND_R/DSP48E1_SGL_EXP_IP.OLD_ADD.ADD/i_no_versal_es1_workaround.DSP: DSP48E2 is not using the D port (AMULTSEL = A and BMULTSEL = B). For improved power characteristics, set DREG and ADREG to '1', tie CED, CEAD, and RSTD to logic '0'.
Related violations: <none>

AVAL-155#85 Advisory
enum_AMULTSEL_BMULTSEL_enum_DREG_ADREG_0_connects_CED_CEAD_RSTD_GND  
bd_0_i/hls_inst/inst/stage_bilateral_U0/grp_stage_bilateral_Pipeline_BILATERAL_OUT_VITIS_LOOP_243_4_fu_90/fmul_32ns_32ns_32_7_max_dsp_1_U1381/top_kernel_fmul_32ns_32ns_32_7_max_dsp_1_ip_u/U0/i_synth/MULT.OP/i_non_prim.MULT/DSP48E1_SPD_SGL_VARIANT.FIX_MULT/DSP1/i_no_versal_es1_workaround.DSP: DSP48E2 is not using the D port (AMULTSEL = A and BMULTSEL = B). For improved power characteristics, set DREG and ADREG to '1', tie CED, CEAD, and RSTD to logic '0'.
Related violations: <none>

AVAL-155#86 Advisory
enum_AMULTSEL_BMULTSEL_enum_DREG_ADREG_0_connects_CED_CEAD_RSTD_GND  
bd_0_i/hls_inst/inst/stage_bilateral_U0/grp_stage_bilateral_Pipeline_BILATERAL_OUT_VITIS_LOOP_243_4_fu_90/fmul_32ns_32ns_32_7_max_dsp_1_U1381/top_kernel_fmul_32ns_32ns_32_7_max_dsp_1_ip_u/U0/i_synth/MULT.OP/i_non_prim.MULT/DSP48E1_SPD_SGL_VARIANT.FIX_MULT/DSP2/i_no_versal_es1_workaround.DSP: DSP48E2 is not using the D port (AMULTSEL = A and BMULTSEL = B). For improved power characteristics, set DREG and ADREG to '1', tie CED, CEAD, and RSTD to logic '0'.
Related violations: <none>

AVAL-155#87 Advisory
enum_AMULTSEL_BMULTSEL_enum_DREG_ADREG_0_connects_CED_CEAD_RSTD_GND  
bd_0_i/hls_inst/inst/stage_bilateral_U0/grp_stage_bilateral_Pipeline_BILATERAL_OUT_VITIS_LOOP_243_4_fu_90/fmul_32ns_32ns_32_7_max_dsp_1_U1381/top_kernel_fmul_32ns_32ns_32_7_max_dsp_1_ip_u/U0/i_synth/MULT.OP/i_non_prim.R_AND_R/LAT_OPT.FULL.R_AND_R/DSP48E1_SGL_EXP_IP.OLD_ADD.ADD/i_no_versal_es1_workaround.DSP: DSP48E2 is not using the D port (AMULTSEL = A and BMULTSEL = B). For improved power characteristics, set DREG and ADREG to '1', tie CED, CEAD, and RSTD to logic '0'.
Related violations: <none>

AVAL-155#88 Advisory
enum_AMULTSEL_BMULTSEL_enum_DREG_ADREG_0_connects_CED_CEAD_RSTD_GND  
bd_0_i/hls_inst/inst/stage_bilateral_U0/grp_stage_bilateral_Pipeline_BILATERAL_OUT_VITIS_LOOP_243_4_fu_90/fmul_32ns_32ns_32_7_max_dsp_1_U1382/top_kernel_fmul_32ns_32ns_32_7_max_dsp_1_ip_u/U0/i_synth/MULT.OP/i_non_prim.MULT/DSP48E1_SPD_SGL_VARIANT.FIX_MULT/DSP1/i_no_versal_es1_workaround.DSP: DSP48E2 is not using the D port (AMULTSEL = A and BMULTSEL = B). For improved power characteristics, set DREG and ADREG to '1', tie CED, CEAD, and RSTD to logic '0'.
Related violations: <none>

AVAL-155#89 Advisory
enum_AMULTSEL_BMULTSEL_enum_DREG_ADREG_0_connects_CED_CEAD_RSTD_GND  
bd_0_i/hls_inst/inst/stage_bilateral_U0/grp_stage_bilateral_Pipeline_BILATERAL_OUT_VITIS_LOOP_243_4_fu_90/fmul_32ns_32ns_32_7_max_dsp_1_U1382/top_kernel_fmul_32ns_32ns_32_7_max_dsp_1_ip_u/U0/i_synth/MULT.OP/i_non_prim.MULT/DSP48E1_SPD_SGL_VARIANT.FIX_MULT/DSP2/i_no_versal_es1_workaround.DSP: DSP48E2 is not using the D port (AMULTSEL = A and BMULTSEL = B). For improved power characteristics, set DREG and ADREG to '1', tie CED, CEAD, and RSTD to logic '0'.
Related violations: <none>

AVAL-155#90 Advisory
enum_AMULTSEL_BMULTSEL_enum_DREG_ADREG_0_connects_CED_CEAD_RSTD_GND  
bd_0_i/hls_inst/inst/stage_bilateral_U0/grp_stage_bilateral_Pipeline_BILATERAL_OUT_VITIS_LOOP_243_4_fu_90/fmul_32ns_32ns_32_7_max_dsp_1_U1382/top_kernel_fmul_32ns_32ns_32_7_max_dsp_1_ip_u/U0/i_synth/MULT.OP/i_non_prim.R_AND_R/LAT_OPT.FULL.R_AND_R/DSP48E1_SGL_EXP_IP.OLD_ADD.ADD/i_no_versal_es1_workaround.DSP: DSP48E2 is not using the D port (AMULTSEL = A and BMULTSEL = B). For improved power characteristics, set DREG and ADREG to '1', tie CED, CEAD, and RSTD to logic '0'.
Related violations: <none>

AVAL-155#91 Advisory
enum_AMULTSEL_BMULTSEL_enum_DREG_ADREG_0_connects_CED_CEAD_RSTD_GND  
bd_0_i/hls_inst/inst/stage_bilateral_U0/grp_stage_bilateral_Pipeline_BILATERAL_OUT_VITIS_LOOP_243_4_fu_90/fmul_32ns_32ns_32_7_max_dsp_1_U1383/top_kernel_fmul_32ns_32ns_32_7_max_dsp_1_ip_u/U0/i_synth/MULT.OP/i_non_prim.MULT/DSP48E1_SPD_SGL_VARIANT.FIX_MULT/DSP1/i_no_versal_es1_workaround.DSP: DSP48E2 is not using the D port (AMULTSEL = A and BMULTSEL = B). For improved power characteristics, set DREG and ADREG to '1', tie CED, CEAD, and RSTD to logic '0'.
Related violations: <none>

AVAL-155#92 Advisory
enum_AMULTSEL_BMULTSEL_enum_DREG_ADREG_0_connects_CED_CEAD_RSTD_GND  
bd_0_i/hls_inst/inst/stage_bilateral_U0/grp_stage_bilateral_Pipeline_BILATERAL_OUT_VITIS_LOOP_243_4_fu_90/fmul_32ns_32ns_32_7_max_dsp_1_U1383/top_kernel_fmul_32ns_32ns_32_7_max_dsp_1_ip_u/U0/i_synth/MULT.OP/i_non_prim.MULT/DSP48E1_SPD_SGL_VARIANT.FIX_MULT/DSP2/i_no_versal_es1_workaround.DSP: DSP48E2 is not using the D port (AMULTSEL = A and BMULTSEL = B). For improved power characteristics, set DREG and ADREG to '1', tie CED, CEAD, and RSTD to logic '0'.
Related violations: <none>

AVAL-155#93 Advisory
enum_AMULTSEL_BMULTSEL_enum_DREG_ADREG_0_connects_CED_CEAD_RSTD_GND  
bd_0_i/hls_inst/inst/stage_bilateral_U0/grp_stage_bilateral_Pipeline_BILATERAL_OUT_VITIS_LOOP_243_4_fu_90/fmul_32ns_32ns_32_7_max_dsp_1_U1383/top_kernel_fmul_32ns_32ns_32_7_max_dsp_1_ip_u/U0/i_synth/MULT.OP/i_non_prim.R_AND_R/LAT_OPT.FULL.R_AND_R/DSP48E1_SGL_EXP_IP.OLD_ADD.ADD/i_no_versal_es1_workaround.DSP: DSP48E2 is not using the D port (AMULTSEL = A and BMULTSEL = B). For improved power characteristics, set DREG and ADREG to '1', tie CED, CEAD, and RSTD to logic '0'.
Related violations: <none>

AVAL-155#94 Advisory
enum_AMULTSEL_BMULTSEL_enum_DREG_ADREG_0_connects_CED_CEAD_RSTD_GND  
bd_0_i/hls_inst/inst/stage_bilateral_U0/grp_stage_bilateral_Pipeline_BILATERAL_OUT_VITIS_LOOP_243_4_fu_90/fmul_32ns_32ns_32_7_max_dsp_1_U1384/top_kernel_fmul_32ns_32ns_32_7_max_dsp_1_ip_u/U0/i_synth/MULT.OP/i_non_prim.MULT/DSP48E1_SPD_SGL_VARIANT.FIX_MULT/DSP1/i_no_versal_es1_workaround.DSP: DSP48E2 is not using the D port (AMULTSEL = A and BMULTSEL = B). For improved power characteristics, set DREG and ADREG to '1', tie CED, CEAD, and RSTD to logic '0'.
Related violations: <none>

AVAL-155#95 Advisory
enum_AMULTSEL_BMULTSEL_enum_DREG_ADREG_0_connects_CED_CEAD_RSTD_GND  
bd_0_i/hls_inst/inst/stage_bilateral_U0/grp_stage_bilateral_Pipeline_BILATERAL_OUT_VITIS_LOOP_243_4_fu_90/fmul_32ns_32ns_32_7_max_dsp_1_U1384/top_kernel_fmul_32ns_32ns_32_7_max_dsp_1_ip_u/U0/i_synth/MULT.OP/i_non_prim.MULT/DSP48E1_SPD_SGL_VARIANT.FIX_MULT/DSP2/i_no_versal_es1_workaround.DSP: DSP48E2 is not using the D port (AMULTSEL = A and BMULTSEL = B). For improved power characteristics, set DREG and ADREG to '1', tie CED, CEAD, and RSTD to logic '0'.
Related violations: <none>

AVAL-155#96 Advisory
enum_AMULTSEL_BMULTSEL_enum_DREG_ADREG_0_connects_CED_CEAD_RSTD_GND  
bd_0_i/hls_inst/inst/stage_bilateral_U0/grp_stage_bilateral_Pipeline_BILATERAL_OUT_VITIS_LOOP_243_4_fu_90/fmul_32ns_32ns_32_7_max_dsp_1_U1384/top_kernel_fmul_32ns_32ns_32_7_max_dsp_1_ip_u/U0/i_synth/MULT.OP/i_non_prim.R_AND_R/LAT_OPT.FULL.R_AND_R/DSP48E1_SGL_EXP_IP.OLD_ADD.ADD/i_no_versal_es1_workaround.DSP: DSP48E2 is not using the D port (AMULTSEL = A and BMULTSEL = B). For improved power characteristics, set DREG and ADREG to '1', tie CED, CEAD, and RSTD to logic '0'.
Related violations: <none>

AVAL-155#97 Advisory
enum_AMULTSEL_BMULTSEL_enum_DREG_ADREG_0_connects_CED_CEAD_RSTD_GND  
bd_0_i/hls_inst/inst/stage_bilateral_U0/grp_stage_bilateral_Pipeline_BILATERAL_OUT_VITIS_LOOP_243_4_fu_90/fsub_32ns_32ns_32_10_full_dsp_1_U1335/top_kernel_fsub_32ns_32ns_32_10_full_dsp_1_ip_u/U0/i_synth/ADDSUB_OP.ADDSUB/DSP.OP/DSP48E1_BODY.NORM_RND/FULL_USAGE_DSP.SHIFT_RND/i_no_versal_es1_workaround.DSP: DSP48E2 is not using the D port (AMULTSEL = A and BMULTSEL = B). For improved power characteristics, set DREG and ADREG to '1', tie CED, CEAD, and RSTD to logic '0'.
Related violations: <none>

AVAL-155#98 Advisory
enum_AMULTSEL_BMULTSEL_enum_DREG_ADREG_0_connects_CED_CEAD_RSTD_GND  
bd_0_i/hls_inst/inst/stage_bilateral_U0/grp_stage_bilateral_Pipeline_BILATERAL_OUT_VITIS_LOOP_243_4_fu_90/fsub_32ns_32ns_32_10_full_dsp_1_U1336/top_kernel_fsub_32ns_32ns_32_10_full_dsp_1_ip_u/U0/i_synth/ADDSUB_OP.ADDSUB/DSP.OP/DSP48E1_BODY.NORM_RND/FULL_USAGE_DSP.SHIFT_RND/i_no_versal_es1_workaround.DSP: DSP48E2 is not using the D port (AMULTSEL = A and BMULTSEL = B). For improved power characteristics, set DREG and ADREG to '1', tie CED, CEAD, and RSTD to logic '0'.
Related violations: <none>

AVAL-155#99 Advisory
enum_AMULTSEL_BMULTSEL_enum_DREG_ADREG_0_connects_CED_CEAD_RSTD_GND  
bd_0_i/hls_inst/inst/stage_bilateral_U0/grp_stage_bilateral_Pipeline_BILATERAL_OUT_VITIS_LOOP_243_4_fu_90/fsub_32ns_32ns_32_10_full_dsp_1_U1337/top_kernel_fsub_32ns_32ns_32_10_full_dsp_1_ip_u/U0/i_synth/ADDSUB_OP.ADDSUB/DSP.OP/DSP48E1_BODY.NORM_RND/FULL_USAGE_DSP.SHIFT_RND/i_no_versal_es1_workaround.DSP: DSP48E2 is not using the D port (AMULTSEL = A and BMULTSEL = B). For improved power characteristics, set DREG and ADREG to '1', tie CED, CEAD, and RSTD to logic '0'.
Related violations: <none>

AVAL-155#100 Advisory
enum_AMULTSEL_BMULTSEL_enum_DREG_ADREG_0_connects_CED_CEAD_RSTD_GND  
bd_0_i/hls_inst/inst/stage_bilateral_U0/grp_stage_bilateral_Pipeline_BILATERAL_OUT_VITIS_LOOP_243_4_fu_90/fsub_32ns_32ns_32_10_full_dsp_1_U1338/top_kernel_fsub_32ns_32ns_32_10_full_dsp_1_ip_u/U0/i_synth/ADDSUB_OP.ADDSUB/DSP.OP/DSP48E1_BODY.NORM_RND/FULL_USAGE_DSP.SHIFT_RND/i_no_versal_es1_workaround.DSP: DSP48E2 is not using the D port (AMULTSEL = A and BMULTSEL = B). For improved power characteristics, set DREG and ADREG to '1', tie CED, CEAD, and RSTD to logic '0'.
Related violations: <none>

AVAL-155#101 Advisory
enum_AMULTSEL_BMULTSEL_enum_DREG_ADREG_0_connects_CED_CEAD_RSTD_GND  
bd_0_i/hls_inst/inst/stage_bilateral_U0/grp_stage_bilateral_Pipeline_BILATERAL_OUT_VITIS_LOOP_243_4_fu_90/fsub_32ns_32ns_32_10_full_dsp_1_U1339/top_kernel_fsub_32ns_32ns_32_10_full_dsp_1_ip_u/U0/i_synth/ADDSUB_OP.ADDSUB/DSP.OP/DSP48E1_BODY.NORM_RND/FULL_USAGE_DSP.SHIFT_RND/i_no_versal_es1_workaround.DSP: DSP48E2 is not using the D port (AMULTSEL = A and BMULTSEL = B). For improved power characteristics, set DREG and ADREG to '1', tie CED, CEAD, and RSTD to logic '0'.
Related violations: <none>

AVAL-155#102 Advisory
enum_AMULTSEL_BMULTSEL_enum_DREG_ADREG_0_connects_CED_CEAD_RSTD_GND  
bd_0_i/hls_inst/inst/stage_bilateral_U0/grp_stage_bilateral_Pipeline_BILATERAL_OUT_VITIS_LOOP_243_4_fu_90/fsub_32ns_32ns_32_10_full_dsp_1_U1340/top_kernel_fsub_32ns_32ns_32_10_full_dsp_1_ip_u/U0/i_synth/ADDSUB_OP.ADDSUB/DSP.OP/DSP48E1_BODY.NORM_RND/FULL_USAGE_DSP.SHIFT_RND/i_no_versal_es1_workaround.DSP: DSP48E2 is not using the D port (AMULTSEL = A and BMULTSEL = B). For improved power characteristics, set DREG and ADREG to '1', tie CED, CEAD, and RSTD to logic '0'.
Related violations: <none>

AVAL-155#103 Advisory
enum_AMULTSEL_BMULTSEL_enum_DREG_ADREG_0_connects_CED_CEAD_RSTD_GND  
bd_0_i/hls_inst/inst/stage_bilateral_U0/grp_stage_bilateral_Pipeline_BILATERAL_OUT_VITIS_LOOP_243_4_fu_90/fsub_32ns_32ns_32_10_full_dsp_1_U1341/top_kernel_fsub_32ns_32ns_32_10_full_dsp_1_ip_u/U0/i_synth/ADDSUB_OP.ADDSUB/DSP.OP/DSP48E1_BODY.NORM_RND/FULL_USAGE_DSP.SHIFT_RND/i_no_versal_es1_workaround.DSP: DSP48E2 is not using the D port (AMULTSEL = A and BMULTSEL = B). For improved power characteristics, set DREG and ADREG to '1', tie CED, CEAD, and RSTD to logic '0'.
Related violations: <none>

AVAL-155#104 Advisory
enum_AMULTSEL_BMULTSEL_enum_DREG_ADREG_0_connects_CED_CEAD_RSTD_GND  
bd_0_i/hls_inst/inst/stage_bilateral_U0/grp_stage_bilateral_Pipeline_BILATERAL_OUT_VITIS_LOOP_243_4_fu_90/fsub_32ns_32ns_32_10_full_dsp_1_U1342/top_kernel_fsub_32ns_32ns_32_10_full_dsp_1_ip_u/U0/i_synth/ADDSUB_OP.ADDSUB/DSP.OP/DSP48E1_BODY.NORM_RND/FULL_USAGE_DSP.SHIFT_RND/i_no_versal_es1_workaround.DSP: DSP48E2 is not using the D port (AMULTSEL = A and BMULTSEL = B). For improved power characteristics, set DREG and ADREG to '1', tie CED, CEAD, and RSTD to logic '0'.
Related violations: <none>

AVAL-155#105 Advisory
enum_AMULTSEL_BMULTSEL_enum_DREG_ADREG_0_connects_CED_CEAD_RSTD_GND  
bd_0_i/hls_inst/inst/stage_bilateral_U0/grp_stage_bilateral_Pipeline_BILATERAL_OUT_VITIS_LOOP_243_4_fu_90/fsub_32ns_32ns_32_10_full_dsp_1_U1343/top_kernel_fsub_32ns_32ns_32_10_full_dsp_1_ip_u/U0/i_synth/ADDSUB_OP.ADDSUB/DSP.OP/DSP48E1_BODY.NORM_RND/FULL_USAGE_DSP.SHIFT_RND/i_no_versal_es1_workaround.DSP: DSP48E2 is not using the D port (AMULTSEL = A and BMULTSEL = B). For improved power characteristics, set DREG and ADREG to '1', tie CED, CEAD, and RSTD to logic '0'.
Related violations: <none>

AVAL-155#106 Advisory
enum_AMULTSEL_BMULTSEL_enum_DREG_ADREG_0_connects_CED_CEAD_RSTD_GND  
bd_0_i/hls_inst/inst/stage_bilateral_U0/grp_stage_bilateral_Pipeline_BILATERAL_OUT_VITIS_LOOP_243_4_fu_90/fsub_32ns_32ns_32_10_full_dsp_1_U1344/top_kernel_fsub_32ns_32ns_32_10_full_dsp_1_ip_u/U0/i_synth/ADDSUB_OP.ADDSUB/DSP.OP/DSP48E1_BODY.NORM_RND/FULL_USAGE_DSP.SHIFT_RND/i_no_versal_es1_workaround.DSP: DSP48E2 is not using the D port (AMULTSEL = A and BMULTSEL = B). For improved power characteristics, set DREG and ADREG to '1', tie CED, CEAD, and RSTD to logic '0'.
Related violations: <none>

AVAL-155#107 Advisory
enum_AMULTSEL_BMULTSEL_enum_DREG_ADREG_0_connects_CED_CEAD_RSTD_GND  
bd_0_i/hls_inst/inst/stage_bilateral_U0/grp_stage_bilateral_Pipeline_BILATERAL_OUT_VITIS_LOOP_243_4_fu_90/fsub_32ns_32ns_32_10_full_dsp_1_U1345/top_kernel_fsub_32ns_32ns_32_10_full_dsp_1_ip_u/U0/i_synth/ADDSUB_OP.ADDSUB/DSP.OP/DSP48E1_BODY.NORM_RND/FULL_USAGE_DSP.SHIFT_RND/i_no_versal_es1_workaround.DSP: DSP48E2 is not using the D port (AMULTSEL = A and BMULTSEL = B). For improved power characteristics, set DREG and ADREG to '1', tie CED, CEAD, and RSTD to logic '0'.
Related violations: <none>

AVAL-155#108 Advisory
enum_AMULTSEL_BMULTSEL_enum_DREG_ADREG_0_connects_CED_CEAD_RSTD_GND  
bd_0_i/hls_inst/inst/stage_bilateral_U0/grp_stage_bilateral_Pipeline_BILATERAL_OUT_VITIS_LOOP_243_4_fu_90/fsub_32ns_32ns_32_10_full_dsp_1_U1346/top_kernel_fsub_32ns_32ns_32_10_full_dsp_1_ip_u/U0/i_synth/ADDSUB_OP.ADDSUB/DSP.OP/DSP48E1_BODY.NORM_RND/FULL_USAGE_DSP.SHIFT_RND/i_no_versal_es1_workaround.DSP: DSP48E2 is not using the D port (AMULTSEL = A and BMULTSEL = B). For improved power characteristics, set DREG and ADREG to '1', tie CED, CEAD, and RSTD to logic '0'.
Related violations: <none>

AVAL-155#109 Advisory
enum_AMULTSEL_BMULTSEL_enum_DREG_ADREG_0_connects_CED_CEAD_RSTD_GND  
bd_0_i/hls_inst/inst/stage_bilateral_U0/grp_stage_bilateral_Pipeline_BILATERAL_OUT_VITIS_LOOP_243_4_fu_90/fsub_32ns_32ns_32_10_full_dsp_1_U1347/top_kernel_fsub_32ns_32ns_32_10_full_dsp_1_ip_u/U0/i_synth/ADDSUB_OP.ADDSUB/DSP.OP/DSP48E1_BODY.NORM_RND/FULL_USAGE_DSP.SHIFT_RND/i_no_versal_es1_workaround.DSP: DSP48E2 is not using the D port (AMULTSEL = A and BMULTSEL = B). For improved power characteristics, set DREG and ADREG to '1', tie CED, CEAD, and RSTD to logic '0'.
Related violations: <none>

AVAL-155#110 Advisory
enum_AMULTSEL_BMULTSEL_enum_DREG_ADREG_0_connects_CED_CEAD_RSTD_GND  
bd_0_i/hls_inst/inst/stage_bilateral_U0/grp_stage_bilateral_Pipeline_BILATERAL_OUT_VITIS_LOOP_243_4_fu_90/fsub_32ns_32ns_32_10_full_dsp_1_U1348/top_kernel_fsub_32ns_32ns_32_10_full_dsp_1_ip_u/U0/i_synth/ADDSUB_OP.ADDSUB/DSP.OP/DSP48E1_BODY.NORM_RND/FULL_USAGE_DSP.SHIFT_RND/i_no_versal_es1_workaround.DSP: DSP48E2 is not using the D port (AMULTSEL = A and BMULTSEL = B). For improved power characteristics, set DREG and ADREG to '1', tie CED, CEAD, and RSTD to logic '0'.
Related violations: <none>

AVAL-155#111 Advisory
enum_AMULTSEL_BMULTSEL_enum_DREG_ADREG_0_connects_CED_CEAD_RSTD_GND  
bd_0_i/hls_inst/inst/stage_bilateral_U0/grp_stage_bilateral_Pipeline_BILATERAL_OUT_VITIS_LOOP_243_4_fu_90/fsub_32ns_32ns_32_10_full_dsp_1_U1349/top_kernel_fsub_32ns_32ns_32_10_full_dsp_1_ip_u/U0/i_synth/ADDSUB_OP.ADDSUB/DSP.OP/DSP48E1_BODY.NORM_RND/FULL_USAGE_DSP.SHIFT_RND/i_no_versal_es1_workaround.DSP: DSP48E2 is not using the D port (AMULTSEL = A and BMULTSEL = B). For improved power characteristics, set DREG and ADREG to '1', tie CED, CEAD, and RSTD to logic '0'.
Related violations: <none>

AVAL-155#112 Advisory
enum_AMULTSEL_BMULTSEL_enum_DREG_ADREG_0_connects_CED_CEAD_RSTD_GND  
bd_0_i/hls_inst/inst/stage_bilateral_U0/grp_stage_bilateral_Pipeline_BILATERAL_OUT_VITIS_LOOP_243_4_fu_90/fsub_32ns_32ns_32_10_full_dsp_1_U1350/top_kernel_fsub_32ns_32ns_32_10_full_dsp_1_ip_u/U0/i_synth/ADDSUB_OP.ADDSUB/DSP.OP/DSP48E1_BODY.NORM_RND/FULL_USAGE_DSP.SHIFT_RND/i_no_versal_es1_workaround.DSP: DSP48E2 is not using the D port (AMULTSEL = A and BMULTSEL = B). For improved power characteristics, set DREG and ADREG to '1', tie CED, CEAD, and RSTD to logic '0'.
Related violations: <none>

AVAL-155#113 Advisory
enum_AMULTSEL_BMULTSEL_enum_DREG_ADREG_0_connects_CED_CEAD_RSTD_GND  
bd_0_i/hls_inst/inst/stage_bilateral_U0/grp_stage_bilateral_Pipeline_BILATERAL_OUT_VITIS_LOOP_243_4_fu_90/fsub_32ns_32ns_32_10_full_dsp_1_U1351/top_kernel_fsub_32ns_32ns_32_10_full_dsp_1_ip_u/U0/i_synth/ADDSUB_OP.ADDSUB/DSP.OP/DSP48E1_BODY.NORM_RND/FULL_USAGE_DSP.SHIFT_RND/i_no_versal_es1_workaround.DSP: DSP48E2 is not using the D port (AMULTSEL = A and BMULTSEL = B). For improved power characteristics, set DREG and ADREG to '1', tie CED, CEAD, and RSTD to logic '0'.
Related violations: <none>

AVAL-155#114 Advisory
enum_AMULTSEL_BMULTSEL_enum_DREG_ADREG_0_connects_CED_CEAD_RSTD_GND  
bd_0_i/hls_inst/inst/stage_bilateral_U0/grp_stage_bilateral_Pipeline_BILATERAL_OUT_VITIS_LOOP_243_4_fu_90/fsub_32ns_32ns_32_10_full_dsp_1_U1352/top_kernel_fsub_32ns_32ns_32_10_full_dsp_1_ip_u/U0/i_synth/ADDSUB_OP.ADDSUB/DSP.OP/DSP48E1_BODY.NORM_RND/FULL_USAGE_DSP.SHIFT_RND/i_no_versal_es1_workaround.DSP: DSP48E2 is not using the D port (AMULTSEL = A and BMULTSEL = B). For improved power characteristics, set DREG and ADREG to '1', tie CED, CEAD, and RSTD to logic '0'.
Related violations: <none>

AVAL-155#115 Advisory
enum_AMULTSEL_BMULTSEL_enum_DREG_ADREG_0_connects_CED_CEAD_RSTD_GND  
bd_0_i/hls_inst/inst/stage_rgb2eq_U0/faddfsub_32ns_32ns_32_10_full_dsp_1_U1082/top_kernel_faddfsub_32ns_32ns_32_10_full_dsp_1_ip_u/U0/i_synth/ADDSUB_OP.ADDSUB/DSP.OP/DSP48E1_BODY.NORM_RND/FULL_USAGE_DSP.SHIFT_RND/i_no_versal_es1_workaround.DSP: DSP48E2 is not using the D port (AMULTSEL = A and BMULTSEL = B). For improved power characteristics, set DREG and ADREG to '1', tie CED, CEAD, and RSTD to logic '0'.
Related violations: <none>

AVAL-155#116 Advisory
enum_AMULTSEL_BMULTSEL_enum_DREG_ADREG_0_connects_CED_CEAD_RSTD_GND  
bd_0_i/hls_inst/inst/stage_rgb2eq_U0/fmul_32ns_32ns_32_7_max_dsp_1_U1084/top_kernel_fmul_32ns_32ns_32_7_max_dsp_1_ip_u/U0/i_synth/MULT.OP/i_non_prim.MULT/DSP48E1_SPD_SGL_VARIANT.FIX_MULT/DSP1/i_no_versal_es1_workaround.DSP: DSP48E2 is not using the D port (AMULTSEL = A and BMULTSEL = B). For improved power characteristics, set DREG and ADREG to '1', tie CED, CEAD, and RSTD to logic '0'.
Related violations: <none>

AVAL-155#117 Advisory
enum_AMULTSEL_BMULTSEL_enum_DREG_ADREG_0_connects_CED_CEAD_RSTD_GND  
bd_0_i/hls_inst/inst/stage_rgb2eq_U0/fmul_32ns_32ns_32_7_max_dsp_1_U1084/top_kernel_fmul_32ns_32ns_32_7_max_dsp_1_ip_u/U0/i_synth/MULT.OP/i_non_prim.MULT/DSP48E1_SPD_SGL_VARIANT.FIX_MULT/DSP2/i_no_versal_es1_workaround.DSP: DSP48E2 is not using the D port (AMULTSEL = A and BMULTSEL = B). For improved power characteristics, set DREG and ADREG to '1', tie CED, CEAD, and RSTD to logic '0'.
Related violations: <none>

AVAL-155#118 Advisory
enum_AMULTSEL_BMULTSEL_enum_DREG_ADREG_0_connects_CED_CEAD_RSTD_GND  
bd_0_i/hls_inst/inst/stage_rgb2eq_U0/fmul_32ns_32ns_32_7_max_dsp_1_U1084/top_kernel_fmul_32ns_32ns_32_7_max_dsp_1_ip_u/U0/i_synth/MULT.OP/i_non_prim.R_AND_R/LAT_OPT.FULL.R_AND_R/DSP48E1_SGL_EXP_IP.OLD_ADD.ADD/i_no_versal_es1_workaround.DSP: DSP48E2 is not using the D port (AMULTSEL = A and BMULTSEL = B). For improved power characteristics, set DREG and ADREG to '1', tie CED, CEAD, and RSTD to logic '0'.
Related violations: <none>

AVAL-155#119 Advisory
enum_AMULTSEL_BMULTSEL_enum_DREG_ADREG_0_connects_CED_CEAD_RSTD_GND  
bd_0_i/hls_inst/inst/stage_rgb2eq_U0/grp_stage_rgb2eq_Pipeline_PASS1_fu_2149/fadd_32ns_32ns_32_10_full_dsp_1_U4/top_kernel_fadd_32ns_32ns_32_10_full_dsp_1_ip_u/U0/i_synth/ADDSUB_OP.ADDSUB/DSP.OP/DSP48E1_BODY.NORM_RND/FULL_USAGE_DSP.SHIFT_RND/i_no_versal_es1_workaround.DSP: DSP48E2 is not using the D port (AMULTSEL = A and BMULTSEL = B). For improved power characteristics, set DREG and ADREG to '1', tie CED, CEAD, and RSTD to logic '0'.
Related violations: <none>

AVAL-155#120 Advisory
enum_AMULTSEL_BMULTSEL_enum_DREG_ADREG_0_connects_CED_CEAD_RSTD_GND  
bd_0_i/hls_inst/inst/stage_rgb2eq_U0/grp_stage_rgb2eq_Pipeline_PASS1_fu_2149/fmul_32ns_32ns_32_7_max_dsp_1_U6/top_kernel_fmul_32ns_32ns_32_7_max_dsp_1_ip_u/U0/i_synth/MULT.OP/i_non_prim.MULT/DSP48E1_SPD_SGL_VARIANT.FIX_MULT/DSP1/i_no_versal_es1_workaround.DSP: DSP48E2 is not using the D port (AMULTSEL = A and BMULTSEL = B). For improved power characteristics, set DREG and ADREG to '1', tie CED, CEAD, and RSTD to logic '0'.
Related violations: <none>

AVAL-155#121 Advisory
enum_AMULTSEL_BMULTSEL_enum_DREG_ADREG_0_connects_CED_CEAD_RSTD_GND  
bd_0_i/hls_inst/inst/stage_rgb2eq_U0/grp_stage_rgb2eq_Pipeline_PASS1_fu_2149/fmul_32ns_32ns_32_7_max_dsp_1_U6/top_kernel_fmul_32ns_32ns_32_7_max_dsp_1_ip_u/U0/i_synth/MULT.OP/i_non_prim.MULT/DSP48E1_SPD_SGL_VARIANT.FIX_MULT/DSP2/i_no_versal_es1_workaround.DSP: DSP48E2 is not using the D port (AMULTSEL = A and BMULTSEL = B). For improved power characteristics, set DREG and ADREG to '1', tie CED, CEAD, and RSTD to logic '0'.
Related violations: <none>

AVAL-155#122 Advisory
enum_AMULTSEL_BMULTSEL_enum_DREG_ADREG_0_connects_CED_CEAD_RSTD_GND  
bd_0_i/hls_inst/inst/stage_rgb2eq_U0/grp_stage_rgb2eq_Pipeline_PASS1_fu_2149/fmul_32ns_32ns_32_7_max_dsp_1_U6/top_kernel_fmul_32ns_32ns_32_7_max_dsp_1_ip_u/U0/i_synth/MULT.OP/i_non_prim.R_AND_R/LAT_OPT.FULL.R_AND_R/DSP48E1_SGL_EXP_IP.OLD_ADD.ADD/i_no_versal_es1_workaround.DSP: DSP48E2 is not using the D port (AMULTSEL = A and BMULTSEL = B). For improved power characteristics, set DREG and ADREG to '1', tie CED, CEAD, and RSTD to logic '0'.
Related violations: <none>

AVAL-155#123 Advisory
enum_AMULTSEL_BMULTSEL_enum_DREG_ADREG_0_connects_CED_CEAD_RSTD_GND  
bd_0_i/hls_inst/inst/stage_rgb2eq_U0/grp_stage_rgb2eq_Pipeline_PASS1_fu_2149/fmul_32ns_32ns_32_7_max_dsp_1_U7/top_kernel_fmul_32ns_32ns_32_7_max_dsp_1_ip_u/U0/i_synth/MULT.OP/i_non_prim.MULT/DSP48E1_SPD_SGL_VARIANT.FIX_MULT/DSP1/i_no_versal_es1_workaround.DSP: DSP48E2 is not using the D port (AMULTSEL = A and BMULTSEL = B). For improved power characteristics, set DREG and ADREG to '1', tie CED, CEAD, and RSTD to logic '0'.
Related violations: <none>

AVAL-155#124 Advisory
enum_AMULTSEL_BMULTSEL_enum_DREG_ADREG_0_connects_CED_CEAD_RSTD_GND  
bd_0_i/hls_inst/inst/stage_rgb2eq_U0/grp_stage_rgb2eq_Pipeline_PASS1_fu_2149/fmul_32ns_32ns_32_7_max_dsp_1_U7/top_kernel_fmul_32ns_32ns_32_7_max_dsp_1_ip_u/U0/i_synth/MULT.OP/i_non_prim.MULT/DSP48E1_SPD_SGL_VARIANT.FIX_MULT/DSP2/i_no_versal_es1_workaround.DSP: DSP48E2 is not using the D port (AMULTSEL = A and BMULTSEL = B). For improved power characteristics, set DREG and ADREG to '1', tie CED, CEAD, and RSTD to logic '0'.
Related violations: <none>

AVAL-155#125 Advisory
enum_AMULTSEL_BMULTSEL_enum_DREG_ADREG_0_connects_CED_CEAD_RSTD_GND  
bd_0_i/hls_inst/inst/stage_rgb2eq_U0/grp_stage_rgb2eq_Pipeline_PASS1_fu_2149/fmul_32ns_32ns_32_7_max_dsp_1_U7/top_kernel_fmul_32ns_32ns_32_7_max_dsp_1_ip_u/U0/i_synth/MULT.OP/i_non_prim.R_AND_R/LAT_OPT.FULL.R_AND_R/DSP48E1_SGL_EXP_IP.OLD_ADD.ADD/i_no_versal_es1_workaround.DSP: DSP48E2 is not using the D port (AMULTSEL = A and BMULTSEL = B). For improved power characteristics, set DREG and ADREG to '1', tie CED, CEAD, and RSTD to logic '0'.
Related violations: <none>

AVAL-155#126 Advisory
enum_AMULTSEL_BMULTSEL_enum_DREG_ADREG_0_connects_CED_CEAD_RSTD_GND  
bd_0_i/hls_inst/inst/stage_rgb2eq_U0/grp_stage_rgb2eq_Pipeline_PASS1_fu_2149/fmul_32ns_32ns_32_7_max_dsp_1_U8/top_kernel_fmul_32ns_32ns_32_7_max_dsp_1_ip_u/U0/i_synth/MULT.OP/i_non_prim.MULT/DSP48E1_SPD_SGL_VARIANT.FIX_MULT/DSP1/i_no_versal_es1_workaround.DSP: DSP48E2 is not using the D port (AMULTSEL = A and BMULTSEL = B). For improved power characteristics, set DREG and ADREG to '1', tie CED, CEAD, and RSTD to logic '0'.
Related violations: <none>

AVAL-155#127 Advisory
enum_AMULTSEL_BMULTSEL_enum_DREG_ADREG_0_connects_CED_CEAD_RSTD_GND  
bd_0_i/hls_inst/inst/stage_rgb2eq_U0/grp_stage_rgb2eq_Pipeline_PASS1_fu_2149/fmul_32ns_32ns_32_7_max_dsp_1_U8/top_kernel_fmul_32ns_32ns_32_7_max_dsp_1_ip_u/U0/i_synth/MULT.OP/i_non_prim.MULT/DSP48E1_SPD_SGL_VARIANT.FIX_MULT/DSP2/i_no_versal_es1_workaround.DSP: DSP48E2 is not using the D port (AMULTSEL = A and BMULTSEL = B). For improved power characteristics, set DREG and ADREG to '1', tie CED, CEAD, and RSTD to logic '0'.
Related violations: <none>

AVAL-155#128 Advisory
enum_AMULTSEL_BMULTSEL_enum_DREG_ADREG_0_connects_CED_CEAD_RSTD_GND  
bd_0_i/hls_inst/inst/stage_rgb2eq_U0/grp_stage_rgb2eq_Pipeline_PASS1_fu_2149/fmul_32ns_32ns_32_7_max_dsp_1_U8/top_kernel_fmul_32ns_32ns_32_7_max_dsp_1_ip_u/U0/i_synth/MULT.OP/i_non_prim.R_AND_R/LAT_OPT.FULL.R_AND_R/DSP48E1_SGL_EXP_IP.OLD_ADD.ADD/i_no_versal_es1_workaround.DSP: DSP48E2 is not using the D port (AMULTSEL = A and BMULTSEL = B). For improved power characteristics, set DREG and ADREG to '1', tie CED, CEAD, and RSTD to logic '0'.
Related violations: <none>

AVAL-156#1 Advisory
enum_USE_MULT_NONE__enum_DREG_ADREG_0_connects_CED_CEAD_RSTD_GND  
bd_0_i/hls_inst/inst/stage_bilateral_U0/grp_stage_bilateral_Pipeline_BILATERAL_OUT_VITIS_LOOP_243_4_fu_90/fmul_32ns_32ns_32_7_max_dsp_1_U1353/top_kernel_fmul_32ns_32ns_32_7_max_dsp_1_ip_u/U0/i_synth/MULT.OP/i_non_prim.R_AND_R/LAT_OPT.FULL.R_AND_R/DSP48E1_SGL_EXP_IP.OLD_ADD.ADD/i_no_versal_es1_workaround.DSP: DSP48E2 is not using the Multiplier (USE_MULT = NONE). For improved power characteristics, set DREG and ADREG to '1', tie CED, CEAD, and RSTD to logic '0'.
Related violations: <none>

AVAL-156#2 Advisory
enum_USE_MULT_NONE__enum_DREG_ADREG_0_connects_CED_CEAD_RSTD_GND  
bd_0_i/hls_inst/inst/stage_bilateral_U0/grp_stage_bilateral_Pipeline_BILATERAL_OUT_VITIS_LOOP_243_4_fu_90/fmul_32ns_32ns_32_7_max_dsp_1_U1354/top_kernel_fmul_32ns_32ns_32_7_max_dsp_1_ip_u/U0/i_synth/MULT.OP/i_non_prim.R_AND_R/LAT_OPT.FULL.R_AND_R/DSP48E1_SGL_EXP_IP.OLD_ADD.ADD/i_no_versal_es1_workaround.DSP: DSP48E2 is not using the Multiplier (USE_MULT = NONE). For improved power characteristics, set DREG and ADREG to '1', tie CED, CEAD, and RSTD to logic '0'.
Related violations: <none>

AVAL-156#3 Advisory
enum_USE_MULT_NONE__enum_DREG_ADREG_0_connects_CED_CEAD_RSTD_GND  
bd_0_i/hls_inst/inst/stage_bilateral_U0/grp_stage_bilateral_Pipeline_BILATERAL_OUT_VITIS_LOOP_243_4_fu_90/fmul_32ns_32ns_32_7_max_dsp_1_U1355/top_kernel_fmul_32ns_32ns_32_7_max_dsp_1_ip_u/U0/i_synth/MULT.OP/i_non_prim.R_AND_R/LAT_OPT.FULL.R_AND_R/DSP48E1_SGL_EXP_IP.OLD_ADD.ADD/i_no_versal_es1_workaround.DSP: DSP48E2 is not using the Multiplier (USE_MULT = NONE). For improved power characteristics, set DREG and ADREG to '1', tie CED, CEAD, and RSTD to logic '0'.
Related violations: <none>

AVAL-156#4 Advisory
enum_USE_MULT_NONE__enum_DREG_ADREG_0_connects_CED_CEAD_RSTD_GND  
bd_0_i/hls_inst/inst/stage_bilateral_U0/grp_stage_bilateral_Pipeline_BILATERAL_OUT_VITIS_LOOP_243_4_fu_90/fmul_32ns_32ns_32_7_max_dsp_1_U1356/top_kernel_fmul_32ns_32ns_32_7_max_dsp_1_ip_u/U0/i_synth/MULT.OP/i_non_prim.R_AND_R/LAT_OPT.FULL.R_AND_R/DSP48E1_SGL_EXP_IP.OLD_ADD.ADD/i_no_versal_es1_workaround.DSP: DSP48E2 is not using the Multiplier (USE_MULT = NONE). For improved power characteristics, set DREG and ADREG to '1', tie CED, CEAD, and RSTD to logic '0'.
Related violations: <none>

AVAL-156#5 Advisory
enum_USE_MULT_NONE__enum_DREG_ADREG_0_connects_CED_CEAD_RSTD_GND  
bd_0_i/hls_inst/inst/stage_bilateral_U0/grp_stage_bilateral_Pipeline_BILATERAL_OUT_VITIS_LOOP_243_4_fu_90/fmul_32ns_32ns_32_7_max_dsp_1_U1357/top_kernel_fmul_32ns_32ns_32_7_max_dsp_1_ip_u/U0/i_synth/MULT.OP/i_non_prim.R_AND_R/LAT_OPT.FULL.R_AND_R/DSP48E1_SGL_EXP_IP.OLD_ADD.ADD/i_no_versal_es1_workaround.DSP: DSP48E2 is not using the Multiplier (USE_MULT = NONE). For improved power characteristics, set DREG and ADREG to '1', tie CED, CEAD, and RSTD to logic '0'.
Related violations: <none>

AVAL-156#6 Advisory
enum_USE_MULT_NONE__enum_DREG_ADREG_0_connects_CED_CEAD_RSTD_GND  
bd_0_i/hls_inst/inst/stage_bilateral_U0/grp_stage_bilateral_Pipeline_BILATERAL_OUT_VITIS_LOOP_243_4_fu_90/fmul_32ns_32ns_32_7_max_dsp_1_U1358/top_kernel_fmul_32ns_32ns_32_7_max_dsp_1_ip_u/U0/i_synth/MULT.OP/i_non_prim.R_AND_R/LAT_OPT.FULL.R_AND_R/DSP48E1_SGL_EXP_IP.OLD_ADD.ADD/i_no_versal_es1_workaround.DSP: DSP48E2 is not using the Multiplier (USE_MULT = NONE). For improved power characteristics, set DREG and ADREG to '1', tie CED, CEAD, and RSTD to logic '0'.
Related violations: <none>

AVAL-156#7 Advisory
enum_USE_MULT_NONE__enum_DREG_ADREG_0_connects_CED_CEAD_RSTD_GND  
bd_0_i/hls_inst/inst/stage_bilateral_U0/grp_stage_bilateral_Pipeline_BILATERAL_OUT_VITIS_LOOP_243_4_fu_90/fmul_32ns_32ns_32_7_max_dsp_1_U1359/top_kernel_fmul_32ns_32ns_32_7_max_dsp_1_ip_u/U0/i_synth/MULT.OP/i_non_prim.R_AND_R/LAT_OPT.FULL.R_AND_R/DSP48E1_SGL_EXP_IP.OLD_ADD.ADD/i_no_versal_es1_workaround.DSP: DSP48E2 is not using the Multiplier (USE_MULT = NONE). For improved power characteristics, set DREG and ADREG to '1', tie CED, CEAD, and RSTD to logic '0'.
Related violations: <none>

AVAL-156#8 Advisory
enum_USE_MULT_NONE__enum_DREG_ADREG_0_connects_CED_CEAD_RSTD_GND  
bd_0_i/hls_inst/inst/stage_bilateral_U0/grp_stage_bilateral_Pipeline_BILATERAL_OUT_VITIS_LOOP_243_4_fu_90/fmul_32ns_32ns_32_7_max_dsp_1_U1360/top_kernel_fmul_32ns_32ns_32_7_max_dsp_1_ip_u/U0/i_synth/MULT.OP/i_non_prim.R_AND_R/LAT_OPT.FULL.R_AND_R/DSP48E1_SGL_EXP_IP.OLD_ADD.ADD/i_no_versal_es1_workaround.DSP: DSP48E2 is not using the Multiplier (USE_MULT = NONE). For improved power characteristics, set DREG and ADREG to '1', tie CED, CEAD, and RSTD to logic '0'.
Related violations: <none>

AVAL-156#9 Advisory
enum_USE_MULT_NONE__enum_DREG_ADREG_0_connects_CED_CEAD_RSTD_GND  
bd_0_i/hls_inst/inst/stage_bilateral_U0/grp_stage_bilateral_Pipeline_BILATERAL_OUT_VITIS_LOOP_243_4_fu_90/fmul_32ns_32ns_32_7_max_dsp_1_U1361/top_kernel_fmul_32ns_32ns_32_7_max_dsp_1_ip_u/U0/i_synth/MULT.OP/i_non_prim.R_AND_R/LAT_OPT.FULL.R_AND_R/DSP48E1_SGL_EXP_IP.OLD_ADD.ADD/i_no_versal_es1_workaround.DSP: DSP48E2 is not using the Multiplier (USE_MULT = NONE). For improved power characteristics, set DREG and ADREG to '1', tie CED, CEAD, and RSTD to logic '0'.
Related violations: <none>

AVAL-156#10 Advisory
enum_USE_MULT_NONE__enum_DREG_ADREG_0_connects_CED_CEAD_RSTD_GND  
bd_0_i/hls_inst/inst/stage_bilateral_U0/grp_stage_bilateral_Pipeline_BILATERAL_OUT_VITIS_LOOP_243_4_fu_90/fmul_32ns_32ns_32_7_max_dsp_1_U1362/top_kernel_fmul_32ns_32ns_32_7_max_dsp_1_ip_u/U0/i_synth/MULT.OP/i_non_prim.R_AND_R/LAT_OPT.FULL.R_AND_R/DSP48E1_SGL_EXP_IP.OLD_ADD.ADD/i_no_versal_es1_workaround.DSP: DSP48E2 is not using the Multiplier (USE_MULT = NONE). For improved power characteristics, set DREG and ADREG to '1', tie CED, CEAD, and RSTD to logic '0'.
Related violations: <none>

AVAL-156#11 Advisory
enum_USE_MULT_NONE__enum_DREG_ADREG_0_connects_CED_CEAD_RSTD_GND  
bd_0_i/hls_inst/inst/stage_bilateral_U0/grp_stage_bilateral_Pipeline_BILATERAL_OUT_VITIS_LOOP_243_4_fu_90/fmul_32ns_32ns_32_7_max_dsp_1_U1363/top_kernel_fmul_32ns_32ns_32_7_max_dsp_1_ip_u/U0/i_synth/MULT.OP/i_non_prim.R_AND_R/LAT_OPT.FULL.R_AND_R/DSP48E1_SGL_EXP_IP.OLD_ADD.ADD/i_no_versal_es1_workaround.DSP: DSP48E2 is not using the Multiplier (USE_MULT = NONE). For improved power characteristics, set DREG and ADREG to '1', tie CED, CEAD, and RSTD to logic '0'.
Related violations: <none>

AVAL-156#12 Advisory
enum_USE_MULT_NONE__enum_DREG_ADREG_0_connects_CED_CEAD_RSTD_GND  
bd_0_i/hls_inst/inst/stage_bilateral_U0/grp_stage_bilateral_Pipeline_BILATERAL_OUT_VITIS_LOOP_243_4_fu_90/fmul_32ns_32ns_32_7_max_dsp_1_U1364/top_kernel_fmul_32ns_32ns_32_7_max_dsp_1_ip_u/U0/i_synth/MULT.OP/i_non_prim.R_AND_R/LAT_OPT.FULL.R_AND_R/DSP48E1_SGL_EXP_IP.OLD_ADD.ADD/i_no_versal_es1_workaround.DSP: DSP48E2 is not using the Multiplier (USE_MULT = NONE). For improved power characteristics, set DREG and ADREG to '1', tie CED, CEAD, and RSTD to logic '0'.
Related violations: <none>

AVAL-156#13 Advisory
enum_USE_MULT_NONE__enum_DREG_ADREG_0_connects_CED_CEAD_RSTD_GND  
bd_0_i/hls_inst/inst/stage_bilateral_U0/grp_stage_bilateral_Pipeline_BILATERAL_OUT_VITIS_LOOP_243_4_fu_90/fmul_32ns_32ns_32_7_max_dsp_1_U1365/top_kernel_fmul_32ns_32ns_32_7_max_dsp_1_ip_u/U0/i_synth/MULT.OP/i_non_prim.R_AND_R/LAT_OPT.FULL.R_AND_R/DSP48E1_SGL_EXP_IP.OLD_ADD.ADD/i_no_versal_es1_workaround.DSP: DSP48E2 is not using the Multiplier (USE_MULT = NONE). For improved power characteristics, set DREG and ADREG to '1', tie CED, CEAD, and RSTD to logic '0'.
Related violations: <none>

AVAL-156#14 Advisory
enum_USE_MULT_NONE__enum_DREG_ADREG_0_connects_CED_CEAD_RSTD_GND  
bd_0_i/hls_inst/inst/stage_bilateral_U0/grp_stage_bilateral_Pipeline_BILATERAL_OUT_VITIS_LOOP_243_4_fu_90/fmul_32ns_32ns_32_7_max_dsp_1_U1366/top_kernel_fmul_32ns_32ns_32_7_max_dsp_1_ip_u/U0/i_synth/MULT.OP/i_non_prim.R_AND_R/LAT_OPT.FULL.R_AND_R/DSP48E1_SGL_EXP_IP.OLD_ADD.ADD/i_no_versal_es1_workaround.DSP: DSP48E2 is not using the Multiplier (USE_MULT = NONE). For improved power characteristics, set DREG and ADREG to '1', tie CED, CEAD, and RSTD to logic '0'.
Related violations: <none>

AVAL-156#15 Advisory
enum_USE_MULT_NONE__enum_DREG_ADREG_0_connects_CED_CEAD_RSTD_GND  
bd_0_i/hls_inst/inst/stage_bilateral_U0/grp_stage_bilateral_Pipeline_BILATERAL_OUT_VITIS_LOOP_243_4_fu_90/fmul_32ns_32ns_32_7_max_dsp_1_U1367/top_kernel_fmul_32ns_32ns_32_7_max_dsp_1_ip_u/U0/i_synth/MULT.OP/i_non_prim.R_AND_R/LAT_OPT.FULL.R_AND_R/DSP48E1_SGL_EXP_IP.OLD_ADD.ADD/i_no_versal_es1_workaround.DSP: DSP48E2 is not using the Multiplier (USE_MULT = NONE). For improved power characteristics, set DREG and ADREG to '1', tie CED, CEAD, and RSTD to logic '0'.
Related violations: <none>

AVAL-156#16 Advisory
enum_USE_MULT_NONE__enum_DREG_ADREG_0_connects_CED_CEAD_RSTD_GND  
bd_0_i/hls_inst/inst/stage_bilateral_U0/grp_stage_bilateral_Pipeline_BILATERAL_OUT_VITIS_LOOP_243_4_fu_90/fmul_32ns_32ns_32_7_max_dsp_1_U1368/top_kernel_fmul_32ns_32ns_32_7_max_dsp_1_ip_u/U0/i_synth/MULT.OP/i_non_prim.R_AND_R/LAT_OPT.FULL.R_AND_R/DSP48E1_SGL_EXP_IP.OLD_ADD.ADD/i_no_versal_es1_workaround.DSP: DSP48E2 is not using the Multiplier (USE_MULT = NONE). For improved power characteristics, set DREG and ADREG to '1', tie CED, CEAD, and RSTD to logic '0'.
Related violations: <none>

AVAL-156#17 Advisory
enum_USE_MULT_NONE__enum_DREG_ADREG_0_connects_CED_CEAD_RSTD_GND  
bd_0_i/hls_inst/inst/stage_bilateral_U0/grp_stage_bilateral_Pipeline_BILATERAL_OUT_VITIS_LOOP_243_4_fu_90/fmul_32ns_32ns_32_7_max_dsp_1_U1369/top_kernel_fmul_32ns_32ns_32_7_max_dsp_1_ip_u/U0/i_synth/MULT.OP/i_non_prim.R_AND_R/LAT_OPT.FULL.R_AND_R/DSP48E1_SGL_EXP_IP.OLD_ADD.ADD/i_no_versal_es1_workaround.DSP: DSP48E2 is not using the Multiplier (USE_MULT = NONE). For improved power characteristics, set DREG and ADREG to '1', tie CED, CEAD, and RSTD to logic '0'.
Related violations: <none>

AVAL-156#18 Advisory
enum_USE_MULT_NONE__enum_DREG_ADREG_0_connects_CED_CEAD_RSTD_GND  
bd_0_i/hls_inst/inst/stage_bilateral_U0/grp_stage_bilateral_Pipeline_BILATERAL_OUT_VITIS_LOOP_243_4_fu_90/fmul_32ns_32ns_32_7_max_dsp_1_U1370/top_kernel_fmul_32ns_32ns_32_7_max_dsp_1_ip_u/U0/i_synth/MULT.OP/i_non_prim.R_AND_R/LAT_OPT.FULL.R_AND_R/DSP48E1_SGL_EXP_IP.OLD_ADD.ADD/i_no_versal_es1_workaround.DSP: DSP48E2 is not using the Multiplier (USE_MULT = NONE). For improved power characteristics, set DREG and ADREG to '1', tie CED, CEAD, and RSTD to logic '0'.
Related violations: <none>

AVAL-156#19 Advisory
enum_USE_MULT_NONE__enum_DREG_ADREG_0_connects_CED_CEAD_RSTD_GND  
bd_0_i/hls_inst/inst/stage_bilateral_U0/grp_stage_bilateral_Pipeline_BILATERAL_OUT_VITIS_LOOP_243_4_fu_90/fmul_32ns_32ns_32_7_max_dsp_1_U1371/top_kernel_fmul_32ns_32ns_32_7_max_dsp_1_ip_u/U0/i_synth/MULT.OP/i_non_prim.R_AND_R/LAT_OPT.FULL.R_AND_R/DSP48E1_SGL_EXP_IP.OLD_ADD.ADD/i_no_versal_es1_workaround.DSP: DSP48E2 is not using the Multiplier (USE_MULT = NONE). For improved power characteristics, set DREG and ADREG to '1', tie CED, CEAD, and RSTD to logic '0'.
Related violations: <none>

AVAL-156#20 Advisory
enum_USE_MULT_NONE__enum_DREG_ADREG_0_connects_CED_CEAD_RSTD_GND  
bd_0_i/hls_inst/inst/stage_bilateral_U0/grp_stage_bilateral_Pipeline_BILATERAL_OUT_VITIS_LOOP_243_4_fu_90/fmul_32ns_32ns_32_7_max_dsp_1_U1372/top_kernel_fmul_32ns_32ns_32_7_max_dsp_1_ip_u/U0/i_synth/MULT.OP/i_non_prim.R_AND_R/LAT_OPT.FULL.R_AND_R/DSP48E1_SGL_EXP_IP.OLD_ADD.ADD/i_no_versal_es1_workaround.DSP: DSP48E2 is not using the Multiplier (USE_MULT = NONE). For improved power characteristics, set DREG and ADREG to '1', tie CED, CEAD, and RSTD to logic '0'.
Related violations: <none>

AVAL-156#21 Advisory
enum_USE_MULT_NONE__enum_DREG_ADREG_0_connects_CED_CEAD_RSTD_GND  
bd_0_i/hls_inst/inst/stage_bilateral_U0/grp_stage_bilateral_Pipeline_BILATERAL_OUT_VITIS_LOOP_243_4_fu_90/fmul_32ns_32ns_32_7_max_dsp_1_U1373/top_kernel_fmul_32ns_32ns_32_7_max_dsp_1_ip_u/U0/i_synth/MULT.OP/i_non_prim.R_AND_R/LAT_OPT.FULL.R_AND_R/DSP48E1_SGL_EXP_IP.OLD_ADD.ADD/i_no_versal_es1_workaround.DSP: DSP48E2 is not using the Multiplier (USE_MULT = NONE). For improved power characteristics, set DREG and ADREG to '1', tie CED, CEAD, and RSTD to logic '0'.
Related violations: <none>

AVAL-156#22 Advisory
enum_USE_MULT_NONE__enum_DREG_ADREG_0_connects_CED_CEAD_RSTD_GND  
bd_0_i/hls_inst/inst/stage_bilateral_U0/grp_stage_bilateral_Pipeline_BILATERAL_OUT_VITIS_LOOP_243_4_fu_90/fmul_32ns_32ns_32_7_max_dsp_1_U1374/top_kernel_fmul_32ns_32ns_32_7_max_dsp_1_ip_u/U0/i_synth/MULT.OP/i_non_prim.R_AND_R/LAT_OPT.FULL.R_AND_R/DSP48E1_SGL_EXP_IP.OLD_ADD.ADD/i_no_versal_es1_workaround.DSP: DSP48E2 is not using the Multiplier (USE_MULT = NONE). For improved power characteristics, set DREG and ADREG to '1', tie CED, CEAD, and RSTD to logic '0'.
Related violations: <none>

AVAL-156#23 Advisory
enum_USE_MULT_NONE__enum_DREG_ADREG_0_connects_CED_CEAD_RSTD_GND  
bd_0_i/hls_inst/inst/stage_bilateral_U0/grp_stage_bilateral_Pipeline_BILATERAL_OUT_VITIS_LOOP_243_4_fu_90/fmul_32ns_32ns_32_7_max_dsp_1_U1375/top_kernel_fmul_32ns_32ns_32_7_max_dsp_1_ip_u/U0/i_synth/MULT.OP/i_non_prim.R_AND_R/LAT_OPT.FULL.R_AND_R/DSP48E1_SGL_EXP_IP.OLD_ADD.ADD/i_no_versal_es1_workaround.DSP: DSP48E2 is not using the Multiplier (USE_MULT = NONE). For improved power characteristics, set DREG and ADREG to '1', tie CED, CEAD, and RSTD to logic '0'.
Related violations: <none>

AVAL-156#24 Advisory
enum_USE_MULT_NONE__enum_DREG_ADREG_0_connects_CED_CEAD_RSTD_GND  
bd_0_i/hls_inst/inst/stage_bilateral_U0/grp_stage_bilateral_Pipeline_BILATERAL_OUT_VITIS_LOOP_243_4_fu_90/fmul_32ns_32ns_32_7_max_dsp_1_U1376/top_kernel_fmul_32ns_32ns_32_7_max_dsp_1_ip_u/U0/i_synth/MULT.OP/i_non_prim.R_AND_R/LAT_OPT.FULL.R_AND_R/DSP48E1_SGL_EXP_IP.OLD_ADD.ADD/i_no_versal_es1_workaround.DSP: DSP48E2 is not using the Multiplier (USE_MULT = NONE). For improved power characteristics, set DREG and ADREG to '1', tie CED, CEAD, and RSTD to logic '0'.
Related violations: <none>

AVAL-156#25 Advisory
enum_USE_MULT_NONE__enum_DREG_ADREG_0_connects_CED_CEAD_RSTD_GND  
bd_0_i/hls_inst/inst/stage_bilateral_U0/grp_stage_bilateral_Pipeline_BILATERAL_OUT_VITIS_LOOP_243_4_fu_90/fmul_32ns_32ns_32_7_max_dsp_1_U1377/top_kernel_fmul_32ns_32ns_32_7_max_dsp_1_ip_u/U0/i_synth/MULT.OP/i_non_prim.R_AND_R/LAT_OPT.FULL.R_AND_R/DSP48E1_SGL_EXP_IP.OLD_ADD.ADD/i_no_versal_es1_workaround.DSP: DSP48E2 is not using the Multiplier (USE_MULT = NONE). For improved power characteristics, set DREG and ADREG to '1', tie CED, CEAD, and RSTD to logic '0'.
Related violations: <none>

AVAL-156#26 Advisory
enum_USE_MULT_NONE__enum_DREG_ADREG_0_connects_CED_CEAD_RSTD_GND  
bd_0_i/hls_inst/inst/stage_bilateral_U0/grp_stage_bilateral_Pipeline_BILATERAL_OUT_VITIS_LOOP_243_4_fu_90/fmul_32ns_32ns_32_7_max_dsp_1_U1378/top_kernel_fmul_32ns_32ns_32_7_max_dsp_1_ip_u/U0/i_synth/MULT.OP/i_non_prim.R_AND_R/LAT_OPT.FULL.R_AND_R/DSP48E1_SGL_EXP_IP.OLD_ADD.ADD/i_no_versal_es1_workaround.DSP: DSP48E2 is not using the Multiplier (USE_MULT = NONE). For improved power characteristics, set DREG and ADREG to '1', tie CED, CEAD, and RSTD to logic '0'.
Related violations: <none>

AVAL-156#27 Advisory
enum_USE_MULT_NONE__enum_DREG_ADREG_0_connects_CED_CEAD_RSTD_GND  
bd_0_i/hls_inst/inst/stage_bilateral_U0/grp_stage_bilateral_Pipeline_BILATERAL_OUT_VITIS_LOOP_243_4_fu_90/fmul_32ns_32ns_32_7_max_dsp_1_U1379/top_kernel_fmul_32ns_32ns_32_7_max_dsp_1_ip_u/U0/i_synth/MULT.OP/i_non_prim.R_AND_R/LAT_OPT.FULL.R_AND_R/DSP48E1_SGL_EXP_IP.OLD_ADD.ADD/i_no_versal_es1_workaround.DSP: DSP48E2 is not using the Multiplier (USE_MULT = NONE). For improved power characteristics, set DREG and ADREG to '1', tie CED, CEAD, and RSTD to logic '0'.
Related violations: <none>

AVAL-156#28 Advisory
enum_USE_MULT_NONE__enum_DREG_ADREG_0_connects_CED_CEAD_RSTD_GND  
bd_0_i/hls_inst/inst/stage_bilateral_U0/grp_stage_bilateral_Pipeline_BILATERAL_OUT_VITIS_LOOP_243_4_fu_90/fmul_32ns_32ns_32_7_max_dsp_1_U1380/top_kernel_fmul_32ns_32ns_32_7_max_dsp_1_ip_u/U0/i_synth/MULT.OP/i_non_prim.R_AND_R/LAT_OPT.FULL.R_AND_R/DSP48E1_SGL_EXP_IP.OLD_ADD.ADD/i_no_versal_es1_workaround.DSP: DSP48E2 is not using the Multiplier (USE_MULT = NONE). For improved power characteristics, set DREG and ADREG to '1', tie CED, CEAD, and RSTD to logic '0'.
Related violations: <none>

AVAL-156#29 Advisory
enum_USE_MULT_NONE__enum_DREG_ADREG_0_connects_CED_CEAD_RSTD_GND  
bd_0_i/hls_inst/inst/stage_bilateral_U0/grp_stage_bilateral_Pipeline_BILATERAL_OUT_VITIS_LOOP_243_4_fu_90/fmul_32ns_32ns_32_7_max_dsp_1_U1381/top_kernel_fmul_32ns_32ns_32_7_max_dsp_1_ip_u/U0/i_synth/MULT.OP/i_non_prim.R_AND_R/LAT_OPT.FULL.R_AND_R/DSP48E1_SGL_EXP_IP.OLD_ADD.ADD/i_no_versal_es1_workaround.DSP: DSP48E2 is not using the Multiplier (USE_MULT = NONE). For improved power characteristics, set DREG and ADREG to '1', tie CED, CEAD, and RSTD to logic '0'.
Related violations: <none>

AVAL-156#30 Advisory
enum_USE_MULT_NONE__enum_DREG_ADREG_0_connects_CED_CEAD_RSTD_GND  
bd_0_i/hls_inst/inst/stage_bilateral_U0/grp_stage_bilateral_Pipeline_BILATERAL_OUT_VITIS_LOOP_243_4_fu_90/fmul_32ns_32ns_32_7_max_dsp_1_U1382/top_kernel_fmul_32ns_32ns_32_7_max_dsp_1_ip_u/U0/i_synth/MULT.OP/i_non_prim.R_AND_R/LAT_OPT.FULL.R_AND_R/DSP48E1_SGL_EXP_IP.OLD_ADD.ADD/i_no_versal_es1_workaround.DSP: DSP48E2 is not using the Multiplier (USE_MULT = NONE). For improved power characteristics, set DREG and ADREG to '1', tie CED, CEAD, and RSTD to logic '0'.
Related violations: <none>

AVAL-156#31 Advisory
enum_USE_MULT_NONE__enum_DREG_ADREG_0_connects_CED_CEAD_RSTD_GND  
bd_0_i/hls_inst/inst/stage_bilateral_U0/grp_stage_bilateral_Pipeline_BILATERAL_OUT_VITIS_LOOP_243_4_fu_90/fmul_32ns_32ns_32_7_max_dsp_1_U1383/top_kernel_fmul_32ns_32ns_32_7_max_dsp_1_ip_u/U0/i_synth/MULT.OP/i_non_prim.R_AND_R/LAT_OPT.FULL.R_AND_R/DSP48E1_SGL_EXP_IP.OLD_ADD.ADD/i_no_versal_es1_workaround.DSP: DSP48E2 is not using the Multiplier (USE_MULT = NONE). For improved power characteristics, set DREG and ADREG to '1', tie CED, CEAD, and RSTD to logic '0'.
Related violations: <none>

AVAL-156#32 Advisory
enum_USE_MULT_NONE__enum_DREG_ADREG_0_connects_CED_CEAD_RSTD_GND  
bd_0_i/hls_inst/inst/stage_bilateral_U0/grp_stage_bilateral_Pipeline_BILATERAL_OUT_VITIS_LOOP_243_4_fu_90/fmul_32ns_32ns_32_7_max_dsp_1_U1384/top_kernel_fmul_32ns_32ns_32_7_max_dsp_1_ip_u/U0/i_synth/MULT.OP/i_non_prim.R_AND_R/LAT_OPT.FULL.R_AND_R/DSP48E1_SGL_EXP_IP.OLD_ADD.ADD/i_no_versal_es1_workaround.DSP: DSP48E2 is not using the Multiplier (USE_MULT = NONE). For improved power characteristics, set DREG and ADREG to '1', tie CED, CEAD, and RSTD to logic '0'.
Related violations: <none>

AVAL-156#33 Advisory
enum_USE_MULT_NONE__enum_DREG_ADREG_0_connects_CED_CEAD_RSTD_GND  
bd_0_i/hls_inst/inst/stage_rgb2eq_U0/fmul_32ns_32ns_32_7_max_dsp_1_U1084/top_kernel_fmul_32ns_32ns_32_7_max_dsp_1_ip_u/U0/i_synth/MULT.OP/i_non_prim.R_AND_R/LAT_OPT.FULL.R_AND_R/DSP48E1_SGL_EXP_IP.OLD_ADD.ADD/i_no_versal_es1_workaround.DSP: DSP48E2 is not using the Multiplier (USE_MULT = NONE). For improved power characteristics, set DREG and ADREG to '1', tie CED, CEAD, and RSTD to logic '0'.
Related violations: <none>

AVAL-156#34 Advisory
enum_USE_MULT_NONE__enum_DREG_ADREG_0_connects_CED_CEAD_RSTD_GND  
bd_0_i/hls_inst/inst/stage_rgb2eq_U0/grp_stage_rgb2eq_Pipeline_PASS1_fu_2149/fmul_32ns_32ns_32_7_max_dsp_1_U6/top_kernel_fmul_32ns_32ns_32_7_max_dsp_1_ip_u/U0/i_synth/MULT.OP/i_non_prim.R_AND_R/LAT_OPT.FULL.R_AND_R/DSP48E1_SGL_EXP_IP.OLD_ADD.ADD/i_no_versal_es1_workaround.DSP: DSP48E2 is not using the Multiplier (USE_MULT = NONE). For improved power characteristics, set DREG and ADREG to '1', tie CED, CEAD, and RSTD to logic '0'.
Related violations: <none>

AVAL-156#35 Advisory
enum_USE_MULT_NONE__enum_DREG_ADREG_0_connects_CED_CEAD_RSTD_GND  
bd_0_i/hls_inst/inst/stage_rgb2eq_U0/grp_stage_rgb2eq_Pipeline_PASS1_fu_2149/fmul_32ns_32ns_32_7_max_dsp_1_U7/top_kernel_fmul_32ns_32ns_32_7_max_dsp_1_ip_u/U0/i_synth/MULT.OP/i_non_prim.R_AND_R/LAT_OPT.FULL.R_AND_R/DSP48E1_SGL_EXP_IP.OLD_ADD.ADD/i_no_versal_es1_workaround.DSP: DSP48E2 is not using the Multiplier (USE_MULT = NONE). For improved power characteristics, set DREG and ADREG to '1', tie CED, CEAD, and RSTD to logic '0'.
Related violations: <none>

AVAL-156#36 Advisory
enum_USE_MULT_NONE__enum_DREG_ADREG_0_connects_CED_CEAD_RSTD_GND  
bd_0_i/hls_inst/inst/stage_rgb2eq_U0/grp_stage_rgb2eq_Pipeline_PASS1_fu_2149/fmul_32ns_32ns_32_7_max_dsp_1_U8/top_kernel_fmul_32ns_32ns_32_7_max_dsp_1_ip_u/U0/i_synth/MULT.OP/i_non_prim.R_AND_R/LAT_OPT.FULL.R_AND_R/DSP48E1_SGL_EXP_IP.OLD_ADD.ADD/i_no_versal_es1_workaround.DSP: DSP48E2 is not using the Multiplier (USE_MULT = NONE). For improved power characteristics, set DREG and ADREG to '1', tie CED, CEAD, and RSTD to logic '0'.
Related violations: <none>


