  **** HLS Build v2025.1.1 6214317
Sourcing Tcl script '/nethome/asandeep6/FPGA_ECE8893/2026_Spring/lab4/script.tcl'
INFO: [HLS 200-1510] Running: open_component project_1 
INFO: [HLS 200-10] Creating and opening component '/nethome/asandeep6/FPGA_ECE8893/2026_Spring/lab4/project_1'.
INFO: [HLS 200-1505] Using default flow_target 'vivado'
Resolution: For help on HLS 200-1505 see docs.xilinx.com/access/sources/dita/topic?Doc_Version=2025.1%20English&url=ug1448-hls-guidance&resourceid=200-1505.html
INFO: [HLS 200-2176] Writing Vitis IDE component file /nethome/asandeep6/FPGA_ECE8893/2026_Spring/lab4/project_1/vitis-comp.json
INFO: [HLS 200-1915] Writing HLS config ini file /nethome/asandeep6/FPGA_ECE8893/2026_Spring/lab4/project_1/hls_config.cfg
INFO: [HLS 200-1510] Running: set_top top_kernel 
INFO: [HLS 200-1510] Running: add_files top.cpp 
INFO: [HLS 200-10] Adding design file 'top.cpp' to the project
INFO: [HLS 200-1510] Running: add_files top.cpp 
INFO: [HLS 200-10] Adding design file 'top.cpp' to the project
INFO: [HLS 200-1510] Running: add_files -tb host.cpp 
INFO: [HLS 200-10] Adding test bench file 'host.cpp' to the project
INFO: [HLS 200-1510] Running: config_unroll -tripcount_threshold 0 
INFO: [XFORM 203-502] Automatic unrolling disabled.
INFO: [HLS 200-1510] Running: config_compile -pipeline_loops 0 
INFO: [HLS 200-1510] Running: set_part xczu3eg-sbva484-1-e 
INFO: [HLS 200-1611] Setting target device to 'xczu3eg-sbva484-1-e'
INFO: [HLS 200-1510] Running: create_clock -period 4 -name default 
INFO: [SYN 201-201] Setting up clock 'default' with a period of 4ns.
INFO: [HLS 200-1510] Running: csynth_design 
INFO: [HLS 200-1915] Writing HLS config ini file /nethome/asandeep6/FPGA_ECE8893/2026_Spring/lab4/project_1/hls_config.cfg
INFO: [HLS 200-111] Finished File checks and directory preparation: CPU user time: 0.35 seconds. CPU system time: 0.1 seconds. Elapsed time: 7.99 seconds; current allocated memory: 690.180 MB.
INFO: [HLS 200-10] Analyzing design file 'top.cpp' ... 
WARNING: [HLS 214-114] Since the only kind of statements allowed in a canonical dataflow region are variable declarations and function calls, the compiler may not be able to correctly handle the region (top.cpp:339:9)
Resolution: For help on HLS 214-114 see docs.xilinx.com/access/sources/dita/topic?Doc_Version=2025.1%20English&url=ug1448-hls-guidance&resourceid=214-114.html
WARNING: [HLS 200-471] Dataflow form checks found 1 issue(s) in file top.cpp
Resolution: For help on HLS 200-471 see docs.xilinx.com/access/sources/dita/topic?Doc_Version=2025.1%20English&url=ug1448-hls-guidance&resourceid=200-471.html
INFO: [HLS 200-111] Finished Source Code Analysis and Preprocessing: CPU user time: 7.03 seconds. CPU system time: 1.19 seconds. Elapsed time: 8.69 seconds; current allocated memory: 692.699 MB.
INFO: [HLS 200-777] Using interface defaults for 'Vivado' flow target.
INFO: [HLS 200-1995] There were 13,041 instructions in the design after the 'Compile/Link' phase of compilation. See the Design Size Report for more details (/nethome/asandeep6/FPGA_ECE8893/2026_Spring/lab4/project_1/hls/syn/report/csynth_design_size.rpt:2)
INFO: [HLS 200-1995] There were 11,980 instructions in the design after the 'Unroll/Inline (step 1)' phase of compilation. See the Design Size Report for more details (/nethome/asandeep6/FPGA_ECE8893/2026_Spring/lab4/project_1/hls/syn/report/csynth_design_size.rpt:2)
INFO: [HLS 200-1995] There were 7,570 instructions in the design after the 'Unroll/Inline (step 2)' phase of compilation. See the Design Size Report for more details (/nethome/asandeep6/FPGA_ECE8893/2026_Spring/lab4/project_1/hls/syn/report/csynth_design_size.rpt:2)
INFO: [HLS 200-1995] There were 7,350 instructions in the design after the 'Unroll/Inline (step 3)' phase of compilation. See the Design Size Report for more details (/nethome/asandeep6/FPGA_ECE8893/2026_Spring/lab4/project_1/hls/syn/report/csynth_design_size.rpt:2)
INFO: [HLS 200-1995] There were 6,793 instructions in the design after the 'Unroll/Inline (step 4)' phase of compilation. See the Design Size Report for more details (/nethome/asandeep6/FPGA_ECE8893/2026_Spring/lab4/project_1/hls/syn/report/csynth_design_size.rpt:2)
INFO: [HLS 200-1995] There were 10,366 instructions in the design after the 'Array/Struct (step 1)' phase of compilation. See the Design Size Report for more details (/nethome/asandeep6/FPGA_ECE8893/2026_Spring/lab4/project_1/hls/syn/report/csynth_design_size.rpt:2)
INFO: [HLS 200-1995] There were 7,536 instructions in the design after the 'Array/Struct (step 2)' phase of compilation. See the Design Size Report for more details (/nethome/asandeep6/FPGA_ECE8893/2026_Spring/lab4/project_1/hls/syn/report/csynth_design_size.rpt:2)
INFO: [HLS 200-1995] There were 7,536 instructions in the design after the 'Array/Struct (step 3)' phase of compilation. See the Design Size Report for more details (/nethome/asandeep6/FPGA_ECE8893/2026_Spring/lab4/project_1/hls/syn/report/csynth_design_size.rpt:2)
INFO: [HLS 200-1995] There were 7,536 instructions in the design after the 'Array/Struct (step 4)' phase of compilation. See the Design Size Report for more details (/nethome/asandeep6/FPGA_ECE8893/2026_Spring/lab4/project_1/hls/syn/report/csynth_design_size.rpt:2)
INFO: [HLS 200-1995] There were 8,055 instructions in the design after the 'Array/Struct (step 5)' phase of compilation. See the Design Size Report for more details (/nethome/asandeep6/FPGA_ECE8893/2026_Spring/lab4/project_1/hls/syn/report/csynth_design_size.rpt:2)
INFO: [HLS 200-1995] There were 8,054 instructions in the design after the 'Performance' phase of compilation. See the Design Size Report for more details (/nethome/asandeep6/FPGA_ECE8893/2026_Spring/lab4/project_1/hls/syn/report/csynth_design_size.rpt:2)
INFO: [HLS 200-1995] There were 7,543 instructions in the design after the 'Performance (step 2)' phase of compilation. See the Design Size Report for more details (/nethome/asandeep6/FPGA_ECE8893/2026_Spring/lab4/project_1/hls/syn/report/csynth_design_size.rpt:2)
INFO: [HLS 200-1995] There were 10,886 instructions in the design after the 'Performance (step 3)' phase of compilation. See the Design Size Report for more details (/nethome/asandeep6/FPGA_ECE8893/2026_Spring/lab4/project_1/hls/syn/report/csynth_design_size.rpt:2)
INFO: [HLS 200-1995] There were 10,202 instructions in the design after the 'Performance (step 4)' phase of compilation. See the Design Size Report for more details (/nethome/asandeep6/FPGA_ECE8893/2026_Spring/lab4/project_1/hls/syn/report/csynth_design_size.rpt:2)
INFO: [HLS 200-1995] There were 10,217 instructions in the design after the 'HW Transforms (step 1)' phase of compilation. See the Design Size Report for more details (/nethome/asandeep6/FPGA_ECE8893/2026_Spring/lab4/project_1/hls/syn/report/csynth_design_size.rpt:2)
INFO: [HLS 200-1995] There were 10,296 instructions in the design after the 'HW Transforms (step 2)' phase of compilation. See the Design Size Report for more details (/nethome/asandeep6/FPGA_ECE8893/2026_Spring/lab4/project_1/hls/syn/report/csynth_design_size.rpt:2)
INFO: [HLS 214-131] Inlining function 'float_to_inter(float)' into 'stage_rgb2eq(float const*, float const*, float const*, hls::stream<ap_fixed<16, 3, (ap_q_mode)0, (ap_o_mode)0, 0>, 0>&)' (top.cpp:73:30)
INFO: [HLS 214-131] Inlining function 'inter_to_float(ap_fixed<16, 3, (ap_q_mode)0, (ap_o_mode)0, 0>)' into 'stage_rgb2eq(float const*, float const*, float const*, hls::stream<ap_fixed<16, 3, (ap_q_mode)0, (ap_o_mode)0, 0>, 0>&)' (top.cpp:88:23)
INFO: [HLS 214-131] Inlining function 'inter_to_float(ap_fixed<16, 3, (ap_q_mode)0, (ap_o_mode)0, 0>)' into 'stage_bilateral(hls::stream<ap_fixed<16, 3, (ap_q_mode)0, (ap_o_mode)0, 0>, 0>&, hls::stream<ap_fixed<16, 3, (ap_q_mode)0, (ap_o_mode)0, 0>, 0>&)' (top.cpp:219:44)
INFO: [HLS 214-131] Inlining function 'inter_to_float(ap_fixed<16, 3, (ap_q_mode)0, (ap_o_mode)0, 0>)' into 'top_kernel(float const*, float const*, float const*, float*)' (top.cpp:357:18)
INFO: [HLS 214-291] Loop 'VITIS_LOOP_302_5' is marked as complete unroll implied by the pipeline pragma (top.cpp:302:35)
INFO: [HLS 214-291] Loop 'VITIS_LOOP_303_6' is marked as complete unroll implied by the pipeline pragma (top.cpp:303:39)
INFO: [HLS 214-291] Loop 'VITIS_LOOP_274_2' is marked as complete unroll implied by the pipeline pragma (top.cpp:274:35)
INFO: [HLS 214-291] Loop 'VITIS_LOOP_275_3' is marked as complete unroll implied by the pipeline pragma (top.cpp:275:39)
INFO: [HLS 214-291] Loop 'VITIS_LOOP_212_5' is marked as complete unroll implied by the pipeline pragma (top.cpp:212:35)
INFO: [HLS 214-291] Loop 'VITIS_LOOP_213_6' is marked as complete unroll implied by the pipeline pragma (top.cpp:213:39)
INFO: [HLS 214-291] Loop 'VITIS_LOOP_153_2' is marked as complete unroll implied by the pipeline pragma (top.cpp:153:35)
INFO: [HLS 214-291] Loop 'VITIS_LOOP_154_3' is marked as complete unroll implied by the pipeline pragma (top.cpp:154:39)
INFO: [HLS 214-186] Unrolling loop 'VITIS_LOOP_302_5' (top.cpp:302:35) in function 'stage_morphology' completely with a factor of 3 (top.cpp:245:0)
INFO: [HLS 214-186] Unrolling loop 'VITIS_LOOP_303_6' (top.cpp:303:39) in function 'stage_morphology' completely with a factor of 3 (top.cpp:245:0)
INFO: [HLS 214-186] Unrolling loop 'VITIS_LOOP_274_2' (top.cpp:274:35) in function 'stage_morphology' completely with a factor of 3 (top.cpp:245:0)
INFO: [HLS 214-186] Unrolling loop 'VITIS_LOOP_275_3' (top.cpp:275:39) in function 'stage_morphology' completely with a factor of 3 (top.cpp:245:0)
INFO: [HLS 214-186] Unrolling loop 'VITIS_LOOP_212_5' (top.cpp:212:35) in function 'stage_bilateral' completely with a factor of 3 (top.cpp:174:0)
INFO: [HLS 214-186] Unrolling loop 'VITIS_LOOP_213_6' (top.cpp:213:39) in function 'stage_bilateral' completely with a factor of 3 (top.cpp:174:0)
INFO: [HLS 214-186] Unrolling loop 'VITIS_LOOP_153_2' (top.cpp:153:35) in function 'stage_gaussian' completely with a factor of 5 (top.cpp:126:0)
INFO: [HLS 214-186] Unrolling loop 'VITIS_LOOP_154_3' (top.cpp:154:39) in function 'stage_gaussian' completely with a factor of 5 (top.cpp:126:0)
INFO: [HLS 214-186] Unrolling loop 'VITIS_LOOP_79_1' (top.cpp:79:19) in function 'stage_rgb2eq' completely with a factor of 256 (top.cpp:59:0)
INFO: [HLS 214-178] Inlining function 'fp_struct<float>::fp_struct(float)' into 'int generic_cast_IEEE754<int, (ap_q_mode)6, float>(float, bool, hls::enable_if<std::numeric_limits<int>::is_signed, bool>::type)' (/wrk/ci/prod/2025.1.1/hls_product/continuous/218/2025.1.1/src/shared/hls/clib/hlsmath/include/FloatingPoint/hls_case_IEEE754.h:12:0)
INFO: [HLS 214-178] Inlining function 'fp_struct<float>::mantissa() const' into 'int generic_cast_IEEE754<int, (ap_q_mode)6, float>(float, bool, hls::enable_if<std::numeric_limits<int>::is_signed, bool>::type)' (/wrk/ci/prod/2025.1.1/hls_product/continuous/218/2025.1.1/src/shared/hls/clib/hlsmath/include/FloatingPoint/hls_case_IEEE754.h:12:0)
INFO: [HLS 214-178] Inlining function 'fp_struct<float>::expv() const' into 'int generic_cast_IEEE754<int, (ap_q_mode)6, float>(float, bool, hls::enable_if<std::numeric_limits<int>::is_signed, bool>::type)' (/wrk/ci/prod/2025.1.1/hls_product/continuous/218/2025.1.1/src/shared/hls/clib/hlsmath/include/FloatingPoint/hls_case_IEEE754.h:12:0)
INFO: [HLS 214-178] Inlining function 'fp_struct<float>::__signbit() const' into 'int generic_cast_IEEE754<int, (ap_q_mode)6, float>(float, bool, hls::enable_if<std::numeric_limits<int>::is_signed, bool>::type)' (/wrk/ci/prod/2025.1.1/hls_product/continuous/218/2025.1.1/src/shared/hls/clib/hlsmath/include/FloatingPoint/hls_case_IEEE754.h:12:0)
INFO: [HLS 214-178] Inlining function 'int generic_cast_IEEE754<int, (ap_q_mode)6, float>(float, bool, hls::enable_if<std::numeric_limits<int>::is_signed, bool>::type)' into 'int generic_cast_IEEE754<int, float>(float, bool)' (/wrk/ci/prod/2025.1.1/hls_product/continuous/218/2025.1.1/src/shared/hls/clib/hlsmath/include/FloatingPoint/hls_case_IEEE754.h:116:0)
INFO: [HLS 214-178] Inlining function 'int generic_cast_IEEE754<int, float>(float, bool)' into '__hls_fptosi_float_i32' (/wrk/ci/prod/2025.1.1/hls_product/continuous/218/2025.1.1/src/shared/hls/clib/hlsmath/src/lib_floatconversion.cpp:51:0)
INFO: [HLS 214-178] Inlining function '__hls_fptosi_float_i32' into 'stage_rgb2eq(float const*, float const*, float const*, hls::stream<ap_fixed<16, 3, (ap_q_mode)0, (ap_o_mode)0, 0>, 0>&)' (top.cpp:59:0)
INFO: [HLS 214-248] Applying array_partition to 'histogram': Complete partitioning on dimension 1. (top.cpp:77:9)
INFO: [HLS 214-248] Applying array_partition to 'cdf': Complete partitioning on dimension 1. (top.cpp:96:9)
INFO: [HLS 214-270] Inferring pragma 'array_partition type=cyclic factor=5 dim=1' for array 'grid' due to pipeline pragma (top.cpp:145:9)
INFO: [HLS 214-270] Inferring pragma 'array_partition type=cyclic factor=5 dim=2' for array 'grid' due to pipeline pragma (top.cpp:145:9)
INFO: [HLS 214-270] Inferring pragma 'array_partition type=cyclic factor=3 dim=1' for array 'grid' due to pipeline pragma (top.cpp:201:9)
INFO: [HLS 214-270] Inferring pragma 'array_partition type=cyclic factor=3 dim=2' for array 'grid' due to pipeline pragma (top.cpp:201:9)
INFO: [HLS 214-270] Inferring pragma 'array_partition type=cyclic factor=3 dim=1' for array 'bilateral_buf' due to pipeline pragma (top.cpp:266:9)
INFO: [HLS 214-270] Inferring pragma 'array_partition type=cyclic factor=3 dim=2' for array 'bilateral_buf' due to pipeline pragma (top.cpp:266:9)
INFO: [HLS 214-270] Inferring pragma 'array_partition type=cyclic factor=3 dim=1' for array 'eroded_buf' due to pipeline pragma (top.cpp:294:9)
INFO: [HLS 214-270] Inferring pragma 'array_partition type=cyclic factor=3 dim=2' for array 'eroded_buf' due to pipeline pragma (top.cpp:294:9)
INFO: [HLS 214-248] Applying array_partition to 'grid': Cyclic partitioning with factor 5 on dimension 1. Cyclic partitioning with factor 5 on dimension 2. (top.cpp:129:10)
INFO: [HLS 214-248] Applying array_partition to 'grid': Cyclic partitioning with factor 3 on dimension 1. Cyclic partitioning with factor 3 on dimension 2. (top.cpp:177:10)
INFO: [HLS 214-248] Applying array_partition to 'bilateral_buf': Cyclic partitioning with factor 3 on dimension 1. Cyclic partitioning with factor 3 on dimension 2. (top.cpp:248:10)
INFO: [HLS 214-248] Applying array_partition to 'eroded_buf': Cyclic partitioning with factor 3 on dimension 1. Cyclic partitioning with factor 3 on dimension 2. (top.cpp:249:13)
INFO: [HLS 214-115] Multiple burst reads of length 4096 and bit width 32 in loop 'PASS1'(top.cpp:67:5) has been inferred on bundle 'gmem0'. These burst requests might be further partitioned into multiple requests during RTL generation, based on max_read_burst_length or max_write_burst_length settings. (top.cpp:67:5)
INFO: [HLS 214-115] Multiple burst reads of length 4096 and bit width 32 in loop 'PASS1'(top.cpp:67:5) has been inferred on bundle 'gmem1'. These burst requests might be further partitioned into multiple requests during RTL generation, based on max_read_burst_length or max_write_burst_length settings. (top.cpp:67:5)
INFO: [HLS 214-115] Multiple burst reads of length 4096 and bit width 32 in loop 'PASS1'(top.cpp:67:5) has been inferred on bundle 'gmem2'. These burst requests might be further partitioned into multiple requests during RTL generation, based on max_read_burst_length or max_write_burst_length settings. (top.cpp:67:5)
INFO: [HLS 214-115] Multiple burst writes of length 4096 and bit width 32 in loop 'VITIS_LOOP_354_1'(top.cpp:354:23) has been inferred on bundle 'gmem3'. These burst requests might be further partitioned into multiple requests during RTL generation, based on max_read_burst_length or max_write_burst_length settings. (top.cpp:354:23)
INFO: [HLS 214-455] Changing loop 'Loop_VITIS_LOOP_354_1_proc' (top.cpp:354:23) to a process function for dataflow in function 'top_kernel' (top.cpp:354:23)
INFO: [HLS 200-111] Finished Compiling Optimization and Transform: CPU user time: 31.86 seconds. CPU system time: 1.02 seconds. Elapsed time: 34.31 seconds; current allocated memory: 704.059 MB.
INFO: [HLS 200-111] Finished Checking Pragmas: CPU user time: 0.01 seconds. CPU system time: 0 seconds. Elapsed time: 0 seconds; current allocated memory: 704.059 MB.
INFO: [HLS 200-10] Starting code transformations ...
INFO: [HLS 200-111] Finished Standard Transforms: CPU user time: 1.21 seconds. CPU system time: 0.02 seconds. Elapsed time: 1.26 seconds; current allocated memory: 716.586 MB.
INFO: [HLS 200-10] Checking synthesizability ...
WARNING: [SYNCHK 200-23] top.cpp:46: variable-indexed range selection may cause suboptimal QoR.
INFO: [SYNCHK 200-10] 0 error(s), 1 warning(s).
INFO: [HLS 200-111] Finished Checking Synthesizability: CPU user time: 1.12 seconds. CPU system time: 0.02 seconds. Elapsed time: 1.16 seconds; current allocated memory: 735.496 MB.
INFO: [XFORM 203-712] Applying dataflow to function 'top_kernel' (top.cpp:321:1), detected/extracted 6 process function(s): 
	 'entry_proc'
	 'stage_rgb2eq'
	 'stage_gaussian'
	 'stage_bilateral'
	 'stage_morphology'
	 'Loop_VITIS_LOOP_354_1_proc'.
INFO: [XFORM 203-401] Performing if-conversion on hyperblock from (top.cpp:68:9) to (top.cpp:67:5) in function 'stage_rgb2eq'... converting 29 basic blocks.
INFO: [XFORM 203-401] Performing if-conversion on hyperblock from (top.cpp:86:9) to (top.cpp:92:23) in function 'stage_rgb2eq'... converting 3 basic blocks.
INFO: [XFORM 203-401] Performing if-conversion on hyperblock from (top.cpp:110:9) to (top.cpp:109:5) in function 'stage_rgb2eq'... converting 31 basic blocks.
INFO: [XFORM 203-401] Performing if-conversion on hyperblock from (top.cpp:265:45) to (top.cpp:285:30) in function 'stage_morphology'... converting 3 basic blocks.
INFO: [XFORM 203-401] Performing if-conversion on hyperblock from (top.cpp:293:45) to (top.cpp:293:27) in function 'stage_morphology'... converting 3 basic blocks.
INFO: [XFORM 203-401] Performing if-conversion on hyperblock from (top.cpp:144:45) to (top.cpp:144:27) in function 'stage_gaussian'... converting 4 basic blocks.
INFO: [XFORM 203-401] Performing if-conversion on hyperblock to (top.cpp:231:26) in function 'stage_bilateral'... converting 530 basic blocks.
INFO: [XFORM 203-401] Performing if-conversion on hyperblock from (top.cpp:355:9) to (top.cpp:354:23) in function 'Loop_VITIS_LOOP_354_1_proc'... converting 3 basic blocks.
INFO: [XFORM 203-11] Balancing expressions in function 'stage_morphology' (top.cpp:248:27)...6 expression(s) balanced.
INFO: [XFORM 203-11] Balancing expressions in function 'stage_gaussian' (top.cpp:129:5)...3 expression(s) balanced.
INFO: [XFORM 203-11] Balancing expressions in function 'stage_bilateral' (top.cpp:51:26)...3 expression(s) balanced.
INFO: [HLS 200-111] Finished Loop, function and other optimizations: CPU user time: 8.54 seconds. CPU system time: 0.05 seconds. Elapsed time: 8.63 seconds; current allocated memory: 776.406 MB.
INFO: [HLS 200-2061] Successfully converted nested loops 'EROSION_LOOP'(top.cpp:264:5) and 'VITIS_LOOP_265_1'(top.cpp:265:27) in function 'stage_morphology' into perfectly nested loops.
INFO: [HLS 200-2061] Successfully converted nested loops 'DILATION_LOOP'(top.cpp:292:5) and 'VITIS_LOOP_293_4'(top.cpp:293:27) in function 'stage_morphology' into perfectly nested loops.
INFO: [HLS 200-2061] Successfully converted nested loops 'GAUSSIAN_OUT'(top.cpp:143:5) and 'VITIS_LOOP_144_1'(top.cpp:144:27) in function 'stage_gaussian' into perfectly nested loops.
INFO: [HLS 200-2061] Successfully converted nested loops 'BILATERAL_OUT'(top.cpp:199:5) and 'VITIS_LOOP_200_4'(top.cpp:200:27) in function 'stage_bilateral' into perfectly nested loops.
INFO: [XFORM 203-541] Flattening a loop nest 'EROSION_LOOP' (top.cpp:264:5) in function 'stage_morphology'.
INFO: [XFORM 203-541] Flattening a loop nest 'DILATION_LOOP' (top.cpp:292:5) in function 'stage_morphology'.
INFO: [XFORM 203-541] Flattening a loop nest 'GAUSSIAN_OUT' (top.cpp:143:5) in function 'stage_gaussian'.
INFO: [XFORM 203-541] Flattening a loop nest 'BILATERAL_OUT' (top.cpp:199:5) in function 'stage_bilateral'.
INFO: [HLS 200-111] Finished Architecture Synthesis: CPU user time: 9.95 seconds. CPU system time: 0.15 seconds. Elapsed time: 10.14 seconds; current allocated memory: 1.005 GB.
INFO: [HLS 200-10] Starting hardware synthesis ...
INFO: [HLS 200-10] Synthesizing 'top_kernel' ...
INFO: [HLS 200-10] ----------------------------------------------------------------
INFO: [HLS 200-42] -- Implementing module 'entry_proc' 
INFO: [HLS 200-10] ----------------------------------------------------------------
INFO: [SCHED 204-11] Starting scheduling ...
INFO: [SCHED 204-11] Finished scheduling.
INFO: [HLS 200-111] Finished Scheduling: CPU user time: 1.6 seconds. CPU system time: 0.07 seconds. Elapsed time: 1.71 seconds; current allocated memory: 1.006 GB.
INFO: [BIND 205-100] Starting micro-architecture generation ...
INFO: [BIND 205-101] Performing variable lifetime analysis.
INFO: [BIND 205-101] Exploring resource sharing.
INFO: [BIND 205-101] Binding ...
INFO: [BIND 205-100] Finished micro-architecture generation.
INFO: [HLS 200-111] Finished Binding: CPU user time: 0.02 seconds. CPU system time: 0.02 seconds. Elapsed time: 0.05 seconds; current allocated memory: 1.007 GB.
INFO: [HLS 200-10] ----------------------------------------------------------------
INFO: [HLS 200-42] -- Implementing module 'stage_rgb2eq_Pipeline_PASS1' 
INFO: [HLS 200-10] ----------------------------------------------------------------
INFO: [SCHED 204-11] Starting scheduling ...
INFO: [SCHED 204-61] Pipelining loop 'PASS1'.
INFO: [HLS 200-1470] Pipelining result : Target II = 1, Final II = 1, Depth = 88, loop 'PASS1'
INFO: [SCHED 204-11] Finished scheduling.
INFO: [HLS 200-111] Finished Scheduling: CPU user time: 0.15 seconds. CPU system time: 0.01 seconds. Elapsed time: 0.16 seconds; current allocated memory: 1.009 GB.
INFO: [BIND 205-100] Starting micro-architecture generation ...
INFO: [BIND 205-101] Performing variable lifetime analysis.
INFO: [BIND 205-101] Exploring resource sharing.
INFO: [BIND 205-101] Binding ...
INFO: [BIND 205-100] Finished micro-architecture generation.
INFO: [HLS 200-111] Finished Binding: CPU user time: 0.04 seconds. CPU system time: 0 seconds. Elapsed time: 0.05 seconds; current allocated memory: 1.009 GB.
INFO: [HLS 200-10] ----------------------------------------------------------------
INFO: [HLS 200-42] -- Implementing module 'stage_rgb2eq_Pipeline_BUILD_HIST' 
INFO: [HLS 200-10] ----------------------------------------------------------------
INFO: [SCHED 204-11] Starting scheduling ...
INFO: [SCHED 204-61] Pipelining loop 'BUILD_HIST'.
WARNING: [HLS 200-887] Cannot meet target clock period from 'sparsemux' operation 32 bit ('tmp_14', top.cpp:92) to 'store' operation 0 bit ('histogram_149_write_ln77', top.cpp:77) of variable 'histogram', top.cpp:92 on local variable 'histogram', top.cpp:77 (combination delay: 3.196 ns) to honor II or Latency constraint in region 'BUILD_HIST'.
Resolution: For help on HLS 200-887 see docs.xilinx.com/access/sources/dita/topic?Doc_Version=2025.1%20English&url=ug1448-hls-guidance&resourceid=200-887.html
INFO: [HLS 200-1470] Pipelining result : Target II = 1, Final II = 1, Depth = 15, loop 'BUILD_HIST'
WARNING: [HLS 200-871] Estimated clock period (3.196 ns) exceeds the target (target clock period: 4.000 ns, clock uncertainty: 1.080 ns, effective delay budget: 2.920 ns).
Resolution: For help on HLS 200-871 see docs.xilinx.com/access/sources/dita/topic?Doc_Version=2025.1%20English&url=ug1448-hls-guidance&resourceid=200-871.html
WARNING: [HLS 200-1016] The critical path in module 'stage_rgb2eq_Pipeline_BUILD_HIST' consists of the following:
	'load' operation 32 bit ('histogram_load_1', top.cpp:92) on local variable 'histogram', top.cpp:77 [779]  (0.000 ns)
	'sparsemux' operation 32 bit ('tmp_14', top.cpp:92) [1093]  (1.504 ns)
	'add' operation 32 bit ('histogram', top.cpp:92) [1094]  (1.203 ns)
	'store' operation 0 bit ('histogram_150_write_ln77', top.cpp:77) of variable 'histogram', top.cpp:92 on local variable 'histogram', top.cpp:77 [1409]  (0.489 ns)

Resolution: For help on HLS 200-1016 see docs.xilinx.com/access/sources/dita/topic?Doc_Version=2025.1%20English&url=ug1448-hls-guidance&resourceid=200-1016.html
INFO: [SCHED 204-11] Finished scheduling.
INFO: [HLS 200-111] Finished Scheduling: CPU user time: 4.14 seconds. CPU system time: 0.09 seconds. Elapsed time: 4.25 seconds; current allocated memory: 1.108 GB.
INFO: [BIND 205-100] Starting micro-architecture generation ...
INFO: [BIND 205-101] Performing variable lifetime analysis.
INFO: [BIND 205-101] Exploring resource sharing.
INFO: [BIND 205-101] Binding ...
INFO: [BIND 205-100] Finished micro-architecture generation.
INFO: [HLS 200-111] Finished Binding: CPU user time: 0.3 seconds. CPU system time: 0.02 seconds. Elapsed time: 0.39 seconds; current allocated memory: 1.108 GB.
INFO: [HLS 200-10] ----------------------------------------------------------------
INFO: [HLS 200-42] -- Implementing module 'stage_rgb2eq_Pipeline_VITIS_LOOP_99_2' 
INFO: [HLS 200-10] ----------------------------------------------------------------
INFO: [SCHED 204-11] Starting scheduling ...
INFO: [SCHED 204-61] Pipelining loop 'VITIS_LOOP_99_2'.
INFO: [HLS 200-1470] Pipelining result : Target II = NA, Final II = 1, Depth = 2, loop 'VITIS_LOOP_99_2'
INFO: [SCHED 204-11] Finished scheduling.
INFO: [HLS 200-111] Finished Scheduling: CPU user time: 2.2 seconds. CPU system time: 0.01 seconds. Elapsed time: 2.36 seconds; current allocated memory: 1.108 GB.
INFO: [BIND 205-100] Starting micro-architecture generation ...
INFO: [BIND 205-101] Performing variable lifetime analysis.
INFO: [BIND 205-101] Exploring resource sharing.
INFO: [BIND 205-101] Binding ...
INFO: [BIND 205-100] Finished micro-architecture generation.
INFO: [HLS 200-111] Finished Binding: CPU user time: 0.28 seconds. CPU system time: 0.02 seconds. Elapsed time: 0.43 seconds; current allocated memory: 1.108 GB.
INFO: [HLS 200-10] ----------------------------------------------------------------
INFO: [HLS 200-42] -- Implementing module 'stage_rgb2eq_Pipeline_PASS2' 
INFO: [HLS 200-10] ----------------------------------------------------------------
INFO: [SCHED 204-11] Starting scheduling ...
INFO: [SCHED 204-61] Pipelining loop 'PASS2'.
INFO: [HLS 200-1470] Pipelining result : Target II = 1, Final II = 1, Depth = 70, loop 'PASS2'
WARNING: [HLS 200-871] Estimated clock period (3.320 ns) exceeds the target (target clock period: 4.000 ns, clock uncertainty: 1.080 ns, effective delay budget: 2.920 ns).
Resolution: For help on HLS 200-871 see docs.xilinx.com/access/sources/dita/topic?Doc_Version=2025.1%20English&url=ug1448-hls-guidance&resourceid=200-871.html
WARNING: [HLS 200-1016] The critical path in module 'stage_rgb2eq_Pipeline_PASS2' consists of the following:
	'sitofp' operation 32 bit ('conv', top.cpp:115) [588]  (3.320 ns)

Resolution: For help on HLS 200-1016 see docs.xilinx.com/access/sources/dita/topic?Doc_Version=2025.1%20English&url=ug1448-hls-guidance&resourceid=200-1016.html
INFO: [SCHED 204-11] Finished scheduling.
INFO: [HLS 200-111] Finished Scheduling: CPU user time: 0.49 seconds. CPU system time: 0.01 seconds. Elapsed time: 0.61 seconds; current allocated memory: 1.108 GB.
INFO: [BIND 205-100] Starting micro-architecture generation ...
INFO: [BIND 205-101] Performing variable lifetime analysis.
INFO: [BIND 205-101] Exploring resource sharing.
INFO: [BIND 205-101] Binding ...
INFO: [BIND 205-100] Finished micro-architecture generation.
INFO: [HLS 200-111] Finished Binding: CPU user time: 0.09 seconds. CPU system time: 0.01 seconds. Elapsed time: 0.14 seconds; current allocated memory: 1.108 GB.
INFO: [HLS 200-10] ----------------------------------------------------------------
INFO: [HLS 200-42] -- Implementing module 'stage_rgb2eq' 
INFO: [HLS 200-10] ----------------------------------------------------------------
INFO: [SCHED 204-11] Starting scheduling ...
WARNING: [HLS 200-871] Estimated clock period (3.320 ns) exceeds the target (target clock period: 4.000 ns, clock uncertainty: 1.080 ns, effective delay budget: 2.920 ns).
Resolution: For help on HLS 200-871 see docs.xilinx.com/access/sources/dita/topic?Doc_Version=2025.1%20English&url=ug1448-hls-guidance&resourceid=200-871.html
WARNING: [HLS 200-1016] The critical path in module 'stage_rgb2eq' consists of the following:
	'load' operation 32 bit ('histogram_loc_load') on local variable 'histogram_loc' [796]  (0.000 ns)
	'sitofp' operation 32 bit ('cdf_min', top.cpp:104) [1053]  (3.320 ns)

Resolution: For help on HLS 200-1016 see docs.xilinx.com/access/sources/dita/topic?Doc_Version=2025.1%20English&url=ug1448-hls-guidance&resourceid=200-1016.html
INFO: [SCHED 204-11] Finished scheduling.
INFO: [HLS 200-111] Finished Scheduling: CPU user time: 0.69 seconds. CPU system time: 0.01 seconds. Elapsed time: 0.74 seconds; current allocated memory: 1.108 GB.
INFO: [BIND 205-100] Starting micro-architecture generation ...
INFO: [BIND 205-101] Performing variable lifetime analysis.
INFO: [BIND 205-101] Exploring resource sharing.
INFO: [BIND 205-101] Binding ...
INFO: [BIND 205-100] Finished micro-architecture generation.
INFO: [HLS 200-111] Finished Binding: CPU user time: 0.28 seconds. CPU system time: 0 seconds. Elapsed time: 0.34 seconds; current allocated memory: 1.108 GB.
INFO: [HLS 200-10] ----------------------------------------------------------------
INFO: [HLS 200-42] -- Implementing module 'stage_gaussian_Pipeline_READ_IN' 
INFO: [HLS 200-10] ----------------------------------------------------------------
INFO: [SCHED 204-11] Starting scheduling ...
INFO: [HLS 200-486] Changing DSP latency (root=add_ln138) to 3 in order to utilize available DSP registers.
INFO: [SCHED 204-61] Pipelining loop 'READ_IN'.
INFO: [HLS 200-1470] Pipelining result : Target II = 1, Final II = 1, Depth = 11, loop 'READ_IN'
INFO: [SCHED 204-11] Finished scheduling.
INFO: [HLS 200-111] Finished Scheduling: CPU user time: 0.21 seconds. CPU system time: 0.01 seconds. Elapsed time: 0.3 seconds; current allocated memory: 1.108 GB.
INFO: [BIND 205-100] Starting micro-architecture generation ...
INFO: [BIND 205-101] Performing variable lifetime analysis.
INFO: [BIND 205-101] Exploring resource sharing.
INFO: [BIND 205-101] Binding ...
INFO: [BIND 205-100] Finished micro-architecture generation.
INFO: [HLS 200-111] Finished Binding: CPU user time: 0.03 seconds. CPU system time: 0.01 seconds. Elapsed time: 0.05 seconds; current allocated memory: 1.108 GB.
INFO: [HLS 200-10] ----------------------------------------------------------------
INFO: [HLS 200-42] -- Implementing module 'stage_gaussian_Pipeline_GAUSSIAN_OUT_VITIS_LOOP_144_1' 
INFO: [HLS 200-10] ----------------------------------------------------------------
INFO: [SCHED 204-11] Starting scheduling ...
INFO: [SCHED 204-61] Pipelining loop 'GAUSSIAN_OUT_VITIS_LOOP_144_1'.
INFO: [HLS 200-1470] Pipelining result : Target II = 1, Final II = 1, Depth = 50, loop 'GAUSSIAN_OUT_VITIS_LOOP_144_1'
WARNING: [HLS 200-871] Estimated clock period (3.018 ns) exceeds the target (target clock period: 4.000 ns, clock uncertainty: 1.080 ns, effective delay budget: 2.920 ns).
Resolution: For help on HLS 200-871 see docs.xilinx.com/access/sources/dita/topic?Doc_Version=2025.1%20English&url=ug1448-hls-guidance&resourceid=200-871.html
WARNING: [HLS 200-1016] The critical path in module 'stage_gaussian_Pipeline_GAUSSIAN_OUT_VITIS_LOOP_144_1' consists of the following:
	'mul' operation 129 bit ('mul29', top.cpp:143) [89]  (3.018 ns)

Resolution: For help on HLS 200-1016 see docs.xilinx.com/access/sources/dita/topic?Doc_Version=2025.1%20English&url=ug1448-hls-guidance&resourceid=200-1016.html
INFO: [SCHED 204-11] Finished scheduling.
INFO: [HLS 200-111] Finished Scheduling: CPU user time: 7.46 seconds. CPU system time: 0.03 seconds. Elapsed time: 7.52 seconds; current allocated memory: 1.108 GB.
INFO: [BIND 205-100] Starting micro-architecture generation ...
INFO: [BIND 205-101] Performing variable lifetime analysis.
INFO: [BIND 205-101] Exploring resource sharing.
INFO: [BIND 205-101] Binding ...
INFO: [BIND 205-100] Finished micro-architecture generation.
INFO: [HLS 200-111] Finished Binding: CPU user time: 2.13 seconds. CPU system time: 0.02 seconds. Elapsed time: 2.24 seconds; current allocated memory: 1.116 GB.
INFO: [HLS 200-10] ----------------------------------------------------------------
INFO: [HLS 200-42] -- Implementing module 'stage_gaussian' 
INFO: [HLS 200-10] ----------------------------------------------------------------
INFO: [SCHED 204-11] Starting scheduling ...
INFO: [SCHED 204-11] Finished scheduling.
INFO: [HLS 200-111] Finished Scheduling: CPU user time: 0.38 seconds. CPU system time: 0.02 seconds. Elapsed time: 0.54 seconds; current allocated memory: 1.116 GB.
INFO: [BIND 205-100] Starting micro-architecture generation ...
INFO: [BIND 205-101] Performing variable lifetime analysis.
INFO: [BIND 205-101] Exploring resource sharing.
INFO: [BIND 205-101] Binding ...
INFO: [BIND 205-100] Finished micro-architecture generation.
INFO: [HLS 200-111] Finished Binding: CPU user time: 0.03 seconds. CPU system time: 0.01 seconds. Elapsed time: 0.05 seconds; current allocated memory: 1.116 GB.
INFO: [HLS 200-10] ----------------------------------------------------------------
INFO: [HLS 200-42] -- Implementing module 'stage_bilateral_Pipeline_VITIS_LOOP_181_1' 
INFO: [HLS 200-10] ----------------------------------------------------------------
INFO: [SCHED 204-11] Starting scheduling ...
INFO: [HLS 200-486] Changing DSP latency (root=add_ln185) to 3 in order to utilize available DSP registers.
INFO: [SCHED 204-61] Pipelining loop 'VITIS_LOOP_181_1'.
INFO: [HLS 200-1470] Pipelining result : Target II = 1, Final II = 1, Depth = 11, loop 'VITIS_LOOP_181_1'
INFO: [SCHED 204-11] Finished scheduling.
INFO: [HLS 200-111] Finished Scheduling: CPU user time: 0.09 seconds. CPU system time: 0 seconds. Elapsed time: 0.09 seconds; current allocated memory: 1.116 GB.
INFO: [BIND 205-100] Starting micro-architecture generation ...
INFO: [BIND 205-101] Performing variable lifetime analysis.
INFO: [BIND 205-101] Exploring resource sharing.
INFO: [BIND 205-101] Binding ...
INFO: [BIND 205-100] Finished micro-architecture generation.
INFO: [HLS 200-111] Finished Binding: CPU user time: 0.02 seconds. CPU system time: 0 seconds. Elapsed time: 0.03 seconds; current allocated memory: 1.116 GB.
INFO: [HLS 200-10] ----------------------------------------------------------------
INFO: [HLS 200-42] -- Implementing module 'stage_bilateral_Pipeline_BILATERAL_OUT_VITIS_LOOP_200_4' 
INFO: [HLS 200-10] ----------------------------------------------------------------
INFO: [SCHED 204-11] Starting scheduling ...
INFO: [SCHED 204-61] Pipelining loop 'BILATERAL_OUT_VITIS_LOOP_200_4'.
INFO: [HLS 200-1470] Pipelining result : Target II = 1, Final II = 1, Depth = 156, loop 'BILATERAL_OUT_VITIS_LOOP_200_4'
WARNING: [HLS 200-871] Estimated clock period (3.018 ns) exceeds the target (target clock period: 4.000 ns, clock uncertainty: 1.080 ns, effective delay budget: 2.920 ns).
Resolution: For help on HLS 200-871 see docs.xilinx.com/access/sources/dita/topic?Doc_Version=2025.1%20English&url=ug1448-hls-guidance&resourceid=200-871.html
WARNING: [HLS 200-1016] The critical path in module 'stage_bilateral_Pipeline_BILATERAL_OUT_VITIS_LOOP_200_4' consists of the following:
	'mul' operation 129 bit ('mul_ln199_1', top.cpp:199) [56]  (3.018 ns)

Resolution: For help on HLS 200-1016 see docs.xilinx.com/access/sources/dita/topic?Doc_Version=2025.1%20English&url=ug1448-hls-guidance&resourceid=200-1016.html
INFO: [SCHED 204-11] Finished scheduling.
INFO: [HLS 200-111] Finished Scheduling: CPU user time: 1.65 seconds. CPU system time: 0.01 seconds. Elapsed time: 1.67 seconds; current allocated memory: 1.116 GB.
INFO: [BIND 205-100] Starting micro-architecture generation ...
INFO: [BIND 205-101] Performing variable lifetime analysis.
INFO: [BIND 205-101] Exploring resource sharing.
INFO: [BIND 205-101] Binding ...
INFO: [BIND 205-100] Finished micro-architecture generation.
INFO: [HLS 200-111] Finished Binding: CPU user time: 0.85 seconds. CPU system time: 0.02 seconds. Elapsed time: 0.96 seconds; current allocated memory: 1.116 GB.
INFO: [HLS 200-10] ----------------------------------------------------------------
INFO: [HLS 200-42] -- Implementing module 'stage_bilateral' 
INFO: [HLS 200-10] ----------------------------------------------------------------
INFO: [SCHED 204-11] Starting scheduling ...
INFO: [SCHED 204-11] Finished scheduling.
INFO: [HLS 200-111] Finished Scheduling: CPU user time: 0.52 seconds. CPU system time: 0.02 seconds. Elapsed time: 0.65 seconds; current allocated memory: 1.132 GB.
INFO: [BIND 205-100] Starting micro-architecture generation ...
INFO: [BIND 205-101] Performing variable lifetime analysis.
INFO: [BIND 205-101] Exploring resource sharing.
INFO: [BIND 205-101] Binding ...
INFO: [BIND 205-100] Finished micro-architecture generation.
INFO: [HLS 200-111] Finished Binding: CPU user time: 0.03 seconds. CPU system time: 0.01 seconds. Elapsed time: 0.04 seconds; current allocated memory: 1.132 GB.
INFO: [HLS 200-10] ----------------------------------------------------------------
INFO: [HLS 200-42] -- Implementing module 'stage_morphology_Pipeline_READ_BILATERAL' 
INFO: [HLS 200-10] ----------------------------------------------------------------
INFO: [SCHED 204-11] Starting scheduling ...
INFO: [HLS 200-486] Changing DSP latency (root=add_ln259) to 3 in order to utilize available DSP registers.
INFO: [SCHED 204-61] Pipelining loop 'READ_BILATERAL'.
INFO: [HLS 200-1470] Pipelining result : Target II = 1, Final II = 1, Depth = 11, loop 'READ_BILATERAL'
INFO: [SCHED 204-11] Finished scheduling.
INFO: [HLS 200-111] Finished Scheduling: CPU user time: 0.08 seconds. CPU system time: 0 seconds. Elapsed time: 0.1 seconds; current allocated memory: 1.132 GB.
INFO: [BIND 205-100] Starting micro-architecture generation ...
INFO: [BIND 205-101] Performing variable lifetime analysis.
INFO: [BIND 205-101] Exploring resource sharing.
INFO: [BIND 205-101] Binding ...
INFO: [BIND 205-100] Finished micro-architecture generation.
INFO: [HLS 200-111] Finished Binding: CPU user time: 0.03 seconds. CPU system time: 0 seconds. Elapsed time: 0.03 seconds; current allocated memory: 1.132 GB.
INFO: [HLS 200-10] ----------------------------------------------------------------
INFO: [HLS 200-42] -- Implementing module 'stage_morphology_Pipeline_EROSION_LOOP_VITIS_LOOP_265_1' 
INFO: [HLS 200-10] ----------------------------------------------------------------
INFO: [SCHED 204-11] Starting scheduling ...
INFO: [SCHED 204-61] Pipelining loop 'EROSION_LOOP_VITIS_LOOP_265_1'.
INFO: [SCHED 204-61] Discarding stage scheduling solution.
INFO: [HLS 200-1470] Pipelining result : Target II = 1, Final II = 1, Depth = 20, loop 'EROSION_LOOP_VITIS_LOOP_265_1'
WARNING: [HLS 200-871] Estimated clock period (3.018 ns) exceeds the target (target clock period: 4.000 ns, clock uncertainty: 1.080 ns, effective delay budget: 2.920 ns).
Resolution: For help on HLS 200-871 see docs.xilinx.com/access/sources/dita/topic?Doc_Version=2025.1%20English&url=ug1448-hls-guidance&resourceid=200-871.html
WARNING: [HLS 200-1016] The critical path in module 'stage_morphology_Pipeline_EROSION_LOOP_VITIS_LOOP_265_1' consists of the following:
	'mul' operation 129 bit ('mul_ln264_1', top.cpp:264) [72]  (3.018 ns)

Resolution: For help on HLS 200-1016 see docs.xilinx.com/access/sources/dita/topic?Doc_Version=2025.1%20English&url=ug1448-hls-guidance&resourceid=200-1016.html
INFO: [SCHED 204-11] Finished scheduling.
INFO: [HLS 200-111] Finished Scheduling: CPU user time: 0.35 seconds. CPU system time: 0.01 seconds. Elapsed time: 0.37 seconds; current allocated memory: 1.132 GB.
INFO: [BIND 205-100] Starting micro-architecture generation ...
INFO: [BIND 205-101] Performing variable lifetime analysis.
INFO: [BIND 205-101] Exploring resource sharing.
INFO: [BIND 205-101] Binding ...
INFO: [BIND 205-100] Finished micro-architecture generation.
INFO: [HLS 200-111] Finished Binding: CPU user time: 0.09 seconds. CPU system time: 0.01 seconds. Elapsed time: 0.11 seconds; current allocated memory: 1.132 GB.
INFO: [HLS 200-10] ----------------------------------------------------------------
INFO: [HLS 200-42] -- Implementing module 'stage_morphology_Pipeline_DILATION_LOOP_VITIS_LOOP_293_4' 
INFO: [HLS 200-10] ----------------------------------------------------------------
INFO: [SCHED 204-11] Starting scheduling ...
INFO: [SCHED 204-61] Pipelining loop 'DILATION_LOOP_VITIS_LOOP_293_4'.
INFO: [SCHED 204-61] Discarding stage scheduling solution.
INFO: [HLS 200-1470] Pipelining result : Target II = 1, Final II = 1, Depth = 20, loop 'DILATION_LOOP_VITIS_LOOP_293_4'
WARNING: [HLS 200-871] Estimated clock period (3.018 ns) exceeds the target (target clock period: 4.000 ns, clock uncertainty: 1.080 ns, effective delay budget: 2.920 ns).
Resolution: For help on HLS 200-871 see docs.xilinx.com/access/sources/dita/topic?Doc_Version=2025.1%20English&url=ug1448-hls-guidance&resourceid=200-871.html
WARNING: [HLS 200-1016] The critical path in module 'stage_morphology_Pipeline_DILATION_LOOP_VITIS_LOOP_293_4' consists of the following:
	'mul' operation 129 bit ('mul_ln292_1', top.cpp:292) [56]  (3.018 ns)

Resolution: For help on HLS 200-1016 see docs.xilinx.com/access/sources/dita/topic?Doc_Version=2025.1%20English&url=ug1448-hls-guidance&resourceid=200-1016.html
INFO: [SCHED 204-11] Finished scheduling.
INFO: [HLS 200-111] Finished Scheduling: CPU user time: 0.37 seconds. CPU system time: 0 seconds. Elapsed time: 0.39 seconds; current allocated memory: 1.132 GB.
INFO: [BIND 205-100] Starting micro-architecture generation ...
INFO: [BIND 205-101] Performing variable lifetime analysis.
INFO: [BIND 205-101] Exploring resource sharing.
INFO: [BIND 205-101] Binding ...
INFO: [BIND 205-100] Finished micro-architecture generation.
INFO: [HLS 200-111] Finished Binding: CPU user time: 0.08 seconds. CPU system time: 0.01 seconds. Elapsed time: 0.1 seconds; current allocated memory: 1.132 GB.
INFO: [HLS 200-10] ----------------------------------------------------------------
INFO: [HLS 200-42] -- Implementing module 'stage_morphology' 
INFO: [HLS 200-10] ----------------------------------------------------------------
INFO: [SCHED 204-11] Starting scheduling ...
INFO: [SCHED 204-11] Finished scheduling.
INFO: [HLS 200-111] Finished Scheduling: CPU user time: 0.06 seconds. CPU system time: 0 seconds. Elapsed time: 0.07 seconds; current allocated memory: 1.132 GB.
INFO: [BIND 205-100] Starting micro-architecture generation ...
INFO: [BIND 205-101] Performing variable lifetime analysis.
INFO: [BIND 205-101] Exploring resource sharing.
INFO: [BIND 205-101] Binding ...
INFO: [BIND 205-100] Finished micro-architecture generation.
INFO: [HLS 200-111] Finished Binding: CPU user time: 0.02 seconds. CPU system time: 0 seconds. Elapsed time: 0.02 seconds; current allocated memory: 1.132 GB.
INFO: [HLS 200-10] ----------------------------------------------------------------
INFO: [HLS 200-42] -- Implementing module 'Loop_VITIS_LOOP_354_1_proc' 
INFO: [HLS 200-10] ----------------------------------------------------------------
INFO: [SCHED 204-11] Starting scheduling ...
INFO: [SCHED 204-61] Pipelining loop 'VITIS_LOOP_354_1'.
INFO: [HLS 200-1470] Pipelining result : Target II = 1, Final II = 1, Depth = 9, loop 'VITIS_LOOP_354_1'
INFO: [SCHED 204-11] Finished scheduling.
INFO: [HLS 200-111] Finished Scheduling: CPU user time: 0.06 seconds. CPU system time: 0 seconds. Elapsed time: 0.06 seconds; current allocated memory: 1.132 GB.
INFO: [BIND 205-100] Starting micro-architecture generation ...
INFO: [BIND 205-101] Performing variable lifetime analysis.
INFO: [BIND 205-101] Exploring resource sharing.
INFO: [BIND 205-101] Binding ...
INFO: [BIND 205-100] Finished micro-architecture generation.
INFO: [HLS 200-111] Finished Binding: CPU user time: 0.02 seconds. CPU system time: 0.01 seconds. Elapsed time: 0.03 seconds; current allocated memory: 1.132 GB.
INFO: [HLS 200-10] ----------------------------------------------------------------
INFO: [HLS 200-42] -- Implementing module 'top_kernel' 
INFO: [HLS 200-10] ----------------------------------------------------------------
INFO: [SCHED 204-11] Starting scheduling ...
INFO: [SCHED 204-11] Finished scheduling.
WARNING: [HLS 200-1020] Increasing the depth of FIFO start_for_Loop_VITIS_LOOP_354_1_proc_U0 (from entry_proc_U0 to Loop_VITIS_LOOP_354_1_proc_U0) to 5 to improve performance and/or avoid deadlocks.
INFO: [HLS 200-111] Finished Scheduling: CPU user time: 0.03 seconds. CPU system time: 0 seconds. Elapsed time: 0.05 seconds; current allocated memory: 1.132 GB.
INFO: [BIND 205-100] Starting micro-architecture generation ...
INFO: [BIND 205-101] Performing variable lifetime analysis.
INFO: [BIND 205-101] Exploring resource sharing.
INFO: [BIND 205-101] Binding ...
INFO: [BIND 205-100] Finished micro-architecture generation.
INFO: [HLS 200-111] Finished Binding: CPU user time: 0.07 seconds. CPU system time: 0.01 seconds. Elapsed time: 0.08 seconds; current allocated memory: 1.132 GB.
INFO: [HLS 200-10] ----------------------------------------------------------------
INFO: [HLS 200-10] -- Generating RTL for module 'entry_proc' 
INFO: [HLS 200-10] ----------------------------------------------------------------
INFO: [RTGEN 206-100] Finished creating RTL model for 'entry_proc'.
INFO: [HLS 200-111] Finished Creating RTL model: CPU user time: 0.18 seconds. CPU system time: 0.01 seconds. Elapsed time: 0.46 seconds; current allocated memory: 1.132 GB.
INFO: [HLS 200-10] ----------------------------------------------------------------
INFO: [HLS 200-10] -- Generating RTL for module 'stage_rgb2eq_Pipeline_PASS1' 
INFO: [HLS 200-10] ----------------------------------------------------------------
INFO: [HLS 200-1030] Apply Unified Pipeline Control on module 'stage_rgb2eq_Pipeline_PASS1' pipeline 'PASS1' pipeline type 'loop pipeline'
WARNING: [RTGEN 206-101] Setting dangling out port 'stage_rgb2eq_Pipeline_PASS1/m_axi_gmem0_0_ARVALID' to 0.
WARNING: [RTGEN 206-101] Setting dangling out port 'stage_rgb2eq_Pipeline_PASS1/m_axi_gmem0_0_ARADDR' to 0.
WARNING: [RTGEN 206-101] Setting dangling out port 'stage_rgb2eq_Pipeline_PASS1/m_axi_gmem0_0_ARID' to 0.
WARNING: [RTGEN 206-101] Setting dangling out port 'stage_rgb2eq_Pipeline_PASS1/m_axi_gmem0_0_ARLEN' to 0.
WARNING: [RTGEN 206-101] Setting dangling out port 'stage_rgb2eq_Pipeline_PASS1/m_axi_gmem0_0_ARSIZE' to 0.
WARNING: [RTGEN 206-101] Setting dangling out port 'stage_rgb2eq_Pipeline_PASS1/m_axi_gmem0_0_ARBURST' to 0.
WARNING: [RTGEN 206-101] Setting dangling out port 'stage_rgb2eq_Pipeline_PASS1/m_axi_gmem0_0_ARLOCK' to 0.
WARNING: [RTGEN 206-101] Setting dangling out port 'stage_rgb2eq_Pipeline_PASS1/m_axi_gmem0_0_ARCACHE' to 0.
WARNING: [RTGEN 206-101] Setting dangling out port 'stage_rgb2eq_Pipeline_PASS1/m_axi_gmem0_0_ARPROT' to 0.
WARNING: [RTGEN 206-101] Setting dangling out port 'stage_rgb2eq_Pipeline_PASS1/m_axi_gmem0_0_ARQOS' to 0.
WARNING: [RTGEN 206-101] Setting dangling out port 'stage_rgb2eq_Pipeline_PASS1/m_axi_gmem0_0_ARREGION' to 0.
WARNING: [RTGEN 206-101] Setting dangling out port 'stage_rgb2eq_Pipeline_PASS1/m_axi_gmem0_0_ARUSER' to 0.
WARNING: [RTGEN 206-101] Setting dangling out port 'stage_rgb2eq_Pipeline_PASS1/m_axi_gmem1_0_ARVALID' to 0.
WARNING: [RTGEN 206-101] Setting dangling out port 'stage_rgb2eq_Pipeline_PASS1/m_axi_gmem1_0_ARADDR' to 0.
WARNING: [RTGEN 206-101] Setting dangling out port 'stage_rgb2eq_Pipeline_PASS1/m_axi_gmem1_0_ARID' to 0.
WARNING: [RTGEN 206-101] Setting dangling out port 'stage_rgb2eq_Pipeline_PASS1/m_axi_gmem1_0_ARLEN' to 0.
WARNING: [RTGEN 206-101] Setting dangling out port 'stage_rgb2eq_Pipeline_PASS1/m_axi_gmem1_0_ARSIZE' to 0.
WARNING: [RTGEN 206-101] Setting dangling out port 'stage_rgb2eq_Pipeline_PASS1/m_axi_gmem1_0_ARBURST' to 0.
WARNING: [RTGEN 206-101] Setting dangling out port 'stage_rgb2eq_Pipeline_PASS1/m_axi_gmem1_0_ARLOCK' to 0.
WARNING: [RTGEN 206-101] Setting dangling out port 'stage_rgb2eq_Pipeline_PASS1/m_axi_gmem1_0_ARCACHE' to 0.
WARNING: [RTGEN 206-101] Setting dangling out port 'stage_rgb2eq_Pipeline_PASS1/m_axi_gmem1_0_ARPROT' to 0.
WARNING: [RTGEN 206-101] Setting dangling out port 'stage_rgb2eq_Pipeline_PASS1/m_axi_gmem1_0_ARQOS' to 0.
WARNING: [RTGEN 206-101] Setting dangling out port 'stage_rgb2eq_Pipeline_PASS1/m_axi_gmem1_0_ARREGION' to 0.
WARNING: [RTGEN 206-101] Setting dangling out port 'stage_rgb2eq_Pipeline_PASS1/m_axi_gmem1_0_ARUSER' to 0.
WARNING: [RTGEN 206-101] Setting dangling out port 'stage_rgb2eq_Pipeline_PASS1/m_axi_gmem2_0_ARVALID' to 0.
WARNING: [RTGEN 206-101] Setting dangling out port 'stage_rgb2eq_Pipeline_PASS1/m_axi_gmem2_0_ARADDR' to 0.
WARNING: [RTGEN 206-101] Setting dangling out port 'stage_rgb2eq_Pipeline_PASS1/m_axi_gmem2_0_ARID' to 0.
WARNING: [RTGEN 206-101] Setting dangling out port 'stage_rgb2eq_Pipeline_PASS1/m_axi_gmem2_0_ARLEN' to 0.
WARNING: [RTGEN 206-101] Setting dangling out port 'stage_rgb2eq_Pipeline_PASS1/m_axi_gmem2_0_ARSIZE' to 0.
WARNING: [RTGEN 206-101] Setting dangling out port 'stage_rgb2eq_Pipeline_PASS1/m_axi_gmem2_0_ARBURST' to 0.
WARNING: [RTGEN 206-101] Setting dangling out port 'stage_rgb2eq_Pipeline_PASS1/m_axi_gmem2_0_ARLOCK' to 0.
WARNING: [RTGEN 206-101] Setting dangling out port 'stage_rgb2eq_Pipeline_PASS1/m_axi_gmem2_0_ARCACHE' to 0.
WARNING: [RTGEN 206-101] Setting dangling out port 'stage_rgb2eq_Pipeline_PASS1/m_axi_gmem2_0_ARPROT' to 0.
WARNING: [RTGEN 206-101] Setting dangling out port 'stage_rgb2eq_Pipeline_PASS1/m_axi_gmem2_0_ARQOS' to 0.
WARNING: [RTGEN 206-101] Setting dangling out port 'stage_rgb2eq_Pipeline_PASS1/m_axi_gmem2_0_ARREGION' to 0.
WARNING: [RTGEN 206-101] Setting dangling out port 'stage_rgb2eq_Pipeline_PASS1/m_axi_gmem2_0_ARUSER' to 0.
INFO: [RTGEN 206-100] Generating core module 'bitselect_1ns_54ns_6ns_1_1_1': 2 instance(s).
INFO: [RTGEN 206-100] Generating core module 'fadd_32ns_32ns_32_10_full_dsp_1': 1 instance(s).
INFO: [RTGEN 206-100] Generating core module 'faddfsub_32ns_32ns_32_10_full_dsp_1': 1 instance(s).
INFO: [RTGEN 206-100] Generating core module 'fdiv_32ns_32ns_32_30_no_dsp_1': 4 instance(s).
INFO: [RTGEN 206-100] Generating core module 'fpext_32ns_64_2_no_dsp_1': 1 instance(s).
INFO: [RTGEN 206-100] Generating core module 'sparsemux_7_2_16_1_1': 2 instance(s).
INFO: [RTGEN 206-100] Generating core module 'sparsemux_7_2_1_1_1': 3 instance(s).
INFO: [RTGEN 206-100] Finished creating RTL model for 'stage_rgb2eq_Pipeline_PASS1'.
INFO: [HLS 200-111] Finished Creating RTL model: CPU user time: 0.16 seconds. CPU system time: 0.01 seconds. Elapsed time: 0.23 seconds; current allocated memory: 1.132 GB.
INFO: [HLS 200-10] ----------------------------------------------------------------
INFO: [HLS 200-10] -- Generating RTL for module 'stage_rgb2eq_Pipeline_BUILD_HIST' 
INFO: [HLS 200-10] ----------------------------------------------------------------
INFO: [HLS 200-1030] Apply Unified Pipeline Control on module 'stage_rgb2eq_Pipeline_BUILD_HIST' pipeline 'BUILD_HIST' pipeline type 'loop pipeline'
INFO: [RTGEN 206-104] Estimated max fanout for 'stage_rgb2eq_Pipeline_BUILD_HIST' is 8415 from HDL expression: (1'b0 == ap_block_pp0_stage0_11001)
INFO: [RTGEN 206-100] Generating core module 'ctlz_16_16_1_1': 1 instance(s).
INFO: [RTGEN 206-100] Generating core module 'fmul_32ns_32ns_32_7_max_dsp_1': 1 instance(s).
INFO: [RTGEN 206-100] Generating core module 'sparsemux_513_8_32_1_1': 1 instance(s).
INFO: [RTGEN 206-100] Finished creating RTL model for 'stage_rgb2eq_Pipeline_BUILD_HIST'.
INFO: [HLS 200-111] Finished Creating RTL model: CPU user time: 1.25 seconds. CPU system time: 0.03 seconds. Elapsed time: 1.32 seconds; current allocated memory: 1.138 GB.
INFO: [HLS 200-10] ----------------------------------------------------------------
INFO: [HLS 200-10] -- Generating RTL for module 'stage_rgb2eq_Pipeline_VITIS_LOOP_99_2' 
INFO: [HLS 200-10] ----------------------------------------------------------------
INFO: [HLS 200-1030] Apply Unified Pipeline Control on module 'stage_rgb2eq_Pipeline_VITIS_LOOP_99_2' pipeline 'VITIS_LOOP_99_2' pipeline type 'loop pipeline'
INFO: [RTGEN 206-104] Estimated max fanout for 'stage_rgb2eq_Pipeline_VITIS_LOOP_99_2' is 8160 from HDL expression: ((ap_loop_exit_ready == 1'b1) & (icmp_ln99_fu_5915_p2 == 1'd1) & (1'b0 == ap_block_pp0_stage0_01001) & (1'b1 == ap_CS_fsm_pp0_stage0))
INFO: [RTGEN 206-100] Generating core module 'sparsemux_511_8_32_1_1': 2 instance(s).
INFO: [RTGEN 206-100] Finished creating RTL model for 'stage_rgb2eq_Pipeline_VITIS_LOOP_99_2'.
INFO: [HLS 200-111] Finished Creating RTL model: CPU user time: 1.48 seconds. CPU system time: 0.14 seconds. Elapsed time: 1.77 seconds; current allocated memory: 1.179 GB.
INFO: [HLS 200-10] ----------------------------------------------------------------
INFO: [HLS 200-10] -- Generating RTL for module 'stage_rgb2eq_Pipeline_PASS2' 
INFO: [HLS 200-10] ----------------------------------------------------------------
INFO: [HLS 200-1030] Apply Unified Pipeline Control on module 'stage_rgb2eq_Pipeline_PASS2' pipeline 'PASS2' pipeline type 'loop pipeline'
INFO: [RTGEN 206-100] Generating core module 'bitselect_1ns_54ns_6ns_1_1_1': 2 instance(s).
INFO: [RTGEN 206-100] Generating core module 'ctlz_16_16_1_1': 1 instance(s).
INFO: [RTGEN 206-100] Generating core module 'faddfsub_32ns_32ns_32_10_full_dsp_1': 1 instance(s).
INFO: [RTGEN 206-100] Generating core module 'fcmp_32ns_32ns_1_3_no_dsp_1': 1 instance(s).
INFO: [RTGEN 206-100] Generating core module 'fdiv_32ns_32ns_32_30_no_dsp_1': 1 instance(s).
INFO: [RTGEN 206-100] Generating core module 'fmul_32ns_32ns_32_7_max_dsp_1': 1 instance(s).
INFO: [RTGEN 206-100] Generating core module 'fpext_32ns_64_2_no_dsp_1': 1 instance(s).
INFO: [RTGEN 206-100] Generating core module 'sitofp_32ns_32_7_no_dsp_1': 1 instance(s).
INFO: [RTGEN 206-100] Generating core module 'sparsemux_513_8_32_1_1': 1 instance(s).
INFO: [RTGEN 206-100] Generating core module 'sparsemux_7_2_16_1_1': 2 instance(s).
INFO: [RTGEN 206-100] Generating core module 'sparsemux_7_2_1_1_1': 3 instance(s).
INFO: [RTGEN 206-100] Finished creating RTL model for 'stage_rgb2eq_Pipeline_PASS2'.
INFO: [HLS 200-111] Finished Creating RTL model: CPU user time: 1.29 seconds. CPU system time: 0.13 seconds. Elapsed time: 1.56 seconds; current allocated memory: 1.219 GB.
INFO: [HLS 200-10] ----------------------------------------------------------------
INFO: [HLS 200-10] -- Generating RTL for module 'stage_rgb2eq' 
INFO: [HLS 200-10] ----------------------------------------------------------------
INFO: [RTGEN 206-100] Generating core module 'faddfsub_32ns_32ns_32_10_full_dsp_1': 1 instance(s).
INFO: [RTGEN 206-100] Generating core module 'fdiv_32ns_32ns_32_30_no_dsp_1': 1 instance(s).
INFO: [RTGEN 206-100] Generating core module 'fmul_32ns_32ns_32_7_max_dsp_1': 1 instance(s).
INFO: [RTGEN 206-100] Generating core module 'fpext_32ns_64_2_no_dsp_1': 1 instance(s).
INFO: [RTGEN 206-100] Generating core module 'sitofp_32ns_32_7_no_dsp_1': 1 instance(s).
INFO: [RTGEN 206-100] Finished creating RTL model for 'stage_rgb2eq'.
INFO: [RTMG 210-278] Implementing memory 'top_kernel_stage_rgb2eq_intensity_buf_RAM_AUTO_1R1W' using auto RAMs.
INFO: [HLS 200-111] Finished Creating RTL model: CPU user time: 0.49 seconds. CPU system time: 0.05 seconds. Elapsed time: 0.65 seconds; current allocated memory: 1.237 GB.
INFO: [HLS 200-10] ----------------------------------------------------------------
INFO: [HLS 200-10] -- Generating RTL for module 'stage_gaussian_Pipeline_READ_IN' 
INFO: [HLS 200-10] ----------------------------------------------------------------
INFO: [HLS 200-1030] Apply Unified Pipeline Control on module 'stage_gaussian_Pipeline_READ_IN' pipeline 'READ_IN' pipeline type 'loop pipeline'
INFO: [RTGEN 206-100] Generating core module 'mac_muladd_4ns_4ns_4ns_8_4_1': 1 instance(s).
INFO: [RTGEN 206-100] Generating core module 'mul_6ns_8ns_13_1_1': 2 instance(s).
INFO: [RTGEN 206-100] Generating core module 'urem_6ns_4ns_3_10_1': 2 instance(s).
INFO: [RTGEN 206-100] Finished creating RTL model for 'stage_gaussian_Pipeline_READ_IN'.
INFO: [HLS 200-111] Finished Creating RTL model: CPU user time: 0.36 seconds. CPU system time: 0.06 seconds. Elapsed time: 0.49 seconds; current allocated memory: 1.255 GB.
INFO: [HLS 200-10] ----------------------------------------------------------------
INFO: [HLS 200-10] -- Generating RTL for module 'stage_gaussian_Pipeline_GAUSSIAN_OUT_VITIS_LOOP_144_1' 
INFO: [HLS 200-10] ----------------------------------------------------------------
INFO: [HLS 200-1030] Apply Unified Pipeline Control on module 'stage_gaussian_Pipeline_GAUSSIAN_OUT_VITIS_LOOP_144_1' pipeline 'GAUSSIAN_OUT_VITIS_LOOP_144_1' pipeline type 'loop pipeline'
INFO: [RTGEN 206-104] Estimated max fanout for 'stage_gaussian_Pipeline_GAUSSIAN_OUT_VITIS_LOOP_144_1' is 8610 from HDL expression: (1'b0 == ap_block_pp0_stage0_11001_grp1)
INFO: [RTGEN 206-100] Generating core module 'mul_18s_10ns_28_1_1': 8 instance(s).
INFO: [RTGEN 206-100] Generating core module 'mul_18s_11ns_29_1_1': 4 instance(s).
INFO: [RTGEN 206-100] Generating core module 'mul_18s_12ns_30_1_1': 4 instance(s).
INFO: [RTGEN 206-100] Generating core module 'mul_18s_13ns_31_1_1': 4 instance(s).
INFO: [RTGEN 206-100] Generating core module 'mul_18s_14ns_32_1_1': 1 instance(s).
INFO: [RTGEN 206-100] Generating core module 'mul_5ns_5ns_8_1_1': 3 instance(s).
INFO: [RTGEN 206-100] Generating core module 'mul_64ns_66ns_129_5_1': 2 instance(s).
INFO: [RTGEN 206-100] Generating core module 'mul_6ns_8ns_13_1_1': 4 instance(s).
INFO: [RTGEN 206-100] Generating core module 'mul_7ns_9ns_15_1_1': 4 instance(s).
INFO: [RTGEN 206-100] Generating core module 'mul_8s_5ns_8_1_1': 2 instance(s).
INFO: [RTGEN 206-100] Generating core module 'sparsemux_11_3_16_1_1': 50 instance(s).
INFO: [RTGEN 206-100] Generating core module 'urem_7ns_4ns_3_11_1': 2 instance(s).
INFO: [RTGEN 206-100] Finished creating RTL model for 'stage_gaussian_Pipeline_GAUSSIAN_OUT_VITIS_LOOP_144_1'.
INFO: [HLS 200-111] Finished Creating RTL model: CPU user time: 1.45 seconds. CPU system time: 0.07 seconds. Elapsed time: 1.57 seconds; current allocated memory: 1.289 GB.
INFO: [HLS 200-10] ----------------------------------------------------------------
INFO: [HLS 200-10] -- Generating RTL for module 'stage_gaussian' 
INFO: [HLS 200-10] ----------------------------------------------------------------
INFO: [RTGEN 206-100] Finished creating RTL model for 'stage_gaussian'.
INFO: [RTMG 210-278] Implementing memory 'top_kernel_stage_gaussian_grid_RAM_2P_BRAM_1R1W' using block RAMs.
INFO: [HLS 200-111] Finished Creating RTL model: CPU user time: 1.03 seconds. CPU system time: 0.17 seconds. Elapsed time: 1.35 seconds; current allocated memory: 1.334 GB.
INFO: [HLS 200-10] ----------------------------------------------------------------
INFO: [HLS 200-10] -- Generating RTL for module 'stage_bilateral_Pipeline_VITIS_LOOP_181_1' 
INFO: [HLS 200-10] ----------------------------------------------------------------
INFO: [HLS 200-1030] Apply Unified Pipeline Control on module 'stage_bilateral_Pipeline_VITIS_LOOP_181_1' pipeline 'VITIS_LOOP_181_1' pipeline type 'loop pipeline'
INFO: [RTGEN 206-100] Generating core module 'mac_muladd_5ns_5ns_5ns_9_4_1': 1 instance(s).
INFO: [RTGEN 206-100] Generating core module 'mul_6ns_8ns_13_1_1': 2 instance(s).
INFO: [RTGEN 206-100] Generating core module 'urem_6ns_3ns_2_10_1': 2 instance(s).
INFO: [RTGEN 206-100] Finished creating RTL model for 'stage_bilateral_Pipeline_VITIS_LOOP_181_1'.
INFO: [HLS 200-111] Finished Creating RTL model: CPU user time: 0.15 seconds. CPU system time: 0.02 seconds. Elapsed time: 0.2 seconds; current allocated memory: 1.334 GB.
INFO: [HLS 200-10] ----------------------------------------------------------------
INFO: [HLS 200-10] -- Generating RTL for module 'stage_bilateral_Pipeline_BILATERAL_OUT_VITIS_LOOP_200_4' 
INFO: [HLS 200-10] ----------------------------------------------------------------
INFO: [HLS 200-1030] Apply Unified Pipeline Control on module 'stage_bilateral_Pipeline_BILATERAL_OUT_VITIS_LOOP_200_4' pipeline 'BILATERAL_OUT_VITIS_LOOP_200_4' pipeline type 'loop pipeline'
WARNING: [RTGEN 206-101] RTL name 'sparsemux_7_2_16_1_1' is changed to 'sparsemux_7_2_16_1_1_x' due to conflict.
INFO: [RTGEN 206-104] Estimated max fanout for 'stage_bilateral_Pipeline_BILATERAL_OUT_VITIS_LOOP_200_4' is 22729 from HDL expression: (1'b0 == ap_block_pp0_stage0_11001)
INFO: [RTGEN 206-100] Generating core module 'bitselect_1ns_54ns_6ns_1_1_1': 18 instance(s).
INFO: [RTGEN 206-100] Generating core module 'ctlz_16_16_1_1': 9 instance(s).
INFO: [RTGEN 206-100] Generating core module 'fdiv_32ns_32ns_32_30_no_dsp_1': 9 instance(s).
INFO: [RTGEN 206-100] Generating core module 'fexp_32ns_32ns_32_22_full_dsp_1': 9 instance(s).
INFO: [RTGEN 206-100] Generating core module 'fmul_32ns_32ns_32_7_max_dsp_1': 17 instance(s).
INFO: [RTGEN 206-100] Generating core module 'fpext_32ns_64_2_no_dsp_1': 9 instance(s).
INFO: [RTGEN 206-100] Generating core module 'fsub_32ns_32ns_32_10_full_dsp_1': 9 instance(s).
INFO: [RTGEN 206-100] Generating core module 'mul_20s_18s_38_2_1': 9 instance(s).
INFO: [RTGEN 206-100] Generating core module 'mul_64ns_66ns_129_5_1': 1 instance(s).
INFO: [RTGEN 206-100] Generating core module 'mul_6ns_6ns_9_1_1': 2 instance(s).
INFO: [RTGEN 206-100] Generating core module 'mul_6ns_8ns_13_1_1': 2 instance(s).
INFO: [RTGEN 206-100] Generating core module 'mul_7ns_9ns_15_1_1': 3 instance(s).
INFO: [RTGEN 206-100] Generating core module 'mul_9s_6ns_9_1_1': 1 instance(s).
INFO: [RTGEN 206-100] Generating core module 'sdiv_35ns_21ns_35_39_1': 1 instance(s).
INFO: [RTGEN 206-100] Generating core module 'sparsemux_7_2_16_1_1': 6 instance(s).
INFO: [RTGEN 206-100] Generating core module 'sparsemux_7_2_16_1_1_x': 12 instance(s).
INFO: [RTGEN 206-100] Generating core module 'sparsemux_7_2_1_1_1': 27 instance(s).
INFO: [RTGEN 206-100] Generating core module 'sparsemux_7_2_20_1_1': 18 instance(s).
INFO: [RTGEN 206-100] Generating core module 'urem_7ns_3ns_2_11_1': 2 instance(s).
INFO: [RTGEN 206-100] Finished creating RTL model for 'stage_bilateral_Pipeline_BILATERAL_OUT_VITIS_LOOP_200_4'.
INFO: [HLS 200-111] Finished Creating RTL model: CPU user time: 1.16 seconds. CPU system time: 0.05 seconds. Elapsed time: 1.28 seconds; current allocated memory: 1.360 GB.
INFO: [HLS 200-10] ----------------------------------------------------------------
INFO: [HLS 200-10] -- Generating RTL for module 'stage_bilateral' 
INFO: [HLS 200-10] ----------------------------------------------------------------
INFO: [RTGEN 206-100] Finished creating RTL model for 'stage_bilateral'.
INFO: [RTMG 210-278] Implementing memory 'top_kernel_stage_bilateral_grid_RAM_2P_BRAM_1R1W' using block RAMs.
INFO: [HLS 200-111] Finished Creating RTL model: CPU user time: 1.69 seconds. CPU system time: 0.16 seconds. Elapsed time: 2.02 seconds; current allocated memory: 1.406 GB.
INFO: [HLS 200-10] ----------------------------------------------------------------
INFO: [HLS 200-10] -- Generating RTL for module 'stage_morphology_Pipeline_READ_BILATERAL' 
INFO: [HLS 200-10] ----------------------------------------------------------------
INFO: [HLS 200-1030] Apply Unified Pipeline Control on module 'stage_morphology_Pipeline_READ_BILATERAL' pipeline 'READ_BILATERAL' pipeline type 'loop pipeline'
INFO: [RTGEN 206-100] Generating core module 'mac_muladd_5ns_5ns_5ns_9_4_1': 1 instance(s).
INFO: [RTGEN 206-100] Generating core module 'mul_6ns_8ns_13_1_1': 2 instance(s).
INFO: [RTGEN 206-100] Generating core module 'urem_6ns_3ns_2_10_1': 2 instance(s).
INFO: [RTGEN 206-100] Finished creating RTL model for 'stage_morphology_Pipeline_READ_BILATERAL'.
INFO: [HLS 200-111] Finished Creating RTL model: CPU user time: 0.17 seconds. CPU system time: 0.03 seconds. Elapsed time: 0.23 seconds; current allocated memory: 1.409 GB.
INFO: [HLS 200-10] ----------------------------------------------------------------
INFO: [HLS 200-10] -- Generating RTL for module 'stage_morphology_Pipeline_EROSION_LOOP_VITIS_LOOP_265_1' 
INFO: [HLS 200-10] ----------------------------------------------------------------
INFO: [HLS 200-1030] Apply Unified Pipeline Control on module 'stage_morphology_Pipeline_EROSION_LOOP_VITIS_LOOP_265_1' pipeline 'EROSION_LOOP_VITIS_LOOP_265_1' pipeline type 'loop pipeline'
INFO: [RTGEN 206-100] Generating core module 'mul_64ns_66ns_129_5_1': 1 instance(s).
INFO: [RTGEN 206-100] Generating core module 'mul_6ns_6ns_9_1_1': 2 instance(s).
INFO: [RTGEN 206-100] Generating core module 'mul_6ns_8ns_13_1_1': 1 instance(s).
INFO: [RTGEN 206-100] Generating core module 'mul_7ns_9ns_15_1_1': 4 instance(s).
INFO: [RTGEN 206-100] Generating core module 'mul_9s_6ns_9_1_1': 1 instance(s).
INFO: [RTGEN 206-100] Generating core module 'sparsemux_7_2_16_1_1': 6 instance(s).
INFO: [RTGEN 206-100] Generating core module 'sparsemux_7_2_16_1_1_x': 12 instance(s).
INFO: [RTGEN 206-100] Generating core module 'urem_7ns_3ns_2_11_1': 2 instance(s).
INFO: [RTGEN 206-100] Finished creating RTL model for 'stage_morphology_Pipeline_EROSION_LOOP_VITIS_LOOP_265_1'.
INFO: [HLS 200-111] Finished Creating RTL model: CPU user time: 0.25 seconds. CPU system time: 0.02 seconds. Elapsed time: 0.31 seconds; current allocated memory: 1.411 GB.
INFO: [HLS 200-10] ----------------------------------------------------------------
INFO: [HLS 200-10] -- Generating RTL for module 'stage_morphology_Pipeline_DILATION_LOOP_VITIS_LOOP_293_4' 
INFO: [HLS 200-10] ----------------------------------------------------------------
INFO: [HLS 200-1030] Apply Unified Pipeline Control on module 'stage_morphology_Pipeline_DILATION_LOOP_VITIS_LOOP_293_4' pipeline 'DILATION_LOOP_VITIS_LOOP_293_4' pipeline type 'loop pipeline'
INFO: [RTGEN 206-100] Generating core module 'mul_64ns_66ns_129_5_1': 1 instance(s).
INFO: [RTGEN 206-100] Generating core module 'mul_6ns_6ns_9_1_1': 2 instance(s).
INFO: [RTGEN 206-100] Generating core module 'mul_6ns_8ns_13_1_1': 2 instance(s).
INFO: [RTGEN 206-100] Generating core module 'mul_7ns_9ns_15_1_1': 3 instance(s).
INFO: [RTGEN 206-100] Generating core module 'mul_9s_6ns_9_1_1': 1 instance(s).
INFO: [RTGEN 206-100] Generating core module 'sparsemux_7_2_16_1_1': 6 instance(s).
INFO: [RTGEN 206-100] Generating core module 'sparsemux_7_2_16_1_1_x': 12 instance(s).
INFO: [RTGEN 206-100] Generating core module 'urem_7ns_3ns_2_11_1': 2 instance(s).
INFO: [RTGEN 206-100] Finished creating RTL model for 'stage_morphology_Pipeline_DILATION_LOOP_VITIS_LOOP_293_4'.
INFO: [HLS 200-111] Finished Creating RTL model: CPU user time: 0.4 seconds. CPU system time: 0.03 seconds. Elapsed time: 0.49 seconds; current allocated memory: 1.420 GB.
INFO: [HLS 200-10] ----------------------------------------------------------------
INFO: [HLS 200-10] -- Generating RTL for module 'stage_morphology' 
INFO: [HLS 200-10] ----------------------------------------------------------------
INFO: [RTGEN 206-100] Generating core module 'mul_64ns_66ns_129_5_1': 1 instance(s).
INFO: [RTGEN 206-100] Finished creating RTL model for 'stage_morphology'.
INFO: [HLS 200-111] Finished Creating RTL model: CPU user time: 0.25 seconds. CPU system time: 0.03 seconds. Elapsed time: 0.35 seconds; current allocated memory: 1.429 GB.
INFO: [HLS 200-10] ----------------------------------------------------------------
INFO: [HLS 200-10] -- Generating RTL for module 'Loop_VITIS_LOOP_354_1_proc' 
INFO: [HLS 200-10] ----------------------------------------------------------------
INFO: [HLS 200-1030] Apply Unified Pipeline Control on module 'Loop_VITIS_LOOP_354_1_proc' pipeline 'VITIS_LOOP_354_1' pipeline type 'loop pipeline'
INFO: [RTGEN 206-100] Generating core module 'ctlz_16_16_1_1': 1 instance(s).
INFO: [RTGEN 206-100] Finished creating RTL model for 'Loop_VITIS_LOOP_354_1_proc'.
INFO: [HLS 200-111] Finished Creating RTL model: CPU user time: 0.15 seconds. CPU system time: 0.01 seconds. Elapsed time: 0.2 seconds; current allocated memory: 1.432 GB.
INFO: [HLS 200-10] ----------------------------------------------------------------
INFO: [HLS 200-10] -- Generating RTL for module 'top_kernel' 
INFO: [HLS 200-10] ----------------------------------------------------------------
WARNING: [RTGEN 206-101] Design contains AXI ports. Reset is fixed to synchronous and active low.
INFO: [RTGEN 206-500] Setting interface mode on port 'top_kernel/gmem0' to 'm_axi'.
INFO: [RTGEN 206-500] Setting interface mode on port 'top_kernel/gmem1' to 'm_axi'.
INFO: [RTGEN 206-500] Setting interface mode on port 'top_kernel/gmem2' to 'm_axi'.
INFO: [RTGEN 206-500] Setting interface mode on port 'top_kernel/gmem3' to 'm_axi'.
INFO: [RTGEN 206-500] Setting interface mode on port 'top_kernel/in_r' to 's_axilite & ap_none'.
INFO: [RTGEN 206-500] Setting interface mode on port 'top_kernel/in_g' to 's_axilite & ap_none'.
INFO: [RTGEN 206-500] Setting interface mode on port 'top_kernel/in_b' to 's_axilite & ap_none'.
INFO: [RTGEN 206-500] Setting interface mode on port 'top_kernel/out_r' to 's_axilite & ap_none'.
INFO: [RTGEN 206-500] Setting interface mode on function 'top_kernel' to 's_axilite & ap_ctrl_hs'.
INFO: [RTGEN 206-100] Bundling port 'in_r', 'in_g', 'in_b', 'out_r' and 'return' to AXI-Lite port control.
INFO: [RTGEN 206-100] Finished creating RTL model for 'top_kernel'.
INFO: [RTMG 210-285] Implementing FIFO 'out_r_c_U(top_kernel_fifo_w64_d6_S)' using Shift Registers.
INFO: [RTMG 210-285] Implementing FIFO 'equalized_stream_U(top_kernel_fifo_w16_d128_A)' using Vivado Default RAMs.
INFO: [RTMG 210-285] Implementing FIFO 'gaussian_stream_U(top_kernel_fifo_w16_d128_A)' using Vivado Default RAMs.
INFO: [RTMG 210-285] Implementing FIFO 'bilateral_stream_U(top_kernel_fifo_w16_d128_A)' using Vivado Default RAMs.
INFO: [RTMG 210-285] Implementing FIFO 'morphology_stream_U(top_kernel_fifo_w16_d128_A)' using Vivado Default RAMs.
INFO: [RTMG 210-285] Implementing FIFO 'start_for_Loop_VITIS_LOOP_354_1_proc_U0_U(top_kernel_start_for_Loop_VITIS_LOOP_354_1_proc_U0)' using Shift Registers.
INFO: [RTMG 210-285] Implementing FIFO 'start_for_stage_gaussian_U0_U(top_kernel_start_for_stage_gaussian_U0)' using Shift Registers.
INFO: [RTMG 210-285] Implementing FIFO 'start_for_stage_bilateral_U0_U(top_kernel_start_for_stage_bilateral_U0)' using Shift Registers.
INFO: [RTMG 210-285] Implementing FIFO 'start_for_stage_morphology_U0_U(top_kernel_start_for_stage_morphology_U0)' using Shift Registers.
INFO: [HLS 200-111] Finished Creating RTL model: CPU user time: 0.17 seconds. CPU system time: 0.02 seconds. Elapsed time: 0.27 seconds; current allocated memory: 1.434 GB.
INFO: [HLS 200-111] Finished Generating all RTL models: CPU user time: 0.97 seconds. CPU system time: 0.31 seconds. Elapsed time: 3.39 seconds; current allocated memory: 1.437 GB.
INFO: [HLS 200-1603] Design has inferred MAXI bursts and missed bursts, see Vitis HLS GUI synthesis summary report for detailed information.
INFO: [HLS 200-111] Finished Updating report files: CPU user time: 2.14 seconds. CPU system time: 0.17 seconds. Elapsed time: 2.58 seconds; current allocated memory: 1.479 GB.
INFO: [VHDL 208-304] Generating VHDL RTL for top_kernel.
INFO: [VLOG 209-307] Generating Verilog RTL for top_kernel.
INFO: [HLS 200-790] **** Loop Constraint Status: All loop constraints were satisfied.
INFO: [HLS 200-789] **** Estimated Fmax: 301.20 MHz
INFO: [HLS 200-2161] Finished Command csynth_design Elapsed time: 00:01:59; Allocated memory: 841.027 MB.
INFO: [HLS 200-1510] Running: cosim_design 
INFO: [HLS 200-1915] Writing HLS config ini file /nethome/asandeep6/FPGA_ECE8893/2026_Spring/lab4/project_1/hls_config.cfg
WARNING: [HLS 200-626] This design is unable to schedule all read ports in the first II cycle. The RTL testbench may treat the design as non-pipelined
INFO: [COSIM 212-47] Using XSIM for RTL simulation.
INFO: [COSIM 212-14] Instrumenting C test bench ...
   Build using "/tools/software/xilinx/2025.1.1/Vitis/lnx64/tools/vcxx/libexec/clang++"
   Compiling host.cpp_pre.cpp.tb.cpp
   Compiling apatb_top_kernel.cpp
   Compiling top.cpp_pre.cpp.tb.cpp
   Compiling apatb_top_kernel_ir.ll
   Generating cosim.tv.exe
INFO: [COSIM 212-302] Starting C TB testing ... 
>> Initializing Input Buffers...
>> Starting Golden Baseline (Software)...
K1: Intensity        [>                             ] 0 %K1: Intensity        [=======================>      ] 79 %K1: Intensity        [==============================] 100 %
K2: Equalize         [>                             ] 0 %K2: Equalize         [==============================] 100 %
K3: Gaussian         [========================>     ] 81 %K3: Gaussian         [==============================] 100 %
K4: Bilateral        [====>                         ] 16 %K4: Bilateral        [=========>                    ] 32 %K4: Bilateral        [==============>               ] 49 %K4: Bilateral        [===================>          ] 65 %K4: Bilateral        [========================>     ] 81 %K4: Bilateral        [=============================>] 98 %K4: Bilateral        [==============================] 100 %
K5: Morph (Erode)    [==============================] 100 %
K5: Morph (Dilate)   [==============================] 100 %
>> Starting Hardware Kernel Execution...
>> Hardware Execution Complete.
>> Verifying Results...

----------------------------------------
Max Error: 0.00698498
TEST PASSED
INFO [HLS SIM]: The maximum depth reached by any hls::stream() instance in the design is 4096
INFO: [COSIM 212-333] Generating C post check test bench ...
INFO: [COSIM 212-12] Generating RTL test bench ...

****** Vivado v2025.1.1 (64-bit)
  **** SW Build 6233196 on Thu Sep 11 21:27:11 MDT 2025
  **** IP Build 6232796 on Fri Sep 12 01:46:16 MDT 2025
  **** SharedData Build 6233195 on Thu Sep 11 17:56:43 MDT 2025
  **** Start of session at: Fri Apr 10 03:39:03 2026
    ** Copyright 1986-2022 Xilinx, Inc. All Rights Reserved.
    ** Copyright 2022-2025 Advanced Micro Devices, Inc. All Rights Reserved.

source run_vivado_gen_ip.tcl -notrace
INFO: [IP_Flow 19-234] Refreshing IP repositories
INFO: [IP_Flow 19-1704] No user IP repositories specified
INFO: [IP_Flow 19-2313] Loaded Vivado IP repository '/tools/software/xilinx/2025.1.1/data/ip'.
INFO: [IP_Flow 19-1686] Generating 'Synthesis' target for IP 'top_kernel_fadd_32ns_32ns_32_10_full_dsp_1_ip'...
INFO: [IP_Flow 19-1686] Generating 'Simulation' target for IP 'top_kernel_fadd_32ns_32ns_32_10_full_dsp_1_ip'...
INFO: [IP_Flow 19-1686] Generating 'Synthesis' target for IP 'top_kernel_fdiv_32ns_32ns_32_30_no_dsp_1_ip'...
INFO: [IP_Flow 19-1686] Generating 'Simulation' target for IP 'top_kernel_fdiv_32ns_32ns_32_30_no_dsp_1_ip'...
INFO: [IP_Flow 19-1686] Generating 'Synthesis' target for IP 'top_kernel_fcmp_32ns_32ns_1_3_no_dsp_1_ip'...
INFO: [IP_Flow 19-1686] Generating 'Simulation' target for IP 'top_kernel_fcmp_32ns_32ns_1_3_no_dsp_1_ip'...
INFO: [IP_Flow 19-1686] Generating 'Synthesis' target for IP 'top_kernel_faddfsub_32ns_32ns_32_10_full_dsp_1_ip'...
INFO: [IP_Flow 19-1686] Generating 'Simulation' target for IP 'top_kernel_faddfsub_32ns_32ns_32_10_full_dsp_1_ip'...
INFO: [IP_Flow 19-1686] Generating 'Synthesis' target for IP 'top_kernel_sitofp_32ns_32_7_no_dsp_1_ip'...
INFO: [IP_Flow 19-1686] Generating 'Simulation' target for IP 'top_kernel_sitofp_32ns_32_7_no_dsp_1_ip'...
INFO: [IP_Flow 19-1686] Generating 'Synthesis' target for IP 'top_kernel_fpext_32ns_64_2_no_dsp_1_ip'...
INFO: [IP_Flow 19-1686] Generating 'Simulation' target for IP 'top_kernel_fpext_32ns_64_2_no_dsp_1_ip'...
INFO: [IP_Flow 19-1686] Generating 'Synthesis' target for IP 'top_kernel_fmul_32ns_32ns_32_7_max_dsp_1_ip'...
INFO: [IP_Flow 19-1686] Generating 'Simulation' target for IP 'top_kernel_fmul_32ns_32ns_32_7_max_dsp_1_ip'...
INFO: [IP_Flow 19-1686] Generating 'Synthesis' target for IP 'top_kernel_fsub_32ns_32ns_32_10_full_dsp_1_ip'...
INFO: [IP_Flow 19-1686] Generating 'Simulation' target for IP 'top_kernel_fsub_32ns_32ns_32_10_full_dsp_1_ip'...
INFO: [IP_Flow 19-1686] Generating 'Synthesis' target for IP 'top_kernel_fexp_32ns_32ns_32_22_full_dsp_1_ip'...
INFO: [IP_Flow 19-1686] Generating 'Simulation' target for IP 'top_kernel_fexp_32ns_32ns_32_22_full_dsp_1_ip'...
INFO: [Common 17-206] Exiting Vivado at Fri Apr 10 03:39:22 2026...
INFO: [COSIM 212-1] *** C/RTL co-simulation file generation completed. ***
INFO: [COSIM 212-323] Starting verilog simulation. 
INFO: [COSIM 212-15] Starting XSIM ...
Vivado Simulator v2025.1.1
Copyright 1986-2022 Xilinx, Inc. All Rights Reserved.
Copyright 2022-2025 Advanced Micro Devices, Inc. All Rights Reserved.
Running: /tools/software/xilinx/2025.1.1/Vivado/bin/unwrapped/lnx64.o/xelab xil_defaultlib.apatb_top_kernel_top xil_defaultlib.glbl -Oenable_linking_all_libraries -prj top_kernel.prj -L smartconnect_v1_0 -L axi_protocol_checker_v1_1_12 -L axi_protocol_checker_v1_1_13 -L axis_protocol_checker_v1_1_11 -L axis_protocol_checker_v1_1_12 -L xil_defaultlib -L unisims_ver -L xpm -L floating_point_v7_1_20 -L floating_point_v7_0_25 --lib ieee_proposed=./ieee_proposed -L uvm -relax -i ./svr -i ./svtb -i ./file_agent -i ./top_kernel_subsystem -s top_kernel 
Multi-threading is on. Using 110 slave threads.
Determining compilation order of HDL files.
INFO: [VRFC 10-2263] Analyzing SystemVerilog file "/nethome/asandeep6/FPGA_ECE8893/2026_Spring/lab4/project_1/hls/sim/verilog/glbl.v" into library xil_defaultlib
INFO: [VRFC 10-311] analyzing module glbl
INFO: [VRFC 10-2263] Analyzing SystemVerilog file "/nethome/asandeep6/FPGA_ECE8893/2026_Spring/lab4/project_1/hls/sim/verilog/top_kernel.autotb.v" into library xil_defaultlib
INFO: [VRFC 10-311] analyzing module apatb_top_kernel_top
INFO: [VRFC 10-2263] Analyzing SystemVerilog file "/nethome/asandeep6/FPGA_ECE8893/2026_Spring/lab4/project_1/hls/sim/verilog/AESL_deadlock_detection_unit.v" into library xil_defaultlib
INFO: [VRFC 10-311] analyzing module AESL_deadlock_detect_unit
INFO: [VRFC 10-2263] Analyzing SystemVerilog file "/nethome/asandeep6/FPGA_ECE8893/2026_Spring/lab4/project_1/hls/sim/verilog/AESL_deadlock_report_unit.v" into library xil_defaultlib
INFO: [VRFC 10-311] analyzing module AESL_deadlock_report_unit
INFO: [VRFC 10-2263] Analyzing SystemVerilog file "/nethome/asandeep6/FPGA_ECE8893/2026_Spring/lab4/project_1/hls/sim/verilog/AESL_deadlock_detector.v" into library xil_defaultlib
INFO: [VRFC 10-311] analyzing module AESL_deadlock_detector
INFO: [VRFC 10-2263] Analyzing SystemVerilog file "/nethome/asandeep6/FPGA_ECE8893/2026_Spring/lab4/project_1/hls/sim/verilog/top_kernel_mul_18s_12ns_30_1_1.v" into library xil_defaultlib
INFO: [VRFC 10-311] analyzing module top_kernel_mul_18s_12ns_30_1_1
INFO: [VRFC 10-2263] Analyzing SystemVerilog file "/nethome/asandeep6/FPGA_ECE8893/2026_Spring/lab4/project_1/hls/sim/verilog/top_kernel_entry_proc.v" into library xil_defaultlib
INFO: [VRFC 10-311] analyzing module top_kernel_entry_proc
INFO: [VRFC 10-2263] Analyzing SystemVerilog file "/nethome/asandeep6/FPGA_ECE8893/2026_Spring/lab4/project_1/hls/sim/verilog/top_kernel_stage_rgb2eq_Pipeline_PASS1.v" into library xil_defaultlib
INFO: [VRFC 10-311] analyzing module top_kernel_stage_rgb2eq_Pipeline_PASS1
INFO: [VRFC 10-2263] Analyzing SystemVerilog file "/nethome/asandeep6/FPGA_ECE8893/2026_Spring/lab4/project_1/hls/sim/verilog/top_kernel_stage_rgb2eq_Pipeline_BUILD_HIST.v" into library xil_defaultlib
INFO: [VRFC 10-311] analyzing module top_kernel_stage_rgb2eq_Pipeline_BUILD_HIST
INFO: [VRFC 10-2263] Analyzing SystemVerilog file "/nethome/asandeep6/FPGA_ECE8893/2026_Spring/lab4/project_1/hls/sim/verilog/top_kernel_stage_rgb2eq_Pipeline_VITIS_LOOP_99_2.v" into library xil_defaultlib
INFO: [VRFC 10-311] analyzing module top_kernel_stage_rgb2eq_Pipeline_VITIS_LOOP_99_2
INFO: [VRFC 10-2263] Analyzing SystemVerilog file "/nethome/asandeep6/FPGA_ECE8893/2026_Spring/lab4/project_1/hls/sim/verilog/top_kernel_stage_rgb2eq_Pipeline_PASS2.v" into library xil_defaultlib
INFO: [VRFC 10-311] analyzing module top_kernel_stage_rgb2eq_Pipeline_PASS2
INFO: [VRFC 10-2263] Analyzing SystemVerilog file "/nethome/asandeep6/FPGA_ECE8893/2026_Spring/lab4/project_1/hls/sim/verilog/top_kernel_stage_rgb2eq.v" into library xil_defaultlib
INFO: [VRFC 10-311] analyzing module top_kernel_stage_rgb2eq
INFO: [VRFC 10-2263] Analyzing SystemVerilog file "/nethome/asandeep6/FPGA_ECE8893/2026_Spring/lab4/project_1/hls/sim/verilog/top_kernel_stage_gaussian_Pipeline_READ_IN.v" into library xil_defaultlib
INFO: [VRFC 10-311] analyzing module top_kernel_stage_gaussian_Pipeline_READ_IN
INFO: [VRFC 10-2263] Analyzing SystemVerilog file "/nethome/asandeep6/FPGA_ECE8893/2026_Spring/lab4/project_1/hls/sim/verilog/top_kernel_stage_gaussian_Pipeline_GAUSSIAN_OUT_VITIS_LOOP_144_1.v" into library xil_defaultlib
INFO: [VRFC 10-311] analyzing module top_kernel_stage_gaussian_Pipeline_GAUSSIAN_OUT_VITIS_LOOP_144_1
INFO: [VRFC 10-2263] Analyzing SystemVerilog file "/nethome/asandeep6/FPGA_ECE8893/2026_Spring/lab4/project_1/hls/sim/verilog/top_kernel_stage_gaussian.v" into library xil_defaultlib
INFO: [VRFC 10-311] analyzing module top_kernel_stage_gaussian
INFO: [VRFC 10-2263] Analyzing SystemVerilog file "/nethome/asandeep6/FPGA_ECE8893/2026_Spring/lab4/project_1/hls/sim/verilog/top_kernel_stage_bilateral_Pipeline_VITIS_LOOP_181_1.v" into library xil_defaultlib
INFO: [VRFC 10-311] analyzing module top_kernel_stage_bilateral_Pipeline_VITIS_LOOP_181_1
INFO: [VRFC 10-2263] Analyzing SystemVerilog file "/nethome/asandeep6/FPGA_ECE8893/2026_Spring/lab4/project_1/hls/sim/verilog/top_kernel_stage_bilateral_Pipeline_BILATERAL_OUT_VITIS_LOOP_200_4.v" into library xil_defaultlib
INFO: [VRFC 10-311] analyzing module top_kernel_stage_bilateral_Pipeline_BILATERAL_OUT_VITIS_LOOP_200_4
INFO: [VRFC 10-2263] Analyzing SystemVerilog file "/nethome/asandeep6/FPGA_ECE8893/2026_Spring/lab4/project_1/hls/sim/verilog/top_kernel_stage_bilateral.v" into library xil_defaultlib
INFO: [VRFC 10-311] analyzing module top_kernel_stage_bilateral
INFO: [VRFC 10-2263] Analyzing SystemVerilog file "/nethome/asandeep6/FPGA_ECE8893/2026_Spring/lab4/project_1/hls/sim/verilog/top_kernel_stage_morphology_Pipeline_READ_BILATERAL.v" into library xil_defaultlib
INFO: [VRFC 10-311] analyzing module top_kernel_stage_morphology_Pipeline_READ_BILATERAL
INFO: [VRFC 10-2263] Analyzing SystemVerilog file "/nethome/asandeep6/FPGA_ECE8893/2026_Spring/lab4/project_1/hls/sim/verilog/top_kernel_stage_morphology_Pipeline_EROSION_LOOP_VITIS_LOOP_265_1.v" into library xil_defaultlib
INFO: [VRFC 10-311] analyzing module top_kernel_stage_morphology_Pipeline_EROSION_LOOP_VITIS_LOOP_265_1
INFO: [VRFC 10-2263] Analyzing SystemVerilog file "/nethome/asandeep6/FPGA_ECE8893/2026_Spring/lab4/project_1/hls/sim/verilog/top_kernel_stage_morphology_Pipeline_DILATION_LOOP_VITIS_LOOP_293_4.v" into library xil_defaultlib
INFO: [VRFC 10-311] analyzing module top_kernel_stage_morphology_Pipeline_DILATION_LOOP_VITIS_LOOP_293_4
INFO: [VRFC 10-2263] Analyzing SystemVerilog file "/nethome/asandeep6/FPGA_ECE8893/2026_Spring/lab4/project_1/hls/sim/verilog/top_kernel_stage_morphology.v" into library xil_defaultlib
INFO: [VRFC 10-311] analyzing module top_kernel_stage_morphology
INFO: [VRFC 10-2263] Analyzing SystemVerilog file "/nethome/asandeep6/FPGA_ECE8893/2026_Spring/lab4/project_1/hls/sim/verilog/top_kernel_Loop_VITIS_LOOP_354_1_proc.v" into library xil_defaultlib
INFO: [VRFC 10-311] analyzing module top_kernel_Loop_VITIS_LOOP_354_1_proc
INFO: [VRFC 10-2263] Analyzing SystemVerilog file "/nethome/asandeep6/FPGA_ECE8893/2026_Spring/lab4/project_1/hls/sim/verilog/top_kernel.v" into library xil_defaultlib
INFO: [VRFC 10-311] analyzing module top_kernel
INFO: [VRFC 10-2263] Analyzing SystemVerilog file "/nethome/asandeep6/FPGA_ECE8893/2026_Spring/lab4/project_1/hls/sim/verilog/top_kernel_flow_control_loop_pipe_sequential_init.v" into library xil_defaultlib
INFO: [VRFC 10-311] analyzing module top_kernel_flow_control_loop_pipe_sequential_init
INFO: [VRFC 10-2263] Analyzing SystemVerilog file "/nethome/asandeep6/FPGA_ECE8893/2026_Spring/lab4/project_1/hls/sim/verilog/top_kernel_flow_control_loop_pipe.v" into library xil_defaultlib
INFO: [VRFC 10-311] analyzing module top_kernel_flow_control_loop_pipe
INFO: [VRFC 10-2263] Analyzing SystemVerilog file "/nethome/asandeep6/FPGA_ECE8893/2026_Spring/lab4/project_1/hls/sim/verilog/top_kernel_fadd_32ns_32ns_32_10_full_dsp_1.v" into library xil_defaultlib
INFO: [VRFC 10-311] analyzing module top_kernel_fadd_32ns_32ns_32_10_full_dsp_1
INFO: [VRFC 10-2263] Analyzing SystemVerilog file "/nethome/asandeep6/FPGA_ECE8893/2026_Spring/lab4/project_1/hls/sim/verilog/top_kernel_fdiv_32ns_32ns_32_30_no_dsp_1.v" into library xil_defaultlib
INFO: [VRFC 10-311] analyzing module top_kernel_fdiv_32ns_32ns_32_30_no_dsp_1
INFO: [VRFC 10-2263] Analyzing SystemVerilog file "/nethome/asandeep6/FPGA_ECE8893/2026_Spring/lab4/project_1/hls/sim/verilog/top_kernel_bitselect_1ns_54ns_6ns_1_1_1.v" into library xil_defaultlib
INFO: [VRFC 10-311] analyzing module top_kernel_bitselect_1ns_54ns_6ns_1_1_1
INFO: [VRFC 10-2263] Analyzing SystemVerilog file "/nethome/asandeep6/FPGA_ECE8893/2026_Spring/lab4/project_1/hls/sim/verilog/top_kernel_sparsemux_7_2_16_1_1.v" into library xil_defaultlib
INFO: [VRFC 10-311] analyzing module top_kernel_sparsemux_7_2_16_1_1
INFO: [VRFC 10-2263] Analyzing SystemVerilog file "/nethome/asandeep6/FPGA_ECE8893/2026_Spring/lab4/project_1/hls/sim/verilog/top_kernel_sparsemux_7_2_1_1_1.v" into library xil_defaultlib
INFO: [VRFC 10-311] analyzing module top_kernel_sparsemux_7_2_1_1_1
INFO: [VRFC 10-2263] Analyzing SystemVerilog file "/nethome/asandeep6/FPGA_ECE8893/2026_Spring/lab4/project_1/hls/sim/verilog/top_kernel_ctlz_16_16_1_1.v" into library xil_defaultlib
INFO: [VRFC 10-311] analyzing module top_kernel_ctlz_16_16_1_1
INFO: [VRFC 10-2263] Analyzing SystemVerilog file "/nethome/asandeep6/FPGA_ECE8893/2026_Spring/lab4/project_1/hls/sim/verilog/top_kernel_sparsemux_513_8_32_1_1.v" into library xil_defaultlib
INFO: [VRFC 10-311] analyzing module top_kernel_sparsemux_513_8_32_1_1
INFO: [VRFC 10-2263] Analyzing SystemVerilog file "/nethome/asandeep6/FPGA_ECE8893/2026_Spring/lab4/project_1/hls/sim/verilog/top_kernel_sparsemux_511_8_32_1_1.v" into library xil_defaultlib
INFO: [VRFC 10-311] analyzing module top_kernel_sparsemux_511_8_32_1_1
INFO: [VRFC 10-2263] Analyzing SystemVerilog file "/nethome/asandeep6/FPGA_ECE8893/2026_Spring/lab4/project_1/hls/sim/verilog/top_kernel_fcmp_32ns_32ns_1_3_no_dsp_1.v" into library xil_defaultlib
INFO: [VRFC 10-311] analyzing module top_kernel_fcmp_32ns_32ns_1_3_no_dsp_1
INFO: [VRFC 10-2263] Analyzing SystemVerilog file "/nethome/asandeep6/FPGA_ECE8893/2026_Spring/lab4/project_1/hls/sim/verilog/top_kernel_faddfsub_32ns_32ns_32_10_full_dsp_1.v" into library xil_defaultlib
INFO: [VRFC 10-311] analyzing module top_kernel_faddfsub_32ns_32ns_32_10_full_dsp_1
INFO: [VRFC 10-2263] Analyzing SystemVerilog file "/nethome/asandeep6/FPGA_ECE8893/2026_Spring/lab4/project_1/hls/sim/verilog/top_kernel_sitofp_32ns_32_7_no_dsp_1.v" into library xil_defaultlib
INFO: [VRFC 10-311] analyzing module top_kernel_sitofp_32ns_32_7_no_dsp_1
INFO: [VRFC 10-2263] Analyzing SystemVerilog file "/nethome/asandeep6/FPGA_ECE8893/2026_Spring/lab4/project_1/hls/sim/verilog/top_kernel_fpext_32ns_64_2_no_dsp_1.v" into library xil_defaultlib
INFO: [VRFC 10-311] analyzing module top_kernel_fpext_32ns_64_2_no_dsp_1
INFO: [VRFC 10-2263] Analyzing SystemVerilog file "/nethome/asandeep6/FPGA_ECE8893/2026_Spring/lab4/project_1/hls/sim/verilog/top_kernel_fmul_32ns_32ns_32_7_max_dsp_1.v" into library xil_defaultlib
INFO: [VRFC 10-311] analyzing module top_kernel_fmul_32ns_32ns_32_7_max_dsp_1
INFO: [VRFC 10-2263] Analyzing SystemVerilog file "/nethome/asandeep6/FPGA_ECE8893/2026_Spring/lab4/project_1/hls/sim/verilog/top_kernel_stage_rgb2eq_intensity_buf_RAM_AUTO_1R1W.v" into library xil_defaultlib
INFO: [VRFC 10-311] analyzing module top_kernel_stage_rgb2eq_intensity_buf_RAM_AUTO_1R1W
INFO: [VRFC 10-2263] Analyzing SystemVerilog file "/nethome/asandeep6/FPGA_ECE8893/2026_Spring/lab4/project_1/hls/sim/verilog/top_kernel_mul_6ns_8ns_13_1_1.v" into library xil_defaultlib
INFO: [VRFC 10-311] analyzing module top_kernel_mul_6ns_8ns_13_1_1
INFO: [VRFC 10-2263] Analyzing SystemVerilog file "/nethome/asandeep6/FPGA_ECE8893/2026_Spring/lab4/project_1/hls/sim/verilog/top_kernel_urem_6ns_4ns_3_10_1.v" into library xil_defaultlib
INFO: [VRFC 10-311] analyzing module top_kernel_urem_6ns_4ns_3_10_1_divider
INFO: [VRFC 10-311] analyzing module top_kernel_urem_6ns_4ns_3_10_1
INFO: [VRFC 10-2263] Analyzing SystemVerilog file "/nethome/asandeep6/FPGA_ECE8893/2026_Spring/lab4/project_1/hls/sim/verilog/top_kernel_mac_muladd_4ns_4ns_4ns_8_4_1.v" into library xil_defaultlib
INFO: [VRFC 10-311] analyzing module top_kernel_mac_muladd_4ns_4ns_4ns_8_4_1_DSP48_0
INFO: [VRFC 10-311] analyzing module top_kernel_mac_muladd_4ns_4ns_4ns_8_4_1
INFO: [VRFC 10-2263] Analyzing SystemVerilog file "/nethome/asandeep6/FPGA_ECE8893/2026_Spring/lab4/project_1/hls/sim/verilog/top_kernel_mul_64ns_66ns_129_5_1.v" into library xil_defaultlib
INFO: [VRFC 10-311] analyzing module top_kernel_mul_64ns_66ns_129_5_1
INFO: [VRFC 10-2263] Analyzing SystemVerilog file "/nethome/asandeep6/FPGA_ECE8893/2026_Spring/lab4/project_1/hls/sim/verilog/top_kernel_sparsemux_11_3_16_1_1.v" into library xil_defaultlib
INFO: [VRFC 10-311] analyzing module top_kernel_sparsemux_11_3_16_1_1
INFO: [VRFC 10-2263] Analyzing SystemVerilog file "/nethome/asandeep6/FPGA_ECE8893/2026_Spring/lab4/project_1/hls/sim/verilog/top_kernel_urem_7ns_4ns_3_11_1.v" into library xil_defaultlib
INFO: [VRFC 10-311] analyzing module top_kernel_urem_7ns_4ns_3_11_1_divider
INFO: [VRFC 10-311] analyzing module top_kernel_urem_7ns_4ns_3_11_1
INFO: [VRFC 10-2263] Analyzing SystemVerilog file "/nethome/asandeep6/FPGA_ECE8893/2026_Spring/lab4/project_1/hls/sim/verilog/top_kernel_mul_7ns_9ns_15_1_1.v" into library xil_defaultlib
INFO: [VRFC 10-311] analyzing module top_kernel_mul_7ns_9ns_15_1_1
INFO: [VRFC 10-2263] Analyzing SystemVerilog file "/nethome/asandeep6/FPGA_ECE8893/2026_Spring/lab4/project_1/hls/sim/verilog/top_kernel_mul_5ns_5ns_8_1_1.v" into library xil_defaultlib
INFO: [VRFC 10-311] analyzing module top_kernel_mul_5ns_5ns_8_1_1
INFO: [VRFC 10-2263] Analyzing SystemVerilog file "/nethome/asandeep6/FPGA_ECE8893/2026_Spring/lab4/project_1/hls/sim/verilog/top_kernel_mul_8s_5ns_8_1_1.v" into library xil_defaultlib
INFO: [VRFC 10-311] analyzing module top_kernel_mul_8s_5ns_8_1_1
INFO: [VRFC 10-2263] Analyzing SystemVerilog file "/nethome/asandeep6/FPGA_ECE8893/2026_Spring/lab4/project_1/hls/sim/verilog/top_kernel_mul_18s_10ns_28_1_1.v" into library xil_defaultlib
INFO: [VRFC 10-311] analyzing module top_kernel_mul_18s_10ns_28_1_1
INFO: [VRFC 10-2263] Analyzing SystemVerilog file "/nethome/asandeep6/FPGA_ECE8893/2026_Spring/lab4/project_1/hls/sim/verilog/top_kernel_mul_18s_11ns_29_1_1.v" into library xil_defaultlib
INFO: [VRFC 10-311] analyzing module top_kernel_mul_18s_11ns_29_1_1
INFO: [VRFC 10-2263] Analyzing SystemVerilog file "/nethome/asandeep6/FPGA_ECE8893/2026_Spring/lab4/project_1/hls/sim/verilog/top_kernel_mul_18s_13ns_31_1_1.v" into library xil_defaultlib
INFO: [VRFC 10-311] analyzing module top_kernel_mul_18s_13ns_31_1_1
INFO: [VRFC 10-2263] Analyzing SystemVerilog file "/nethome/asandeep6/FPGA_ECE8893/2026_Spring/lab4/project_1/hls/sim/verilog/top_kernel_mul_18s_14ns_32_1_1.v" into library xil_defaultlib
INFO: [VRFC 10-311] analyzing module top_kernel_mul_18s_14ns_32_1_1
INFO: [VRFC 10-2263] Analyzing SystemVerilog file "/nethome/asandeep6/FPGA_ECE8893/2026_Spring/lab4/project_1/hls/sim/verilog/top_kernel_stage_gaussian_grid_RAM_2P_BRAM_1R1W.v" into library xil_defaultlib
INFO: [VRFC 10-311] analyzing module top_kernel_stage_gaussian_grid_RAM_2P_BRAM_1R1W
INFO: [VRFC 10-2263] Analyzing SystemVerilog file "/nethome/asandeep6/FPGA_ECE8893/2026_Spring/lab4/project_1/hls/sim/verilog/top_kernel_urem_6ns_3ns_2_10_1.v" into library xil_defaultlib
INFO: [VRFC 10-311] analyzing module top_kernel_urem_6ns_3ns_2_10_1_divider
INFO: [VRFC 10-311] analyzing module top_kernel_urem_6ns_3ns_2_10_1
INFO: [VRFC 10-2263] Analyzing SystemVerilog file "/nethome/asandeep6/FPGA_ECE8893/2026_Spring/lab4/project_1/hls/sim/verilog/top_kernel_mac_muladd_5ns_5ns_5ns_9_4_1.v" into library xil_defaultlib
INFO: [VRFC 10-311] analyzing module top_kernel_mac_muladd_5ns_5ns_5ns_9_4_1_DSP48_0
INFO: [VRFC 10-311] analyzing module top_kernel_mac_muladd_5ns_5ns_5ns_9_4_1
INFO: [VRFC 10-2263] Analyzing SystemVerilog file "/nethome/asandeep6/FPGA_ECE8893/2026_Spring/lab4/project_1/hls/sim/verilog/top_kernel_fsub_32ns_32ns_32_10_full_dsp_1.v" into library xil_defaultlib
INFO: [VRFC 10-311] analyzing module top_kernel_fsub_32ns_32ns_32_10_full_dsp_1
INFO: [VRFC 10-2263] Analyzing SystemVerilog file "/nethome/asandeep6/FPGA_ECE8893/2026_Spring/lab4/project_1/hls/sim/verilog/top_kernel_fexp_32ns_32ns_32_22_full_dsp_1.v" into library xil_defaultlib
INFO: [VRFC 10-311] analyzing module top_kernel_fexp_32ns_32ns_32_22_full_dsp_1
INFO: [VRFC 10-2263] Analyzing SystemVerilog file "/nethome/asandeep6/FPGA_ECE8893/2026_Spring/lab4/project_1/hls/sim/verilog/top_kernel_sparsemux_7_2_16_1_1_x.v" into library xil_defaultlib
INFO: [VRFC 10-311] analyzing module top_kernel_sparsemux_7_2_16_1_1_x
INFO: [VRFC 10-2263] Analyzing SystemVerilog file "/nethome/asandeep6/FPGA_ECE8893/2026_Spring/lab4/project_1/hls/sim/verilog/top_kernel_urem_7ns_3ns_2_11_1.v" into library xil_defaultlib
INFO: [VRFC 10-311] analyzing module top_kernel_urem_7ns_3ns_2_11_1_divider
INFO: [VRFC 10-311] analyzing module top_kernel_urem_7ns_3ns_2_11_1
INFO: [VRFC 10-2263] Analyzing SystemVerilog file "/nethome/asandeep6/FPGA_ECE8893/2026_Spring/lab4/project_1/hls/sim/verilog/top_kernel_mul_6ns_6ns_9_1_1.v" into library xil_defaultlib
INFO: [VRFC 10-311] analyzing module top_kernel_mul_6ns_6ns_9_1_1
INFO: [VRFC 10-2263] Analyzing SystemVerilog file "/nethome/asandeep6/FPGA_ECE8893/2026_Spring/lab4/project_1/hls/sim/verilog/top_kernel_mul_9s_6ns_9_1_1.v" into library xil_defaultlib
INFO: [VRFC 10-311] analyzing module top_kernel_mul_9s_6ns_9_1_1
INFO: [VRFC 10-2263] Analyzing SystemVerilog file "/nethome/asandeep6/FPGA_ECE8893/2026_Spring/lab4/project_1/hls/sim/verilog/top_kernel_sparsemux_7_2_20_1_1.v" into library xil_defaultlib
INFO: [VRFC 10-311] analyzing module top_kernel_sparsemux_7_2_20_1_1
INFO: [VRFC 10-2263] Analyzing SystemVerilog file "/nethome/asandeep6/FPGA_ECE8893/2026_Spring/lab4/project_1/hls/sim/verilog/top_kernel_mul_20s_18s_38_2_1.v" into library xil_defaultlib
INFO: [VRFC 10-311] analyzing module top_kernel_mul_20s_18s_38_2_1
INFO: [VRFC 10-2263] Analyzing SystemVerilog file "/nethome/asandeep6/FPGA_ECE8893/2026_Spring/lab4/project_1/hls/sim/verilog/top_kernel_sdiv_35ns_21ns_35_39_1.v" into library xil_defaultlib
INFO: [VRFC 10-311] analyzing module top_kernel_sdiv_35ns_21ns_35_39_1_divider
INFO: [VRFC 10-311] analyzing module top_kernel_sdiv_35ns_21ns_35_39_1
INFO: [VRFC 10-2263] Analyzing SystemVerilog file "/nethome/asandeep6/FPGA_ECE8893/2026_Spring/lab4/project_1/hls/sim/verilog/top_kernel_stage_bilateral_grid_RAM_2P_BRAM_1R1W.v" into library xil_defaultlib
INFO: [VRFC 10-311] analyzing module top_kernel_stage_bilateral_grid_RAM_2P_BRAM_1R1W
INFO: [VRFC 10-2263] Analyzing SystemVerilog file "/nethome/asandeep6/FPGA_ECE8893/2026_Spring/lab4/project_1/hls/sim/verilog/top_kernel_fifo_w64_d6_S.v" into library xil_defaultlib
INFO: [VRFC 10-311] analyzing module top_kernel_fifo_w64_d6_S
INFO: [VRFC 10-311] analyzing module top_kernel_fifo_w64_d6_S_ShiftReg
INFO: [VRFC 10-2263] Analyzing SystemVerilog file "/nethome/asandeep6/FPGA_ECE8893/2026_Spring/lab4/project_1/hls/sim/verilog/top_kernel_fifo_w16_d128_A.v" into library xil_defaultlib
INFO: [VRFC 10-311] analyzing module top_kernel_fifo_w16_d128_A
INFO: [VRFC 10-311] analyzing module top_kernel_fifo_w16_d128_A_ram
INFO: [VRFC 10-2263] Analyzing SystemVerilog file "/nethome/asandeep6/FPGA_ECE8893/2026_Spring/lab4/project_1/hls/sim/verilog/top_kernel_start_for_Loop_VITIS_LOOP_354_1_proc_U0.v" into library xil_defaultlib
INFO: [VRFC 10-311] analyzing module top_kernel_start_for_Loop_VITIS_LOOP_354_1_proc_U0
INFO: [VRFC 10-311] analyzing module top_kernel_start_for_Loop_VITIS_LOOP_354_1_proc_U0_ShiftReg
INFO: [VRFC 10-2263] Analyzing SystemVerilog file "/nethome/asandeep6/FPGA_ECE8893/2026_Spring/lab4/project_1/hls/sim/verilog/top_kernel_start_for_stage_gaussian_U0.v" into library xil_defaultlib
INFO: [VRFC 10-311] analyzing module top_kernel_start_for_stage_gaussian_U0
INFO: [VRFC 10-311] analyzing module top_kernel_start_for_stage_gaussian_U0_ShiftReg
INFO: [VRFC 10-2263] Analyzing SystemVerilog file "/nethome/asandeep6/FPGA_ECE8893/2026_Spring/lab4/project_1/hls/sim/verilog/top_kernel_start_for_stage_bilateral_U0.v" into library xil_defaultlib
INFO: [VRFC 10-311] analyzing module top_kernel_start_for_stage_bilateral_U0
INFO: [VRFC 10-311] analyzing module top_kernel_start_for_stage_bilateral_U0_ShiftReg
INFO: [VRFC 10-2263] Analyzing SystemVerilog file "/nethome/asandeep6/FPGA_ECE8893/2026_Spring/lab4/project_1/hls/sim/verilog/top_kernel_start_for_stage_morphology_U0.v" into library xil_defaultlib
INFO: [VRFC 10-311] analyzing module top_kernel_start_for_stage_morphology_U0
INFO: [VRFC 10-311] analyzing module top_kernel_start_for_stage_morphology_U0_ShiftReg
INFO: [VRFC 10-2263] Analyzing SystemVerilog file "/nethome/asandeep6/FPGA_ECE8893/2026_Spring/lab4/project_1/hls/sim/verilog/top_kernel_gmem0_m_axi.v" into library xil_defaultlib
INFO: [VRFC 10-311] analyzing module top_kernel_gmem0_m_axi
INFO: [VRFC 10-311] analyzing module top_kernel_gmem0_m_axi_load
INFO: [VRFC 10-311] analyzing module top_kernel_gmem0_m_axi_read
INFO: [VRFC 10-311] analyzing module top_kernel_gmem0_m_axi_burst_converter
INFO: [VRFC 10-311] analyzing module top_kernel_gmem0_m_axi_burst_interleave
INFO: [VRFC 10-311] analyzing module top_kernel_gmem0_m_axi_burst_sequential
INFO: [VRFC 10-311] analyzing module top_kernel_gmem0_m_axi_reg_slice
INFO: [VRFC 10-311] analyzing module top_kernel_gmem0_m_axi_fifo
INFO: [VRFC 10-311] analyzing module top_kernel_gmem0_m_axi_srl
INFO: [VRFC 10-311] analyzing module top_kernel_gmem0_m_axi_mem
INFO: [VRFC 10-2263] Analyzing SystemVerilog file "/nethome/asandeep6/FPGA_ECE8893/2026_Spring/lab4/project_1/hls/sim/verilog/top_kernel_gmem1_m_axi.v" into library xil_defaultlib
INFO: [VRFC 10-311] analyzing module top_kernel_gmem1_m_axi
INFO: [VRFC 10-311] analyzing module top_kernel_gmem1_m_axi_load
INFO: [VRFC 10-311] analyzing module top_kernel_gmem1_m_axi_read
INFO: [VRFC 10-311] analyzing module top_kernel_gmem1_m_axi_burst_converter
INFO: [VRFC 10-311] analyzing module top_kernel_gmem1_m_axi_burst_interleave
INFO: [VRFC 10-311] analyzing module top_kernel_gmem1_m_axi_burst_sequential
INFO: [VRFC 10-311] analyzing module top_kernel_gmem1_m_axi_reg_slice
INFO: [VRFC 10-311] analyzing module top_kernel_gmem1_m_axi_fifo
INFO: [VRFC 10-311] analyzing module top_kernel_gmem1_m_axi_srl
INFO: [VRFC 10-311] analyzing module top_kernel_gmem1_m_axi_mem
INFO: [VRFC 10-2263] Analyzing SystemVerilog file "/nethome/asandeep6/FPGA_ECE8893/2026_Spring/lab4/project_1/hls/sim/verilog/top_kernel_gmem2_m_axi.v" into library xil_defaultlib
INFO: [VRFC 10-311] analyzing module top_kernel_gmem2_m_axi
INFO: [VRFC 10-311] analyzing module top_kernel_gmem2_m_axi_load
INFO: [VRFC 10-311] analyzing module top_kernel_gmem2_m_axi_read
INFO: [VRFC 10-311] analyzing module top_kernel_gmem2_m_axi_burst_converter
INFO: [VRFC 10-311] analyzing module top_kernel_gmem2_m_axi_burst_interleave
INFO: [VRFC 10-311] analyzing module top_kernel_gmem2_m_axi_burst_sequential
INFO: [VRFC 10-311] analyzing module top_kernel_gmem2_m_axi_reg_slice
INFO: [VRFC 10-311] analyzing module top_kernel_gmem2_m_axi_fifo
INFO: [VRFC 10-311] analyzing module top_kernel_gmem2_m_axi_srl
INFO: [VRFC 10-311] analyzing module top_kernel_gmem2_m_axi_mem
INFO: [VRFC 10-2263] Analyzing SystemVerilog file "/nethome/asandeep6/FPGA_ECE8893/2026_Spring/lab4/project_1/hls/sim/verilog/top_kernel_gmem3_m_axi.v" into library xil_defaultlib
INFO: [VRFC 10-311] analyzing module top_kernel_gmem3_m_axi
INFO: [VRFC 10-311] analyzing module top_kernel_gmem3_m_axi_store
INFO: [VRFC 10-311] analyzing module top_kernel_gmem3_m_axi_write
INFO: [VRFC 10-311] analyzing module top_kernel_gmem3_m_axi_burst_converter
INFO: [VRFC 10-311] analyzing module top_kernel_gmem3_m_axi_burst_interleave
INFO: [VRFC 10-311] analyzing module top_kernel_gmem3_m_axi_burst_sequential
INFO: [VRFC 10-311] analyzing module top_kernel_gmem3_m_axi_throttle
INFO: [VRFC 10-311] analyzing module top_kernel_gmem3_m_axi_reg_slice
INFO: [VRFC 10-311] analyzing module top_kernel_gmem3_m_axi_fifo
INFO: [VRFC 10-311] analyzing module top_kernel_gmem3_m_axi_srl
INFO: [VRFC 10-311] analyzing module top_kernel_gmem3_m_axi_mem
INFO: [VRFC 10-2263] Analyzing SystemVerilog file "/nethome/asandeep6/FPGA_ECE8893/2026_Spring/lab4/project_1/hls/sim/verilog/top_kernel_control_s_axi.v" into library xil_defaultlib
INFO: [VRFC 10-311] analyzing module top_kernel_control_s_axi
INFO: [VRFC 10-2263] Analyzing SystemVerilog file "/nethome/asandeep6/FPGA_ECE8893/2026_Spring/lab4/project_1/hls/sim/verilog/dataflow_monitor.sv" into library xil_defaultlib
INFO: [VRFC 10-311] analyzing module dataflow_monitor
INFO: [VRFC 10-2263] Analyzing SystemVerilog file "/nethome/asandeep6/FPGA_ECE8893/2026_Spring/lab4/project_1/hls/sim/verilog/file_agent/file_agent_pkg.sv" into library xil_defaultlib
INFO: [VRFC 10-2263] Analyzing SystemVerilog file "/nethome/asandeep6/FPGA_ECE8893/2026_Spring/lab4/project_1/hls/sim/verilog/axivip/axi_pkg.sv" into library xil_defaultlib
INFO: [VRFC 10-2263] Analyzing SystemVerilog file "/nethome/asandeep6/FPGA_ECE8893/2026_Spring/lab4/project_1/hls/sim/verilog/axivip/axi_if.sv" into library xil_defaultlib
INFO: [VRFC 10-2263] Analyzing SystemVerilog file "/nethome/asandeep6/FPGA_ECE8893/2026_Spring/lab4/project_1/hls/sim/verilog/top_kernel_subsystem/top_kernel_subsystem_pkg.sv" into library xil_defaultlib
INFO: [VRFC 10-2263] Analyzing SystemVerilog file "/nethome/asandeep6/FPGA_ECE8893/2026_Spring/lab4/project_1/hls/sim/verilog/svtb/misc_interface.sv" into library xil_defaultlib
INFO: [VRFC 10-2263] Analyzing SystemVerilog file "/nethome/asandeep6/FPGA_ECE8893/2026_Spring/lab4/project_1/hls/sim/verilog/svtb/sv_module_top.sv" into library xil_defaultlib
INFO: [VRFC 10-311] analyzing module sv_module_top
INFO: [VRFC 10-163] Analyzing VHDL file "/nethome/asandeep6/FPGA_ECE8893/2026_Spring/lab4/project_1/hls/sim/verilog/ip/xil_defaultlib/top_kernel_fadd_32ns_32ns_32_10_full_dsp_1_ip.vhd" into library xil_defaultlib
INFO: [VRFC 10-3107] analyzing entity 'top_kernel_fadd_32ns_32ns_32_10_full_dsp_1_ip'
INFO: [VRFC 10-163] Analyzing VHDL file "/nethome/asandeep6/FPGA_ECE8893/2026_Spring/lab4/project_1/hls/sim/verilog/ip/xil_defaultlib/top_kernel_fdiv_32ns_32ns_32_30_no_dsp_1_ip.vhd" into library xil_defaultlib
INFO: [VRFC 10-3107] analyzing entity 'top_kernel_fdiv_32ns_32ns_32_30_no_dsp_1_ip'
INFO: [VRFC 10-163] Analyzing VHDL file "/nethome/asandeep6/FPGA_ECE8893/2026_Spring/lab4/project_1/hls/sim/verilog/ip/xil_defaultlib/top_kernel_fcmp_32ns_32ns_1_3_no_dsp_1_ip.vhd" into library xil_defaultlib
INFO: [VRFC 10-3107] analyzing entity 'top_kernel_fcmp_32ns_32ns_1_3_no_dsp_1_ip'
INFO: [VRFC 10-163] Analyzing VHDL file "/nethome/asandeep6/FPGA_ECE8893/2026_Spring/lab4/project_1/hls/sim/verilog/ip/xil_defaultlib/top_kernel_faddfsub_32ns_32ns_32_10_full_dsp_1_ip.vhd" into library xil_defaultlib
INFO: [VRFC 10-3107] analyzing entity 'top_kernel_faddfsub_32ns_32ns_32_10_full_dsp_1_ip'
INFO: [VRFC 10-163] Analyzing VHDL file "/nethome/asandeep6/FPGA_ECE8893/2026_Spring/lab4/project_1/hls/sim/verilog/ip/xil_defaultlib/top_kernel_sitofp_32ns_32_7_no_dsp_1_ip.vhd" into library xil_defaultlib
INFO: [VRFC 10-3107] analyzing entity 'top_kernel_sitofp_32ns_32_7_no_dsp_1_ip'
INFO: [VRFC 10-163] Analyzing VHDL file "/nethome/asandeep6/FPGA_ECE8893/2026_Spring/lab4/project_1/hls/sim/verilog/ip/xil_defaultlib/top_kernel_fpext_32ns_64_2_no_dsp_1_ip.vhd" into library xil_defaultlib
INFO: [VRFC 10-3107] analyzing entity 'top_kernel_fpext_32ns_64_2_no_dsp_1_ip'
INFO: [VRFC 10-163] Analyzing VHDL file "/nethome/asandeep6/FPGA_ECE8893/2026_Spring/lab4/project_1/hls/sim/verilog/ip/xil_defaultlib/top_kernel_fmul_32ns_32ns_32_7_max_dsp_1_ip.vhd" into library xil_defaultlib
INFO: [VRFC 10-3107] analyzing entity 'top_kernel_fmul_32ns_32ns_32_7_max_dsp_1_ip'
INFO: [VRFC 10-163] Analyzing VHDL file "/nethome/asandeep6/FPGA_ECE8893/2026_Spring/lab4/project_1/hls/sim/verilog/ip/xil_defaultlib/top_kernel_fsub_32ns_32ns_32_10_full_dsp_1_ip.vhd" into library xil_defaultlib
INFO: [VRFC 10-3107] analyzing entity 'top_kernel_fsub_32ns_32ns_32_10_full_dsp_1_ip'
INFO: [VRFC 10-163] Analyzing VHDL file "/nethome/asandeep6/FPGA_ECE8893/2026_Spring/lab4/project_1/hls/sim/verilog/ip/xil_defaultlib/top_kernel_fexp_32ns_32ns_32_22_full_dsp_1_ip.vhd" into library xil_defaultlib
INFO: [VRFC 10-3107] analyzing entity 'top_kernel_fexp_32ns_32ns_32_22_full_dsp_1_ip'
Starting static elaboration
Pass Through NonSizing Optimizer
Completed static elaboration
Starting simulation data flow analysis
WARNING: [XSIM 43-4099] "/proj/primebuilds/9999.0_PRIME_0428_0031/installs/data/system_verilog/uvm_1.2/xlnx_uvm_package.sv" Line 4356. Module uvm_pkg doesn't have a timescale but at least one module in design has a timescale.
WARNING: [XSIM 43-4099] "/proj/primebuilds/9999.0_PRIME_0428_0031/installs/data/system_verilog/uvm_1.2/xlnx_uvm_package.sv" Line 4356. Module uvm_pkg doesn't have a timescale but at least one module in design has a timescale.
WARNING: [XSIM 43-4468] File : /proj/primebuilds/9999.0_PRIME_0428_0031/installs/data/system_verilog/uvm_1.2/xlnx_uvm_package.sv, Line : 25994, RANDC variable size more than 8 bits. This will be treated as a RAND variable instead.
Completed simulation data flow analysis
Time Resolution for simulation is 1ps
Compiling package std.standard
Compiling package std.textio
Compiling package ieee.std_logic_1164
Compiling package ieee.numeric_std
Compiling package floating_point_v7_1_20.floating_point_v7_1_20_viv_comp
Compiling package xbip_utils_v3_0_14.xbip_utils_v3_0_14_pkg
Compiling package axi_utils_v2_0_10.axi_utils_v2_0_10_pkg
Compiling package floating_point_v7_1_20.floating_point_v7_1_20_consts
Compiling package ieee.math_real
Compiling package floating_point_v7_1_20.floating_point_v7_1_20_exp_table...
Compiling package mult_gen_v12_0_23.mult_gen_v12_0_23_pkg
Compiling package ieee.std_logic_arith
Compiling package ieee.std_logic_signed
Compiling package floating_point_v7_1_20.floating_point_v7_1_20_pkg
Compiling package floating_point_v7_1_20.flt_utils
Compiling package xbip_pipe_v3_0_10.xbip_pipe_v3_0_10_viv_comp
Compiling package unisim.vcomponents
Compiling package ieee.vital_timing
Compiling package ieee.vital_primitives
Compiling package unisim.vpkg
Compiling package floating_point_v7_1_20.vt2mutils
Compiling package floating_point_v7_1_20.vt2mcomps
Compiling package xil_defaultlib.$unit_sv_module_top_sv
Compiling package uvm.uvm_pkg
Compiling package std.std
Compiling package xil_defaultlib.axi_pkg
Compiling package xil_defaultlib.top_kernel_subsystem_pkg
Compiling package xil_defaultlib.file_agent_pkg
Compiling package xil_defaultlib.$unit_dataflow_monitor_sv
Compiling module xil_defaultlib.top_kernel_control_s_axi
Compiling module xil_defaultlib.top_kernel_gmem0_m_axi_srl(DATA_...
Compiling module xil_defaultlib.top_kernel_gmem0_m_axi_fifo(DATA...
Compiling module xil_defaultlib.top_kernel_gmem0_m_axi_mem(MEM_S...
Compiling module xil_defaultlib.top_kernel_gmem0_m_axi_fifo(MEM_...
Compiling module xil_defaultlib.top_kernel_gmem0_m_axi_load(NUM_...
Compiling module xil_defaultlib.top_kernel_gmem0_m_axi_reg_slice...
Compiling module xil_defaultlib.top_kernel_gmem0_m_axi_burst_seq...
Compiling module xil_defaultlib.top_kernel_gmem0_m_axi_reg_slice...
Compiling module xil_defaultlib.top_kernel_gmem0_m_axi_srl(DATA_...
Compiling module xil_defaultlib.top_kernel_gmem0_m_axi_fifo(DATA...
Compiling module xil_defaultlib.top_kernel_gmem0_m_axi_read(C_US...
Compiling module xil_defaultlib.top_kernel_gmem0_m_axi(C_M_AXI_A...
Compiling module xil_defaultlib.top_kernel_gmem1_m_axi_srl(DATA_...
Compiling module xil_defaultlib.top_kernel_gmem1_m_axi_fifo(DATA...
Compiling module xil_defaultlib.top_kernel_gmem1_m_axi_mem(MEM_S...
Compiling module xil_defaultlib.top_kernel_gmem1_m_axi_fifo(MEM_...
Compiling module xil_defaultlib.top_kernel_gmem1_m_axi_load(NUM_...
Compiling module xil_defaultlib.top_kernel_gmem1_m_axi_reg_slice...
Compiling module xil_defaultlib.top_kernel_gmem1_m_axi_burst_seq...
Compiling module xil_defaultlib.top_kernel_gmem1_m_axi_reg_slice...
Compiling module xil_defaultlib.top_kernel_gmem1_m_axi_srl(DATA_...
Compiling module xil_defaultlib.top_kernel_gmem1_m_axi_fifo(DATA...
Compiling module xil_defaultlib.top_kernel_gmem1_m_axi_read(C_US...
Compiling module xil_defaultlib.top_kernel_gmem1_m_axi(C_M_AXI_A...
Compiling module xil_defaultlib.top_kernel_gmem2_m_axi_srl(DATA_...
Compiling module xil_defaultlib.top_kernel_gmem2_m_axi_fifo(DATA...
Compiling module xil_defaultlib.top_kernel_gmem2_m_axi_mem(MEM_S...
Compiling module xil_defaultlib.top_kernel_gmem2_m_axi_fifo(MEM_...
Compiling module xil_defaultlib.top_kernel_gmem2_m_axi_load(NUM_...
Compiling module xil_defaultlib.top_kernel_gmem2_m_axi_reg_slice...
Compiling module xil_defaultlib.top_kernel_gmem2_m_axi_burst_seq...
Compiling module xil_defaultlib.top_kernel_gmem2_m_axi_reg_slice...
Compiling module xil_defaultlib.top_kernel_gmem2_m_axi_srl(DATA_...
Compiling module xil_defaultlib.top_kernel_gmem2_m_axi_fifo(DATA...
Compiling module xil_defaultlib.top_kernel_gmem2_m_axi_read(C_US...
Compiling module xil_defaultlib.top_kernel_gmem2_m_axi(C_M_AXI_A...
Compiling module xil_defaultlib.top_kernel_gmem3_m_axi_srl(DATA_...
Compiling module xil_defaultlib.top_kernel_gmem3_m_axi_fifo(DATA...
Compiling module xil_defaultlib.top_kernel_gmem3_m_axi_srl(DATA_...
Compiling module xil_defaultlib.top_kernel_gmem3_m_axi_fifo(DATA...
Compiling module xil_defaultlib.top_kernel_gmem3_m_axi_mem(MEM_S...
Compiling module xil_defaultlib.top_kernel_gmem3_m_axi_fifo(MEM_...
Compiling module xil_defaultlib.top_kernel_gmem3_m_axi_srl(DATA_...
Compiling module xil_defaultlib.top_kernel_gmem3_m_axi_fifo(DATA...
Compiling module xil_defaultlib.top_kernel_gmem3_m_axi_srl(DATA_...
Compiling module xil_defaultlib.top_kernel_gmem3_m_axi_fifo(DATA...
Compiling module xil_defaultlib.top_kernel_gmem3_m_axi_store(CON...
Compiling module xil_defaultlib.top_kernel_gmem3_m_axi_reg_slice...
Compiling module xil_defaultlib.top_kernel_gmem3_m_axi_burst_seq...
Compiling module xil_defaultlib.top_kernel_gmem3_m_axi_reg_slice...
Compiling module xil_defaultlib.top_kernel_gmem3_m_axi_srl(DATA_...
Compiling module xil_defaultlib.top_kernel_gmem3_m_axi_fifo(DATA...
Compiling module xil_defaultlib.top_kernel_gmem3_m_axi_reg_slice...
Compiling module xil_defaultlib.top_kernel_gmem3_m_axi_throttle(...
Compiling module xil_defaultlib.top_kernel_gmem3_m_axi_reg_slice...
Compiling module xil_defaultlib.top_kernel_gmem3_m_axi_write(CON...
Compiling module xil_defaultlib.top_kernel_gmem3_m_axi(C_M_AXI_A...
Compiling module xil_defaultlib.top_kernel_entry_proc
Compiling module xil_defaultlib.top_kernel_stage_rgb2eq_intensit...
Compiling architecture muxcy_v of entity unisim.MUXCY [muxcy_default]
Compiling architecture synth of entity xbip_pipe_v3_0_10.xbip_pipe_v3_0_10_viv [\xbip_pipe_v3_0_10_viv(c_has_ce=...]
Compiling architecture rtl of entity floating_point_v7_1_20.delay [\delay(width=7,length=0)\]
Compiling architecture struct of entity floating_point_v7_1_20.carry_chain [\carry_chain(c_xdevicefamily="zy...]
Compiling architecture synth of entity floating_point_v7_1_20.compare_eq_im [\compare_eq_im(c_xdevicefamily="...]
Compiling architecture xorcy_v of entity unisim.XORCY [xorcy_default]
Compiling architecture fdre_v of entity unisim.FDRE [fdre_default]
Compiling architecture fde_v of entity unisim.FDE [fde_default]
Compiling architecture struct of entity floating_point_v7_1_20.carry_chain [\carry_chain(c_xdevicefamily="zy...]
Compiling architecture synth of entity xbip_pipe_v3_0_10.xbip_pipe_v3_0_10_viv [\xbip_pipe_v3_0_10_viv(c_has_ce=...]
Compiling architecture rtl of entity floating_point_v7_1_20.delay [\delay(length=0)\]
Compiling architecture synth of entity xbip_pipe_v3_0_10.xbip_pipe_v3_0_10_viv [\xbip_pipe_v3_0_10_viv(c_latency...]
Compiling architecture rtl of entity floating_point_v7_1_20.delay [\delay(width=24,fast_input=true)...]
Compiling architecture synth of entity xbip_pipe_v3_0_10.xbip_pipe_v3_0_10_viv [\xbip_pipe_v3_0_10_viv(c_latency...]
Compiling architecture rtl of entity floating_point_v7_1_20.delay [\delay(width=16)\]
Compiling architecture synth of entity xbip_pipe_v3_0_10.xbip_pipe_v3_0_10_viv [\xbip_pipe_v3_0_10_viv(c_latency...]
Compiling architecture rtl of entity floating_point_v7_1_20.delay [delay_default]
Compiling architecture dsp48e1_v of entity unisim.DSP48E1 [\DSP48E1(adreg=0,bcascreg=0,breg...]
Compiling architecture synth of entity xbip_pipe_v3_0_10.xbip_pipe_v3_0_10_viv [\xbip_pipe_v3_0_10_viv(c_has_ce=...]
Compiling architecture rtl of entity floating_point_v7_1_20.delay [\delay(width=4,length=0)\]
Compiling architecture synth of entity xbip_pipe_v3_0_10.xbip_pipe_v3_0_10_viv [\xbip_pipe_v3_0_10_viv(c_has_ce=...]
Compiling architecture rtl of entity floating_point_v7_1_20.delay [\delay(width=48,length=0)\]
Compiling architecture synth of entity xbip_pipe_v3_0_10.xbip_pipe_v3_0_10_viv [\xbip_pipe_v3_0_10_viv(c_has_ce=...]
Compiling architecture rtl of entity floating_point_v7_1_20.delay [\delay(width=24,length=0)\]
Compiling architecture synth of entity xbip_pipe_v3_0_10.xbip_pipe_v3_0_10_viv [\xbip_pipe_v3_0_10_viv(c_has_ce=...]
Compiling architecture rtl of entity floating_point_v7_1_20.delay [\delay(width=16,length=0)\]
Compiling architecture rtl of entity floating_point_v7_1_20.dsp48e1_wrapper [\dsp48e1_wrapper(c_part="xczu3eg...]
Compiling architecture synth of entity xbip_pipe_v3_0_10.xbip_pipe_v3_0_10_viv [\xbip_pipe_v3_0_10_viv(c_latency...]
Compiling architecture rtl of entity floating_point_v7_1_20.delay [\delay(length=2)\]
Compiling architecture synth of entity xbip_pipe_v3_0_10.xbip_pipe_v3_0_10_viv [\xbip_pipe_v3_0_10_viv(c_has_ce=...]
Compiling architecture rtl of entity floating_point_v7_1_20.delay [\delay(width=13,length=0)\]
Compiling architecture synth of entity xbip_pipe_v3_0_10.xbip_pipe_v3_0_10_viv [\xbip_pipe_v3_0_10_viv(c_has_ce=...]
Compiling architecture rtl of entity floating_point_v7_1_20.delay [\delay(width=27,length=0)\]
Compiling architecture synth of entity floating_point_v7_1_20.align_add_dsp48e1_sgl [\align_add_dsp48e1_sgl(c_xdevice...]
Compiling architecture lut5_v of entity unisim.LUT5 [\LUT5(init="00000000000000001111...]
Compiling architecture lut5_v of entity unisim.LUT5 [\LUT5(init="00000000000000000000...]
Compiling architecture synth of entity xbip_pipe_v3_0_10.xbip_pipe_v3_0_10_viv [\xbip_pipe_v3_0_10_viv(c_latency...]
Compiling architecture rtl of entity floating_point_v7_1_20.delay [\delay(width=27)\]
Compiling architecture synth of entity xbip_pipe_v3_0_10.xbip_pipe_v3_0_10_viv [\xbip_pipe_v3_0_10_viv(c_has_ce=...]
Compiling architecture rtl of entity floating_point_v7_1_20.delay [\delay(width=5,length=0)\]
Compiling architecture rtl of entity floating_point_v7_1_20.lead_zero_encode_shift [\lead_zero_encode_shift(ab_fw=24...]
Compiling architecture synth of entity xbip_pipe_v3_0_10.xbip_pipe_v3_0_10_viv [\xbip_pipe_v3_0_10_viv(c_latency...]
Compiling architecture rtl of entity floating_point_v7_1_20.delay [\delay(width=4)\]
Compiling architecture synth of entity xbip_pipe_v3_0_10.xbip_pipe_v3_0_10_viv [\xbip_pipe_v3_0_10_viv(c_latency...]
Compiling architecture rtl of entity floating_point_v7_1_20.delay [\delay(width=3)\]
Compiling architecture lut6_v of entity unisim.LUT6 [\LUT6(init="11111110010101001011...]
Compiling architecture lut5_v of entity unisim.LUT5 [\LUT5(init="00010001010111110000...]
Compiling architecture lut5_v of entity unisim.LUT5 [\LUT5(init="11101110101000001111...]
Compiling architecture synth of entity xbip_pipe_v3_0_10.xbip_pipe_v3_0_10_viv [\xbip_pipe_v3_0_10_viv(c_latency...]
Compiling architecture rtl of entity floating_point_v7_1_20.delay [\delay(width=2)\]
Compiling architecture dsp48e1_v of entity unisim.DSP48E1 [\DSP48E1(adreg=0,alumodereg=0,ca...]
Compiling architecture synth of entity xbip_pipe_v3_0_10.xbip_pipe_v3_0_10_viv [\xbip_pipe_v3_0_10_viv(c_has_ce=...]
Compiling architecture rtl of entity floating_point_v7_1_20.delay [\delay(width=25,length=0)\]
Compiling architecture rtl of entity floating_point_v7_1_20.dsp48e1_wrapper [\dsp48e1_wrapper(a_width=24,c_wi...]
Compiling architecture rtl of entity floating_point_v7_1_20.norm_and_round_dsp48e1_sgl [\norm_and_round_dsp48e1_sgl(c_mu...]
Compiling architecture lut5_v of entity unisim.LUT5 [\LUT5(init="10011001100110011001...]
Compiling architecture lut5_v of entity unisim.LUT5 [\LUT5(init="11111111000000001111...]
Compiling architecture synth of entity xbip_pipe_v3_0_10.xbip_pipe_v3_0_10_viv [\xbip_pipe_v3_0_10_viv(c_has_ce=...]
Compiling architecture rtl of entity floating_point_v7_1_20.delay [\delay(width=9,length=0)\]
Compiling architecture struct of entity floating_point_v7_1_20.carry_chain [\carry_chain(c_xdevicefamily="zy...]
Compiling architecture synth of entity xbip_pipe_v3_0_10.xbip_pipe_v3_0_10_viv [\xbip_pipe_v3_0_10_viv(c_latency...]
Compiling architecture rtl of entity floating_point_v7_1_20.delay [\delay(width=9)\]
Compiling architecture synth of entity xbip_pipe_v3_0_10.xbip_pipe_v3_0_10_viv [\xbip_pipe_v3_0_10_viv(c_latency...]
Compiling architecture rtl of entity floating_point_v7_1_20.delay [\delay(width=9,length=3)\]
Compiling architecture synth of entity xbip_pipe_v3_0_10.xbip_pipe_v3_0_10_viv [\xbip_pipe_v3_0_10_viv(c_latency...]
Compiling architecture rtl of entity floating_point_v7_1_20.delay [\delay(width=10)\]
Compiling architecture synth of entity xbip_pipe_v3_0_10.xbip_pipe_v3_0_10_viv [\xbip_pipe_v3_0_10_viv(c_has_ce=...]
Compiling architecture rtl of entity floating_point_v7_1_20.delay [\delay(width=4,length=0,fast_inp...]
Compiling architecture synth of entity xbip_pipe_v3_0_10.xbip_pipe_v3_0_10_viv [\xbip_pipe_v3_0_10_viv(c_has_ce=...]
Compiling architecture rtl of entity floating_point_v7_1_20.delay [\delay(width=8,length=0)\]
Compiling architecture struct of entity floating_point_v7_1_20.carry_chain [\carry_chain(c_xdevicefamily="zy...]
Compiling architecture synth of entity floating_point_v7_1_20.compare_eq_im [\compare_eq_im(c_xdevicefamily="...]
Compiling architecture synth of entity xbip_pipe_v3_0_10.xbip_pipe_v3_0_10_viv [\xbip_pipe_v3_0_10_viv(c_latency...]
Compiling architecture rtl of entity floating_point_v7_1_20.delay [\delay(fast_input=true)\]
Compiling architecture rtl of entity floating_point_v7_1_20.special_detect [\special_detect(c_xdevicefamily=...]
Compiling architecture struct of entity floating_point_v7_1_20.carry_chain [\carry_chain(c_xdevicefamily="zy...]
Compiling architecture synth of entity floating_point_v7_1_20.compare_gt [\compare_gt(c_xdevicefamily="zyn...]
Compiling architecture synth of entity floating_point_v7_1_20.compare [\compare(c_xdevicefamily="zynqup...]
Compiling architecture synth of entity xbip_pipe_v3_0_10.xbip_pipe_v3_0_10_viv [\xbip_pipe_v3_0_10_viv(c_latency...]
Compiling architecture rtl of entity floating_point_v7_1_20.delay [\delay(width=8)\]
Compiling architecture synth of entity xbip_pipe_v3_0_10.xbip_pipe_v3_0_10_viv [\xbip_pipe_v3_0_10_viv(c_latency...]
Compiling architecture rtl of entity floating_point_v7_1_20.delay [\delay(width=2,length=5,fast_inp...]
Compiling architecture synth of entity xbip_pipe_v3_0_10.xbip_pipe_v3_0_10_viv [\xbip_pipe_v3_0_10_viv(c_latency...]
Compiling architecture rtl of entity floating_point_v7_1_20.delay [\delay(length=6,fast_input=true)...]
Compiling architecture synth of entity xbip_pipe_v3_0_10.xbip_pipe_v3_0_10_viv [\xbip_pipe_v3_0_10_viv(c_latency...]
Compiling architecture rtl of entity floating_point_v7_1_20.delay [\delay(length=5,fast_input=true)...]
Compiling architecture synth of entity xbip_pipe_v3_0_10.xbip_pipe_v3_0_10_viv [\xbip_pipe_v3_0_10_viv(c_latency...]
Compiling architecture rtl of entity floating_point_v7_1_20.delay [\delay(width=4,fast_input=true)\]
Compiling architecture synth of entity xbip_pipe_v3_0_10.xbip_pipe_v3_0_10_viv [\xbip_pipe_v3_0_10_viv(c_has_ce=...]
Compiling architecture rtl of entity floating_point_v7_1_20.delay [\delay(width=2,length=0,fast_inp...]
Compiling architecture synth of entity xbip_pipe_v3_0_10.xbip_pipe_v3_0_10_viv [\xbip_pipe_v3_0_10_viv(c_latency...]
Compiling architecture rtl of entity floating_point_v7_1_20.delay [\delay(width=12)\]
Compiling architecture rtl of entity floating_point_v7_1_20.flt_add_exp_sp [\flt_add_exp_sp(c_xdevicefamily=...]
Compiling architecture synth of entity xbip_pipe_v3_0_10.xbip_pipe_v3_0_10_viv [\xbip_pipe_v3_0_10_viv(c_latency...]
Compiling architecture rtl of entity floating_point_v7_1_20.delay [\delay(width=23)\]
Compiling architecture synth of entity floating_point_v7_1_20.flt_dec_op [\flt_dec_op(c_xdevicefamily="zyn...]
Compiling architecture rtl of entity floating_point_v7_1_20.flt_add_dsp [\flt_add_dsp(c_xdevicefamily="zy...]
Compiling architecture rtl of entity floating_point_v7_1_20.flt_add [\flt_add(c_xdevicefamily="zynqup...]
Compiling architecture synth of entity xbip_pipe_v3_0_10.xbip_pipe_v3_0_10_viv [\xbip_pipe_v3_0_10_viv(c_latency...]
Compiling architecture synth of entity xbip_pipe_v3_0_10.xbip_pipe_v3_0_10_viv [\xbip_pipe_v3_0_10_viv(c_has_ce=...]
Compiling architecture rtl of entity floating_point_v7_1_20.delay [\delay(width=32,length=0)\]
Compiling architecture xilinx of entity floating_point_v7_1_20.floating_point_v7_1_20_viv [\floating_point_v7_1_20_viv(c_xd...]
Compiling architecture xilinx of entity floating_point_v7_1_20.floating_point_v7_1_20 [\floating_point_v7_1_20(c_xdevic...]
Compiling architecture top_kernel_fadd_32ns_32ns_32_10_full_dsp_1_ip_arch of entity xil_defaultlib.top_kernel_fadd_32ns_32ns_32_10_full_dsp_1_ip [top_kernel_fadd_32ns_32ns_32_10_...]
Compiling module xil_defaultlib.top_kernel_fadd_32ns_32ns_32_10_...
Compiling architecture synth of entity xbip_pipe_v3_0_10.xbip_pipe_v3_0_10_viv [\xbip_pipe_v3_0_10_viv(c_latency...]
Compiling architecture rtl of entity floating_point_v7_1_20.delay [\delay(width=25,fast_input=true)...]
Compiling architecture struct of entity floating_point_v7_1_20.carry_chain [\carry_chain(c_xdevicefamily="zy...]
Compiling architecture synth of entity floating_point_v7_1_20.flt_div_mant_addsub [\flt_div_mant_addsub(c_xdevicefa...]
Compiling architecture synth of entity xbip_pipe_v3_0_10.xbip_pipe_v3_0_10_viv [\xbip_pipe_v3_0_10_viv(c_latency...]
Compiling architecture rtl of entity floating_point_v7_1_20.delay [\delay(width=26)\]
Compiling architecture synth of entity xbip_pipe_v3_0_10.xbip_pipe_v3_0_10_viv [\xbip_pipe_v3_0_10_viv(c_has_ce=...]
Compiling architecture rtl of entity floating_point_v7_1_20.delay [\delay(width=26,length=0)\]
Compiling architecture virtex of entity floating_point_v7_1_20.flt_div_mant [\flt_div_mant(c_xdevicefamily="z...]
Compiling architecture synth of entity xbip_pipe_v3_0_10.xbip_pipe_v3_0_10_viv [\xbip_pipe_v3_0_10_viv(c_latency...]
Compiling architecture rtl of entity floating_point_v7_1_20.delay [\delay(width=10,length=2,fast_in...]
Compiling architecture rtl of entity floating_point_v7_1_20.special_detect [\special_detect(c_xdevicefamily=...]
Compiling architecture synth of entity xbip_pipe_v3_0_10.xbip_pipe_v3_0_10_viv [\xbip_pipe_v3_0_10_viv(c_latency...]
Compiling architecture rtl of entity floating_point_v7_1_20.delay [\delay(length=25,fast_input=true...]
Compiling architecture synth of entity xbip_pipe_v3_0_10.xbip_pipe_v3_0_10_viv [\xbip_pipe_v3_0_10_viv(c_latency...]
Compiling architecture rtl of entity floating_point_v7_1_20.delay [\delay(width=2,length=2,fast_inp...]
Compiling architecture synth of entity xbip_pipe_v3_0_10.xbip_pipe_v3_0_10_viv [\xbip_pipe_v3_0_10_viv(c_latency...]
Compiling architecture rtl of entity floating_point_v7_1_20.delay [\delay(length=2,fast_input=true)...]
Compiling architecture synth of entity xbip_pipe_v3_0_10.xbip_pipe_v3_0_10_viv [\xbip_pipe_v3_0_10_viv(c_latency...]
Compiling architecture rtl of entity floating_point_v7_1_20.delay [\delay(length=26,fast_input=true...]
Compiling architecture synth of entity xbip_pipe_v3_0_10.xbip_pipe_v3_0_10_viv [\xbip_pipe_v3_0_10_viv(c_latency...]
Compiling architecture rtl of entity floating_point_v7_1_20.delay [\delay(width=8,length=24)\]
Compiling architecture synth of entity xbip_pipe_v3_0_10.xbip_pipe_v3_0_10_viv [\xbip_pipe_v3_0_10_viv(c_latency...]
Compiling architecture rtl of entity floating_point_v7_1_20.delay [\delay(length=24,fast_input=true...]
Compiling architecture synth of entity xbip_pipe_v3_0_10.xbip_pipe_v3_0_10_viv [\xbip_pipe_v3_0_10_viv(c_latency...]
Compiling architecture rtl of entity floating_point_v7_1_20.delay [\delay(width=3,length=23,fast_in...]
Compiling architecture synth of entity xbip_pipe_v3_0_10.xbip_pipe_v3_0_10_viv [\xbip_pipe_v3_0_10_viv(c_latency...]
Compiling architecture rtl of entity floating_point_v7_1_20.delay [\delay(width=4,length=24,fast_in...]
Compiling architecture synth of entity xbip_pipe_v3_0_10.xbip_pipe_v3_0_10_viv [\xbip_pipe_v3_0_10_viv(c_latency...]
Compiling architecture rtl of entity floating_point_v7_1_20.delay [\delay(length=23,fast_input=true...]
Compiling architecture synth of entity xbip_pipe_v3_0_10.xbip_pipe_v3_0_10_viv [\xbip_pipe_v3_0_10_viv(c_latency...]
Compiling architecture rtl of entity floating_point_v7_1_20.delay [\delay(width=14)\]
Compiling architecture rtl of entity floating_point_v7_1_20.flt_div_exp [\flt_div_exp(c_xdevicefamily="no...]
Compiling architecture synth of entity xbip_pipe_v3_0_10.xbip_pipe_v3_0_10_viv [\xbip_pipe_v3_0_10_viv(c_has_ce=...]
Compiling architecture rtl of entity floating_point_v7_1_20.delay [\delay(width=11,length=0)\]
Compiling architecture synth of entity xbip_pipe_v3_0_10.xbip_pipe_v3_0_10_viv [\xbip_pipe_v3_0_10_viv(c_latency...]
Compiling architecture rtl of entity floating_point_v7_1_20.delay [\delay(width=12,fast_input=true)...]
Compiling architecture struct of entity floating_point_v7_1_20.carry_chain [\carry_chain(c_xdevicefamily="zy...]
Compiling architecture synth of entity xbip_pipe_v3_0_10.xbip_pipe_v3_0_10_viv [\xbip_pipe_v3_0_10_viv(c_latency...]
Compiling architecture rtl of entity floating_point_v7_1_20.delay [\delay(width=11)\]
Compiling architecture struct of entity floating_point_v7_1_20.carry_chain [\carry_chain(c_xdevicefamily="zy...]
Compiling architecture struct of entity floating_point_v7_1_20.carry_chain [\carry_chain(c_xdevicefamily="zy...]
Compiling architecture synth of entity xbip_pipe_v3_0_10.xbip_pipe_v3_0_10_viv [\xbip_pipe_v3_0_10_viv(c_has_ce=...]
Compiling architecture rtl of entity floating_point_v7_1_20.delay [\delay(width=14,length=0)\]
Compiling architecture synth of entity xbip_pipe_v3_0_10.xbip_pipe_v3_0_10_viv [\xbip_pipe_v3_0_10_viv(c_has_ce=...]
Compiling architecture rtl of entity floating_point_v7_1_20.delay [\delay(width=25,length=0,fast_in...]
Compiling architecture synth of entity xbip_pipe_v3_0_10.xbip_pipe_v3_0_10_viv [\xbip_pipe_v3_0_10_viv(c_has_ce=...]
Compiling architecture rtl of entity floating_point_v7_1_20.delay [\delay(width=3,length=0)\]
Compiling architecture synth of entity xbip_pipe_v3_0_10.xbip_pipe_v3_0_10_viv [\xbip_pipe_v3_0_10_viv(c_has_ce=...]
Compiling architecture rtl of entity floating_point_v7_1_20.delay [\delay(width=2,length=0)\]
Compiling architecture struct of entity floating_point_v7_1_20.carry_chain [\carry_chain(c_xdevicefamily="zy...]
Compiling architecture rtl of entity floating_point_v7_1_20.flt_round_bit [\flt_round_bit(c_xdevicefamily="...]
Compiling architecture rtl of entity floating_point_v7_1_20.renorm_and_round_logic [\renorm_and_round_logic(c_xdevic...]
Compiling architecture synth of entity floating_point_v7_1_20.flt_dec_op_lat [\flt_dec_op_lat(c_xdevicefamily=...]
Compiling architecture virtex of entity floating_point_v7_1_20.flt_div [\flt_div(c_xdevicefamily="zynqup...]
Compiling architecture synth of entity xbip_pipe_v3_0_10.xbip_pipe_v3_0_10_viv [\xbip_pipe_v3_0_10_viv(c_latency...]
Compiling architecture xilinx of entity floating_point_v7_1_20.floating_point_v7_1_20_viv [\floating_point_v7_1_20_viv(c_xd...]
Compiling architecture xilinx of entity floating_point_v7_1_20.floating_point_v7_1_20 [\floating_point_v7_1_20(c_xdevic...]
Compiling architecture top_kernel_fdiv_32ns_32ns_32_30_no_dsp_1_ip_arch of entity xil_defaultlib.top_kernel_fdiv_32ns_32ns_32_30_no_dsp_1_ip [top_kernel_fdiv_32ns_32ns_32_30_...]
Compiling module xil_defaultlib.top_kernel_fdiv_32ns_32ns_32_30_...
Compiling module xil_defaultlib.top_kernel_bitselect_1ns_54ns_6n...
Compiling module xil_defaultlib.top_kernel_sparsemux_7_2_16_1_1(...
Compiling module xil_defaultlib.top_kernel_sparsemux_7_2_1_1_1(s...
Compiling module xil_defaultlib.top_kernel_flow_control_loop_pip...
Compiling module xil_defaultlib.top_kernel_stage_rgb2eq_Pipeline...
Compiling module xil_defaultlib.top_kernel_ctlz_16_16_1_1(din_WI...
Compiling module xil_defaultlib.top_kernel_sparsemux_513_8_32_1_...
Compiling module xil_defaultlib.top_kernel_stage_rgb2eq_Pipeline...
Compiling module xil_defaultlib.top_kernel_sparsemux_511_8_32_1_...
Compiling module xil_defaultlib.top_kernel_stage_rgb2eq_Pipeline...
Compiling architecture synth of entity floating_point_v7_1_20.compare_eq_im [\compare_eq_im(c_xdevicefamily="...]
Compiling architecture struct of entity floating_point_v7_1_20.carry_chain [\carry_chain(c_xdevicefamily="zy...]
Compiling architecture synth of entity floating_point_v7_1_20.compare_ne_im [\compare_ne_im(c_xdevicefamily="...]
Compiling architecture struct of entity floating_point_v7_1_20.carry_chain [\carry_chain(c_xdevicefamily="zy...]
Compiling architecture synth of entity floating_point_v7_1_20.compare_eq_im [\compare_eq_im(c_xdevicefamily="...]
Compiling architecture struct of entity floating_point_v7_1_20.carry_chain [\carry_chain(c_xdevicefamily="zy...]
Compiling architecture synth of entity floating_point_v7_1_20.compare_eq [\compare_eq(c_xdevicefamily="zyn...]
Compiling architecture struct of entity floating_point_v7_1_20.carry_chain [\carry_chain(c_xdevicefamily="zy...]
Compiling architecture synth of entity floating_point_v7_1_20.compare_gt [\compare_gt(c_xdevicefamily="zyn...]
Compiling architecture rtl of entity floating_point_v7_1_20.fp_cmp [\fp_cmp(c_xdevicefamily="zynqupl...]
Compiling architecture xilinx of entity floating_point_v7_1_20.floating_point_v7_1_20_viv [\floating_point_v7_1_20_viv(c_xd...]
Compiling architecture xilinx of entity floating_point_v7_1_20.floating_point_v7_1_20 [\floating_point_v7_1_20(c_xdevic...]
Compiling architecture top_kernel_fcmp_32ns_32ns_1_3_no_dsp_1_ip_arch of entity xil_defaultlib.top_kernel_fcmp_32ns_32ns_1_3_no_dsp_1_ip [top_kernel_fcmp_32ns_32ns_1_3_no...]
Compiling module xil_defaultlib.top_kernel_fcmp_32ns_32ns_1_3_no...
Compiling module xil_defaultlib.top_kernel_stage_rgb2eq_Pipeline...
Compiling architecture rtl of entity floating_point_v7_1_20.flt_add [\flt_add(c_xdevicefamily="zynqup...]
Compiling architecture xilinx of entity floating_point_v7_1_20.floating_point_v7_1_20_viv [\floating_point_v7_1_20_viv(c_xd...]
Compiling architecture xilinx of entity floating_point_v7_1_20.floating_point_v7_1_20 [\floating_point_v7_1_20(c_xdevic...]
Compiling architecture top_kernel_faddfsub_32ns_32ns_32_10_full_dsp_1_ip_arch of entity xil_defaultlib.top_kernel_faddfsub_32ns_32ns_32_10_full_dsp_1_ip [top_kernel_faddfsub_32ns_32ns_32...]
Compiling module xil_defaultlib.top_kernel_faddfsub_32ns_32ns_32...
Compiling architecture synth of entity xbip_pipe_v3_0_10.xbip_pipe_v3_0_10_viv [\xbip_pipe_v3_0_10_viv(c_has_ce=...]
Compiling architecture rtl of entity floating_point_v7_1_20.delay [\delay(width=31,length=0)\]
Compiling architecture synth of entity xbip_pipe_v3_0_10.xbip_pipe_v3_0_10_viv [\xbip_pipe_v3_0_10_viv(c_latency...]
Compiling architecture rtl of entity floating_point_v7_1_20.delay [\delay(width=32)\]
Compiling architecture struct of entity floating_point_v7_1_20.carry_chain [\carry_chain(c_xdevicefamily="zy...]
Compiling architecture rtl of entity floating_point_v7_1_20.norm_zero_det [\norm_zero_det(data_width=7,norm...]
Compiling architecture rtl of entity floating_point_v7_1_20.mux4 [\mux4(c_xdevicefamily="zynquplus...]
Compiling architecture rtl of entity floating_point_v7_1_20.mux4 [\mux4(c_xdevicefamily="zynquplus...]
Compiling architecture synth of entity xbip_pipe_v3_0_10.xbip_pipe_v3_0_10_viv [\xbip_pipe_v3_0_10_viv(c_has_ce=...]
Compiling architecture rtl of entity floating_point_v7_1_20.delay [\delay(width=8,length=0,fast_inp...]
Compiling architecture struct of entity floating_point_v7_1_20.carry_chain [\carry_chain(c_xdevicefamily="zy...]
Compiling architecture rtl of entity floating_point_v7_1_20.lead_zero_encode [\lead_zero_encode(c_xdevicefamil...]
Compiling architecture rtl of entity floating_point_v7_1_20.shift_msb_first [\shift_msb_first(a_width=32,resu...]
Compiling architecture struct of entity floating_point_v7_1_20.carry_chain [\carry_chain(c_xdevicefamily="zy...]
Compiling architecture struct of entity floating_point_v7_1_20.carry_chain [\carry_chain(c_xdevicefamily="zy...]
Compiling architecture rtl of entity floating_point_v7_1_20.renorm_and_round_logic [\renorm_and_round_logic(c_xdevic...]
Compiling architecture synth of entity xbip_pipe_v3_0_10.xbip_pipe_v3_0_10_viv [\xbip_pipe_v3_0_10_viv(c_latency...]
Compiling architecture rtl of entity floating_point_v7_1_20.delay [\delay(length=4)\]
Compiling architecture synth of entity floating_point_v7_1_20.fix_to_flt_conv_exp [\fix_to_flt_conv_exp(c_xdevicefa...]
Compiling architecture struct of entity floating_point_v7_1_20.fix_to_flt_conv [\fix_to_flt_conv(c_xdevicefamily...]
Compiling architecture xilinx of entity floating_point_v7_1_20.floating_point_v7_1_20_viv [\floating_point_v7_1_20_viv(c_xd...]
Compiling architecture xilinx of entity floating_point_v7_1_20.floating_point_v7_1_20 [\floating_point_v7_1_20(c_xdevic...]
Compiling architecture top_kernel_sitofp_32ns_32_7_no_dsp_1_ip_arch of entity xil_defaultlib.top_kernel_sitofp_32ns_32_7_no_dsp_1_ip [top_kernel_sitofp_32ns_32_7_no_d...]
Compiling module xil_defaultlib.top_kernel_sitofp_32ns_32_7_no_d...
Compiling architecture synth of entity xbip_pipe_v3_0_10.xbip_pipe_v3_0_10_viv [\xbip_pipe_v3_0_10_viv(c_has_ce=...]
Compiling architecture rtl of entity floating_point_v7_1_20.delay [\delay(width=23,length=0)\]
Compiling architecture struct of entity floating_point_v7_1_20.carry_chain [\carry_chain(c_xdevicefamily="ki...]
Compiling architecture synth of entity floating_point_v7_1_20.compare_eq_im [\compare_eq_im(c_xdevicefamily="...]
Compiling architecture rtl of entity floating_point_v7_1_20.delay [\delay(length=0,fast_input=true)...]
Compiling architecture rtl of entity floating_point_v7_1_20.special_detect [\special_detect(a_fw=24,op_delay...]
Compiling architecture rtl of entity floating_point_v7_1_20.flt_to_flt_conv_exp [\flt_to_flt_conv_exp(r_w=64,r_ew...]
Compiling architecture synth of entity floating_point_v7_1_20.flt_dec_op [\flt_dec_op(c_xdevicefamily="zyn...]
Compiling architecture rtl of entity floating_point_v7_1_20.flt_to_flt_conv [\flt_to_flt_conv(c_xdevicefamily...]
Compiling architecture synth of entity xbip_pipe_v3_0_10.xbip_pipe_v3_0_10_viv [\xbip_pipe_v3_0_10_viv(c_has_ce=...]
Compiling architecture synth of entity xbip_pipe_v3_0_10.xbip_pipe_v3_0_10_viv [\xbip_pipe_v3_0_10_viv(c_has_ce=...]
Compiling architecture rtl of entity floating_point_v7_1_20.delay [\delay(width=64,length=0)\]
Compiling architecture xilinx of entity floating_point_v7_1_20.floating_point_v7_1_20_viv [\floating_point_v7_1_20_viv(c_xd...]
Compiling architecture xilinx of entity floating_point_v7_1_20.floating_point_v7_1_20 [\floating_point_v7_1_20(c_xdevic...]
Compiling architecture top_kernel_fpext_32ns_64_2_no_dsp_1_ip_arch of entity xil_defaultlib.top_kernel_fpext_32ns_64_2_no_dsp_1_ip [top_kernel_fpext_32ns_64_2_no_ds...]
Compiling module xil_defaultlib.top_kernel_fpext_32ns_64_2_no_ds...
Compiling architecture dsp48e1_v of entity unisim.DSP48E1 [\DSP48E1(acascreg=0,adreg=0,alum...]
Compiling architecture synth of entity xbip_pipe_v3_0_10.xbip_pipe_v3_0_10_viv [\xbip_pipe_v3_0_10_viv(c_has_ce=...]
Compiling architecture rtl of entity floating_point_v7_1_20.delay [\delay(width=17,length=0)\]
Compiling architecture rtl of entity floating_point_v7_1_20.dsp48e1_wrapper [\dsp48e1_wrapper(a_width=24,b_wi...]
Compiling architecture dsp48e1_v of entity unisim.DSP48E1 [\DSP48E1(adreg=0,alumodereg=0,a_...]
Compiling architecture rtl of entity floating_point_v7_1_20.dsp48e1_wrapper [\dsp48e1_wrapper(a_width=24,b_wi...]
Compiling architecture struct of entity floating_point_v7_1_20.fix_mult_dsp48e1_sgl [\fix_mult_dsp48e1_sgl(registers=...]
Compiling architecture rtl of entity floating_point_v7_1_20.fix_mult [\fix_mult(c_xdevicefamily="zynqu...]
Compiling architecture synth of entity xbip_pipe_v3_0_10.xbip_pipe_v3_0_10_viv [\xbip_pipe_v3_0_10_viv(c_latency...]
Compiling architecture rtl of entity floating_point_v7_1_20.delay [\delay(width=7)\]
Compiling architecture synth of entity xbip_pipe_v3_0_10.xbip_pipe_v3_0_10_viv [\xbip_pipe_v3_0_10_viv(c_latency...]
Compiling architecture rtl of entity floating_point_v7_1_20.delay [\delay(width=8,fast_input=true)\]
Compiling architecture struct of entity floating_point_v7_1_20.carry_chain [\carry_chain(c_xdevicefamily="zy...]
Compiling architecture synth of entity floating_point_v7_1_20.compare_eq_im [\compare_eq_im(c_xdevicefamily="...]
Compiling architecture rtl of entity floating_point_v7_1_20.special_detect [\special_detect(c_xdevicefamily=...]
Compiling architecture synth of entity xbip_pipe_v3_0_10.xbip_pipe_v3_0_10_viv [\xbip_pipe_v3_0_10_viv(c_latency...]
Compiling architecture rtl of entity floating_point_v7_1_20.delay [\delay(length=3,fast_input=true)...]
Compiling architecture synth of entity xbip_pipe_v3_0_10.xbip_pipe_v3_0_10_viv [\xbip_pipe_v3_0_10_viv(c_latency...]
Compiling architecture rtl of entity floating_point_v7_1_20.delay [\delay(width=4,length=2,fast_inp...]
Compiling architecture synth of entity xbip_pipe_v3_0_10.xbip_pipe_v3_0_10_viv [\xbip_pipe_v3_0_10_viv(c_has_ce=...]
Compiling architecture rtl of entity floating_point_v7_1_20.delay [\delay(width=3,length=0,fast_inp...]
Compiling architecture rtl of entity floating_point_v7_1_20.flt_mult_exp [\flt_mult_exp(c_xdevicefamily="z...]
Compiling architecture dsp48e1_v of entity unisim.DSP48E1 [\DSP48E1(acascreg=0,adreg=0,alum...]
Compiling architecture synth of entity xbip_pipe_v3_0_10.xbip_pipe_v3_0_10_viv [\xbip_pipe_v3_0_10_viv(c_has_ce=...]
Compiling architecture rtl of entity floating_point_v7_1_20.delay [\delay(width=30,length=0)\]
Compiling architecture synth of entity xbip_pipe_v3_0_10.xbip_pipe_v3_0_10_viv [\xbip_pipe_v3_0_10_viv(c_has_ce=...]
Compiling architecture rtl of entity floating_point_v7_1_20.delay [\delay(width=18,length=0)\]
Compiling architecture rtl of entity floating_point_v7_1_20.dsp48e1_wrapper [\dsp48e1_wrapper(a_width=30,b_wi...]
Compiling architecture synth of entity xbip_pipe_v3_0_10.xbip_pipe_v3_0_10_viv [\xbip_pipe_v3_0_10_viv(c_latency...]
Compiling architecture rtl of entity floating_point_v7_1_20.delay [\delay(width=25)\]
Compiling architecture struct of entity floating_point_v7_1_20.flt_round_dsp_opt_full [\flt_round_dsp_opt_full(c_xdevic...]
Compiling architecture rtl of entity floating_point_v7_1_20.flt_mult_round [\flt_mult_round(c_xdevicefamily=...]
Compiling architecture synth of entity floating_point_v7_1_20.flt_dec_op_lat [\flt_dec_op_lat(c_xdevicefamily=...]
Compiling architecture rtl of entity floating_point_v7_1_20.flt_mult [\flt_mult(c_xdevicefamily="zynqu...]
Compiling architecture xilinx of entity floating_point_v7_1_20.floating_point_v7_1_20_viv [\floating_point_v7_1_20_viv(c_xd...]
Compiling architecture xilinx of entity floating_point_v7_1_20.floating_point_v7_1_20 [\floating_point_v7_1_20(c_xdevic...]
Compiling architecture top_kernel_fmul_32ns_32ns_32_7_max_dsp_1_ip_arch of entity xil_defaultlib.top_kernel_fmul_32ns_32ns_32_7_max_dsp_1_ip [top_kernel_fmul_32ns_32ns_32_7_m...]
Compiling module xil_defaultlib.top_kernel_fmul_32ns_32ns_32_7_m...
Compiling module xil_defaultlib.top_kernel_stage_rgb2eq
Compiling module xil_defaultlib.top_kernel_stage_gaussian_grid_R...
Compiling module xil_defaultlib.top_kernel_mul_6ns_8ns_13_1_1(NU...
Compiling module xil_defaultlib.top_kernel_urem_6ns_4ns_3_10_1_d...
Compiling module xil_defaultlib.top_kernel_urem_6ns_4ns_3_10_1(N...
Compiling module xil_defaultlib.top_kernel_mac_muladd_4ns_4ns_4n...
Compiling module xil_defaultlib.top_kernel_mac_muladd_4ns_4ns_4n...
Compiling module xil_defaultlib.top_kernel_stage_gaussian_Pipeli...
Compiling module xil_defaultlib.top_kernel_mul_64ns_66ns_129_5_1...
Compiling module xil_defaultlib.top_kernel_sparsemux_11_3_16_1_1...
Compiling module xil_defaultlib.top_kernel_urem_7ns_4ns_3_11_1_d...
Compiling module xil_defaultlib.top_kernel_urem_7ns_4ns_3_11_1(N...
Compiling module xil_defaultlib.top_kernel_mul_7ns_9ns_15_1_1(NU...
Compiling module xil_defaultlib.top_kernel_mul_5ns_5ns_8_1_1(NUM...
Compiling module xil_defaultlib.top_kernel_mul_8s_5ns_8_1_1(NUM_...
Compiling module xil_defaultlib.top_kernel_mul_18s_10ns_28_1_1(N...
Compiling module xil_defaultlib.top_kernel_mul_18s_11ns_29_1_1(N...
Compiling module xil_defaultlib.top_kernel_mul_18s_12ns_30_1_1(N...
Compiling module xil_defaultlib.top_kernel_mul_18s_13ns_31_1_1(N...
Compiling module xil_defaultlib.top_kernel_mul_18s_14ns_32_1_1(N...
Compiling module xil_defaultlib.top_kernel_stage_gaussian_Pipeli...
Compiling module xil_defaultlib.top_kernel_stage_gaussian
Compiling module xil_defaultlib.top_kernel_stage_bilateral_grid_...
Compiling module xil_defaultlib.top_kernel_urem_6ns_3ns_2_10_1_d...
Compiling module xil_defaultlib.top_kernel_urem_6ns_3ns_2_10_1(N...
Compiling module xil_defaultlib.top_kernel_mac_muladd_5ns_5ns_5n...
Compiling module xil_defaultlib.top_kernel_mac_muladd_5ns_5ns_5n...
Compiling module xil_defaultlib.top_kernel_stage_bilateral_Pipel...
Compiling architecture rtl of entity floating_point_v7_1_20.flt_add [\flt_add(c_xdevicefamily="zynqup...]
Compiling architecture xilinx of entity floating_point_v7_1_20.floating_point_v7_1_20_viv [\floating_point_v7_1_20_viv(c_xd...]
Compiling architecture xilinx of entity floating_point_v7_1_20.floating_point_v7_1_20 [\floating_point_v7_1_20(c_xdevic...]
Compiling architecture top_kernel_fsub_32ns_32ns_32_10_full_dsp_1_ip_arch of entity xil_defaultlib.top_kernel_fsub_32ns_32ns_32_10_full_dsp_1_ip [top_kernel_fsub_32ns_32ns_32_10_...]
Compiling module xil_defaultlib.top_kernel_fsub_32ns_32ns_32_10_...
Compiling architecture dsp48e1_v of entity unisim.DSP48E1 [\DSP48E1(acascreg=0,alumodereg=0...]
Compiling architecture synth of entity xbip_pipe_v3_0_10.xbip_pipe_v3_0_10_viv [\xbip_pipe_v3_0_10_viv(c_latency...]
Compiling architecture rtl of entity floating_point_v7_1_20.delay [\delay(width=43)\]
Compiling architecture rtl of entity floating_point_v7_1_20.dsp48e1_wrapper [\dsp48e1_wrapper(a_width=17,b_wi...]
Compiling architecture rtl of entity floating_point_v7_1_20.special_detect [\special_detect(c_xdevicefamily=...]
Compiling architecture synth of entity xbip_pipe_v3_0_10.xbip_pipe_v3_0_10_viv [\xbip_pipe_v3_0_10_viv(c_latency...]
Compiling architecture rtl of entity floating_point_v7_1_20.delay [\delay(length=18)\]
Compiling architecture struct of entity floating_point_v7_1_20.carry_chain [\carry_chain(c_xdevicefamily="zy...]
Compiling architecture synth of entity floating_point_v7_1_20.compare_gt [\compare_gt(c_xdevicefamily="zyn...]
Compiling architecture synth of entity xbip_pipe_v3_0_10.xbip_pipe_v3_0_10_viv [\xbip_pipe_v3_0_10_viv(c_latency...]
Compiling architecture rtl of entity floating_point_v7_1_20.delay [\delay(width=2,length=18,fast_in...]
Compiling architecture synth of entity xbip_pipe_v3_0_10.xbip_pipe_v3_0_10_viv [\xbip_pipe_v3_0_10_viv(c_latency...]
Compiling architecture rtl of entity floating_point_v7_1_20.delay [\delay(length=19)\]
Compiling architecture synth of entity floating_point_v7_1_20.flt_exp_specialcase [\flt_exp_specialcase(c_xdevicefa...]
Compiling architecture synth of entity xbip_pipe_v3_0_10.xbip_pipe_v3_0_10_viv [\xbip_pipe_v3_0_10_viv(c_has_ce=...]
Compiling architecture rtl of entity floating_point_v7_1_20.delay [\delay(width=10,length=0)\]
Compiling architecture rtl of entity floating_point_v7_1_20.delay_s [\delay_s(width=10,length=0)\]
Compiling architecture rtl of entity floating_point_v7_1_20.delay_s [\delay_s(width=9,length=0)\]
Compiling architecture synth of entity xbip_pipe_v3_0_10.xbip_pipe_v3_0_10_viv [\xbip_pipe_v3_0_10_viv(c_latency...]
Compiling architecture rtl of entity floating_point_v7_1_20.delay [\delay(width=2,length=3,fast_inp...]
Compiling architecture synth of entity xbip_pipe_v3_0_10.xbip_pipe_v3_0_10_viv [\xbip_pipe_v3_0_10_viv(c_latency...]
Compiling architecture rtl of entity floating_point_v7_1_20.delay [\delay(width=2,length=2)\]
Compiling architecture muxf7_v of entity unisim.MUXF7 [muxf7_default]
Compiling architecture muxf8_v of entity unisim.MUXF8 [muxf8_default]
Compiling architecture synth of entity xbip_pipe_v3_0_10.xbip_pipe_v3_0_10_viv [\xbip_pipe_v3_0_10_viv(c_has_ce=...]
Compiling architecture rtl of entity floating_point_v7_1_20.delay [\delay(width=6,length=0)\]
Compiling architecture struct of entity floating_point_v7_1_20.carry_chain [\carry_chain(c_xdevicefamily="zy...]
Compiling architecture synth of entity floating_point_v7_1_20.compare_eq_im [\compare_eq_im(c_xdevicefamily="...]
Compiling architecture rtl of entity floating_point_v7_1_20.zero_det_sel [\zero_det_sel(c_xdevicefamily="z...]
Compiling architecture synth of entity xbip_pipe_v3_0_10.xbip_pipe_v3_0_10_viv [\xbip_pipe_v3_0_10_viv(c_latency...]
Compiling architecture rtl of entity floating_point_v7_1_20.delay [\delay(width=34)\]
Compiling architecture synth of entity xbip_pipe_v3_0_10.xbip_pipe_v3_0_10_viv [\xbip_pipe_v3_0_10_viv(c_has_ce=...]
Compiling architecture rtl of entity floating_point_v7_1_20.delay [\delay(width=34,length=0)\]
Compiling architecture rtl of entity floating_point_v7_1_20.shift_msb_first [\shift_msb_first(a_width=24,resu...]
Compiling architecture synth of entity xbip_pipe_v3_0_10.xbip_pipe_v3_0_10_viv [\xbip_pipe_v3_0_10_viv(c_has_ce=...]
Compiling architecture rtl of entity floating_point_v7_1_20.delay [\delay(width=35,length=0)\]
Compiling architecture synth of entity xbip_pipe_v3_0_10.xbip_pipe_v3_0_10_viv [\xbip_pipe_v3_0_10_viv(c_latency...]
Compiling architecture rtl of entity floating_point_v7_1_20.delay [\delay(width=36)\]
Compiling architecture struct of entity floating_point_v7_1_20.carry_chain [\carry_chain(c_xdevicefamily="zy...]
Compiling architecture synth of entity floating_point_v7_1_20.flt_to_fix_conv [\flt_to_fix_conv(c_xdevicefamily...]
Compiling architecture dsp48e1_v of entity unisim.DSP48E1 [\DSP48E1(acascreg=0,adreg=0,alum...]
Compiling architecture rtl of entity floating_point_v7_1_20.dsp48e1_wrapper [\dsp48e1_wrapper(a_width=30,b_wi...]
Compiling architecture synth of entity floating_point_v7_1_20.flt_log_addsub [\flt_log_addsub(c_xdevicefamily=...]
Compiling architecture synth of entity xbip_pipe_v3_0_10.xbip_pipe_v3_0_10_viv [\xbip_pipe_v3_0_10_viv(c_latency...]
Compiling architecture rtl of entity floating_point_v7_1_20.delay [\delay(width=5)\]
Compiling architecture dsp48e1_v of entity unisim.DSP48E1 [\DSP48E1(adreg=0,dreg=0,inmodere...]
Compiling architecture rtl of entity floating_point_v7_1_20.dsp48e1_wrapper [\dsp48e1_wrapper(a_width=30,b_wi...]
Compiling architecture synth of entity floating_point_v7_1_20.flt_log_addsub [\flt_log_addsub(c_xdevicefamily=...]
Compiling architecture rtl of entity floating_point_v7_1_20.flt_exp_ccm [\flt_exp_ccm(c_xdevicefamily="zy...]
Compiling architecture synth of entity xbip_pipe_v3_0_10.xbip_pipe_v3_0_10_viv [\xbip_pipe_v3_0_10_viv(c_latency...]
Compiling architecture rtl of entity floating_point_v7_1_20.delay [\delay(length=3)\]
Compiling architecture rtl of entity floating_point_v7_1_20.dsp48e1_wrapper [\dsp48e1_wrapper(c_part="xczu3eg...]
Compiling architecture synth of entity floating_point_v7_1_20.flt_log_addsub [\flt_log_addsub(c_xdevicefamily=...]
Compiling architecture synth of entity xbip_pipe_v3_0_10.xbip_pipe_v3_0_10_viv [\xbip_pipe_v3_0_10_viv(c_latency...]
Compiling architecture rtl of entity floating_point_v7_1_20.delay [\delay(width=4,length=2)\]
Compiling architecture rtl of entity floating_point_v7_1_20.flt_exp_ccm [\flt_exp_ccm(c_xdevicefamily="zy...]
Compiling architecture synth of entity xbip_pipe_v3_0_10.xbip_pipe_v3_0_10_viv [\xbip_pipe_v3_0_10_viv(c_latency...]
Compiling architecture rtl of entity floating_point_v7_1_20.delay [\delay(width=33,length=7)\]
Compiling architecture dsp48e1_v of entity unisim.DSP48E1 [\DSP48E1(adreg=0,dreg=0,inmodere...]
Compiling architecture rtl of entity floating_point_v7_1_20.dsp48e1_wrapper [\dsp48e1_wrapper(c_part="xczu3eg...]
Compiling architecture synth of entity floating_point_v7_1_20.flt_log_addsub [\flt_log_addsub(c_xdevicefamily=...]
Compiling architecture rtl of entity floating_point_v7_1_20.flt_exp_e2A [\flt_exp_e2A(c_xdevicefamily="zy...]
Compiling architecture synth of entity xbip_pipe_v3_0_10.xbip_pipe_v3_0_10_viv [\xbip_pipe_v3_0_10_viv(c_latency...]
Compiling architecture rtl of entity floating_point_v7_1_20.delay [\delay(width=6)\]
Compiling architecture rtl of entity floating_point_v7_1_20.flt_exp_e2zmzm1 [\flt_exp_e2zmzm1(c_xdevicefamily...]
Compiling architecture synth of entity xbip_pipe_v3_0_10.xbip_pipe_v3_0_10_viv [\xbip_pipe_v3_0_10_viv(c_latency...]
Compiling architecture rtl of entity floating_point_v7_1_20.delay [\delay(width=16,length=2)\]
Compiling architecture synth of entity xbip_pipe_v3_0_10.xbip_pipe_v3_0_10_viv [\xbip_pipe_v3_0_10_viv(c_latency...]
Compiling architecture rtl of entity floating_point_v7_1_20.delay [\delay(width=8,length=12)\]
Compiling architecture synth of entity xbip_pipe_v3_0_10.xbip_pipe_v3_0_10_viv [\xbip_pipe_v3_0_10_viv(c_latency...]
Compiling architecture rtl of entity floating_point_v7_1_20.delay [\delay(length=8)\]
Compiling architecture synth of entity xbip_pipe_v3_0_10.xbip_pipe_v3_0_10_viv [\xbip_pipe_v3_0_10_viv(c_latency...]
Compiling architecture rtl of entity floating_point_v7_1_20.delay [\delay(width=8,length=2)\]
Compiling architecture dsp48e1_v of entity unisim.DSP48E1 [\DSP48E1(acascreg=0,adreg=0,areg...]
Compiling architecture rtl of entity floating_point_v7_1_20.dsp48e1_wrapper [\dsp48e1_wrapper(b_width=18,c_wi...]
Compiling architecture synth of entity xbip_pipe_v3_0_10.xbip_pipe_v3_0_10_viv [\xbip_pipe_v3_0_10_viv(c_latency...]
Compiling architecture rtl of entity floating_point_v7_1_20.delay [\delay(width=2,fast_input=true)\]
Compiling architecture rtl of entity floating_point_v7_1_20.flt_round_bit [\flt_round_bit(c_xdevicefamily="...]
Compiling architecture rtl of entity floating_point_v7_1_20.renorm_and_round_logic [\renorm_and_round_logic(c_xdevic...]
Compiling architecture lut4_v of entity unisim.LUT4 [\LUT4(init="1100110010010110")(0...]
Compiling architecture lut4_v of entity unisim.LUT4 [\LUT4(init="1100110000111100")(0...]
Compiling architecture synth of entity xbip_pipe_v3_0_10.xbip_pipe_v3_0_10_viv [\xbip_pipe_v3_0_10_viv(c_has_ce=...]
Compiling architecture rtl of entity floating_point_v7_1_20.delay [\delay(width=9,length=0,fast_inp...]
Compiling architecture synth of entity floating_point_v7_1_20.flt_log_addsub [\flt_log_addsub(c_xdevicefamily=...]
Compiling architecture synth of entity floating_point_v7_1_20.compare_eq_im [\compare_eq_im(c_xdevicefamily="...]
Compiling architecture synth of entity floating_point_v7_1_20.compare_ne_im [\compare_ne_im(c_xdevicefamily="...]
Compiling architecture struct of entity floating_point_v7_1_20.carry_chain [\carry_chain(c_xdevicefamily="zy...]
Compiling architecture synth of entity floating_point_v7_1_20.compare_gt [\compare_gt(c_xdevicefamily="zyn...]
Compiling architecture synth of entity floating_point_v7_1_20.flt_exp_recomb [\flt_exp_recomb(c_xdevicefamily=...]
Compiling architecture synth of entity floating_point_v7_1_20.flt_exp [\flt_exp(c_xdevicefamily="zynqup...]
Compiling architecture synth of entity xbip_pipe_v3_0_10.xbip_pipe_v3_0_10_viv [\xbip_pipe_v3_0_10_viv(c_latency...]
Compiling architecture xilinx of entity floating_point_v7_1_20.floating_point_v7_1_20_viv [\floating_point_v7_1_20_viv(c_xd...]
Compiling architecture xilinx of entity floating_point_v7_1_20.floating_point_v7_1_20 [\floating_point_v7_1_20(c_xdevic...]
Compiling architecture top_kernel_fexp_32ns_32ns_32_22_full_dsp_1_ip_arch of entity xil_defaultlib.top_kernel_fexp_32ns_32ns_32_22_full_dsp_1_ip [top_kernel_fexp_32ns_32ns_32_22_...]
Compiling module xil_defaultlib.top_kernel_fexp_32ns_32ns_32_22_...
Compiling module xil_defaultlib.top_kernel_sparsemux_7_2_16_1_1_...
Compiling module xil_defaultlib.top_kernel_urem_7ns_3ns_2_11_1_d...
Compiling module xil_defaultlib.top_kernel_urem_7ns_3ns_2_11_1(N...
Compiling module xil_defaultlib.top_kernel_mul_6ns_6ns_9_1_1(NUM...
Compiling module xil_defaultlib.top_kernel_mul_9s_6ns_9_1_1(NUM_...
Compiling module xil_defaultlib.top_kernel_sparsemux_7_2_20_1_1(...
Compiling module xil_defaultlib.top_kernel_mul_20s_18s_38_2_1(NU...
Compiling module xil_defaultlib.top_kernel_sdiv_35ns_21ns_35_39_...
Compiling module xil_defaultlib.top_kernel_sdiv_35ns_21ns_35_39_...
Compiling module xil_defaultlib.top_kernel_stage_bilateral_Pipel...
Compiling module xil_defaultlib.top_kernel_stage_bilateral
Compiling module xil_defaultlib.top_kernel_stage_morphology_Pipe...
Compiling module xil_defaultlib.top_kernel_stage_morphology_Pipe...
Compiling module xil_defaultlib.top_kernel_stage_morphology_Pipe...
Compiling module xil_defaultlib.top_kernel_stage_morphology
Compiling module xil_defaultlib.top_kernel_flow_control_loop_pip...
Compiling module xil_defaultlib.top_kernel_Loop_VITIS_LOOP_354_1...
Compiling module xil_defaultlib.top_kernel_fifo_w64_d6_S_ShiftRe...
Compiling module xil_defaultlib.top_kernel_fifo_w64_d6_S_default
Compiling module xil_defaultlib.top_kernel_fifo_w16_d128_A_ram(D...
Compiling module xil_defaultlib.top_kernel_fifo_w16_d128_A_defau...
Compiling module xil_defaultlib.top_kernel_start_for_Loop_VITIS_...
Compiling module xil_defaultlib.top_kernel_start_for_Loop_VITIS_...
Compiling module xil_defaultlib.top_kernel_start_for_stage_gauss...
Compiling module xil_defaultlib.top_kernel_start_for_stage_gauss...
Compiling module xil_defaultlib.top_kernel_start_for_stage_bilat...
Compiling module xil_defaultlib.top_kernel_start_for_stage_bilat...
Compiling module xil_defaultlib.top_kernel_start_for_stage_morph...
Compiling module xil_defaultlib.top_kernel_start_for_stage_morph...
Compiling module xil_defaultlib.top_kernel
Compiling module xil_defaultlib.misc_interface_default
Compiling module xil_defaultlib.axi_if(ADDR_WIDTH=64,STRB_WIDTH=...
Compiling module xil_defaultlib.axi_if(ADDR_WIDTH=6,STRB_WIDTH=4...
Compiling module xil_defaultlib.sv_module_top
Compiling module xil_defaultlib.AESL_deadlock_detect_unit(PROC_N...
Compiling module xil_defaultlib.AESL_deadlock_detect_unit(PROC_N...
Compiling module xil_defaultlib.AESL_deadlock_detect_unit(PROC_N...
Compiling module xil_defaultlib.AESL_deadlock_detect_unit(PROC_N...
Compiling module xil_defaultlib.AESL_deadlock_detect_unit(PROC_N...
Compiling module xil_defaultlib.AESL_deadlock_detect_unit(PROC_N...
Compiling module xil_defaultlib.AESL_deadlock_report_unit(PROC_N...
Compiling module xil_defaultlib.AESL_deadlock_detector_2
Compiling module xil_defaultlib.df_fifo_intf_default
Compiling module xil_defaultlib.df_process_intf_default
Compiling module xil_defaultlib.nodf_module_intf_default
Compiling module xil_defaultlib.upc_loop_intf(FSM_WIDTH=1)
Compiling module xil_defaultlib.dataflow_monitor_1
Compiling module xil_defaultlib.apatb_top_kernel_top
Compiling module xil_defaultlib.glbl
Built simulation snapshot top_kernel

****** xsim v2025.1.1 (64-bit)
  **** SW Build 6233196 on Thu Sep 11 21:27:11 MDT 2025
  **** IP Build 6232796 on Fri Sep 12 01:46:16 MDT 2025
  **** SharedData Build 6233195 on Thu Sep 11 17:56:43 MDT 2025
  **** Start of session at: Fri Apr 10 03:41:03 2026
    ** Copyright 1986-2022 Xilinx, Inc. All Rights Reserved.
    ** Copyright 2022-2025 Advanced Micro Devices, Inc. All Rights Reserved.

source xsim.dir/top_kernel/xsim_script.tcl
# xsim {top_kernel} -testplusarg UVM_VERBOSITY=UVM_NONE -testplusarg UVM_TESTNAME=top_kernel_test_lib -testplusarg UVM_TIMEOUT=20000000000000 -autoloadwcfg -tclbatch {top_kernel.tcl}
Time resolution is 1 ps
source top_kernel.tcl
## run all
UVM_INFO /tools/software/xilinx//2025.1.1/Vivado/data/system_verilog/uvm_1.2/xlnx_uvm_package.sv(18601) @ 0: reporter [UVM/RELNOTES] 
----------------------------------------------------------------
UVM-1.2
(C) 2007-2014 Mentor Graphics Corporation
(C) 2007-2014 Cadence Design Systems, Inc.
(C) 2006-2014 Synopsys, Inc.
(C) 2011-2013 Cypress Semiconductor Corp.
(C) 2013-2014 NVIDIA Corporation
----------------------------------------------------------------

  ***********       IMPORTANT RELEASE NOTES         ************

  You are using a version of the UVM library that has been compiled
  with `UVM_NO_DEPRECATED undefined.

  You are using a version of the UVM library that has been compiled
  with `UVM_OBJECT_DO_NOT_NEED_CONSTRUCTOR undefined.

      (Specify +UVM_NO_RELNOTES to turn off this notice)

UVM_INFO /tools/software/xilinx//2025.1.1/Vivado/data/system_verilog/uvm_1.2/xlnx_uvm_package.sv(18648) @ 0: reporter [NO_DPI_TSTNAME] UVM_NO_DPI defined--getting UVM_TESTNAME directly, without DPI
UVM_INFO /tools/software/xilinx//2025.1.1/Vivado/data/system_verilog/uvm_1.2/xlnx_uvm_package.sv(18752) @ 0: reporter [UVMTOP] UVM testbench topology:
--------------------------------------------------------------------------------------
Name                         Type                              Size  Value            
--------------------------------------------------------------------------------------
uvm_test_top                 top_kernel_test_lib               -     @371             
  top_env                    top_kernel_env                    -     @382             
    axi_lite_control         uvm_env                           -     @531             
      item_rtr_port          uvm_analysis_port                 -     @550             
      item_wtr_port          uvm_analysis_port                 -     @540             
      master                 uvm_agent                         -     @1003            
        ardrv                uvm_driver #(REQ,RSP)             -     @1678            
          item_read_imp      uvm_analysis_port                 -     @1707            
          rsp_port           uvm_analysis_port                 -     @1697            
          seq_item_port      uvm_seq_item_pull_port            -     @1687            
          m_num_sent         integral                          32    'h0              
        arsqr                axi_sequencer                     -     @1717            
          rsp_export         uvm_analysis_export               -     @1726            
          seq_item_export    uvm_seq_item_pull_imp             -     @1844            
          arbitration_queue  array                             0     -                
          lock_queue         array                             0     -                
          num_last_reqs      integral                          32    'd1              
          num_last_rsps      integral                          32    'd1              
        awdrv                uvm_driver #(REQ,RSP)             -     @1150            
          item_read_imp      uvm_analysis_port                 -     @1179            
          rsp_port           uvm_analysis_port                 -     @1169            
          seq_item_port      uvm_seq_item_pull_port            -     @1159            
          m_num_sent         integral                          32    'h0              
        awsqr                axi_sequencer                     -     @1189            
          rsp_export         uvm_analysis_export               -     @1198            
          seq_item_export    uvm_seq_item_pull_imp             -     @1316            
          arbitration_queue  array                             0     -                
          lock_queue         array                             0     -                
          num_last_reqs      integral                          32    'd1              
          num_last_rsps      integral                          32    'd1              
        bdrv                 uvm_driver #(REQ,RSP)             -     @1502            
          item_read_imp      uvm_analysis_port                 -     @1531            
          rsp_port           uvm_analysis_port                 -     @1521            
          seq_item_port      uvm_seq_item_pull_port            -     @1511            
          m_num_sent         integral                          32    'h0              
        bsqr                 axi_sequencer                     -     @1541            
          rsp_export         uvm_analysis_export               -     @1550            
          seq_item_export    uvm_seq_item_pull_imp             -     @1668            
          arbitration_queue  array                             0     -                
          lock_queue         array                             0     -                
          num_last_reqs      integral                          32    'd1              
          num_last_rsps      integral                          32    'd1              
        rdrv                 uvm_driver #(REQ,RSP)             -     @1854            
          item_read_imp      uvm_analysis_port                 -     @1883            
          rsp_port           uvm_analysis_port                 -     @1873            
          seq_item_port      uvm_seq_item_pull_port            -     @1863            
          m_num_sent         integral                          32    'h0              
        rsqr                 axi_sequencer                     -     @1893            
          rsp_export         uvm_analysis_export               -     @1902            
          seq_item_export    uvm_seq_item_pull_imp             -     @2020            
          arbitration_queue  array                             0     -                
          lock_queue         array                             0     -                
          num_last_reqs      integral                          32    'd1              
          num_last_rsps      integral                          32    'd1              
        wdrv                 uvm_driver #(REQ,RSP)             -     @1326            
          item_read_imp      uvm_analysis_port                 -     @1355            
          rsp_port           uvm_analysis_port                 -     @1345            
          seq_item_port      uvm_seq_item_pull_port            -     @1335            
          m_num_sent         integral                          32    'h0              
        wsqr                 axi_sequencer                     -     @1365            
          rsp_export         uvm_analysis_export               -     @1374            
          seq_item_export    uvm_seq_item_pull_imp             -     @1492            
          arbitration_queue  array                             0     -                
          lock_queue         array                             0     -                
          num_last_reqs      integral                          32    'd1              
          num_last_rsps      integral                          32    'd1              
      monitor                uvm_monitor                       -     @825             
        item_ar2r_port       uvm_analysis_port                 -     @894             
        item_ar_port         uvm_analysis_port                 -     @864             
        item_aw2b_port       uvm_analysis_port                 -     @884             
        item_aw_port         uvm_analysis_port                 -     @834             
        item_b_port          uvm_analysis_port                 -     @854             
        item_r_port          uvm_analysis_port                 -     @874             
        item_w_port          uvm_analysis_port                 -     @844             
        checks_enable        integral                          1     'h1              
        coverage_enable      integral                          1     'h1              
      state                  axi_state                         -     @904             
        ar2r_imp             uvm_analysis_imp_ar2r             -     @973             
        ar_imp               uvm_analysis_imp_ar               -     @943             
        aw2b_imp             uvm_analysis_imp_aw2b             -     @963             
        aw_imp               uvm_analysis_imp_aw               -     @913             
        b_imp                uvm_analysis_imp_b                -     @933             
        item_rtr_port        uvm_analysis_port                 -     @993             
        item_wtr_port        uvm_analysis_port                 -     @983             
        r_imp                uvm_analysis_imp_r                -     @953             
        w_imp                uvm_analysis_imp_w                -     @923             
        avg_rate             integral                          32    'h0              
        exp_rate             integral                          32    'h0              
        win_size             integral                          32    'h0              
        bqnum_for_slaseq     integral                          32    'h0              
        rq_from_model_num    integral                          32    'h0              
      vsqr                   axi_virtual_sequencer             -     @1012            
        rsp_export           uvm_analysis_export               -     @1021            
        seq_item_export      uvm_seq_item_pull_imp             -     @1139            
        arbitration_queue    array                             0     -                
        lock_queue           array                             0     -                
        num_last_reqs        integral                          32    'd1              
        num_last_rsps        integral                          32    'd1              
      cfg                    axi_cfg                           -     @401             
        has_checker          integral                          1     'h1              
        has_coverage         integral                          1     'h1              
        id_num               integral                          32    'h1              
        reset_level          reset_level_enum                  32    RESET_LEVEL_LOW  
        drv_type             drv_type_enum                     32    MASTER           
        write_latency_mode   latency_mode_enum                 32    CHANNEL_FIRST    
        read_latency_mode    latency_mode_enum                 32    CHANNEL_FIRST    
        clatency             axi_latency                       -     @529             
          wr_latency         integral                          32    'h0              
          rd_latency         integral                          32    'h0              
    axi_master_gmem0         uvm_env                           -     @407             
      item_rtr_port          uvm_analysis_port                 -     @426             
      item_wtr_port          uvm_analysis_port                 -     @416             
      monitor                uvm_monitor                       -     @2103            
        item_ar2r_port       uvm_analysis_port                 -     @2172            
        item_ar_port         uvm_analysis_port                 -     @2142            
        item_aw2b_port       uvm_analysis_port                 -     @2162            
        item_aw_port         uvm_analysis_port                 -     @2112            
        item_b_port          uvm_analysis_port                 -     @2132            
        item_r_port          uvm_analysis_port                 -     @2152            
        item_w_port          uvm_analysis_port                 -     @2122            
        checks_enable        integral                          1     'h1              
        coverage_enable      integral                          1     'h1              
      slave                  uvm_agent                         -     @2281            
        ardrv                uvm_driver #(REQ,RSP)             -     @2958            
          item_read_imp      uvm_analysis_port                 -     @2987            
          rsp_port           uvm_analysis_port                 -     @2977            
          seq_item_port      uvm_seq_item_pull_port            -     @2967            
          m_num_sent         integral                          32    'h0              
        arsqr                axi_sequencer                     -     @2997            
          rsp_export         uvm_analysis_export               -     @3006            
          seq_item_export    uvm_seq_item_pull_imp             -     @3124            
          arbitration_queue  array                             0     -                
          lock_queue         array                             0     -                
          num_last_reqs      integral                          32    'd1              
          num_last_rsps      integral                          32    'd1              
        awdrv                uvm_driver #(REQ,RSP)             -     @2430            
          item_read_imp      uvm_analysis_port                 -     @2459            
          rsp_port           uvm_analysis_port                 -     @2449            
          seq_item_port      uvm_seq_item_pull_port            -     @2439            
          m_num_sent         integral                          32    'h0              
        awsqr                axi_sequencer                     -     @2469            
          rsp_export         uvm_analysis_export               -     @2478            
          seq_item_export    uvm_seq_item_pull_imp             -     @2596            
          arbitration_queue  array                             0     -                
          lock_queue         array                             0     -                
          num_last_reqs      integral                          32    'd1              
          num_last_rsps      integral                          32    'd1              
        bdrv                 uvm_driver #(REQ,RSP)             -     @2782            
          item_read_imp      uvm_analysis_port                 -     @2811            
          rsp_port           uvm_analysis_port                 -     @2801            
          seq_item_port      uvm_seq_item_pull_port            -     @2791            
          m_num_sent         integral                          32    'h0              
        bsqr                 axi_sequencer                     -     @2821            
          rsp_export         uvm_analysis_export               -     @2830            
          seq_item_export    uvm_seq_item_pull_imp             -     @2948            
          arbitration_queue  array                             0     -                
          lock_queue         array                             0     -                
          num_last_reqs      integral                          32    'd1              
          num_last_rsps      integral                          32    'd1              
        rdrv                 uvm_driver #(REQ,RSP)             -     @3134            
          item_read_imp      uvm_analysis_port                 -     @3163            
          rsp_port           uvm_analysis_port                 -     @3153            
          seq_item_port      uvm_seq_item_pull_port            -     @3143            
          m_num_sent         integral                          32    'h0              
        rsqr                 axi_sequencer                     -     @3173            
          rsp_export         uvm_analysis_export               -     @3182            
          seq_item_export    uvm_seq_item_pull_imp             -     @3300            
          arbitration_queue  array                             0     -                
          lock_queue         array                             0     -                
          num_last_reqs      integral                          32    'd1              
          num_last_rsps      integral                          32    'd1              
        wdrv                 uvm_driver #(REQ,RSP)             -     @2606            
          item_read_imp      uvm_analysis_port                 -     @2635            
          rsp_port           uvm_analysis_port                 -     @2625            
          seq_item_port      uvm_seq_item_pull_port            -     @2615            
          m_num_sent         integral                          32    'h0              
        wsqr                 axi_sequencer                     -     @2645            
          rsp_export         uvm_analysis_export               -     @2654            
          seq_item_export    uvm_seq_item_pull_imp             -     @2772            
          arbitration_queue  array                             0     -                
          lock_queue         array                             0     -                
          num_last_reqs      integral                          32    'd1              
          num_last_rsps      integral                          32    'd1              
      state                  axi_state                         -     @2182            
        ar2r_imp             uvm_analysis_imp_ar2r             -     @2251            
        ar_imp               uvm_analysis_imp_ar               -     @2221            
        aw2b_imp             uvm_analysis_imp_aw2b             -     @2241            
        aw_imp               uvm_analysis_imp_aw               -     @2191            
        b_imp                uvm_analysis_imp_b                -     @2211            
        item_rtr_port        uvm_analysis_port                 -     @2271            
        item_wtr_port        uvm_analysis_port                 -     @2261            
        r_imp                uvm_analysis_imp_r                -     @2231            
        w_imp                uvm_analysis_imp_w                -     @2201            
        avg_rate             integral                          32    'h0              
        exp_rate             integral                          32    'h0              
        win_size             integral                          32    'h0              
        bqnum_for_slaseq     integral                          32    'h0              
        rq_from_model_num    integral                          32    'h0              
      vsqr                   axi_virtual_sequencer             -     @2290            
        rsp_export           uvm_analysis_export               -     @2299            
        seq_item_export      uvm_seq_item_pull_imp             -     @2417            
        arbitration_queue    array                             0     -                
        lock_queue           array                             0     -                
        num_last_reqs        integral                          32    'd1              
        num_last_rsps        integral                          32    'd1              
      cfg                    axi_cfg                           -     @397             
        has_checker          integral                          1     'h1              
        has_coverage         integral                          1     'h1              
        id_num               integral                          32    'h1              
        reset_level          reset_level_enum                  32    RESET_LEVEL_LOW  
        drv_type             drv_type_enum                     32    SLAVE            
        write_latency_mode   latency_mode_enum                 32    TRANSACTION_FIRST
        read_latency_mode    latency_mode_enum                 32    TRANSACTION_FIRST
        clatency             axi_latency                       -     @402             
          wr_latency         integral                          32    'h0              
          rd_latency         integral                          32    'h0              
    axi_master_gmem1         uvm_env                           -     @438             
      item_rtr_port          uvm_analysis_port                 -     @457             
      item_wtr_port          uvm_analysis_port                 -     @447             
      monitor                uvm_monitor                       -     @3381            
        item_ar2r_port       uvm_analysis_port                 -     @3450            
        item_ar_port         uvm_analysis_port                 -     @3420            
        item_aw2b_port       uvm_analysis_port                 -     @3440            
        item_aw_port         uvm_analysis_port                 -     @3390            
        item_b_port          uvm_analysis_port                 -     @3410            
        item_r_port          uvm_analysis_port                 -     @3430            
        item_w_port          uvm_analysis_port                 -     @3400            
        checks_enable        integral                          1     'h1              
        coverage_enable      integral                          1     'h1              
      slave                  uvm_agent                         -     @3559            
        ardrv                uvm_driver #(REQ,RSP)             -     @4236            
          item_read_imp      uvm_analysis_port                 -     @4265            
          rsp_port           uvm_analysis_port                 -     @4255            
          seq_item_port      uvm_seq_item_pull_port            -     @4245            
          m_num_sent         integral                          32    'h0              
        arsqr                axi_sequencer                     -     @4275            
          rsp_export         uvm_analysis_export               -     @4284            
          seq_item_export    uvm_seq_item_pull_imp             -     @4402            
          arbitration_queue  array                             0     -                
          lock_queue         array                             0     -                
          num_last_reqs      integral                          32    'd1              
          num_last_rsps      integral                          32    'd1              
        awdrv                uvm_driver #(REQ,RSP)             -     @3708            
          item_read_imp      uvm_analysis_port                 -     @3737            
          rsp_port           uvm_analysis_port                 -     @3727            
          seq_item_port      uvm_seq_item_pull_port            -     @3717            
          m_num_sent         integral                          32    'h0              
        awsqr                axi_sequencer                     -     @3747            
          rsp_export         uvm_analysis_export               -     @3756            
          seq_item_export    uvm_seq_item_pull_imp             -     @3874            
          arbitration_queue  array                             0     -                
          lock_queue         array                             0     -                
          num_last_reqs      integral                          32    'd1              
          num_last_rsps      integral                          32    'd1              
        bdrv                 uvm_driver #(REQ,RSP)             -     @4060            
          item_read_imp      uvm_analysis_port                 -     @4089            
          rsp_port           uvm_analysis_port                 -     @4079            
          seq_item_port      uvm_seq_item_pull_port            -     @4069            
          m_num_sent         integral                          32    'h0              
        bsqr                 axi_sequencer                     -     @4099            
          rsp_export         uvm_analysis_export               -     @4108            
          seq_item_export    uvm_seq_item_pull_imp             -     @4226            
          arbitration_queue  array                             0     -                
          lock_queue         array                             0     -                
          num_last_reqs      integral                          32    'd1              
          num_last_rsps      integral                          32    'd1              
        rdrv                 uvm_driver #(REQ,RSP)             -     @4412            
          item_read_imp      uvm_analysis_port                 -     @4441            
          rsp_port           uvm_analysis_port                 -     @4431            
          seq_item_port      uvm_seq_item_pull_port            -     @4421            
          m_num_sent         integral                          32    'h0              
        rsqr                 axi_sequencer                     -     @4451            
          rsp_export         uvm_analysis_export               -     @4460            
          seq_item_export    uvm_seq_item_pull_imp             -     @4578            
          arbitration_queue  array                             0     -                
          lock_queue         array                             0     -                
          num_last_reqs      integral                          32    'd1              
          num_last_rsps      integral                          32    'd1              
        wdrv                 uvm_driver #(REQ,RSP)             -     @3884            
          item_read_imp      uvm_analysis_port                 -     @3913            
          rsp_port           uvm_analysis_port                 -     @3903            
          seq_item_port      uvm_seq_item_pull_port            -     @3893            
          m_num_sent         integral                          32    'h0              
        wsqr                 axi_sequencer                     -     @3923            
          rsp_export         uvm_analysis_export               -     @3932            
          seq_item_export    uvm_seq_item_pull_imp             -     @4050            
          arbitration_queue  array                             0     -                
          lock_queue         array                             0     -                
          num_last_reqs      integral                          32    'd1              
          num_last_rsps      integral                          32    'd1              
      state                  axi_state                         -     @3460            
        ar2r_imp             uvm_analysis_imp_ar2r             -     @3529            
        ar_imp               uvm_analysis_imp_ar               -     @3499            
        aw2b_imp             uvm_analysis_imp_aw2b             -     @3519            
        aw_imp               uvm_analysis_imp_aw               -     @3469            
        b_imp                uvm_analysis_imp_b                -     @3489            
        item_rtr_port        uvm_analysis_port                 -     @3549            
        item_wtr_port        uvm_analysis_port                 -     @3539            
        r_imp                uvm_analysis_imp_r                -     @3509            
        w_imp                uvm_analysis_imp_w                -     @3479            
        avg_rate             integral                          32    'h0              
        exp_rate             integral                          32    'h0              
        win_size             integral                          32    'h0              
        bqnum_for_slaseq     integral                          32    'h0              
        rq_from_model_num    integral                          32    'h0              
      vsqr                   axi_virtual_sequencer             -     @3568            
        rsp_export           uvm_analysis_export               -     @3577            
        seq_item_export      uvm_seq_item_pull_imp             -     @3695            
        arbitration_queue    array                             0     -                
        lock_queue           array                             0     -                
        num_last_reqs        integral                          32    'd1              
        num_last_rsps        integral                          32    'd1              
      cfg                    axi_cfg                           -     @398             
        has_checker          integral                          1     'h1              
        has_coverage         integral                          1     'h1              
        id_num               integral                          32    'h1              
        reset_level          reset_level_enum                  32    RESET_LEVEL_LOW  
        drv_type             drv_type_enum                     32    SLAVE            
        write_latency_mode   latency_mode_enum                 32    TRANSACTION_FIRST
        read_latency_mode    latency_mode_enum                 32    TRANSACTION_FIRST
        clatency             axi_latency                       -     @436             
          wr_latency         integral                          32    'h0              
          rd_latency         integral                          32    'h0              
    axi_master_gmem2         uvm_env                           -     @469             
      item_rtr_port          uvm_analysis_port                 -     @488             
      item_wtr_port          uvm_analysis_port                 -     @478             
      monitor                uvm_monitor                       -     @4659            
        item_ar2r_port       uvm_analysis_port                 -     @4728            
        item_ar_port         uvm_analysis_port                 -     @4698            
        item_aw2b_port       uvm_analysis_port                 -     @4718            
        item_aw_port         uvm_analysis_port                 -     @4668            
        item_b_port          uvm_analysis_port                 -     @4688            
        item_r_port          uvm_analysis_port                 -     @4708            
        item_w_port          uvm_analysis_port                 -     @4678            
        checks_enable        integral                          1     'h1              
        coverage_enable      integral                          1     'h1              
      slave                  uvm_agent                         -     @4837            
        ardrv                uvm_driver #(REQ,RSP)             -     @5514            
          item_read_imp      uvm_analysis_port                 -     @5543            
          rsp_port           uvm_analysis_port                 -     @5533            
          seq_item_port      uvm_seq_item_pull_port            -     @5523            
          m_num_sent         integral                          32    'h0              
        arsqr                axi_sequencer                     -     @5553            
          rsp_export         uvm_analysis_export               -     @5562            
          seq_item_export    uvm_seq_item_pull_imp             -     @5680            
          arbitration_queue  array                             0     -                
          lock_queue         array                             0     -                
          num_last_reqs      integral                          32    'd1              
          num_last_rsps      integral                          32    'd1              
        awdrv                uvm_driver #(REQ,RSP)             -     @4986            
          item_read_imp      uvm_analysis_port                 -     @5015            
          rsp_port           uvm_analysis_port                 -     @5005            
          seq_item_port      uvm_seq_item_pull_port            -     @4995            
          m_num_sent         integral                          32    'h0              
        awsqr                axi_sequencer                     -     @5025            
          rsp_export         uvm_analysis_export               -     @5034            
          seq_item_export    uvm_seq_item_pull_imp             -     @5152            
          arbitration_queue  array                             0     -                
          lock_queue         array                             0     -                
          num_last_reqs      integral                          32    'd1              
          num_last_rsps      integral                          32    'd1              
        bdrv                 uvm_driver #(REQ,RSP)             -     @5338            
          item_read_imp      uvm_analysis_port                 -     @5367            
          rsp_port           uvm_analysis_port                 -     @5357            
          seq_item_port      uvm_seq_item_pull_port            -     @5347            
          m_num_sent         integral                          32    'h0              
        bsqr                 axi_sequencer                     -     @5377            
          rsp_export         uvm_analysis_export               -     @5386            
          seq_item_export    uvm_seq_item_pull_imp             -     @5504            
          arbitration_queue  array                             0     -                
          lock_queue         array                             0     -                
          num_last_reqs      integral                          32    'd1              
          num_last_rsps      integral                          32    'd1              
        rdrv                 uvm_driver #(REQ,RSP)             -     @5690            
          item_read_imp      uvm_analysis_port                 -     @5719            
          rsp_port           uvm_analysis_port                 -     @5709            
          seq_item_port      uvm_seq_item_pull_port            -     @5699            
          m_num_sent         integral                          32    'h0              
        rsqr                 axi_sequencer                     -     @5729            
          rsp_export         uvm_analysis_export               -     @5738            
          seq_item_export    uvm_seq_item_pull_imp             -     @5856            
          arbitration_queue  array                             0     -                
          lock_queue         array                             0     -                
          num_last_reqs      integral                          32    'd1              
          num_last_rsps      integral                          32    'd1              
        wdrv                 uvm_driver #(REQ,RSP)             -     @5162            
          item_read_imp      uvm_analysis_port                 -     @5191            
          rsp_port           uvm_analysis_port                 -     @5181            
          seq_item_port      uvm_seq_item_pull_port            -     @5171            
          m_num_sent         integral                          32    'h0              
        wsqr                 axi_sequencer                     -     @5201            
          rsp_export         uvm_analysis_export               -     @5210            
          seq_item_export    uvm_seq_item_pull_imp             -     @5328            
          arbitration_queue  array                             0     -                
          lock_queue         array                             0     -                
          num_last_reqs      integral                          32    'd1              
          num_last_rsps      integral                          32    'd1              
      state                  axi_state                         -     @4738            
        ar2r_imp             uvm_analysis_imp_ar2r             -     @4807            
        ar_imp               uvm_analysis_imp_ar               -     @4777            
        aw2b_imp             uvm_analysis_imp_aw2b             -     @4797            
        aw_imp               uvm_analysis_imp_aw               -     @4747            
        b_imp                uvm_analysis_imp_b                -     @4767            
        item_rtr_port        uvm_analysis_port                 -     @4827            
        item_wtr_port        uvm_analysis_port                 -     @4817            
        r_imp                uvm_analysis_imp_r                -     @4787            
        w_imp                uvm_analysis_imp_w                -     @4757            
        avg_rate             integral                          32    'h0              
        exp_rate             integral                          32    'h0              
        win_size             integral                          32    'h0              
        bqnum_for_slaseq     integral                          32    'h0              
        rq_from_model_num    integral                          32    'h0              
      vsqr                   axi_virtual_sequencer             -     @4846            
        rsp_export           uvm_analysis_export               -     @4855            
        seq_item_export      uvm_seq_item_pull_imp             -     @4973            
        arbitration_queue    array                             0     -                
        lock_queue           array                             0     -                
        num_last_reqs        integral                          32    'd1              
        num_last_rsps        integral                          32    'd1              
      cfg                    axi_cfg                           -     @399             
        has_checker          integral                          1     'h1              
        has_coverage         integral                          1     'h1              
        id_num               integral                          32    'h1              
        reset_level          reset_level_enum                  32    RESET_LEVEL_LOW  
        drv_type             drv_type_enum                     32    SLAVE            
        write_latency_mode   latency_mode_enum                 32    TRANSACTION_FIRST
        read_latency_mode    latency_mode_enum                 32    TRANSACTION_FIRST
        clatency             axi_latency                       -     @467             
          wr_latency         integral                          32    'h0              
          rd_latency         integral                          32    'h0              
    axi_master_gmem3         uvm_env                           -     @500             
      item_rtr_port          uvm_analysis_port                 -     @519             
      item_wtr_port          uvm_analysis_port                 -     @509             
      monitor                uvm_monitor                       -     @5937            
        item_ar2r_port       uvm_analysis_port                 -     @6006            
        item_ar_port         uvm_analysis_port                 -     @5976            
        item_aw2b_port       uvm_analysis_port                 -     @5996            
        item_aw_port         uvm_analysis_port                 -     @5946            
        item_b_port          uvm_analysis_port                 -     @5966            
        item_r_port          uvm_analysis_port                 -     @5986            
        item_w_port          uvm_analysis_port                 -     @5956            
        checks_enable        integral                          1     'h1              
        coverage_enable      integral                          1     'h1              
      slave                  uvm_agent                         -     @6115            
        ardrv                uvm_driver #(REQ,RSP)             -     @6792            
          item_read_imp      uvm_analysis_port                 -     @6821            
          rsp_port           uvm_analysis_port                 -     @6811            
          seq_item_port      uvm_seq_item_pull_port            -     @6801            
          m_num_sent         integral                          32    'h0              
        arsqr                axi_sequencer                     -     @6831            
          rsp_export         uvm_analysis_export               -     @6840            
          seq_item_export    uvm_seq_item_pull_imp             -     @6958            
          arbitration_queue  array                             0     -                
          lock_queue         array                             0     -                
          num_last_reqs      integral                          32    'd1              
          num_last_rsps      integral                          32    'd1              
        awdrv                uvm_driver #(REQ,RSP)             -     @6264            
          item_read_imp      uvm_analysis_port                 -     @6293            
          rsp_port           uvm_analysis_port                 -     @6283            
          seq_item_port      uvm_seq_item_pull_port            -     @6273            
          m_num_sent         integral                          32    'h0              
        awsqr                axi_sequencer                     -     @6303            
          rsp_export         uvm_analysis_export               -     @6312            
          seq_item_export    uvm_seq_item_pull_imp             -     @6430            
          arbitration_queue  array                             0     -                
          lock_queue         array                             0     -                
          num_last_reqs      integral                          32    'd1              
          num_last_rsps      integral                          32    'd1              
        bdrv                 uvm_driver #(REQ,RSP)             -     @6616            
          item_read_imp      uvm_analysis_port                 -     @6645            
          rsp_port           uvm_analysis_port                 -     @6635            
          seq_item_port      uvm_seq_item_pull_port            -     @6625            
          m_num_sent         integral                          32    'h0              
        bsqr                 axi_sequencer                     -     @6655            
          rsp_export         uvm_analysis_export               -     @6664            
          seq_item_export    uvm_seq_item_pull_imp             -     @6782            
          arbitration_queue  array                             0     -                
          lock_queue         array                             0     -                
          num_last_reqs      integral                          32    'd1              
          num_last_rsps      integral                          32    'd1              
        rdrv                 uvm_driver #(REQ,RSP)             -     @6968            
          item_read_imp      uvm_analysis_port                 -     @6997            
          rsp_port           uvm_analysis_port                 -     @6987            
          seq_item_port      uvm_seq_item_pull_port            -     @6977            
          m_num_sent         integral                          32    'h0              
        rsqr                 axi_sequencer                     -     @7007            
          rsp_export         uvm_analysis_export               -     @7016            
          seq_item_export    uvm_seq_item_pull_imp             -     @7134            
          arbitration_queue  array                             0     -                
          lock_queue         array                             0     -                
          num_last_reqs      integral                          32    'd1              
          num_last_rsps      integral                          32    'd1              
        wdrv                 uvm_driver #(REQ,RSP)             -     @6440            
          item_read_imp      uvm_analysis_port                 -     @6469            
          rsp_port           uvm_analysis_port                 -     @6459            
          seq_item_port      uvm_seq_item_pull_port            -     @6449            
          m_num_sent         integral                          32    'h0              
        wsqr                 axi_sequencer                     -     @6479            
          rsp_export         uvm_analysis_export               -     @6488            
          seq_item_export    uvm_seq_item_pull_imp             -     @6606            
          arbitration_queue  array                             0     -                
          lock_queue         array                             0     -                
          num_last_reqs      integral                          32    'd1              
          num_last_rsps      integral                          32    'd1              
      state                  axi_state                         -     @6016            
        ar2r_imp             uvm_analysis_imp_ar2r             -     @6085            
        ar_imp               uvm_analysis_imp_ar               -     @6055            
        aw2b_imp             uvm_analysis_imp_aw2b             -     @6075            
        aw_imp               uvm_analysis_imp_aw               -     @6025            
        b_imp                uvm_analysis_imp_b                -     @6045            
        item_rtr_port        uvm_analysis_port                 -     @6105            
        item_wtr_port        uvm_analysis_port                 -     @6095            
        r_imp                uvm_analysis_imp_r                -     @6065            
        w_imp                uvm_analysis_imp_w                -     @6035            
        avg_rate             integral                          32    'h0              
        exp_rate             integral                          32    'h0              
        win_size             integral                          32    'h0              
        bqnum_for_slaseq     integral                          32    'h0              
        rq_from_model_num    integral                          32    'h0              
      vsqr                   axi_virtual_sequencer             -     @6124            
        rsp_export           uvm_analysis_export               -     @6133            
        seq_item_export      uvm_seq_item_pull_imp             -     @6251            
        arbitration_queue    array                             0     -                
        lock_queue           array                             0     -                
        num_last_reqs        integral                          32    'd1              
        num_last_rsps        integral                          32    'd1              
      cfg                    axi_cfg                           -     @400             
        has_checker          integral                          1     'h1              
        has_coverage         integral                          1     'h1              
        id_num               integral                          32    'h1              
        reset_level          reset_level_enum                  32    RESET_LEVEL_LOW  
        drv_type             drv_type_enum                     32    SLAVE            
        write_latency_mode   latency_mode_enum                 32    TRANSACTION_FIRST
        read_latency_mode    latency_mode_enum                 32    TRANSACTION_FIRST
        clatency             axi_latency                       -     @498             
          wr_latency         integral                          32    'h0              
          rd_latency         integral                          32    'h0              
    refm                     top_kernel_reference_model        -     @560             
      trans_num_idx          integral                          32    'h0              
    subsys_mon               top_kernel_subsystem_monitor      -     @573             
      control_rtr_imp        uvm_analysis_imp_axi_rtr_control  -     @672             
      control_wtr_imp        uvm_analysis_imp_axi_wtr_control  -     @662             
      gmem0_rtr_imp          uvm_analysis_imp_axi_rtr_gmem0    -     @592             
      gmem0_wtr_imp          uvm_analysis_imp_axi_wtr_gmem0    -     @582             
      gmem1_rtr_imp          uvm_analysis_imp_axi_rtr_gmem1    -     @612             
      gmem1_wtr_imp          uvm_analysis_imp_axi_wtr_gmem1    -     @602             
      gmem2_rtr_imp          uvm_analysis_imp_axi_rtr_gmem2    -     @632             
      gmem2_wtr_imp          uvm_analysis_imp_axi_wtr_gmem2    -     @622             
      gmem3_rtr_imp          uvm_analysis_imp_axi_rtr_gmem3    -     @652             
      gmem3_wtr_imp          uvm_analysis_imp_axi_wtr_gmem3    -     @642             
      scbd                   top_kernel_scoreboard             -     @7218            
        refm                 top_kernel_reference_model        -     @560             
          trans_num_idx      integral                          32    'h0              
    top_kernel_virtual_sqr   top_kernel_virtual_sequencer      -     @682             
      rsp_export             uvm_analysis_export               -     @691             
      seq_item_export        uvm_seq_item_pull_imp             -     @809             
      arbitration_queue      array                             0     -                
      lock_queue             array                             0     -                
      num_last_reqs          integral                          32    'd1              
      num_last_rsps          integral                          32    'd1              
    refm                     top_kernel_reference_model        -     @560             
    top_kernel_virtual_sqr   top_kernel_virtual_sequencer      -     @682             
    top_kernel_cfg           top_kernel_config                 -     @396             
      gmem0_cfg              axi_cfg                           -     @397             
        has_checker          integral                          1     'h1              
        has_coverage         integral                          1     'h1              
        id_num               integral                          32    'h1              
        reset_level          reset_level_enum                  32    RESET_LEVEL_LOW  
        drv_type             drv_type_enum                     32    SLAVE            
        write_latency_mode   latency_mode_enum                 32    TRANSACTION_FIRST
        read_latency_mode    latency_mode_enum                 32    TRANSACTION_FIRST
        clatency             axi_latency                       -     @402             
          wr_latency         integral                          32    'h0              
          rd_latency         integral                          32    'h0              
      gmem1_cfg              axi_cfg                           -     @398             
        has_checker          integral                          1     'h1              
        has_coverage         integral                          1     'h1              
        id_num               integral                          32    'h1              
        reset_level          reset_level_enum                  32    RESET_LEVEL_LOW  
        drv_type             drv_type_enum                     32    SLAVE            
        write_latency_mode   latency_mode_enum                 32    TRANSACTION_FIRST
        read_latency_mode    latency_mode_enum                 32    TRANSACTION_FIRST
        clatency             axi_latency                       -     @436             
          wr_latency         integral                          32    'h0              
          rd_latency         integral                          32    'h0              
      gmem2_cfg              axi_cfg                           -     @399             
        has_checker          integral                          1     'h1              
        has_coverage         integral                          1     'h1              
        id_num               integral                          32    'h1              
        reset_level          reset_level_enum                  32    RESET_LEVEL_LOW  
        drv_type             drv_type_enum                     32    SLAVE            
        write_latency_mode   latency_mode_enum                 32    TRANSACTION_FIRST
        read_latency_mode    latency_mode_enum                 32    TRANSACTION_FIRST
        clatency             axi_latency                       -     @467             
          wr_latency         integral                          32    'h0              
          rd_latency         integral                          32    'h0              
      gmem3_cfg              axi_cfg                           -     @400             
        has_checker          integral                          1     'h1              
        has_coverage         integral                          1     'h1              
        id_num               integral                          32    'h1              
        reset_level          reset_level_enum                  32    RESET_LEVEL_LOW  
        drv_type             drv_type_enum                     32    SLAVE            
        write_latency_mode   latency_mode_enum                 32    TRANSACTION_FIRST
        read_latency_mode    latency_mode_enum                 32    TRANSACTION_FIRST
        clatency             axi_latency                       -     @498             
          wr_latency         integral                          32    'h0              
          rd_latency         integral                          32    'h0              
      control_cfg            axi_cfg                           -     @401             
        has_checker          integral                          1     'h1              
        has_coverage         integral                          1     'h1              
        id_num               integral                          32    'h1              
        reset_level          reset_level_enum                  32    RESET_LEVEL_LOW  
        drv_type             drv_type_enum                     32    MASTER           
        write_latency_mode   latency_mode_enum                 32    CHANNEL_FIRST    
        read_latency_mode    latency_mode_enum                 32    CHANNEL_FIRST    
        clatency             axi_latency                       -     @529             
          wr_latency         integral                          32    'h0              
          rd_latency         integral                          32    'h0              
      check_ena              integral                          32    'h0              
      cover_ena              integral                          32    'h0              
--------------------------------------------------------------------------------------

UVM_INFO /tools/software/xilinx//2025.1.1/Vivado/data/system_verilog/uvm_1.2/xlnx_uvm_package.sv(20867) @ 0: reporter [UVM/COMP/NAMECHECK] This implementation of the component name checks requires DPI to be enabled
////////////////////////////////////////////////////////////////////////////////////
// Inter-Transaction Progress: Completed Transaction / Total Transaction
// Intra-Transaction Progress: Measured Latency / Latency Estimation * 100%
//
// RTL Simulation : "Inter-Transaction Progress" ["Intra-Transaction Progress"] @ "Simulation Time"
////////////////////////////////////////////////////////////////////////////////////
// RTL Simulation : 0 / 1 [0.00%] @ "110000"
// RTL Simulation : 1 / 1 [100.00%] @ "118834000"
////////////////////////////////////////////////////////////////////////////////////
$finish called at time : 118862 ns : File "/tools/software/xilinx//2025.1.1/Vivado/data/system_verilog/uvm_1.2/xlnx_uvm_package.sv" Line 18699
run: Time (s): cpu = 00:00:00.02 ; elapsed = 00:02:10 . Memory (MB): peak = 1608.957 ; gain = 0.000 ; free physical = 327393 ; free virtual = 424851
## quit
INFO: xsimkernel Simulation Memory Usage: 1027744 KB (Peak: 1076888 KB), Simulation CPU Usage: 131140 ms
INFO: [Common 17-206] Exiting xsim at Fri Apr 10 03:43:18 2026...
INFO: [COSIM 212-316] Starting C post checking ...
>> Initializing Input Buffers...
>> Starting Golden Baseline (Software)...
K1: Intensity        [>                             ] 0 %K1: Intensity        [=======================>      ] 79 %K1: Intensity        [==============================] 100 %
K2: Equalize         [>                             ] 0 %K2: Equalize         [==============================] 100 %
K3: Gaussian         [========================>     ] 81 %K3: Gaussian         [==============================] 100 %
K4: Bilateral        [====>                         ] 16 %K4: Bilateral        [=========>                    ] 32 %K4: Bilateral        [==============>               ] 49 %K4: Bilateral        [===================>          ] 65 %K4: Bilateral        [========================>     ] 81 %K4: Bilateral        [=============================>] 98 %K4: Bilateral        [==============================] 100 %
K5: Morph (Erode)    [==============================] 100 %
K5: Morph (Dilate)   [==============================] 100 %
>> Starting Hardware Kernel Execution...
>> Hardware Execution Complete.
>> Verifying Results...

----------------------------------------
Max Error: 0.00698498
TEST PASSED
INFO: [COSIM 212-1000] *** C/RTL co-simulation finished: PASS ***
INFO: [COSIM 212-211] II is measurable only when transaction number is greater than 1 in RTL simulation. Otherwise, they will be marked as all NA. If user wants to calculate them, please make sure there are at least 2 transactions in RTL simulation.
INFO: [HLS 200-2161] Finished Command cosim_design Elapsed time: 00:27:57; Allocated memory: 26.289 MB.
INFO: [HLS 200-1510] Running: export_design -format ip_catalog -flow impl 
INFO: [HLS 200-1915] Writing HLS config ini file /nethome/asandeep6/FPGA_ECE8893/2026_Spring/lab4/project_1/hls_config.cfg
INFO: [IMPL 213-8] Exporting RTL as a Vivado IP.

****** Vivado v2025.1.1 (64-bit)
  **** SW Build 6233196 on Thu Sep 11 21:27:11 MDT 2025
  **** IP Build 6232796 on Fri Sep 12 01:46:16 MDT 2025
  **** SharedData Build 6233195 on Thu Sep 11 17:56:43 MDT 2025
  **** Start of session at: Fri Apr 10 03:55:01 2026
    ** Copyright 1986-2022 Xilinx, Inc. All Rights Reserved.
    ** Copyright 2022-2025 Advanced Micro Devices, Inc. All Rights Reserved.

source run_ippack.tcl -notrace
INFO: calling package_hls_ip ip_types=vitis sysgen json_file=/nethome/asandeep6/FPGA_ECE8893/2026_Spring/lab4/project_1/hls/hls_data.json outdir=/nethome/asandeep6/FPGA_ECE8893/2026_Spring/lab4/project_1/hls/impl/ip srcdir=/nethome/asandeep6/FPGA_ECE8893/2026_Spring/lab4/project_1/hls ippack_options_dict= ippack_options_dict=
INFO: Copied 1 ipmisc file(s) to /nethome/asandeep6/FPGA_ECE8893/2026_Spring/lab4/project_1/hls/impl/ip/misc
INFO: Copied 75 verilog file(s) to /nethome/asandeep6/FPGA_ECE8893/2026_Spring/lab4/project_1/hls/impl/ip/hdl/verilog
INFO: Copied 72 vhdl file(s) to /nethome/asandeep6/FPGA_ECE8893/2026_Spring/lab4/project_1/hls/impl/ip/hdl/vhdl
INFO: Copied 10 swdriver file(s) to /nethome/asandeep6/FPGA_ECE8893/2026_Spring/lab4/project_1/hls/impl/ip/drivers
Generating 9 subcores in /nethome/asandeep6/FPGA_ECE8893/2026_Spring/lab4/project_1/hls/impl/ip/subcore_prj:
impl/misc/top_kernel_fadd_32ns_32ns_32_10_full_dsp_1_ip.tcl
impl/misc/top_kernel_faddfsub_32ns_32ns_32_10_full_dsp_1_ip.tcl
impl/misc/top_kernel_fcmp_32ns_32ns_1_3_no_dsp_1_ip.tcl
impl/misc/top_kernel_fdiv_32ns_32ns_32_30_no_dsp_1_ip.tcl
impl/misc/top_kernel_fexp_32ns_32ns_32_22_full_dsp_1_ip.tcl
impl/misc/top_kernel_fmul_32ns_32ns_32_7_max_dsp_1_ip.tcl
impl/misc/top_kernel_fpext_32ns_64_2_no_dsp_1_ip.tcl
impl/misc/top_kernel_fsub_32ns_32ns_32_10_full_dsp_1_ip.tcl
impl/misc/top_kernel_sitofp_32ns_32_7_no_dsp_1_ip.tcl
INFO: Using COE_DIR=/nethome/asandeep6/FPGA_ECE8893/2026_Spring/lab4/project_1/hls/impl/ip/hdl/verilog
INFO: Generating top_kernel_fadd_32ns_32ns_32_10_full_dsp_1_ip via file impl/misc/top_kernel_fadd_32ns_32ns_32_10_full_dsp_1_ip.tcl
INFO: [IP_Flow 19-234] Refreshing IP repositories
INFO: [IP_Flow 19-1704] No user IP repositories specified
INFO: [IP_Flow 19-2313] Loaded Vivado IP repository '/tools/software/xilinx/2025.1.1/data/ip'.
INFO: [IP_Flow 19-1686] Generating 'Synthesis' target for IP 'top_kernel_fadd_32ns_32ns_32_10_full_dsp_1_ip'...
INFO: [IP_Flow 19-1686] Generating 'Simulation' target for IP 'top_kernel_fadd_32ns_32ns_32_10_full_dsp_1_ip'...
INFO: Done generating top_kernel_fadd_32ns_32ns_32_10_full_dsp_1_ip via file impl/misc/top_kernel_fadd_32ns_32ns_32_10_full_dsp_1_ip.tcl
INFO: Generating top_kernel_faddfsub_32ns_32ns_32_10_full_dsp_1_ip via file impl/misc/top_kernel_faddfsub_32ns_32ns_32_10_full_dsp_1_ip.tcl
INFO: [IP_Flow 19-1686] Generating 'Synthesis' target for IP 'top_kernel_faddfsub_32ns_32ns_32_10_full_dsp_1_ip'...
INFO: [IP_Flow 19-1686] Generating 'Simulation' target for IP 'top_kernel_faddfsub_32ns_32ns_32_10_full_dsp_1_ip'...
INFO: Done generating top_kernel_faddfsub_32ns_32ns_32_10_full_dsp_1_ip via file impl/misc/top_kernel_faddfsub_32ns_32ns_32_10_full_dsp_1_ip.tcl
INFO: Generating top_kernel_fcmp_32ns_32ns_1_3_no_dsp_1_ip via file impl/misc/top_kernel_fcmp_32ns_32ns_1_3_no_dsp_1_ip.tcl
INFO: [IP_Flow 19-1686] Generating 'Synthesis' target for IP 'top_kernel_fcmp_32ns_32ns_1_3_no_dsp_1_ip'...
INFO: [IP_Flow 19-1686] Generating 'Simulation' target for IP 'top_kernel_fcmp_32ns_32ns_1_3_no_dsp_1_ip'...
INFO: Done generating top_kernel_fcmp_32ns_32ns_1_3_no_dsp_1_ip via file impl/misc/top_kernel_fcmp_32ns_32ns_1_3_no_dsp_1_ip.tcl
INFO: Generating top_kernel_fdiv_32ns_32ns_32_30_no_dsp_1_ip via file impl/misc/top_kernel_fdiv_32ns_32ns_32_30_no_dsp_1_ip.tcl
INFO: [IP_Flow 19-1686] Generating 'Synthesis' target for IP 'top_kernel_fdiv_32ns_32ns_32_30_no_dsp_1_ip'...
INFO: [IP_Flow 19-1686] Generating 'Simulation' target for IP 'top_kernel_fdiv_32ns_32ns_32_30_no_dsp_1_ip'...
INFO: Done generating top_kernel_fdiv_32ns_32ns_32_30_no_dsp_1_ip via file impl/misc/top_kernel_fdiv_32ns_32ns_32_30_no_dsp_1_ip.tcl
INFO: Generating top_kernel_fexp_32ns_32ns_32_22_full_dsp_1_ip via file impl/misc/top_kernel_fexp_32ns_32ns_32_22_full_dsp_1_ip.tcl
INFO: [IP_Flow 19-1686] Generating 'Synthesis' target for IP 'top_kernel_fexp_32ns_32ns_32_22_full_dsp_1_ip'...
INFO: [IP_Flow 19-1686] Generating 'Simulation' target for IP 'top_kernel_fexp_32ns_32ns_32_22_full_dsp_1_ip'...
INFO: Done generating top_kernel_fexp_32ns_32ns_32_22_full_dsp_1_ip via file impl/misc/top_kernel_fexp_32ns_32ns_32_22_full_dsp_1_ip.tcl
INFO: Generating top_kernel_fmul_32ns_32ns_32_7_max_dsp_1_ip via file impl/misc/top_kernel_fmul_32ns_32ns_32_7_max_dsp_1_ip.tcl
INFO: [IP_Flow 19-1686] Generating 'Synthesis' target for IP 'top_kernel_fmul_32ns_32ns_32_7_max_dsp_1_ip'...
INFO: [IP_Flow 19-1686] Generating 'Simulation' target for IP 'top_kernel_fmul_32ns_32ns_32_7_max_dsp_1_ip'...
INFO: Done generating top_kernel_fmul_32ns_32ns_32_7_max_dsp_1_ip via file impl/misc/top_kernel_fmul_32ns_32ns_32_7_max_dsp_1_ip.tcl
INFO: Generating top_kernel_fpext_32ns_64_2_no_dsp_1_ip via file impl/misc/top_kernel_fpext_32ns_64_2_no_dsp_1_ip.tcl
INFO: [IP_Flow 19-1686] Generating 'Synthesis' target for IP 'top_kernel_fpext_32ns_64_2_no_dsp_1_ip'...
INFO: [IP_Flow 19-1686] Generating 'Simulation' target for IP 'top_kernel_fpext_32ns_64_2_no_dsp_1_ip'...
INFO: Done generating top_kernel_fpext_32ns_64_2_no_dsp_1_ip via file impl/misc/top_kernel_fpext_32ns_64_2_no_dsp_1_ip.tcl
INFO: Generating top_kernel_fsub_32ns_32ns_32_10_full_dsp_1_ip via file impl/misc/top_kernel_fsub_32ns_32ns_32_10_full_dsp_1_ip.tcl
INFO: [IP_Flow 19-1686] Generating 'Synthesis' target for IP 'top_kernel_fsub_32ns_32ns_32_10_full_dsp_1_ip'...
INFO: [IP_Flow 19-1686] Generating 'Simulation' target for IP 'top_kernel_fsub_32ns_32ns_32_10_full_dsp_1_ip'...
INFO: Done generating top_kernel_fsub_32ns_32ns_32_10_full_dsp_1_ip via file impl/misc/top_kernel_fsub_32ns_32ns_32_10_full_dsp_1_ip.tcl
INFO: Generating top_kernel_sitofp_32ns_32_7_no_dsp_1_ip via file impl/misc/top_kernel_sitofp_32ns_32_7_no_dsp_1_ip.tcl
INFO: [IP_Flow 19-1686] Generating 'Synthesis' target for IP 'top_kernel_sitofp_32ns_32_7_no_dsp_1_ip'...
INFO: [IP_Flow 19-1686] Generating 'Simulation' target for IP 'top_kernel_sitofp_32ns_32_7_no_dsp_1_ip'...
INFO: Done generating top_kernel_sitofp_32ns_32_7_no_dsp_1_ip via file impl/misc/top_kernel_sitofp_32ns_32_7_no_dsp_1_ip.tcl
INFO: Found 1 unique subcore IP: xilinx.com:ip:floating_point:7.1
INFO: Copied 9 subcore files: /nethome/asandeep6/FPGA_ECE8893/2026_Spring/lab4/project_1/hls/impl/ip/hdl/ip/top_kernel_fadd_32ns_32ns_32_10_full_dsp_1_ip/top_kernel_fadd_32ns_32ns_32_10_full_dsp_1_ip.xci /nethome/asandeep6/FPGA_ECE8893/2026_Spring/lab4/project_1/hls/impl/ip/hdl/ip/top_kernel_faddfsub_32ns_32ns_32_10_full_dsp_1_ip/top_kernel_faddfsub_32ns_32ns_32_10_full_dsp_1_ip.xci /nethome/asandeep6/FPGA_ECE8893/2026_Spring/lab4/project_1/hls/impl/ip/hdl/ip/top_kernel_fcmp_32ns_32ns_1_3_no_dsp_1_ip/top_kernel_fcmp_32ns_32ns_1_3_no_dsp_1_ip.xci /nethome/asandeep6/FPGA_ECE8893/2026_Spring/lab4/project_1/hls/impl/ip/hdl/ip/top_kernel_fdiv_32ns_32ns_32_30_no_dsp_1_ip/top_kernel_fdiv_32ns_32ns_32_30_no_dsp_1_ip.xci /nethome/asandeep6/FPGA_ECE8893/2026_Spring/lab4/project_1/hls/impl/ip/hdl/ip/top_kernel_fexp_32ns_32ns_32_22_full_dsp_1_ip/top_kernel_fexp_32ns_32ns_32_22_full_dsp_1_ip.xci /nethome/asandeep6/FPGA_ECE8893/2026_Spring/lab4/project_1/hls/impl/ip/hdl/ip/top_kernel_fmul_32ns_32ns_32_7_max_dsp_1_ip/top_kernel_fmul_32ns_32ns_32_7_max_dsp_1_ip.xci /nethome/asandeep6/FPGA_ECE8893/2026_Spring/lab4/project_1/hls/impl/ip/hdl/ip/top_kernel_fpext_32ns_64_2_no_dsp_1_ip/top_kernel_fpext_32ns_64_2_no_dsp_1_ip.xci /nethome/asandeep6/FPGA_ECE8893/2026_Spring/lab4/project_1/hls/impl/ip/hdl/ip/top_kernel_fsub_32ns_32ns_32_10_full_dsp_1_ip/top_kernel_fsub_32ns_32ns_32_10_full_dsp_1_ip.xci /nethome/asandeep6/FPGA_ECE8893/2026_Spring/lab4/project_1/hls/impl/ip/hdl/ip/top_kernel_sitofp_32ns_32_7_no_dsp_1_ip/top_kernel_sitofp_32ns_32_7_no_dsp_1_ip.xci
INFO: Import ports from HDL: /nethome/asandeep6/FPGA_ECE8893/2026_Spring/lab4/project_1/hls/impl/ip/hdl/vhdl/top_kernel.vhd (top_kernel)
INFO: Add axi4lite interface s_axi_control
INFO: Add clock interface ap_clk
INFO: Add reset interface ap_rst_n
INFO: Add interrupt interface interrupt
INFO: [IP_Flow 19-234] Refreshing IP repositories
INFO: [IP_Flow 19-1704] No user IP repositories specified
INFO: [IP_Flow 19-2313] Loaded Vivado IP repository '/tools/software/xilinx/2025.1.1/data/ip'.
INFO: Add axi4full interface m_axi_gmem0
INFO: Add axi4full interface m_axi_gmem1
INFO: Add axi4full interface m_axi_gmem2
INFO: Add axi4full interface m_axi_gmem3
INFO: Calling post_process_vitis to specialize IP
INFO: Calling post_process_sysgen to specialize IP
Generating sysgen info xml from json file
INFO: Created IP /nethome/asandeep6/FPGA_ECE8893/2026_Spring/lab4/project_1/hls/impl/ip/component.xml
INFO: Created IP archive /nethome/asandeep6/FPGA_ECE8893/2026_Spring/lab4/project_1/hls/impl/ip/xilinx_com_hls_top_kernel_1_0.zip
INFO: [Common 17-206] Exiting Vivado at Fri Apr 10 03:55:21 2026...
INFO: [IMPL 213-8] Starting RTL evaluation using Vivado ...

****** Vivado v2025.1.1 (64-bit)
  **** SW Build 6233196 on Thu Sep 11 21:27:11 MDT 2025
  **** IP Build 6232796 on Fri Sep 12 01:46:16 MDT 2025
  **** SharedData Build 6233195 on Thu Sep 11 17:56:43 MDT 2025
  **** Start of session at: Fri Apr 10 03:55:45 2026
    ** Copyright 1986-2022 Xilinx, Inc. All Rights Reserved.
    ** Copyright 2022-2025 Advanced Micro Devices, Inc. All Rights Reserved.

source run_vivado.tcl
# source ./settings.tcl
## set top_module top_kernel
## set language verilog
## set family zynquplus
## set device xczu3eg
## set package -sbva484
## set speed -1-e
## set clock ap_clk
## set fsm_ext "off"
## set add_io_buffers false 
# source -notrace ./extraction.tcl
# set vivado_proj_name project
# set vivado_proj_dir .
# set target_device "${device}${package}${speed}"
# set target_clk_period_ns "4.000"
# set target_clk_freq_hz [expr {floor(1000 / $target_clk_period_ns) * 1000000}]
# set other_clks_freq_hz {}
# set ip_vlnv xilinx.com:hls:top_kernel:1.0
# set ip_repo_path ../ip
# set bd_design_name bd_0
# set bd_inst_name hls_inst
# set bd_props {}
# set has_synth true
# set synth_design_args {-directive sdx_optimization_effort_high}
# set synth_dcp ""
# set synth_props {}
# set has_impl 1
# set impl_props {}
# set has_subcore 1
# set report_options [dict create]
# dict set report_options report_level 2
# dict set report_options report_max_paths 10
# dict set report_options stdout_hls_reports 1
# dict set report_options stdout_vivado_reports 0
# dict set report_options hls_project project_1
# dict set report_options hls_solution hls
# dict set report_options has_synth $has_synth
# dict set report_options has_impl $has_impl
# dict set report_options vivado_reportbasename $top_module
# dict set report_options vivado_reportdir ./report
# dict set report_options hls_impl_dir ..
# dict set report_options hls_reportdir ../report/$language
# dict set report_options target_clk_period $target_clk_period_ns
# dict set report_options target_device $target_device
# dict set report_options language $language
# dict set report_options clock_name $clock
# dict set report_options error_if_impl_timing_fails false
# dict set report_options topmodule "top_kernel"
# dict set report_options funcmodules {top_kernel_entry_proc top_kernel_stage_rgb2eq_Pipeline_PASS1 top_kernel_stage_rgb2eq_Pipeline_BUILD_HIST top_kernel_stage_rgb2eq_Pipeline_VITIS_LOOP_99_2 top_kernel_stage_rgb2eq_Pipeline_PASS2 top_kernel_stage_rgb2eq top_kernel_stage_gaussian_Pipeline_READ_IN top_kernel_stage_gaussian_Pipeline_GAUSSIAN_OUT_VITIS_LOOP_144_1 top_kernel_stage_gaussian top_kernel_stage_bilateral_Pipeline_VITIS_LOOP_181_1 top_kernel_stage_bilateral_Pipeline_BILATERAL_OUT_VITIS_LOOP_200_4 top_kernel_stage_bilateral top_kernel_stage_morphology_Pipeline_READ_BILATERAL top_kernel_stage_morphology_Pipeline_EROSION_LOOP_VITIS_LOOP_265_1 top_kernel_stage_morphology_Pipeline_DILATION_LOOP_VITIS_LOOP_293_4 top_kernel_stage_morphology top_kernel_Loop_VITIS_LOOP_354_1_proc}
# dict set report_options bindmodules {top_kernel_fadd_32ns_32ns_32_10_full_dsp_1 top_kernel_fdiv_32ns_32ns_32_30_no_dsp_1 top_kernel_bitselect_1ns_54ns_6ns_1_1_1 top_kernel_sparsemux_7_2_16_1_1 top_kernel_sparsemux_7_2_1_1_1 top_kernel_flow_control_loop_pipe_sequential_init top_kernel_ctlz_16_16_1_1 top_kernel_sparsemux_513_8_32_1_1 top_kernel_sparsemux_511_8_32_1_1 top_kernel_fcmp_32ns_32ns_1_3_no_dsp_1 top_kernel_faddfsub_32ns_32ns_32_10_full_dsp_1 top_kernel_sitofp_32ns_32_7_no_dsp_1 top_kernel_fpext_32ns_64_2_no_dsp_1 top_kernel_fmul_32ns_32ns_32_7_max_dsp_1 top_kernel_stage_rgb2eq_intensity_buf_RAM_AUTO_1R1W top_kernel_mul_6ns_8ns_13_1_1 top_kernel_urem_6ns_4ns_3_10_1 top_kernel_mac_muladd_4ns_4ns_4ns_8_4_1 top_kernel_mul_64ns_66ns_129_5_1 top_kernel_sparsemux_11_3_16_1_1 top_kernel_urem_7ns_4ns_3_11_1 top_kernel_mul_7ns_9ns_15_1_1 top_kernel_mul_5ns_5ns_8_1_1 top_kernel_mul_8s_5ns_8_1_1 top_kernel_mul_18s_10ns_28_1_1 top_kernel_mul_18s_11ns_29_1_1 top_kernel_mul_18s_12ns_30_1_1 top_kernel_mul_18s_13ns_31_1_1 top_kernel_mul_18s_14ns_32_1_1 top_kernel_stage_gaussian_grid_RAM_2P_BRAM_1R1W top_kernel_urem_6ns_3ns_2_10_1 top_kernel_mac_muladd_5ns_5ns_5ns_9_4_1 top_kernel_fsub_32ns_32ns_32_10_full_dsp_1 top_kernel_fexp_32ns_32ns_32_22_full_dsp_1 top_kernel_sparsemux_7_2_16_1_1_x top_kernel_urem_7ns_3ns_2_11_1 top_kernel_mul_6ns_6ns_9_1_1 top_kernel_mul_9s_6ns_9_1_1 top_kernel_sparsemux_7_2_20_1_1 top_kernel_mul_20s_18s_38_2_1 top_kernel_sdiv_35ns_21ns_35_39_1 top_kernel_stage_bilateral_grid_RAM_2P_BRAM_1R1W top_kernel_flow_control_loop_pipe top_kernel_fifo_w64_d6_S top_kernel_fifo_w16_d128_A top_kernel_start_for_Loop_VITIS_LOOP_354_1_proc_U0 top_kernel_start_for_stage_gaussian_U0 top_kernel_start_for_stage_bilateral_U0 top_kernel_start_for_stage_morphology_U0 top_kernel_gmem0_m_axi top_kernel_gmem1_m_axi top_kernel_gmem2_m_axi top_kernel_gmem3_m_axi top_kernel_control_s_axi}
# dict set report_options max_module_depth 7
# create_project $vivado_proj_name $vivado_proj_dir -part $target_device -force
# set_property target_language $language [current_project]
# if { ![file exists $ip_repo_path] } {
#   error "Cannot find packaged HLS IP"
# }
# set_property ip_repo_paths [file normalize $ip_repo_path] [current_project]
# update_ip_catalog
INFO: [IP_Flow 19-234] Refreshing IP repositories
INFO: [IP_Flow 19-1700] Loaded user IP repository '/nethome/asandeep6/FPGA_ECE8893/2026_Spring/lab4/project_1/hls/impl/ip'.
INFO: [IP_Flow 19-2313] Loaded Vivado IP repository '/tools/software/xilinx/2025.1.1/data/ip'.
# create_bd_design bd_0
Wrote  : </nethome/asandeep6/FPGA_ECE8893/2026_Spring/lab4/project_1/hls/impl/verilog/project.srcs/sources_1/bd/bd_0/bd_0.bd> 
# set cell_inst [create_bd_cell -type ip -vlnv $ip_vlnv $bd_inst_name]
# if { [llength $bd_props] } { 
#   set_property -dict $bd_props $cell_inst 
# }
# make_bd_pins_external $cell_inst
# make_bd_intf_pins_external $cell_inst
# set bd_clk_ports [get_bd_ports -filter {TYPE==clk}]
# if { $target_clk_freq_hz ne "" } { 
#   foreach bd_clk_port $bd_clk_ports {
#     # Remove "_0" suffix from BD ports & interfaces so they match IP ports 
#     set clk_name [regsub {_0$} [get_property name $bd_clk_port] {}]
#     set port_freq_hz $target_clk_freq_hz
#     if { [dict exists $other_clks_freq_hz $clk_name] } {
#         set port_freq_hz [dict get $other_clks_freq_hz $clk_name]
#     }
#     set_property CONFIG.FREQ_HZ $port_freq_hz $bd_clk_port
#   }
# }
# foreach bd_port [get_bd_intf_ports] {
#   set_property name [regsub {_0$} [get_property name $bd_port] {}] $bd_port
# }
# foreach bd_port [get_bd_ports -filter {INTF!=TRUE}] {
#   set_property name [regsub {_0$} [get_property name $bd_port] {}] $bd_port
# }
# set s_axi_addr_width_min 32
# foreach bd_port [get_bd_intf_ports -filter {MODE == "Slave" && VLNV =~ "xilinx.com:interface:aximm_rtl:*"}] {
#   set bd_port_addr_width [get_property CONFIG.ADDR_WIDTH $bd_port]
#   if { $bd_port_addr_width < $s_axi_addr_width_min } {
#     puts "INFO: Updating $bd_port CONFIG.ADDR_WIDTH to $s_axi_addr_width_min"
#     set_property CONFIG.ADDR_WIDTH $s_axi_addr_width_min $bd_port
#   }
# }
INFO: Updating /s_axi_control CONFIG.ADDR_WIDTH to 32
# set_msg_config -id {[BD 41-1265]} -severity {CRITICAL WARNING} -new_severity {INFO}
# assign_bd_address
INFO: [BD 41-3093] Triggering Legacy Auto Assign Algorithm
Slave segment '/hls_inst/s_axi_control/Reg' is being assigned into address space '/s_axi_control' at <0x0000_0000 [ 64K ]>.
Slave segment '/m_axi_gmem0/Reg' is being assigned into address space '/hls_inst/Data_m_axi_gmem0' at <0x44A0_0000 [ 64K ]>.
Slave segment '/m_axi_gmem1/Reg' is being assigned into address space '/hls_inst/Data_m_axi_gmem1' at <0x44A0_0000 [ 64K ]>.
Slave segment '/m_axi_gmem2/Reg' is being assigned into address space '/hls_inst/Data_m_axi_gmem2' at <0x44A0_0000 [ 64K ]>.
Slave segment '/m_axi_gmem3/Reg' is being assigned into address space '/hls_inst/Data_m_axi_gmem3' at <0x44A0_0000 [ 64K ]>.
Wrote  : </nethome/asandeep6/FPGA_ECE8893/2026_Spring/lab4/project_1/hls/impl/verilog/project.srcs/sources_1/bd/bd_0/bd_0.bd> 
Verilog Output written to : /nethome/asandeep6/FPGA_ECE8893/2026_Spring/lab4/project_1/hls/impl/verilog/project.gen/sources_1/bd/bd_0/synth/bd_0.v
Verilog Output written to : /nethome/asandeep6/FPGA_ECE8893/2026_Spring/lab4/project_1/hls/impl/verilog/project.gen/sources_1/bd/bd_0/sim/bd_0.v
Verilog Output written to : /nethome/asandeep6/FPGA_ECE8893/2026_Spring/lab4/project_1/hls/impl/verilog/project.gen/sources_1/bd/bd_0/hdl/bd_0_wrapper.v
# set toprtl [make_wrapper -files [get_files ${bd_design_name}.bd] -top]
# add_files -norecurse $toprtl
# set top_inst_name [file root [file tail $toprtl]]
# puts "Using BD top: $top_inst_name"
Using BD top: bd_0_wrapper
# set xdc_files [glob -nocomplain ./*.xdc]
# if { [llength $xdc_files] } {
#     add_files -fileset constrs_1 -norecurse $xdc_files
# }
# launch_runs synth_1 -scripts_only
INFO: [BD 41-1662] The design 'bd_0.bd' is already validated. Therefore parameter propagation will not be re-run.
Verilog Output written to : /nethome/asandeep6/FPGA_ECE8893/2026_Spring/lab4/project_1/hls/impl/verilog/project.gen/sources_1/bd/bd_0/synth/bd_0.v
Verilog Output written to : /nethome/asandeep6/FPGA_ECE8893/2026_Spring/lab4/project_1/hls/impl/verilog/project.gen/sources_1/bd/bd_0/sim/bd_0.v
Verilog Output written to : /nethome/asandeep6/FPGA_ECE8893/2026_Spring/lab4/project_1/hls/impl/verilog/project.gen/sources_1/bd/bd_0/hdl/bd_0_wrapper.v
INFO: [BD 41-1029] Generation completed for the IP Integrator block hls_inst .
Exporting to file /nethome/asandeep6/FPGA_ECE8893/2026_Spring/lab4/project_1/hls/impl/verilog/project.gen/sources_1/bd/bd_0/hw_handoff/bd_0.hwh
Generated Hardware Definition File /nethome/asandeep6/FPGA_ECE8893/2026_Spring/lab4/project_1/hls/impl/verilog/project.gen/sources_1/bd/bd_0/synth/bd_0.hwdef
WARNING: [Vivado 12-7122] Auto Incremental Compile:: No reference checkpoint was found in run synth_1. Auto-incremental flow will not be run, the standard flow will be run instead.
launch_runs: Time (s): cpu = 00:00:12 ; elapsed = 00:00:13 . Memory (MB): peak = 2080.371 ; gain = 69.707 ; free physical = 327880 ; free virtual = 425489
# foreach run [get_runs -filter {IS_SYNTHESIS == 1}] {
#   reset_run [get_runs $run]
# }
# set_property XPM_LIBRARIES {XPM_MEMORY XPM_FIFO} [current_project]
# hls_vivado_reports_setup $report_options
TIMESTAMP: HLS-REPORT: initialize report directories: 2026-04-10 03:56:11 EDT
# if { $has_subcore } { report_ip_status }
Copyright 1986-2022 Xilinx, Inc. All Rights Reserved. Copyright 2022-2025 Advanced Micro Devices, Inc. All Rights Reserved.
---------------------------------------------------------------------------------------------------------------------------------------------
| Tool Version : Vivado v.2025.1.1 (lin64) Build 6233196 Thu Sep 11 21:27:11 MDT 2025
| Date         : Fri Apr 10 03:56:11 2026
| Host         : ece-linlabsrv01 running 64-bit Red Hat Enterprise Linux release 8.10 (Ootpa)
| Command      : report_ip_status
---------------------------------------------------------------------------------------------------------------------------------------------

IP Status Summary

1. Project IP Status
--------------------
Your project uses 10 IP. Some of these IP may have undergone changes in this release of the software. Please review the recommended actions.

More information on the Xilinx versioning policy is available at www.xilinx.com.

Project IP Instances
+---------------------------------------------------+------------+---------------------+-----------+--------------------+---------+-----------------------+------------+----------------------+
| Instance Name                                     | Status     | Recommendation      | Change    | IP Name            | IP      | New Version           | New        | Original Part        |
|                                                   |            |                     | Log       |                    | Version |                       | License    |                      |
+---------------------------------------------------+------------+---------------------+-----------+--------------------+---------+-----------------------+------------+----------------------+
| bd_0_hls_inst_0                                   | Up-to-date | No changes required | Change    | Top_kernel         | 1.0     | 1.0 (Rev. 2114558934) | Included   | xczu3eg-sbva484-1-e  |
|                                                   |            |                     | Log not   |                    | (Rev.   |                       |            |                      |
|                                                   |            |                     | available |                    | 2114558 |                       |            |                      |
+---------------------------------------------------+------------+---------------------+-----------+--------------------+---------+-----------------------+------------+----------------------+
| top_kernel_fadd_32ns_32ns_32_10_full_dsp_1_ip     | Up-to-date | No changes required |  *(1)     | Floating-point     | 7.1     | 7.1 (Rev. 20)         | Included   | xczu3eg-sbva484-1-e  |
|                                                   |            |                     |           |                    | (Rev.   |                       |            |                      |
|                                                   |            |                     |           |                    | 20)     |                       |            |                      |
+---------------------------------------------------+------------+---------------------+-----------+--------------------+---------+-----------------------+------------+----------------------+
| top_kernel_faddfsub_32ns_32ns_32_10_full_dsp_1_ip | Up-to-date | No changes required |  *(2)     | Floating-point     | 7.1     | 7.1 (Rev. 20)         | Included   | xczu3eg-sbva484-1-e  |
|                                                   |            |                     |           |                    | (Rev.   |                       |            |                      |
|                                                   |            |                     |           |                    | 20)     |                       |            |                      |
+---------------------------------------------------+------------+---------------------+-----------+--------------------+---------+-----------------------+------------+----------------------+
| top_kernel_fcmp_32ns_32ns_1_3_no_dsp_1_ip         | Up-to-date | No changes required |  *(3)     | Floating-point     | 7.1     | 7.1 (Rev. 20)         | Included   | xczu3eg-sbva484-1-e  |
|                                                   |            |                     |           |                    | (Rev.   |                       |            |                      |
|                                                   |            |                     |           |                    | 20)     |                       |            |                      |
+---------------------------------------------------+------------+---------------------+-----------+--------------------+---------+-----------------------+------------+----------------------+
| top_kernel_fdiv_32ns_32ns_32_30_no_dsp_1_ip       | Up-to-date | No changes required |  *(4)     | Floating-point     | 7.1     | 7.1 (Rev. 20)         | Included   | xczu3eg-sbva484-1-e  |
|                                                   |            |                     |           |                    | (Rev.   |                       |            |                      |
|                                                   |            |                     |           |                    | 20)     |                       |            |                      |
+---------------------------------------------------+------------+---------------------+-----------+--------------------+---------+-----------------------+------------+----------------------+
| top_kernel_fexp_32ns_32ns_32_22_full_dsp_1_ip     | Up-to-date | No changes required |  *(5)     | Floating-point     | 7.1     | 7.1 (Rev. 20)         | Included   | xczu3eg-sbva484-1-e  |
|                                                   |            |                     |           |                    | (Rev.   |                       |            |                      |
|                                                   |            |                     |           |                    | 20)     |                       |            |                      |
+---------------------------------------------------+------------+---------------------+-----------+--------------------+---------+-----------------------+------------+----------------------+
| top_kernel_fmul_32ns_32ns_32_7_max_dsp_1_ip       | Up-to-date | No changes required |  *(6)     | Floating-point     | 7.1     | 7.1 (Rev. 20)         | Included   | xczu3eg-sbva484-1-e  |
|                                                   |            |                     |           |                    | (Rev.   |                       |            |                      |
|                                                   |            |                     |           |                    | 20)     |                       |            |                      |
+---------------------------------------------------+------------+---------------------+-----------+--------------------+---------+-----------------------+------------+----------------------+
| top_kernel_fpext_32ns_64_2_no_dsp_1_ip            | Up-to-date | No changes required |  *(7)     | Floating-point     | 7.1     | 7.1 (Rev. 20)         | Included   | xczu3eg-sbva484-1-e  |
|                                                   |            |                     |           |                    | (Rev.   |                       |            |                      |
|                                                   |            |                     |           |                    | 20)     |                       |            |                      |
+---------------------------------------------------+------------+---------------------+-----------+--------------------+---------+-----------------------+------------+----------------------+
| top_kernel_fsub_32ns_32ns_32_10_full_dsp_1_ip     | Up-to-date | No changes required |  *(8)     | Floating-point     | 7.1     | 7.1 (Rev. 20)         | Included   | xczu3eg-sbva484-1-e  |
|                                                   |            |                     |           |                    | (Rev.   |                       |            |                      |
|                                                   |            |                     |           |                    | 20)     |                       |            |                      |
+---------------------------------------------------+------------+---------------------+-----------+--------------------+---------+-----------------------+------------+----------------------+
| top_kernel_sitofp_32ns_32_7_no_dsp_1_ip           | Up-to-date | No changes required |  *(9)     | Floating-point     | 7.1     | 7.1 (Rev. 20)         | Included   | xczu3eg-sbva484-1-e  |
|                                                   |            |                     |           |                    | (Rev.   |                       |            |                      |
|                                                   |            |                     |           |                    | 20)     |                       |            |                      |
+---------------------------------------------------+------------+---------------------+-----------+--------------------+---------+-----------------------+------------+----------------------+
*(1) /tools/software/xilinx/2025.1.1/data/ip/xilinx/floating_point_v7_1/doc/floating_point_v7_1_changelog.txt
*(2) /tools/software/xilinx/2025.1.1/data/ip/xilinx/floating_point_v7_1/doc/floating_point_v7_1_changelog.txt
*(3) /tools/software/xilinx/2025.1.1/data/ip/xilinx/floating_point_v7_1/doc/floating_point_v7_1_changelog.txt
*(4) /tools/software/xilinx/2025.1.1/data/ip/xilinx/floating_point_v7_1/doc/floating_point_v7_1_changelog.txt
*(5) /tools/software/xilinx/2025.1.1/data/ip/xilinx/floating_point_v7_1/doc/floating_point_v7_1_changelog.txt
*(6) /tools/software/xilinx/2025.1.1/data/ip/xilinx/floating_point_v7_1/doc/floating_point_v7_1_changelog.txt
*(7) /tools/software/xilinx/2025.1.1/data/ip/xilinx/floating_point_v7_1/doc/floating_point_v7_1_changelog.txt
*(8) /tools/software/xilinx/2025.1.1/data/ip/xilinx/floating_point_v7_1/doc/floating_point_v7_1_changelog.txt
*(9) /tools/software/xilinx/2025.1.1/data/ip/xilinx/floating_point_v7_1/doc/floating_point_v7_1_changelog.txt


# if { $has_synth || $has_impl } {
#   # synth properties setting
#   set_property -name {STEPS.SYNTH_DESIGN.ARGS.MORE OPTIONS} -value {-mode out_of_context} -objects [get_runs synth_1]
#   set ip_inst [get_ips -quiet ${bd_design_name}*${bd_inst_name}*]
#   if { ![llength $ip_inst] } {
#       error "Cannot find HLS IP instance: ${bd_design_name}*${bd_inst_name}*"
#   }
#   set synth_run [get_runs -filter {IS_SYNTHESIS == 1} ${ip_inst}*]
#   if { ![llength $synth_run] } {
#       error "Cannot find synth run for HLS IP: ${ip_inst}*"
#   }
# 
#   if { [llength $synth_design_args] } {
#       set_property -name {STEPS.SYNTH_DESIGN.ARGS.MORE OPTIONS} -value $synth_design_args -objects $synth_run
#   }
# 
#   if { [llength $synth_props] } {
#     set_property -dict $synth_props $synth_run
#   }
# 
#   # launch run synth
#   launch_runs synth_1
#   wait_on_run synth_1
#   # synth reports
#   hls_vivado_reports_synth synth_1 $report_options
#   if { $synth_dcp ne "" } {
#     file mkdir [file dirname $synth_dcp]
#     set run_dcp [glob -nocomplain [get_property DIRECTORY $synth_run]/*.dcp]
#     if { [llength $run_dcp] != 1 } { error "Cannot find single dcp file for run $synth_run" }
#     file copy -force $run_dcp $synth_dcp
#   }
# }
WARNING: [Vivado 12-7122] Auto Incremental Compile:: No reference checkpoint was found in run synth_1. Auto-incremental flow will not be run, the standard flow will be run instead.
[Fri Apr 10 03:56:12 2026] Launched bd_0_hls_inst_0_synth_1...
Run output will be captured here: /nethome/asandeep6/FPGA_ECE8893/2026_Spring/lab4/project_1/hls/impl/verilog/project.runs/bd_0_hls_inst_0_synth_1/runme.log
[Fri Apr 10 03:56:12 2026] Launched synth_1...
Run output will be captured here: /nethome/asandeep6/FPGA_ECE8893/2026_Spring/lab4/project_1/hls/impl/verilog/project.runs/synth_1/runme.log
[Fri Apr 10 03:56:12 2026] Waiting for synth_1 to finish...
