  **** HLS Build v2025.1.1 6214317
Sourcing Tcl script '/nethome/asandeep6/FPGA_ECE8893/2026_Spring/lab4/script.tcl'
INFO: [HLS 200-1510] Running: open_component project_1 
INFO: [HLS 200-10] Creating and opening component '/nethome/asandeep6/FPGA_ECE8893/2026_Spring/lab4/project_1'.
INFO: [SYN 201-201] Setting up clock 'default' with a period of 2.5ns.
INFO: [HLS 200-1611] Setting target device to 'xczu3eg-sbva484-1-e'
INFO: [HLS 200-1505] Using flow_target 'vivado'
Resolution: For help on HLS 200-1505 see docs.xilinx.com/access/sources/dita/topic?Doc_Version=2025.1%20English&url=ug1448-hls-guidance&resourceid=200-1505.html
INFO: [HLS 200-1464] Running solution command: config_unroll -tripcount_threshold=0
INFO: [XFORM 203-502] Automatic unrolling disabled.
INFO: [HLS 200-1464] Running solution command: config_compile -pipeline_loops=0
INFO: [HLS 200-2174] Applying component config ini file /nethome/asandeep6/FPGA_ECE8893/2026_Spring/lab4/project_1/hls_config.cfg
INFO: [HLS 200-1465] Applying config ini 'syn.file=../top.cpp' from /nethome/asandeep6/FPGA_ECE8893/2026_Spring/lab4/project_1/hls_config.cfg(6)
INFO: [HLS 200-10] Adding design file 'top.cpp' to the project
INFO: [HLS 200-1465] Applying config ini 'tb.file=../host.cpp' from /nethome/asandeep6/FPGA_ECE8893/2026_Spring/lab4/project_1/hls_config.cfg(8)
INFO: [HLS 200-10] Adding test bench file 'host.cpp' to the project
INFO: [HLS 200-1465] Applying config ini 'syn.top=top_kernel' from /nethome/asandeep6/FPGA_ECE8893/2026_Spring/lab4/project_1/hls_config.cfg(7)
INFO: [HLS 200-1465] Applying config ini 'flow_target=vivado' from /nethome/asandeep6/FPGA_ECE8893/2026_Spring/lab4/project_1/hls_config.cfg(5)
INFO: [HLS 200-1505] Using flow_target 'vivado'
Resolution: For help on HLS 200-1505 see docs.xilinx.com/access/sources/dita/topic?Doc_Version=2025.1%20English&url=ug1448-hls-guidance&resourceid=200-1505.html
INFO: [HLS 200-1464] Running solution command: config_unroll -tripcount_threshold=0
INFO: [XFORM 203-502] Automatic unrolling disabled.
INFO: [HLS 200-1464] Running solution command: config_compile -pipeline_loops=0
INFO: [HLS 200-1464] Running solution command: config_compile -complex-mul-dsp=0
INFO: [HLS 200-1465] Applying config ini 'part=xczu3eg-sbva484-1-e' from /nethome/asandeep6/FPGA_ECE8893/2026_Spring/lab4/project_1/hls_config.cfg(1)
INFO: [HLS 200-1465] Applying config ini 'clock=2.5ns' from /nethome/asandeep6/FPGA_ECE8893/2026_Spring/lab4/project_1/hls_config.cfg(4)
INFO: [SYN 201-201] Setting up clock 'default' with a period of 2.5ns.
INFO: [HLS 200-1465] Applying config ini 'syn.compile.pipeline_loops=0' from /nethome/asandeep6/FPGA_ECE8893/2026_Spring/lab4/project_1/hls_config.cfg(9)
INFO: [HLS 200-1465] Applying config ini 'syn.unroll.tripcount_threshold=0' from /nethome/asandeep6/FPGA_ECE8893/2026_Spring/lab4/project_1/hls_config.cfg(10)
INFO: [XFORM 203-502] Automatic unrolling disabled.
INFO: [HLS 200-2176] Writing Vitis IDE component file /nethome/asandeep6/FPGA_ECE8893/2026_Spring/lab4/project_1/vitis-comp.json
INFO: [HLS 200-1915] Writing HLS config ini file /nethome/asandeep6/FPGA_ECE8893/2026_Spring/lab4/project_1/hls_config.cfg
INFO: [HLS 200-1510] Running: set_top top_kernel 
INFO: [HLS 200-1510] Running: add_files top.cpp 
INFO: [HLS 200-10] Adding design file 'top.cpp' to the project
INFO: [HLS 200-1510] Running: add_files top.cpp 
INFO: [HLS 200-10] Adding design file 'top.cpp' to the project
INFO: [HLS 200-1510] Running: add_files -tb host.cpp 
INFO: [HLS 200-10] Adding test bench file 'host.cpp' to the project
INFO: [HLS 200-1510] Running: config_unroll -tripcount_threshold 0 
INFO: [XFORM 203-502] Automatic unrolling disabled.
INFO: [HLS 200-1510] Running: config_compile -pipeline_loops 0 
INFO: [HLS 200-1510] Running: set_part xczu3eg-sbva484-1-e 
INFO: [HLS 200-1510] Running: create_clock -period 4 -name default 
INFO: [SYN 201-201] Setting up clock 'default' with a period of 4ns.
INFO: [HLS 200-1510] Running: csynth_design 
INFO: [HLS 200-1915] Writing HLS config ini file /nethome/asandeep6/FPGA_ECE8893/2026_Spring/lab4/project_1/hls_config.cfg
INFO: [HLS 200-111] Finished File checks and directory preparation: CPU user time: 0.23 seconds. CPU system time: 0.12 seconds. Elapsed time: 7.89 seconds; current allocated memory: 806.355 MB.
INFO: [HLS 200-10] Analyzing design file 'top.cpp' ... 
INFO: [HLS 200-111] Finished Source Code Analysis and Preprocessing: CPU user time: 2.78 seconds. CPU system time: 1.02 seconds. Elapsed time: 3.95 seconds; current allocated memory: 808.156 MB.
INFO: [HLS 200-777] Using interface defaults for 'Vivado' flow target.
INFO: [HLS 200-1995] There were 36,750 instructions in the design after the 'Compile/Link' phase of compilation. See the Design Size Report for more details (/nethome/asandeep6/FPGA_ECE8893/2026_Spring/lab4/project_1/hls/syn/report/csynth_design_size.rpt:2)
INFO: [HLS 200-1995] There were 4,347 instructions in the design after the 'Unroll/Inline (step 1)' phase of compilation. See the Design Size Report for more details (/nethome/asandeep6/FPGA_ECE8893/2026_Spring/lab4/project_1/hls/syn/report/csynth_design_size.rpt:2)
INFO: [HLS 200-1995] There were 1,351 instructions in the design after the 'Unroll/Inline (step 2)' phase of compilation. See the Design Size Report for more details (/nethome/asandeep6/FPGA_ECE8893/2026_Spring/lab4/project_1/hls/syn/report/csynth_design_size.rpt:2)
INFO: [HLS 200-1995] There were 1,269 instructions in the design after the 'Unroll/Inline (step 3)' phase of compilation. See the Design Size Report for more details (/nethome/asandeep6/FPGA_ECE8893/2026_Spring/lab4/project_1/hls/syn/report/csynth_design_size.rpt:2)
INFO: [HLS 200-1995] There were 1,217 instructions in the design after the 'Unroll/Inline (step 4)' phase of compilation. See the Design Size Report for more details (/nethome/asandeep6/FPGA_ECE8893/2026_Spring/lab4/project_1/hls/syn/report/csynth_design_size.rpt:2)
INFO: [HLS 200-1995] There were 4,545 instructions in the design after the 'Array/Struct (step 1)' phase of compilation. See the Design Size Report for more details (/nethome/asandeep6/FPGA_ECE8893/2026_Spring/lab4/project_1/hls/syn/report/csynth_design_size.rpt:2)
INFO: [HLS 200-1995] There were 4,543 instructions in the design after the 'Array/Struct (step 2)' phase of compilation. See the Design Size Report for more details (/nethome/asandeep6/FPGA_ECE8893/2026_Spring/lab4/project_1/hls/syn/report/csynth_design_size.rpt:2)
INFO: [HLS 200-1995] There were 4,543 instructions in the design after the 'Array/Struct (step 3)' phase of compilation. See the Design Size Report for more details (/nethome/asandeep6/FPGA_ECE8893/2026_Spring/lab4/project_1/hls/syn/report/csynth_design_size.rpt:2)
INFO: [HLS 200-1995] There were 4,543 instructions in the design after the 'Array/Struct (step 4)' phase of compilation. See the Design Size Report for more details (/nethome/asandeep6/FPGA_ECE8893/2026_Spring/lab4/project_1/hls/syn/report/csynth_design_size.rpt:2)
INFO: [HLS 200-1995] There were 4,553 instructions in the design after the 'Array/Struct (step 5)' phase of compilation. See the Design Size Report for more details (/nethome/asandeep6/FPGA_ECE8893/2026_Spring/lab4/project_1/hls/syn/report/csynth_design_size.rpt:2)
INFO: [HLS 200-1995] There were 5,059 instructions in the design after the 'Performance' phase of compilation. See the Design Size Report for more details (/nethome/asandeep6/FPGA_ECE8893/2026_Spring/lab4/project_1/hls/syn/report/csynth_design_size.rpt:2)
INFO: [HLS 200-1995] There were 4,547 instructions in the design after the 'Performance (step 2)' phase of compilation. See the Design Size Report for more details (/nethome/asandeep6/FPGA_ECE8893/2026_Spring/lab4/project_1/hls/syn/report/csynth_design_size.rpt:2)
INFO: [HLS 200-1995] There were 5,805 instructions in the design after the 'Performance (step 3)' phase of compilation. See the Design Size Report for more details (/nethome/asandeep6/FPGA_ECE8893/2026_Spring/lab4/project_1/hls/syn/report/csynth_design_size.rpt:2)
INFO: [HLS 200-1995] There were 5,038 instructions in the design after the 'Performance (step 4)' phase of compilation. See the Design Size Report for more details (/nethome/asandeep6/FPGA_ECE8893/2026_Spring/lab4/project_1/hls/syn/report/csynth_design_size.rpt:2)
INFO: [HLS 200-1995] There were 5,045 instructions in the design after the 'HW Transforms' phase of compilation. See the Design Size Report for more details (/nethome/asandeep6/FPGA_ECE8893/2026_Spring/lab4/project_1/hls/syn/report/csynth_design_size.rpt:2)
INFO: [HLS 200-1995] There were 5,671 instructions in the design after the 'HW Transforms (step 2)' phase of compilation. See the Design Size Report for more details (/nethome/asandeep6/FPGA_ECE8893/2026_Spring/lab4/project_1/hls/syn/report/csynth_design_size.rpt:2)
INFO: [HLS 214-291] Loop 'VITIS_LOOP_226_33' is marked as complete unroll implied by the pipeline pragma (top.cpp:226:32)
INFO: [HLS 214-291] Loop 'VITIS_LOOP_227_34' is marked as complete unroll implied by the pipeline pragma (top.cpp:227:36)
INFO: [HLS 214-291] Loop 'VITIS_LOOP_198_27' is marked as complete unroll implied by the pipeline pragma (top.cpp:198:32)
INFO: [HLS 214-291] Loop 'VITIS_LOOP_199_28' is marked as complete unroll implied by the pipeline pragma (top.cpp:199:36)
INFO: [HLS 214-291] Loop 'VITIS_LOOP_162_21' is marked as complete unroll implied by the pipeline pragma (top.cpp:162:32)
INFO: [HLS 214-291] Loop 'VITIS_LOOP_163_22' is marked as complete unroll implied by the pipeline pragma (top.cpp:163:36)
INFO: [HLS 214-291] Loop 'VITIS_LOOP_119_12' is marked as complete unroll implied by the pipeline pragma (top.cpp:119:32)
INFO: [HLS 214-291] Loop 'VITIS_LOOP_120_13' is marked as complete unroll implied by the pipeline pragma (top.cpp:120:36)
INFO: [HLS 214-186] Unrolling loop 'VITIS_LOOP_226_33' (top.cpp:226:32) in function 'top_kernel' completely with a factor of 3 (top.cpp:5:0)
INFO: [HLS 214-186] Unrolling loop 'VITIS_LOOP_227_34' (top.cpp:227:36) in function 'top_kernel' completely with a factor of 3 (top.cpp:5:0)
INFO: [HLS 214-186] Unrolling loop 'VITIS_LOOP_198_27' (top.cpp:198:32) in function 'top_kernel' completely with a factor of 3 (top.cpp:5:0)
INFO: [HLS 214-186] Unrolling loop 'VITIS_LOOP_199_28' (top.cpp:199:36) in function 'top_kernel' completely with a factor of 3 (top.cpp:5:0)
INFO: [HLS 214-188] Unrolling loop 'VITIS_LOOP_155_20' (top.cpp:155:21) in function 'top_kernel' partially with a factor of 4 (top.cpp:5:0)
INFO: [HLS 214-186] Unrolling loop 'VITIS_LOOP_162_21' (top.cpp:162:32) in function 'top_kernel' completely with a factor of 3 (top.cpp:5:0)
INFO: [HLS 214-186] Unrolling loop 'VITIS_LOOP_163_22' (top.cpp:163:36) in function 'top_kernel' completely with a factor of 3 (top.cpp:5:0)
INFO: [HLS 214-188] Unrolling loop 'VITIS_LOOP_115_11' (top.cpp:115:21) in function 'top_kernel' partially with a factor of 4 (top.cpp:5:0)
INFO: [HLS 214-186] Unrolling loop 'VITIS_LOOP_119_12' (top.cpp:119:32) in function 'top_kernel' completely with a factor of 5 (top.cpp:5:0)
INFO: [HLS 214-186] Unrolling loop 'VITIS_LOOP_120_13' (top.cpp:120:36) in function 'top_kernel' completely with a factor of 5 (top.cpp:5:0)
INFO: [HLS 214-178] Inlining function 'fp_struct<float>::fp_struct(float)' into 'int generic_cast_IEEE754<int, (ap_q_mode)6, float>(float, bool, hls::enable_if<std::numeric_limits<int>::is_signed, bool>::type)' (/wrk/ci/prod/2025.1.1/hls_product/continuous/218/2025.1.1/src/shared/hls/clib/hlsmath/include/FloatingPoint/hls_case_IEEE754.h:12:0)
INFO: [HLS 214-178] Inlining function 'fp_struct<float>::mantissa() const' into 'int generic_cast_IEEE754<int, (ap_q_mode)6, float>(float, bool, hls::enable_if<std::numeric_limits<int>::is_signed, bool>::type)' (/wrk/ci/prod/2025.1.1/hls_product/continuous/218/2025.1.1/src/shared/hls/clib/hlsmath/include/FloatingPoint/hls_case_IEEE754.h:12:0)
INFO: [HLS 214-178] Inlining function 'fp_struct<float>::expv() const' into 'int generic_cast_IEEE754<int, (ap_q_mode)6, float>(float, bool, hls::enable_if<std::numeric_limits<int>::is_signed, bool>::type)' (/wrk/ci/prod/2025.1.1/hls_product/continuous/218/2025.1.1/src/shared/hls/clib/hlsmath/include/FloatingPoint/hls_case_IEEE754.h:12:0)
INFO: [HLS 214-178] Inlining function 'fp_struct<float>::__signbit() const' into 'int generic_cast_IEEE754<int, (ap_q_mode)6, float>(float, bool, hls::enable_if<std::numeric_limits<int>::is_signed, bool>::type)' (/wrk/ci/prod/2025.1.1/hls_product/continuous/218/2025.1.1/src/shared/hls/clib/hlsmath/include/FloatingPoint/hls_case_IEEE754.h:12:0)
INFO: [HLS 214-178] Inlining function 'int generic_cast_IEEE754<int, (ap_q_mode)6, float>(float, bool, hls::enable_if<std::numeric_limits<int>::is_signed, bool>::type)' into 'int generic_cast_IEEE754<int, float>(float, bool)' (/wrk/ci/prod/2025.1.1/hls_product/continuous/218/2025.1.1/src/shared/hls/clib/hlsmath/include/FloatingPoint/hls_case_IEEE754.h:116:0)
INFO: [HLS 214-178] Inlining function 'int generic_cast_IEEE754<int, float>(float, bool)' into '__hls_fptosi_float_i32' (/wrk/ci/prod/2025.1.1/hls_product/continuous/218/2025.1.1/src/shared/hls/clib/hlsmath/src/lib_floatconversion.cpp:51:0)
INFO: [HLS 214-178] Inlining function '__hls_fptosi_float_i32' into 'top_kernel(float const*, float const*, float const*, float*)' (top.cpp:5:0)
INFO: [HLS 214-248] Applying array_partition to '_ZZ10top_kernelPKfS0_S0_PfE3cdf': Complete partitioning on dimension 1. (top.cpp:18:0)
INFO: [HLS 214-248] Applying array_partition to '_ZZ10top_kernelPKfS0_S0_PfE9histogram': Complete partitioning on dimension 1. (top.cpp:17:0)
INFO: [HLS 214-270] Inferring pragma 'array_partition type=cyclic factor=3 dim=2' for array 'top_kernel(float const*, float const*, float const*, float*)::gaussian_blurred' due to pipeline pragma (top.cpp:156:9)
INFO: [HLS 214-270] Inferring pragma 'array_partition type=cyclic factor=8 dim=2' for array 'top_kernel(float const*, float const*, float const*, float*)::equalized' due to pipeline pragma (top.cpp:116:9)
INFO: [HLS 214-248] Applying array_partition to '_ZZ10top_kernelPKfS0_S0_PfE9equalized': Cyclic partitioning with factor 8 on dimension 2. (top.cpp:14:0)
INFO: [HLS 214-248] Applying array_partition to '_ZZ10top_kernelPKfS0_S0_PfE16gaussian_blurred': Cyclic partitioning with factor 3 on dimension 2. (top.cpp:15:0)
INFO: [HLS 214-115] Multiple burst writes of length 4096 and bit width 32 in loop 'VITIS_LOOP_248_37'(top.cpp:248:24) has been inferred on bundle 'gmem'. These burst requests might be further partitioned into multiple requests during RTL generation, based on max_read_burst_length or max_write_burst_length settings. (top.cpp:248:24)
INFO: [HLS 200-111] Finished Compiling Optimization and Transform: CPU user time: 49.22 seconds. CPU system time: 1.26 seconds. Elapsed time: 55.04 seconds; current allocated memory: 819.512 MB.
INFO: [HLS 200-111] Finished Checking Pragmas: CPU user time: 0.01 seconds. CPU system time: 0 seconds. Elapsed time: 0 seconds; current allocated memory: 819.512 MB.
INFO: [HLS 200-10] Starting code transformations ...
INFO: [HLS 200-111] Finished Standard Transforms: CPU user time: 2.06 seconds. CPU system time: 0.03 seconds. Elapsed time: 2.13 seconds; current allocated memory: 848.781 MB.
INFO: [HLS 200-10] Checking synthesizability ...
INFO: [HLS 200-111] Finished Checking Synthesizability: CPU user time: 1.02 seconds. CPU system time: 0.01 seconds. Elapsed time: 1.04 seconds; current allocated memory: 848.781 MB.
INFO: [HLS 200-111] Finished Loop, function and other optimizations: CPU user time: 9.9 seconds. CPU system time: 0.1 seconds. Elapsed time: 10.08 seconds; current allocated memory: 907.176 MB.
INFO: [HLS 200-2061] Successfully converted nested loops 'VITIS_LOOP_71_4'(top.cpp:71:22) and 'VITIS_LOOP_72_5'(top.cpp:72:26) in function 'top_kernel' into perfectly nested loops.
INFO: [HLS 200-2061] Successfully converted nested loops 'VITIS_LOOP_94_8'(top.cpp:94:22) and 'VITIS_LOOP_95_9'(top.cpp:95:26) in function 'top_kernel' into perfectly nested loops.
INFO: [HLS 200-2061] Successfully converted nested loops 'VITIS_LOOP_113_10'(top.cpp:113:24) and 'VITIS_LOOP_115_11'(top.cpp:115:21) in function 'top_kernel' into perfectly nested loops.
INFO: [HLS 200-2061] Successfully converted nested loops 'VITIS_LOOP_153_19'(top.cpp:153:24) and 'VITIS_LOOP_155_20'(top.cpp:155:21) in function 'top_kernel' into perfectly nested loops.
INFO: [HLS 200-2061] Successfully converted nested loops 'VITIS_LOOP_193_25'(top.cpp:193:24) and 'VITIS_LOOP_195_26'(top.cpp:195:21) in function 'top_kernel' into perfectly nested loops.
INFO: [HLS 200-2061] Successfully converted nested loops 'VITIS_LOOP_221_31'(top.cpp:221:24) and 'VITIS_LOOP_223_32'(top.cpp:223:21) in function 'top_kernel' into perfectly nested loops.
INFO: [XFORM 203-541] Flattening a loop nest 'VITIS_LOOP_71_4' (top.cpp:71:22) in function 'top_kernel'.
INFO: [XFORM 203-541] Flattening a loop nest 'VITIS_LOOP_94_8' (top.cpp:94:22) in function 'top_kernel'.
INFO: [XFORM 203-541] Flattening a loop nest 'VITIS_LOOP_113_10' (top.cpp:113:24) in function 'top_kernel'.
INFO: [XFORM 203-541] Flattening a loop nest 'VITIS_LOOP_153_19' (top.cpp:153:24) in function 'top_kernel'.
INFO: [XFORM 203-541] Flattening a loop nest 'VITIS_LOOP_193_25' (top.cpp:193:24) in function 'top_kernel'.
INFO: [XFORM 203-541] Flattening a loop nest 'VITIS_LOOP_221_31' (top.cpp:221:24) in function 'top_kernel'.
INFO: [HLS 200-111] Finished Architecture Synthesis: CPU user time: 13.14 seconds. CPU system time: 0.22 seconds. Elapsed time: 13.45 seconds; current allocated memory: 1.147 GB.
INFO: [HLS 200-10] Starting hardware synthesis ...
INFO: [HLS 200-10] Synthesizing 'top_kernel' ...
INFO: [HLS 200-10] ----------------------------------------------------------------
INFO: [HLS 200-42] -- Implementing module 'top_kernel_Outline_VITIS_LOOP_26_1' 
INFO: [HLS 200-10] ----------------------------------------------------------------
INFO: [SCHED 204-11] Starting scheduling ...
INFO: [SCHED 204-11] Finished scheduling.
INFO: [HLS 200-111] Finished Scheduling: CPU user time: 1.79 seconds. CPU system time: 0.09 seconds. Elapsed time: 1.91 seconds; current allocated memory: 1.155 GB.
INFO: [BIND 205-100] Starting micro-architecture generation ...
INFO: [BIND 205-101] Performing variable lifetime analysis.
INFO: [BIND 205-101] Exploring resource sharing.
INFO: [BIND 205-101] Binding ...
INFO: [BIND 205-100] Finished micro-architecture generation.
INFO: [HLS 200-111] Finished Binding: CPU user time: 0.05 seconds. CPU system time: 0.02 seconds. Elapsed time: 0.08 seconds; current allocated memory: 1.155 GB.
INFO: [HLS 200-10] ----------------------------------------------------------------
INFO: [HLS 200-42] -- Implementing module 'top_kernel_Outline_VITIS_LOOP_66_3' 
INFO: [HLS 200-10] ----------------------------------------------------------------
INFO: [SCHED 204-11] Starting scheduling ...
INFO: [SCHED 204-11] Finished scheduling.
INFO: [HLS 200-111] Finished Scheduling: CPU user time: 0.52 seconds. CPU system time: 0.01 seconds. Elapsed time: 0.53 seconds; current allocated memory: 1.161 GB.
INFO: [BIND 205-100] Starting micro-architecture generation ...
INFO: [BIND 205-101] Performing variable lifetime analysis.
INFO: [BIND 205-101] Exploring resource sharing.
INFO: [BIND 205-101] Binding ...
INFO: [BIND 205-100] Finished micro-architecture generation.
INFO: [HLS 200-111] Finished Binding: CPU user time: 0.12 seconds. CPU system time: 0 seconds. Elapsed time: 0.17 seconds; current allocated memory: 1.161 GB.
INFO: [HLS 200-10] ----------------------------------------------------------------
INFO: [HLS 200-42] -- Implementing module 'top_kernel_Pipeline_VITIS_LOOP_71_4_VITIS_LOOP_72_5' 
INFO: [HLS 200-10] ----------------------------------------------------------------
INFO: [SCHED 204-11] Starting scheduling ...
INFO: [SCHED 204-61] Pipelining loop 'VITIS_LOOP_71_4_VITIS_LOOP_72_5'.
INFO: [HLS 200-1470] Pipelining result : Target II = 1, Final II = 1, Depth = 16, loop 'VITIS_LOOP_71_4_VITIS_LOOP_72_5'
INFO: [SCHED 204-11] Finished scheduling.
INFO: [HLS 200-111] Finished Scheduling: CPU user time: 180.51 seconds. CPU system time: 0.98 seconds. Elapsed time: 182.46 seconds; current allocated memory: 1.374 GB.
INFO: [BIND 205-100] Starting micro-architecture generation ...
INFO: [BIND 205-101] Performing variable lifetime analysis.
INFO: [BIND 205-101] Exploring resource sharing.
INFO: [BIND 205-101] Binding ...
INFO: [BIND 205-100] Finished micro-architecture generation.
INFO: [HLS 200-111] Finished Binding: CPU user time: 23.15 seconds. CPU system time: 0.37 seconds. Elapsed time: 24.4 seconds; current allocated memory: 1.374 GB.
INFO: [HLS 200-10] ----------------------------------------------------------------
INFO: [HLS 200-42] -- Implementing module 'top_kernel_Pipeline_VITIS_LOOP_94_8_VITIS_LOOP_95_9' 
INFO: [HLS 200-10] ----------------------------------------------------------------
INFO: [SCHED 204-11] Starting scheduling ...
INFO: [SCHED 204-61] Pipelining loop 'VITIS_LOOP_94_8_VITIS_LOOP_95_9'.
INFO: [HLS 200-1470] Pipelining result : Target II = 1, Final II = 1, Depth = 15, loop 'VITIS_LOOP_94_8_VITIS_LOOP_95_9'
INFO: [SCHED 204-11] Finished scheduling.
INFO: [HLS 200-111] Finished Scheduling: CPU user time: 3.7 seconds. CPU system time: 0.18 seconds. Elapsed time: 4.64 seconds; current allocated memory: 1.374 GB.
INFO: [BIND 205-100] Starting micro-architecture generation ...
INFO: [BIND 205-101] Performing variable lifetime analysis.
INFO: [BIND 205-101] Exploring resource sharing.
INFO: [BIND 205-101] Binding ...
INFO: [BIND 205-100] Finished micro-architecture generation.
INFO: [HLS 200-111] Finished Binding: CPU user time: 0.1 seconds. CPU system time: 0.02 seconds. Elapsed time: 0.14 seconds; current allocated memory: 1.374 GB.
INFO: [HLS 200-10] ----------------------------------------------------------------
INFO: [HLS 200-42] -- Implementing module 'top_kernel_Pipeline_VITIS_LOOP_113_10_VITIS_LOOP_115_11' 
INFO: [HLS 200-10] ----------------------------------------------------------------
INFO: [SCHED 204-11] Starting scheduling ...
INFO: [SCHED 204-61] Pipelining loop 'VITIS_LOOP_113_10_VITIS_LOOP_115_11'.
INFO: [HLS 200-1470] Pipelining result : Target II = 4, Final II = 4, Depth = 264, loop 'VITIS_LOOP_113_10_VITIS_LOOP_115_11'
INFO: [SCHED 204-11] Finished scheduling.
INFO: [HLS 200-111] Finished Scheduling: CPU user time: 0.81 seconds. CPU system time: 0.01 seconds. Elapsed time: 0.86 seconds; current allocated memory: 1.374 GB.
INFO: [BIND 205-100] Starting micro-architecture generation ...
INFO: [BIND 205-101] Performing variable lifetime analysis.
INFO: [BIND 205-101] Exploring resource sharing.
INFO: [BIND 205-101] Binding ...
INFO: [BIND 205-100] Finished micro-architecture generation.
INFO: [HLS 200-111] Finished Binding: CPU user time: 0.24 seconds. CPU system time: 0.02 seconds. Elapsed time: 0.29 seconds; current allocated memory: 1.374 GB.
INFO: [HLS 200-10] ----------------------------------------------------------------
INFO: [HLS 200-42] -- Implementing module 'top_kernel_Pipeline_VITIS_LOOP_153_19_VITIS_LOOP_155_20' 
INFO: [HLS 200-10] ----------------------------------------------------------------
INFO: [SCHED 204-11] Starting scheduling ...
INFO: [SCHED 204-61] Pipelining loop 'VITIS_LOOP_153_19_VITIS_LOOP_155_20'.
WARNING: [HLS 200-885] The II Violation in module 'top_kernel_Pipeline_VITIS_LOOP_153_19_VITIS_LOOP_155_20' (loop 'VITIS_LOOP_153_19_VITIS_LOOP_155_20'): Unable to schedule 'load' operation 32 bit ('top_kernel_float_const_float_const_float_const_float_gaussian_blurred_loa_29', top.cpp:166) on array 'top_kernel_float_const_float_const_float_const_float_gaussian_blurred' due to limited memory ports (II = 4). Please consider using a memory core with more ports or partitioning the array 'top_kernel_float_const_float_const_float_const_float_gaussian_blurred'.
Resolution: For help on HLS 200-885 see docs.xilinx.com/access/sources/dita/topic?Doc_Version=2025.1%20English&url=ug1448-hls-guidance&resourceid=200-885.html
WARNING: [HLS 200-885] The II Violation in module 'top_kernel_Pipeline_VITIS_LOOP_153_19_VITIS_LOOP_155_20' (loop 'VITIS_LOOP_153_19_VITIS_LOOP_155_20'): Unable to schedule 'load' operation 32 bit ('top_kernel_float_const_float_const_float_const_float_gaussian_blurred_loa_15', top.cpp:166) on array 'top_kernel_float_const_float_const_float_const_float_gaussian_blurred' due to limited memory ports (II = 5). Please consider using a memory core with more ports or partitioning the array 'top_kernel_float_const_float_const_float_const_float_gaussian_blurred'.
Resolution: For help on HLS 200-885 see docs.xilinx.com/access/sources/dita/topic?Doc_Version=2025.1%20English&url=ug1448-hls-guidance&resourceid=200-885.html
INFO: [HLS 200-1470] Pipelining result : Target II = 4, Final II = 6, Depth = 287, loop 'VITIS_LOOP_153_19_VITIS_LOOP_155_20'
INFO: [SCHED 204-11] Finished scheduling.
INFO: [HLS 200-111] Finished Scheduling: CPU user time: 2.31 seconds. CPU system time: 0.03 seconds. Elapsed time: 2.37 seconds; current allocated memory: 1.374 GB.
INFO: [BIND 205-100] Starting micro-architecture generation ...
INFO: [BIND 205-101] Performing variable lifetime analysis.
INFO: [BIND 205-101] Exploring resource sharing.
INFO: [BIND 205-101] Binding ...
INFO: [BIND 205-100] Finished micro-architecture generation.
INFO: [HLS 200-111] Finished Binding: CPU user time: 0.65 seconds. CPU system time: 0.03 seconds. Elapsed time: 0.72 seconds; current allocated memory: 1.374 GB.
INFO: [HLS 200-10] ----------------------------------------------------------------
INFO: [HLS 200-42] -- Implementing module 'top_kernel_Pipeline_VITIS_LOOP_193_25_VITIS_LOOP_195_26' 
INFO: [HLS 200-10] ----------------------------------------------------------------
INFO: [SCHED 204-11] Starting scheduling ...
INFO: [SCHED 204-61] Pipelining loop 'VITIS_LOOP_193_25_VITIS_LOOP_195_26'.
WARNING: [HLS 200-885] The II Violation in module 'top_kernel_Pipeline_VITIS_LOOP_193_25_VITIS_LOOP_195_26' (loop 'VITIS_LOOP_193_25_VITIS_LOOP_195_26'): Unable to schedule 'load' operation 32 bit ('min_val', top.cpp:202) on array 'bilateral_filtered' due to limited memory ports (II = 4). Please consider using a memory core with more ports or partitioning the array 'bilateral_filtered'.
Resolution: For help on HLS 200-885 see docs.xilinx.com/access/sources/dita/topic?Doc_Version=2025.1%20English&url=ug1448-hls-guidance&resourceid=200-885.html
WARNING: [HLS 200-885] The II Violation in module 'top_kernel_Pipeline_VITIS_LOOP_193_25_VITIS_LOOP_195_26' (loop 'VITIS_LOOP_193_25_VITIS_LOOP_195_26'): Unable to schedule 'load' operation 32 bit ('min_val', top.cpp:202) on array 'bilateral_filtered' due to limited memory ports (II = 5). Please consider using a memory core with more ports or partitioning the array 'bilateral_filtered'.
Resolution: For help on HLS 200-885 see docs.xilinx.com/access/sources/dita/topic?Doc_Version=2025.1%20English&url=ug1448-hls-guidance&resourceid=200-885.html
WARNING: [HLS 200-885] The II Violation in module 'top_kernel_Pipeline_VITIS_LOOP_193_25_VITIS_LOOP_195_26' (loop 'VITIS_LOOP_193_25_VITIS_LOOP_195_26'): Unable to schedule 'load' operation 32 bit ('bilateral_filtered_load_8', top.cpp:202) on array 'bilateral_filtered' due to limited memory ports (II = 6). Please consider using a memory core with more ports or partitioning the array 'bilateral_filtered'.
Resolution: For help on HLS 200-885 see docs.xilinx.com/access/sources/dita/topic?Doc_Version=2025.1%20English&url=ug1448-hls-guidance&resourceid=200-885.html
WARNING: [HLS 200-885] The II Violation in module 'top_kernel_Pipeline_VITIS_LOOP_193_25_VITIS_LOOP_195_26' (loop 'VITIS_LOOP_193_25_VITIS_LOOP_195_26'): Unable to schedule 'load' operation 32 bit ('bilateral_filtered_load_9', top.cpp:202) on array 'bilateral_filtered' due to limited memory ports (II = 7). Please consider using a memory core with more ports or partitioning the array 'bilateral_filtered'.
Resolution: For help on HLS 200-885 see docs.xilinx.com/access/sources/dita/topic?Doc_Version=2025.1%20English&url=ug1448-hls-guidance&resourceid=200-885.html
WARNING: [HLS 200-885] The II Violation in module 'top_kernel_Pipeline_VITIS_LOOP_193_25_VITIS_LOOP_195_26' (loop 'VITIS_LOOP_193_25_VITIS_LOOP_195_26'): Unable to schedule 'load' operation 32 bit ('bilateral_filtered_load_10', top.cpp:202) on array 'bilateral_filtered' due to limited memory ports (II = 8). Please consider using a memory core with more ports or partitioning the array 'bilateral_filtered'.
Resolution: For help on HLS 200-885 see docs.xilinx.com/access/sources/dita/topic?Doc_Version=2025.1%20English&url=ug1448-hls-guidance&resourceid=200-885.html
INFO: [HLS 200-1470] Pipelining result : Target II = 4, Final II = 9, Depth = 65, loop 'VITIS_LOOP_193_25_VITIS_LOOP_195_26'
INFO: [SCHED 204-11] Finished scheduling.
INFO: [HLS 200-111] Finished Scheduling: CPU user time: 0.76 seconds. CPU system time: 0.04 seconds. Elapsed time: 0.89 seconds; current allocated memory: 1.374 GB.
INFO: [BIND 205-100] Starting micro-architecture generation ...
INFO: [BIND 205-101] Performing variable lifetime analysis.
INFO: [BIND 205-101] Exploring resource sharing.
INFO: [BIND 205-101] Binding ...
INFO: [BIND 205-100] Finished micro-architecture generation.
INFO: [HLS 200-111] Finished Binding: CPU user time: 0.05 seconds. CPU system time: 0.01 seconds. Elapsed time: 0.07 seconds; current allocated memory: 1.374 GB.
INFO: [HLS 200-10] ----------------------------------------------------------------
INFO: [HLS 200-42] -- Implementing module 'top_kernel_Pipeline_VITIS_LOOP_221_31_VITIS_LOOP_223_32' 
INFO: [HLS 200-10] ----------------------------------------------------------------
INFO: [SCHED 204-11] Starting scheduling ...
INFO: [SCHED 204-61] Pipelining loop 'VITIS_LOOP_221_31_VITIS_LOOP_223_32'.
WARNING: [HLS 200-885] The II Violation in module 'top_kernel_Pipeline_VITIS_LOOP_221_31_VITIS_LOOP_223_32' (loop 'VITIS_LOOP_221_31_VITIS_LOOP_223_32'): Unable to schedule 'load' operation 32 bit ('max_val', top.cpp:230) on array 'eroded' due to limited memory ports (II = 4). Please consider using a memory core with more ports or partitioning the array 'eroded'.
Resolution: For help on HLS 200-885 see docs.xilinx.com/access/sources/dita/topic?Doc_Version=2025.1%20English&url=ug1448-hls-guidance&resourceid=200-885.html
WARNING: [HLS 200-885] The II Violation in module 'top_kernel_Pipeline_VITIS_LOOP_221_31_VITIS_LOOP_223_32' (loop 'VITIS_LOOP_221_31_VITIS_LOOP_223_32'): Unable to schedule 'load' operation 32 bit ('max_val', top.cpp:230) on array 'eroded' due to limited memory ports (II = 5). Please consider using a memory core with more ports or partitioning the array 'eroded'.
Resolution: For help on HLS 200-885 see docs.xilinx.com/access/sources/dita/topic?Doc_Version=2025.1%20English&url=ug1448-hls-guidance&resourceid=200-885.html
WARNING: [HLS 200-885] The II Violation in module 'top_kernel_Pipeline_VITIS_LOOP_221_31_VITIS_LOOP_223_32' (loop 'VITIS_LOOP_221_31_VITIS_LOOP_223_32'): Unable to schedule 'load' operation 32 bit ('eroded_load_8', top.cpp:230) on array 'eroded' due to limited memory ports (II = 6). Please consider using a memory core with more ports or partitioning the array 'eroded'.
Resolution: For help on HLS 200-885 see docs.xilinx.com/access/sources/dita/topic?Doc_Version=2025.1%20English&url=ug1448-hls-guidance&resourceid=200-885.html
WARNING: [HLS 200-885] The II Violation in module 'top_kernel_Pipeline_VITIS_LOOP_221_31_VITIS_LOOP_223_32' (loop 'VITIS_LOOP_221_31_VITIS_LOOP_223_32'): Unable to schedule 'load' operation 32 bit ('eroded_load_9', top.cpp:230) on array 'eroded' due to limited memory ports (II = 7). Please consider using a memory core with more ports or partitioning the array 'eroded'.
Resolution: For help on HLS 200-885 see docs.xilinx.com/access/sources/dita/topic?Doc_Version=2025.1%20English&url=ug1448-hls-guidance&resourceid=200-885.html
WARNING: [HLS 200-885] The II Violation in module 'top_kernel_Pipeline_VITIS_LOOP_221_31_VITIS_LOOP_223_32' (loop 'VITIS_LOOP_221_31_VITIS_LOOP_223_32'): Unable to schedule 'load' operation 32 bit ('eroded_load_10', top.cpp:230) on array 'eroded' due to limited memory ports (II = 8). Please consider using a memory core with more ports or partitioning the array 'eroded'.
Resolution: For help on HLS 200-885 see docs.xilinx.com/access/sources/dita/topic?Doc_Version=2025.1%20English&url=ug1448-hls-guidance&resourceid=200-885.html
INFO: [HLS 200-1470] Pipelining result : Target II = 4, Final II = 9, Depth = 65, loop 'VITIS_LOOP_221_31_VITIS_LOOP_223_32'
INFO: [SCHED 204-11] Finished scheduling.
INFO: [HLS 200-111] Finished Scheduling: CPU user time: 0.5 seconds. CPU system time: 0.01 seconds. Elapsed time: 0.54 seconds; current allocated memory: 1.374 GB.
INFO: [BIND 205-100] Starting micro-architecture generation ...
INFO: [BIND 205-101] Performing variable lifetime analysis.
INFO: [BIND 205-101] Exploring resource sharing.
INFO: [BIND 205-101] Binding ...
INFO: [BIND 205-100] Finished micro-architecture generation.
INFO: [HLS 200-111] Finished Binding: CPU user time: 0.07 seconds. CPU system time: 0.02 seconds. Elapsed time: 0.1 seconds; current allocated memory: 1.374 GB.
INFO: [HLS 200-10] ----------------------------------------------------------------
INFO: [HLS 200-42] -- Implementing module 'top_kernel' 
INFO: [HLS 200-10] ----------------------------------------------------------------
INFO: [SCHED 204-11] Starting scheduling ...
WARNING: [HLS 200-871] Estimated clock period (3.320 ns) exceeds the target (target clock period: 4.000 ns, clock uncertainty: 1.080 ns, effective delay budget: 2.920 ns).
Resolution: For help on HLS 200-871 see docs.xilinx.com/access/sources/dita/topic?Doc_Version=2025.1%20English&url=ug1448-hls-guidance&resourceid=200-871.html
WARNING: [HLS 200-1016] The critical path in module 'top_kernel' consists of the following:
	'load' operation 32 bit ('p_phi_loc_load') on local variable 'p_phi_loc' [1068]  (0.000 ns)
	'sitofp' operation 32 bit ('conv', top.cpp:82) [1069]  (3.320 ns)

Resolution: For help on HLS 200-1016 see docs.xilinx.com/access/sources/dita/topic?Doc_Version=2025.1%20English&url=ug1448-hls-guidance&resourceid=200-1016.html
INFO: [SCHED 204-11] Finished scheduling.
INFO: [HLS 200-111] Finished Scheduling: CPU user time: 2.97 seconds. CPU system time: 0.08 seconds. Elapsed time: 3.07 seconds; current allocated memory: 1.374 GB.
INFO: [BIND 205-100] Starting micro-architecture generation ...
INFO: [BIND 205-101] Performing variable lifetime analysis.
INFO: [BIND 205-101] Exploring resource sharing.
INFO: [BIND 205-101] Binding ...
INFO: [BIND 205-100] Finished micro-architecture generation.
INFO: [HLS 200-111] Finished Binding: CPU user time: 0.97 seconds. CPU system time: 0.07 seconds. Elapsed time: 1.19 seconds; current allocated memory: 1.374 GB.
INFO: [HLS 200-10] ----------------------------------------------------------------
INFO: [HLS 200-10] -- Generating RTL for module 'top_kernel_Outline_VITIS_LOOP_26_1' 
INFO: [HLS 200-10] ----------------------------------------------------------------
INFO: [RTGEN 206-100] Generating core module 'faddfsub_32ns_32ns_32_10_full_dsp_1': 1 instance(s).
INFO: [RTGEN 206-100] Generating core module 'fdiv_32ns_32ns_32_30_no_dsp_1': 2 instance(s).
INFO: [RTGEN 206-100] Finished creating RTL model for 'top_kernel_Outline_VITIS_LOOP_26_1'.
INFO: [HLS 200-111] Finished Creating RTL model: CPU user time: 0.59 seconds. CPU system time: 0.06 seconds. Elapsed time: 0.85 seconds; current allocated memory: 1.374 GB.
INFO: [HLS 200-10] ----------------------------------------------------------------
INFO: [HLS 200-10] -- Generating RTL for module 'top_kernel_Outline_VITIS_LOOP_66_3' 
INFO: [HLS 200-10] ----------------------------------------------------------------
INFO: [RTGEN 206-100] Finished creating RTL model for 'top_kernel_Outline_VITIS_LOOP_66_3'.
INFO: [HLS 200-111] Finished Creating RTL model: CPU user time: 0.19 seconds. CPU system time: 0.02 seconds. Elapsed time: 0.24 seconds; current allocated memory: 1.374 GB.
INFO: [HLS 200-10] ----------------------------------------------------------------
INFO: [HLS 200-10] -- Generating RTL for module 'top_kernel_Pipeline_VITIS_LOOP_71_4_VITIS_LOOP_72_5' 
INFO: [HLS 200-10] ----------------------------------------------------------------
INFO: [HLS 200-1030] Apply Unified Pipeline Control on module 'top_kernel_Pipeline_VITIS_LOOP_71_4_VITIS_LOOP_72_5' pipeline 'VITIS_LOOP_71_4_VITIS_LOOP_72_5' pipeline type 'loop pipeline'
INFO: [RTGEN 206-104] Estimated max fanout for 'top_kernel_Pipeline_VITIS_LOOP_71_4_VITIS_LOOP_72_5' is 8460 from HDL expression: (1'b0 == ap_block_pp0_stage0_11001)
INFO: [RTGEN 206-100] Generating core module 'fmul_32ns_32ns_32_7_max_dsp_1': 1 instance(s).
INFO: [RTGEN 206-100] Generating core module 'sparsemux_513_8_32_1_1': 1 instance(s).
INFO: [RTGEN 206-100] Finished creating RTL model for 'top_kernel_Pipeline_VITIS_LOOP_71_4_VITIS_LOOP_72_5'.
INFO: [HLS 200-111] Finished Creating RTL model: CPU user time: 62.34 seconds. CPU system time: 1.36 seconds. Elapsed time: 64.05 seconds; current allocated memory: 1.995 GB.
INFO: [HLS 200-10] ----------------------------------------------------------------
INFO: [HLS 200-10] -- Generating RTL for module 'top_kernel_Pipeline_VITIS_LOOP_94_8_VITIS_LOOP_95_9' 
INFO: [HLS 200-10] ----------------------------------------------------------------
INFO: [HLS 200-1030] Apply Unified Pipeline Control on module 'top_kernel_Pipeline_VITIS_LOOP_94_8_VITIS_LOOP_95_9' pipeline 'VITIS_LOOP_94_8_VITIS_LOOP_95_9' pipeline type 'loop pipeline'
INFO: [RTGEN 206-100] Generating core module 'fmul_32ns_32ns_32_7_max_dsp_1': 1 instance(s).
INFO: [RTGEN 206-100] Generating core module 'sparsemux_513_8_32_1_1': 1 instance(s).
INFO: [RTGEN 206-100] Finished creating RTL model for 'top_kernel_Pipeline_VITIS_LOOP_94_8_VITIS_LOOP_95_9'.
INFO: [HLS 200-111] Finished Creating RTL model: CPU user time: 7.08 seconds. CPU system time: 0.64 seconds. Elapsed time: 8.75 seconds; current allocated memory: 2.180 GB.
INFO: [HLS 200-10] ----------------------------------------------------------------
INFO: [HLS 200-10] -- Generating RTL for module 'top_kernel_Pipeline_VITIS_LOOP_113_10_VITIS_LOOP_115_11' 
INFO: [HLS 200-10] ----------------------------------------------------------------
INFO: [HLS 200-1030] Apply Unified Pipeline Control on module 'top_kernel_Pipeline_VITIS_LOOP_113_10_VITIS_LOOP_115_11' pipeline 'VITIS_LOOP_113_10_VITIS_LOOP_115_11' pipeline type 'loop pipeline'
INFO: [RTGEN 206-104] Estimated max fanout for 'top_kernel_Pipeline_VITIS_LOOP_113_10_VITIS_LOOP_115_11' is 37331 from HDL expression: ((1'b0 == ap_block_pp0_stage0_11001) & (1'b1 == ap_CS_fsm_pp0_stage0))
INFO: [RTGEN 206-100] Generating core module 'fadd_32ns_32ns_32_10_full_dsp_1': 19 instance(s).
INFO: [RTGEN 206-100] Generating core module 'faddfsub_32ns_32ns_32_10_full_dsp_1': 6 instance(s).
INFO: [RTGEN 206-100] Generating core module 'fmul_32ns_32ns_32_7_max_dsp_1': 23 instance(s).
INFO: [RTGEN 206-100] Generating core module 'mul_6ns_6ns_11_1_1': 1 instance(s).
INFO: [RTGEN 206-100] Generating core module 'mul_6ns_8ns_13_1_1': 3 instance(s).
INFO: [RTGEN 206-100] Generating core module 'sparsemux_9_3_32_1_1': 24 instance(s).
INFO: [RTGEN 206-100] Generating core module 'urem_6ns_3ns_2_10_1': 1 instance(s).
INFO: [RTGEN 206-100] Finished creating RTL model for 'top_kernel_Pipeline_VITIS_LOOP_113_10_VITIS_LOOP_115_11'.
INFO: [HLS 200-111] Finished Creating RTL model: CPU user time: 0.79 seconds. CPU system time: 0.08 seconds. Elapsed time: 0.94 seconds; current allocated memory: 2.192 GB.
INFO: [HLS 200-10] ----------------------------------------------------------------
INFO: [HLS 200-10] -- Generating RTL for module 'top_kernel_Pipeline_VITIS_LOOP_153_19_VITIS_LOOP_155_20' 
INFO: [HLS 200-10] ----------------------------------------------------------------
INFO: [HLS 200-1030] Apply Unified Pipeline Control on module 'top_kernel_Pipeline_VITIS_LOOP_153_19_VITIS_LOOP_155_20' pipeline 'VITIS_LOOP_153_19_VITIS_LOOP_155_20' pipeline type 'loop pipeline'
INFO: [RTGEN 206-104] Estimated max fanout for 'top_kernel_Pipeline_VITIS_LOOP_153_19_VITIS_LOOP_155_20' is 8857 from HDL expression: ((1'b1 == ap_CS_fsm_pp0_stage3) & (1'b0 == ap_block_pp0_stage3_11001))
INFO: [RTGEN 206-100] Generating core module 'dexp_64ns_64ns_64_58_full_dsp_1': 6 instance(s).
INFO: [RTGEN 206-100] Generating core module 'fadd_32ns_32ns_32_10_full_dsp_1': 12 instance(s).
INFO: [RTGEN 206-100] Generating core module 'faddfsub_32ns_32ns_32_10_full_dsp_1': 6 instance(s).
INFO: [RTGEN 206-100] Generating core module 'fdiv_32ns_32ns_32_30_no_dsp_1': 7 instance(s).
INFO: [RTGEN 206-100] Generating core module 'fmul_32ns_32ns_32_7_max_dsp_1': 18 instance(s).
INFO: [RTGEN 206-100] Generating core module 'fpext_32ns_64_2_no_dsp_1': 6 instance(s).
INFO: [RTGEN 206-100] Generating core module 'fptrunc_64ns_32_3_no_dsp_1': 6 instance(s).
INFO: [RTGEN 206-100] Generating core module 'mul_32ns_34ns_65_3_1': 3 instance(s).
INFO: [RTGEN 206-100] Generating core module 'mul_6ns_6ns_11_1_1': 3 instance(s).
INFO: [RTGEN 206-100] Generating core module 'sparsemux_7_2_32_1_1': 36 instance(s).
INFO: [RTGEN 206-100] Generating core module 'urem_32ns_3ns_2_36_1': 4 instance(s).
INFO: [RTGEN 206-100] Finished creating RTL model for 'top_kernel_Pipeline_VITIS_LOOP_153_19_VITIS_LOOP_155_20'.
INFO: [HLS 200-111] Finished Creating RTL model: CPU user time: 1.42 seconds. CPU system time: 0.11 seconds. Elapsed time: 1.64 seconds; current allocated memory: 2.216 GB.
INFO: [HLS 200-10] ----------------------------------------------------------------
INFO: [HLS 200-10] -- Generating RTL for module 'top_kernel_Pipeline_VITIS_LOOP_193_25_VITIS_LOOP_195_26' 
INFO: [HLS 200-10] ----------------------------------------------------------------
INFO: [HLS 200-1030] Apply Unified Pipeline Control on module 'top_kernel_Pipeline_VITIS_LOOP_193_25_VITIS_LOOP_195_26' pipeline 'VITIS_LOOP_193_25_VITIS_LOOP_195_26' pipeline type 'loop pipeline'
INFO: [RTGEN 206-100] Generating core module 'fcmp_32ns_32ns_1_3_no_dsp_1': 1 instance(s).
INFO: [RTGEN 206-100] Finished creating RTL model for 'top_kernel_Pipeline_VITIS_LOOP_193_25_VITIS_LOOP_195_26'.
INFO: [HLS 200-111] Finished Creating RTL model: CPU user time: 1.09 seconds. CPU system time: 0.17 seconds. Elapsed time: 1.4 seconds; current allocated memory: 2.250 GB.
INFO: [HLS 200-10] ----------------------------------------------------------------
INFO: [HLS 200-10] -- Generating RTL for module 'top_kernel_Pipeline_VITIS_LOOP_221_31_VITIS_LOOP_223_32' 
INFO: [HLS 200-10] ----------------------------------------------------------------
INFO: [HLS 200-1030] Apply Unified Pipeline Control on module 'top_kernel_Pipeline_VITIS_LOOP_221_31_VITIS_LOOP_223_32' pipeline 'VITIS_LOOP_221_31_VITIS_LOOP_223_32' pipeline type 'loop pipeline'
INFO: [RTGEN 206-100] Generating core module 'fcmp_32ns_32ns_1_3_no_dsp_1': 1 instance(s).
INFO: [RTGEN 206-100] Finished creating RTL model for 'top_kernel_Pipeline_VITIS_LOOP_221_31_VITIS_LOOP_223_32'.
INFO: [HLS 200-111] Finished Creating RTL model: CPU user time: 0.29 seconds. CPU system time: 0.05 seconds. Elapsed time: 0.37 seconds; current allocated memory: 2.250 GB.
INFO: [HLS 200-10] ----------------------------------------------------------------
INFO: [HLS 200-10] -- Generating RTL for module 'top_kernel' 
INFO: [HLS 200-10] ----------------------------------------------------------------
WARNING: [RTGEN 206-101] Design contains AXI ports. Reset is fixed to synchronous and active low.
INFO: [RTGEN 206-500] Setting interface mode on port 'top_kernel/gmem' to 'm_axi'.
INFO: [RTGEN 206-500] Setting interface mode on port 'top_kernel/in_r' to 's_axilite & ap_none'.
INFO: [RTGEN 206-500] Setting interface mode on port 'top_kernel/in_g' to 's_axilite & ap_none'.
INFO: [RTGEN 206-500] Setting interface mode on port 'top_kernel/in_b' to 's_axilite & ap_none'.
INFO: [RTGEN 206-500] Setting interface mode on port 'top_kernel/out_r' to 's_axilite & ap_none'.
INFO: [RTGEN 206-500] Setting interface mode on function 'top_kernel' to 's_axilite & ap_ctrl_hs'.
WARNING: [RTGEN 206-101] Register 'top_kernel_float_const_float_const_float_const_float_histogram' is power-on initialization.
WARNING: [RTGEN 206-101] Register 'top_kernel_float_const_float_const_float_const_float_histogram_1' is power-on initialization.
WARNING: [RTGEN 206-101] Register 'top_kernel_float_const_float_const_float_const_float_histogram_2' is power-on initialization.
WARNING: [RTGEN 206-101] Register 'top_kernel_float_const_float_const_float_const_float_histogram_3' is power-on initialization.
WARNING: [RTGEN 206-101] Register 'top_kernel_float_const_float_const_float_const_float_histogram_4' is power-on initialization.
WARNING: [RTGEN 206-101] Register 'top_kernel_float_const_float_const_float_const_float_histogram_5' is power-on initialization.
WARNING: [RTGEN 206-101] Register 'top_kernel_float_const_float_const_float_const_float_histogram_6' is power-on initialization.
WARNING: [RTGEN 206-101] Register 'top_kernel_float_const_float_const_float_const_float_histogram_7' is power-on initialization.
WARNING: [RTGEN 206-101] Register 'top_kernel_float_const_float_const_float_const_float_histogram_8' is power-on initialization.
WARNING: [RTGEN 206-101] Register 'top_kernel_float_const_float_const_float_const_float_histogram_9' is power-on initialization.
WARNING: [RTGEN 206-101] Register 'p_ZZ10top_kernelPKfS0_S0_PfE9histogram_10' is power-on initialization.
WARNING: [RTGEN 206-101] Register 'p_ZZ10top_kernelPKfS0_S0_PfE9histogram_11' is power-on initialization.
WARNING: [RTGEN 206-101] Register 'p_ZZ10top_kernelPKfS0_S0_PfE9histogram_12' is power-on initialization.
WARNING: [RTGEN 206-101] Register 'p_ZZ10top_kernelPKfS0_S0_PfE9histogram_13' is power-on initialization.
WARNING: [RTGEN 206-101] Register 'p_ZZ10top_kernelPKfS0_S0_PfE9histogram_14' is power-on initialization.
WARNING: [RTGEN 206-101] Register 'p_ZZ10top_kernelPKfS0_S0_PfE9histogram_15' is power-on initialization.
WARNING: [RTGEN 206-101] Register 'p_ZZ10top_kernelPKfS0_S0_PfE9histogram_16' is power-on initialization.
WARNING: [RTGEN 206-101] Register 'p_ZZ10top_kernelPKfS0_S0_PfE9histogram_17' is power-on initialization.
WARNING: [RTGEN 206-101] Register 'p_ZZ10top_kernelPKfS0_S0_PfE9histogram_18' is power-on initialization.
WARNING: [RTGEN 206-101] Register 'p_ZZ10top_kernelPKfS0_S0_PfE9histogram_19' is power-on initialization.
WARNING: [RTGEN 206-101] Register 'p_ZZ10top_kernelPKfS0_S0_PfE9histogram_20' is power-on initialization.
WARNING: [RTGEN 206-101] Register 'p_ZZ10top_kernelPKfS0_S0_PfE9histogram_21' is power-on initialization.
WARNING: [RTGEN 206-101] Register 'p_ZZ10top_kernelPKfS0_S0_PfE9histogram_22' is power-on initialization.
WARNING: [RTGEN 206-101] Register 'p_ZZ10top_kernelPKfS0_S0_PfE9histogram_23' is power-on initialization.
WARNING: [RTGEN 206-101] Register 'p_ZZ10top_kernelPKfS0_S0_PfE9histogram_24' is power-on initialization.
WARNING: [RTGEN 206-101] Register 'p_ZZ10top_kernelPKfS0_S0_PfE9histogram_25' is power-on initialization.
WARNING: [RTGEN 206-101] Register 'p_ZZ10top_kernelPKfS0_S0_PfE9histogram_26' is power-on initialization.
WARNING: [RTGEN 206-101] Register 'p_ZZ10top_kernelPKfS0_S0_PfE9histogram_27' is power-on initialization.
WARNING: [RTGEN 206-101] Register 'p_ZZ10top_kernelPKfS0_S0_PfE9histogram_28' is power-on initialization.
WARNING: [RTGEN 206-101] Register 'p_ZZ10top_kernelPKfS0_S0_PfE9histogram_29' is power-on initialization.
WARNING: [RTGEN 206-101] Register 'p_ZZ10top_kernelPKfS0_S0_PfE9histogram_30' is power-on initialization.
WARNING: [RTGEN 206-101] Register 'p_ZZ10top_kernelPKfS0_S0_PfE9histogram_31' is power-on initialization.
WARNING: [RTGEN 206-101] Register 'p_ZZ10top_kernelPKfS0_S0_PfE9histogram_32' is power-on initialization.
WARNING: [RTGEN 206-101] Register 'p_ZZ10top_kernelPKfS0_S0_PfE9histogram_33' is power-on initialization.
WARNING: [RTGEN 206-101] Register 'p_ZZ10top_kernelPKfS0_S0_PfE9histogram_34' is power-on initialization.
WARNING: [RTGEN 206-101] Register 'p_ZZ10top_kernelPKfS0_S0_PfE9histogram_35' is power-on initialization.
WARNING: [RTGEN 206-101] Register 'p_ZZ10top_kernelPKfS0_S0_PfE9histogram_36' is power-on initialization.
WARNING: [RTGEN 206-101] Register 'p_ZZ10top_kernelPKfS0_S0_PfE9histogram_37' is power-on initialization.
WARNING: [RTGEN 206-101] Register 'p_ZZ10top_kernelPKfS0_S0_PfE9histogram_38' is power-on initialization.
WARNING: [RTGEN 206-101] Register 'p_ZZ10top_kernelPKfS0_S0_PfE9histogram_39' is power-on initialization.
WARNING: [RTGEN 206-101] Register 'p_ZZ10top_kernelPKfS0_S0_PfE9histogram_40' is power-on initialization.
WARNING: [RTGEN 206-101] Register 'p_ZZ10top_kernelPKfS0_S0_PfE9histogram_41' is power-on initialization.
WARNING: [RTGEN 206-101] Register 'p_ZZ10top_kernelPKfS0_S0_PfE9histogram_42' is power-on initialization.
WARNING: [RTGEN 206-101] Register 'p_ZZ10top_kernelPKfS0_S0_PfE9histogram_43' is power-on initialization.
WARNING: [RTGEN 206-101] Register 'p_ZZ10top_kernelPKfS0_S0_PfE9histogram_44' is power-on initialization.
WARNING: [RTGEN 206-101] Register 'p_ZZ10top_kernelPKfS0_S0_PfE9histogram_45' is power-on initialization.
WARNING: [RTGEN 206-101] Register 'p_ZZ10top_kernelPKfS0_S0_PfE9histogram_46' is power-on initialization.
WARNING: [RTGEN 206-101] Register 'p_ZZ10top_kernelPKfS0_S0_PfE9histogram_47' is power-on initialization.
WARNING: [RTGEN 206-101] Register 'p_ZZ10top_kernelPKfS0_S0_PfE9histogram_48' is power-on initialization.
WARNING: [RTGEN 206-101] Register 'p_ZZ10top_kernelPKfS0_S0_PfE9histogram_49' is power-on initialization.
WARNING: [RTGEN 206-101] Register 'p_ZZ10top_kernelPKfS0_S0_PfE9histogram_50' is power-on initialization.
WARNING: [RTGEN 206-101] Register 'p_ZZ10top_kernelPKfS0_S0_PfE9histogram_51' is power-on initialization.
WARNING: [RTGEN 206-101] Register 'p_ZZ10top_kernelPKfS0_S0_PfE9histogram_52' is power-on initialization.
WARNING: [RTGEN 206-101] Register 'p_ZZ10top_kernelPKfS0_S0_PfE9histogram_53' is power-on initialization.
WARNING: [RTGEN 206-101] Register 'p_ZZ10top_kernelPKfS0_S0_PfE9histogram_54' is power-on initialization.
WARNING: [RTGEN 206-101] Register 'p_ZZ10top_kernelPKfS0_S0_PfE9histogram_55' is power-on initialization.
WARNING: [RTGEN 206-101] Register 'p_ZZ10top_kernelPKfS0_S0_PfE9histogram_56' is power-on initialization.
WARNING: [RTGEN 206-101] Register 'p_ZZ10top_kernelPKfS0_S0_PfE9histogram_57' is power-on initialization.
WARNING: [RTGEN 206-101] Register 'p_ZZ10top_kernelPKfS0_S0_PfE9histogram_58' is power-on initialization.
WARNING: [RTGEN 206-101] Register 'p_ZZ10top_kernelPKfS0_S0_PfE9histogram_59' is power-on initialization.
WARNING: [RTGEN 206-101] Register 'p_ZZ10top_kernelPKfS0_S0_PfE9histogram_60' is power-on initialization.
WARNING: [RTGEN 206-101] Register 'p_ZZ10top_kernelPKfS0_S0_PfE9histogram_61' is power-on initialization.
WARNING: [RTGEN 206-101] Register 'p_ZZ10top_kernelPKfS0_S0_PfE9histogram_62' is power-on initialization.
WARNING: [RTGEN 206-101] Register 'p_ZZ10top_kernelPKfS0_S0_PfE9histogram_63' is power-on initialization.
WARNING: [RTGEN 206-101] Register 'p_ZZ10top_kernelPKfS0_S0_PfE9histogram_64' is power-on initialization.
WARNING: [RTGEN 206-101] Register 'p_ZZ10top_kernelPKfS0_S0_PfE9histogram_65' is power-on initialization.
WARNING: [RTGEN 206-101] Register 'p_ZZ10top_kernelPKfS0_S0_PfE9histogram_66' is power-on initialization.
WARNING: [RTGEN 206-101] Register 'p_ZZ10top_kernelPKfS0_S0_PfE9histogram_67' is power-on initialization.
WARNING: [RTGEN 206-101] Register 'p_ZZ10top_kernelPKfS0_S0_PfE9histogram_68' is power-on initialization.
WARNING: [RTGEN 206-101] Register 'p_ZZ10top_kernelPKfS0_S0_PfE9histogram_69' is power-on initialization.
WARNING: [RTGEN 206-101] Register 'p_ZZ10top_kernelPKfS0_S0_PfE9histogram_70' is power-on initialization.
WARNING: [RTGEN 206-101] Register 'p_ZZ10top_kernelPKfS0_S0_PfE9histogram_71' is power-on initialization.
WARNING: [RTGEN 206-101] Register 'p_ZZ10top_kernelPKfS0_S0_PfE9histogram_72' is power-on initialization.
WARNING: [RTGEN 206-101] Register 'p_ZZ10top_kernelPKfS0_S0_PfE9histogram_73' is power-on initialization.
WARNING: [RTGEN 206-101] Register 'p_ZZ10top_kernelPKfS0_S0_PfE9histogram_74' is power-on initialization.
WARNING: [RTGEN 206-101] Register 'p_ZZ10top_kernelPKfS0_S0_PfE9histogram_75' is power-on initialization.
WARNING: [RTGEN 206-101] Register 'p_ZZ10top_kernelPKfS0_S0_PfE9histogram_76' is power-on initialization.
WARNING: [RTGEN 206-101] Register 'p_ZZ10top_kernelPKfS0_S0_PfE9histogram_77' is power-on initialization.
WARNING: [RTGEN 206-101] Register 'p_ZZ10top_kernelPKfS0_S0_PfE9histogram_78' is power-on initialization.
WARNING: [RTGEN 206-101] Register 'p_ZZ10top_kernelPKfS0_S0_PfE9histogram_79' is power-on initialization.
WARNING: [RTGEN 206-101] Register 'p_ZZ10top_kernelPKfS0_S0_PfE9histogram_80' is power-on initialization.
WARNING: [RTGEN 206-101] Register 'p_ZZ10top_kernelPKfS0_S0_PfE9histogram_81' is power-on initialization.
WARNING: [RTGEN 206-101] Register 'p_ZZ10top_kernelPKfS0_S0_PfE9histogram_82' is power-on initialization.
WARNING: [RTGEN 206-101] Register 'p_ZZ10top_kernelPKfS0_S0_PfE9histogram_83' is power-on initialization.
WARNING: [RTGEN 206-101] Register 'p_ZZ10top_kernelPKfS0_S0_PfE9histogram_84' is power-on initialization.
WARNING: [RTGEN 206-101] Register 'p_ZZ10top_kernelPKfS0_S0_PfE9histogram_85' is power-on initialization.
WARNING: [RTGEN 206-101] Register 'p_ZZ10top_kernelPKfS0_S0_PfE9histogram_86' is power-on initialization.
WARNING: [RTGEN 206-101] Register 'p_ZZ10top_kernelPKfS0_S0_PfE9histogram_87' is power-on initialization.
WARNING: [RTGEN 206-101] Register 'p_ZZ10top_kernelPKfS0_S0_PfE9histogram_88' is power-on initialization.
WARNING: [RTGEN 206-101] Register 'p_ZZ10top_kernelPKfS0_S0_PfE9histogram_89' is power-on initialization.
WARNING: [RTGEN 206-101] Register 'p_ZZ10top_kernelPKfS0_S0_PfE9histogram_90' is power-on initialization.
WARNING: [RTGEN 206-101] Register 'p_ZZ10top_kernelPKfS0_S0_PfE9histogram_91' is power-on initialization.
WARNING: [RTGEN 206-101] Register 'p_ZZ10top_kernelPKfS0_S0_PfE9histogram_92' is power-on initialization.
WARNING: [RTGEN 206-101] Register 'p_ZZ10top_kernelPKfS0_S0_PfE9histogram_93' is power-on initialization.
WARNING: [RTGEN 206-101] Register 'p_ZZ10top_kernelPKfS0_S0_PfE9histogram_94' is power-on initialization.
WARNING: [RTGEN 206-101] Register 'p_ZZ10top_kernelPKfS0_S0_PfE9histogram_95' is power-on initialization.
WARNING: [RTGEN 206-101] Register 'p_ZZ10top_kernelPKfS0_S0_PfE9histogram_96' is power-on initialization.
WARNING: [RTGEN 206-101] Register 'p_ZZ10top_kernelPKfS0_S0_PfE9histogram_97' is power-on initialization.
WARNING: [RTGEN 206-101] Register 'p_ZZ10top_kernelPKfS0_S0_PfE9histogram_98' is power-on initialization.
WARNING: [RTGEN 206-101] Register 'p_ZZ10top_kernelPKfS0_S0_PfE9histogram_99' is power-on initialization.
WARNING: [RTGEN 206-101] Register 'p_ZZ10top_kernelPKfS0_S0_PfE9histogram_100' is power-on initialization.
WARNING: [RTGEN 206-101] Register 'p_ZZ10top_kernelPKfS0_S0_PfE9histogram_101' is power-on initialization.
WARNING: [RTGEN 206-101] Register 'p_ZZ10top_kernelPKfS0_S0_PfE9histogram_102' is power-on initialization.
WARNING: [RTGEN 206-101] Register 'p_ZZ10top_kernelPKfS0_S0_PfE9histogram_103' is power-on initialization.
WARNING: [RTGEN 206-101] Register 'p_ZZ10top_kernelPKfS0_S0_PfE9histogram_104' is power-on initialization.
WARNING: [RTGEN 206-101] Register 'p_ZZ10top_kernelPKfS0_S0_PfE9histogram_105' is power-on initialization.
WARNING: [RTGEN 206-101] Register 'p_ZZ10top_kernelPKfS0_S0_PfE9histogram_106' is power-on initialization.
WARNING: [RTGEN 206-101] Register 'p_ZZ10top_kernelPKfS0_S0_PfE9histogram_107' is power-on initialization.
WARNING: [RTGEN 206-101] Register 'p_ZZ10top_kernelPKfS0_S0_PfE9histogram_108' is power-on initialization.
WARNING: [RTGEN 206-101] Register 'p_ZZ10top_kernelPKfS0_S0_PfE9histogram_109' is power-on initialization.
WARNING: [RTGEN 206-101] Register 'p_ZZ10top_kernelPKfS0_S0_PfE9histogram_110' is power-on initialization.
WARNING: [RTGEN 206-101] Register 'p_ZZ10top_kernelPKfS0_S0_PfE9histogram_111' is power-on initialization.
WARNING: [RTGEN 206-101] Register 'p_ZZ10top_kernelPKfS0_S0_PfE9histogram_112' is power-on initialization.
WARNING: [RTGEN 206-101] Register 'p_ZZ10top_kernelPKfS0_S0_PfE9histogram_113' is power-on initialization.
WARNING: [RTGEN 206-101] Register 'p_ZZ10top_kernelPKfS0_S0_PfE9histogram_114' is power-on initialization.
WARNING: [RTGEN 206-101] Register 'p_ZZ10top_kernelPKfS0_S0_PfE9histogram_115' is power-on initialization.
WARNING: [RTGEN 206-101] Register 'p_ZZ10top_kernelPKfS0_S0_PfE9histogram_116' is power-on initialization.
WARNING: [RTGEN 206-101] Register 'p_ZZ10top_kernelPKfS0_S0_PfE9histogram_117' is power-on initialization.
WARNING: [RTGEN 206-101] Register 'p_ZZ10top_kernelPKfS0_S0_PfE9histogram_118' is power-on initialization.
WARNING: [RTGEN 206-101] Register 'p_ZZ10top_kernelPKfS0_S0_PfE9histogram_119' is power-on initialization.
WARNING: [RTGEN 206-101] Register 'p_ZZ10top_kernelPKfS0_S0_PfE9histogram_120' is power-on initialization.
WARNING: [RTGEN 206-101] Register 'p_ZZ10top_kernelPKfS0_S0_PfE9histogram_121' is power-on initialization.
WARNING: [RTGEN 206-101] Register 'p_ZZ10top_kernelPKfS0_S0_PfE9histogram_122' is power-on initialization.
WARNING: [RTGEN 206-101] Register 'p_ZZ10top_kernelPKfS0_S0_PfE9histogram_123' is power-on initialization.
WARNING: [RTGEN 206-101] Register 'p_ZZ10top_kernelPKfS0_S0_PfE9histogram_124' is power-on initialization.
WARNING: [RTGEN 206-101] Register 'p_ZZ10top_kernelPKfS0_S0_PfE9histogram_125' is power-on initialization.
WARNING: [RTGEN 206-101] Register 'p_ZZ10top_kernelPKfS0_S0_PfE9histogram_126' is power-on initialization.
WARNING: [RTGEN 206-101] Register 'p_ZZ10top_kernelPKfS0_S0_PfE9histogram_127' is power-on initialization.
WARNING: [RTGEN 206-101] Register 'p_ZZ10top_kernelPKfS0_S0_PfE9histogram_128' is power-on initialization.
WARNING: [RTGEN 206-101] Register 'p_ZZ10top_kernelPKfS0_S0_PfE9histogram_129' is power-on initialization.
WARNING: [RTGEN 206-101] Register 'p_ZZ10top_kernelPKfS0_S0_PfE9histogram_130' is power-on initialization.
WARNING: [RTGEN 206-101] Register 'p_ZZ10top_kernelPKfS0_S0_PfE9histogram_131' is power-on initialization.
WARNING: [RTGEN 206-101] Register 'p_ZZ10top_kernelPKfS0_S0_PfE9histogram_132' is power-on initialization.
WARNING: [RTGEN 206-101] Register 'p_ZZ10top_kernelPKfS0_S0_PfE9histogram_133' is power-on initialization.
WARNING: [RTGEN 206-101] Register 'p_ZZ10top_kernelPKfS0_S0_PfE9histogram_134' is power-on initialization.
WARNING: [RTGEN 206-101] Register 'p_ZZ10top_kernelPKfS0_S0_PfE9histogram_135' is power-on initialization.
WARNING: [RTGEN 206-101] Register 'p_ZZ10top_kernelPKfS0_S0_PfE9histogram_136' is power-on initialization.
WARNING: [RTGEN 206-101] Register 'p_ZZ10top_kernelPKfS0_S0_PfE9histogram_137' is power-on initialization.
WARNING: [RTGEN 206-101] Register 'p_ZZ10top_kernelPKfS0_S0_PfE9histogram_138' is power-on initialization.
WARNING: [RTGEN 206-101] Register 'p_ZZ10top_kernelPKfS0_S0_PfE9histogram_139' is power-on initialization.
WARNING: [RTGEN 206-101] Register 'p_ZZ10top_kernelPKfS0_S0_PfE9histogram_140' is power-on initialization.
WARNING: [RTGEN 206-101] Register 'p_ZZ10top_kernelPKfS0_S0_PfE9histogram_141' is power-on initialization.
WARNING: [RTGEN 206-101] Register 'p_ZZ10top_kernelPKfS0_S0_PfE9histogram_142' is power-on initialization.
WARNING: [RTGEN 206-101] Register 'p_ZZ10top_kernelPKfS0_S0_PfE9histogram_143' is power-on initialization.
WARNING: [RTGEN 206-101] Register 'p_ZZ10top_kernelPKfS0_S0_PfE9histogram_144' is power-on initialization.
WARNING: [RTGEN 206-101] Register 'p_ZZ10top_kernelPKfS0_S0_PfE9histogram_145' is power-on initialization.
WARNING: [RTGEN 206-101] Register 'p_ZZ10top_kernelPKfS0_S0_PfE9histogram_146' is power-on initialization.
WARNING: [RTGEN 206-101] Register 'p_ZZ10top_kernelPKfS0_S0_PfE9histogram_147' is power-on initialization.
WARNING: [RTGEN 206-101] Register 'p_ZZ10top_kernelPKfS0_S0_PfE9histogram_148' is power-on initialization.
WARNING: [RTGEN 206-101] Register 'p_ZZ10top_kernelPKfS0_S0_PfE9histogram_149' is power-on initialization.
WARNING: [RTGEN 206-101] Register 'p_ZZ10top_kernelPKfS0_S0_PfE9histogram_150' is power-on initialization.
WARNING: [RTGEN 206-101] Register 'p_ZZ10top_kernelPKfS0_S0_PfE9histogram_151' is power-on initialization.
WARNING: [RTGEN 206-101] Register 'p_ZZ10top_kernelPKfS0_S0_PfE9histogram_152' is power-on initialization.
WARNING: [RTGEN 206-101] Register 'p_ZZ10top_kernelPKfS0_S0_PfE9histogram_153' is power-on initialization.
WARNING: [RTGEN 206-101] Register 'p_ZZ10top_kernelPKfS0_S0_PfE9histogram_154' is power-on initialization.
WARNING: [RTGEN 206-101] Register 'p_ZZ10top_kernelPKfS0_S0_PfE9histogram_155' is power-on initialization.
WARNING: [RTGEN 206-101] Register 'p_ZZ10top_kernelPKfS0_S0_PfE9histogram_156' is power-on initialization.
WARNING: [RTGEN 206-101] Register 'p_ZZ10top_kernelPKfS0_S0_PfE9histogram_157' is power-on initialization.
WARNING: [RTGEN 206-101] Register 'p_ZZ10top_kernelPKfS0_S0_PfE9histogram_158' is power-on initialization.
WARNING: [RTGEN 206-101] Register 'p_ZZ10top_kernelPKfS0_S0_PfE9histogram_159' is power-on initialization.
WARNING: [RTGEN 206-101] Register 'p_ZZ10top_kernelPKfS0_S0_PfE9histogram_160' is power-on initialization.
WARNING: [RTGEN 206-101] Register 'p_ZZ10top_kernelPKfS0_S0_PfE9histogram_161' is power-on initialization.
WARNING: [RTGEN 206-101] Register 'p_ZZ10top_kernelPKfS0_S0_PfE9histogram_162' is power-on initialization.
WARNING: [RTGEN 206-101] Register 'p_ZZ10top_kernelPKfS0_S0_PfE9histogram_163' is power-on initialization.
WARNING: [RTGEN 206-101] Register 'p_ZZ10top_kernelPKfS0_S0_PfE9histogram_164' is power-on initialization.
WARNING: [RTGEN 206-101] Register 'p_ZZ10top_kernelPKfS0_S0_PfE9histogram_165' is power-on initialization.
WARNING: [RTGEN 206-101] Register 'p_ZZ10top_kernelPKfS0_S0_PfE9histogram_166' is power-on initialization.
WARNING: [RTGEN 206-101] Register 'p_ZZ10top_kernelPKfS0_S0_PfE9histogram_167' is power-on initialization.
WARNING: [RTGEN 206-101] Register 'p_ZZ10top_kernelPKfS0_S0_PfE9histogram_168' is power-on initialization.
WARNING: [RTGEN 206-101] Register 'p_ZZ10top_kernelPKfS0_S0_PfE9histogram_169' is power-on initialization.
WARNING: [RTGEN 206-101] Register 'p_ZZ10top_kernelPKfS0_S0_PfE9histogram_170' is power-on initialization.
WARNING: [RTGEN 206-101] Register 'p_ZZ10top_kernelPKfS0_S0_PfE9histogram_171' is power-on initialization.
WARNING: [RTGEN 206-101] Register 'p_ZZ10top_kernelPKfS0_S0_PfE9histogram_172' is power-on initialization.
WARNING: [RTGEN 206-101] Register 'p_ZZ10top_kernelPKfS0_S0_PfE9histogram_173' is power-on initialization.
WARNING: [RTGEN 206-101] Register 'p_ZZ10top_kernelPKfS0_S0_PfE9histogram_174' is power-on initialization.
WARNING: [RTGEN 206-101] Register 'p_ZZ10top_kernelPKfS0_S0_PfE9histogram_175' is power-on initialization.
WARNING: [RTGEN 206-101] Register 'p_ZZ10top_kernelPKfS0_S0_PfE9histogram_176' is power-on initialization.
WARNING: [RTGEN 206-101] Register 'p_ZZ10top_kernelPKfS0_S0_PfE9histogram_177' is power-on initialization.
WARNING: [RTGEN 206-101] Register 'p_ZZ10top_kernelPKfS0_S0_PfE9histogram_178' is power-on initialization.
WARNING: [RTGEN 206-101] Register 'p_ZZ10top_kernelPKfS0_S0_PfE9histogram_179' is power-on initialization.
WARNING: [RTGEN 206-101] Register 'p_ZZ10top_kernelPKfS0_S0_PfE9histogram_180' is power-on initialization.
WARNING: [RTGEN 206-101] Register 'p_ZZ10top_kernelPKfS0_S0_PfE9histogram_181' is power-on initialization.
WARNING: [RTGEN 206-101] Register 'p_ZZ10top_kernelPKfS0_S0_PfE9histogram_182' is power-on initialization.
WARNING: [RTGEN 206-101] Register 'p_ZZ10top_kernelPKfS0_S0_PfE9histogram_183' is power-on initialization.
WARNING: [RTGEN 206-101] Register 'p_ZZ10top_kernelPKfS0_S0_PfE9histogram_184' is power-on initialization.
WARNING: [RTGEN 206-101] Register 'p_ZZ10top_kernelPKfS0_S0_PfE9histogram_185' is power-on initialization.
WARNING: [RTGEN 206-101] Register 'p_ZZ10top_kernelPKfS0_S0_PfE9histogram_186' is power-on initialization.
WARNING: [RTGEN 206-101] Register 'p_ZZ10top_kernelPKfS0_S0_PfE9histogram_187' is power-on initialization.
WARNING: [RTGEN 206-101] Register 'p_ZZ10top_kernelPKfS0_S0_PfE9histogram_188' is power-on initialization.
WARNING: [RTGEN 206-101] Register 'p_ZZ10top_kernelPKfS0_S0_PfE9histogram_189' is power-on initialization.
WARNING: [RTGEN 206-101] Register 'p_ZZ10top_kernelPKfS0_S0_PfE9histogram_190' is power-on initialization.
WARNING: [RTGEN 206-101] Register 'p_ZZ10top_kernelPKfS0_S0_PfE9histogram_191' is power-on initialization.
WARNING: [RTGEN 206-101] Register 'p_ZZ10top_kernelPKfS0_S0_PfE9histogram_192' is power-on initialization.
WARNING: [RTGEN 206-101] Register 'p_ZZ10top_kernelPKfS0_S0_PfE9histogram_193' is power-on initialization.
WARNING: [RTGEN 206-101] Register 'p_ZZ10top_kernelPKfS0_S0_PfE9histogram_194' is power-on initialization.
WARNING: [RTGEN 206-101] Register 'p_ZZ10top_kernelPKfS0_S0_PfE9histogram_195' is power-on initialization.
WARNING: [RTGEN 206-101] Register 'p_ZZ10top_kernelPKfS0_S0_PfE9histogram_196' is power-on initialization.
WARNING: [RTGEN 206-101] Register 'p_ZZ10top_kernelPKfS0_S0_PfE9histogram_197' is power-on initialization.
WARNING: [RTGEN 206-101] Register 'p_ZZ10top_kernelPKfS0_S0_PfE9histogram_198' is power-on initialization.
WARNING: [RTGEN 206-101] Register 'p_ZZ10top_kernelPKfS0_S0_PfE9histogram_199' is power-on initialization.
WARNING: [RTGEN 206-101] Register 'p_ZZ10top_kernelPKfS0_S0_PfE9histogram_200' is power-on initialization.
WARNING: [RTGEN 206-101] Register 'p_ZZ10top_kernelPKfS0_S0_PfE9histogram_201' is power-on initialization.
WARNING: [RTGEN 206-101] Register 'p_ZZ10top_kernelPKfS0_S0_PfE9histogram_202' is power-on initialization.
WARNING: [RTGEN 206-101] Register 'p_ZZ10top_kernelPKfS0_S0_PfE9histogram_203' is power-on initialization.
WARNING: [RTGEN 206-101] Register 'p_ZZ10top_kernelPKfS0_S0_PfE9histogram_204' is power-on initialization.
WARNING: [RTGEN 206-101] Register 'p_ZZ10top_kernelPKfS0_S0_PfE9histogram_205' is power-on initialization.
WARNING: [RTGEN 206-101] Register 'p_ZZ10top_kernelPKfS0_S0_PfE9histogram_206' is power-on initialization.
WARNING: [RTGEN 206-101] Register 'p_ZZ10top_kernelPKfS0_S0_PfE9histogram_207' is power-on initialization.
WARNING: [RTGEN 206-101] Register 'p_ZZ10top_kernelPKfS0_S0_PfE9histogram_208' is power-on initialization.
WARNING: [RTGEN 206-101] Register 'p_ZZ10top_kernelPKfS0_S0_PfE9histogram_209' is power-on initialization.
WARNING: [RTGEN 206-101] Register 'p_ZZ10top_kernelPKfS0_S0_PfE9histogram_210' is power-on initialization.
WARNING: [RTGEN 206-101] Register 'p_ZZ10top_kernelPKfS0_S0_PfE9histogram_211' is power-on initialization.
WARNING: [RTGEN 206-101] Register 'p_ZZ10top_kernelPKfS0_S0_PfE9histogram_212' is power-on initialization.
WARNING: [RTGEN 206-101] Register 'p_ZZ10top_kernelPKfS0_S0_PfE9histogram_213' is power-on initialization.
WARNING: [RTGEN 206-101] Register 'p_ZZ10top_kernelPKfS0_S0_PfE9histogram_214' is power-on initialization.
WARNING: [RTGEN 206-101] Register 'p_ZZ10top_kernelPKfS0_S0_PfE9histogram_215' is power-on initialization.
WARNING: [RTGEN 206-101] Register 'p_ZZ10top_kernelPKfS0_S0_PfE9histogram_216' is power-on initialization.
WARNING: [RTGEN 206-101] Register 'p_ZZ10top_kernelPKfS0_S0_PfE9histogram_217' is power-on initialization.
WARNING: [RTGEN 206-101] Register 'p_ZZ10top_kernelPKfS0_S0_PfE9histogram_218' is power-on initialization.
WARNING: [RTGEN 206-101] Register 'p_ZZ10top_kernelPKfS0_S0_PfE9histogram_219' is power-on initialization.
WARNING: [RTGEN 206-101] Register 'p_ZZ10top_kernelPKfS0_S0_PfE9histogram_220' is power-on initialization.
WARNING: [RTGEN 206-101] Register 'p_ZZ10top_kernelPKfS0_S0_PfE9histogram_221' is power-on initialization.
WARNING: [RTGEN 206-101] Register 'p_ZZ10top_kernelPKfS0_S0_PfE9histogram_222' is power-on initialization.
WARNING: [RTGEN 206-101] Register 'p_ZZ10top_kernelPKfS0_S0_PfE9histogram_223' is power-on initialization.
WARNING: [RTGEN 206-101] Register 'p_ZZ10top_kernelPKfS0_S0_PfE9histogram_224' is power-on initialization.
WARNING: [RTGEN 206-101] Register 'p_ZZ10top_kernelPKfS0_S0_PfE9histogram_225' is power-on initialization.
WARNING: [RTGEN 206-101] Register 'p_ZZ10top_kernelPKfS0_S0_PfE9histogram_226' is power-on initialization.
WARNING: [RTGEN 206-101] Register 'p_ZZ10top_kernelPKfS0_S0_PfE9histogram_227' is power-on initialization.
WARNING: [RTGEN 206-101] Register 'p_ZZ10top_kernelPKfS0_S0_PfE9histogram_228' is power-on initialization.
WARNING: [RTGEN 206-101] Register 'p_ZZ10top_kernelPKfS0_S0_PfE9histogram_229' is power-on initialization.
WARNING: [RTGEN 206-101] Register 'p_ZZ10top_kernelPKfS0_S0_PfE9histogram_230' is power-on initialization.
WARNING: [RTGEN 206-101] Register 'p_ZZ10top_kernelPKfS0_S0_PfE9histogram_231' is power-on initialization.
WARNING: [RTGEN 206-101] Register 'p_ZZ10top_kernelPKfS0_S0_PfE9histogram_232' is power-on initialization.
WARNING: [RTGEN 206-101] Register 'p_ZZ10top_kernelPKfS0_S0_PfE9histogram_233' is power-on initialization.
WARNING: [RTGEN 206-101] Register 'p_ZZ10top_kernelPKfS0_S0_PfE9histogram_234' is power-on initialization.
WARNING: [RTGEN 206-101] Register 'p_ZZ10top_kernelPKfS0_S0_PfE9histogram_235' is power-on initialization.
WARNING: [RTGEN 206-101] Register 'p_ZZ10top_kernelPKfS0_S0_PfE9histogram_236' is power-on initialization.
WARNING: [RTGEN 206-101] Register 'p_ZZ10top_kernelPKfS0_S0_PfE9histogram_237' is power-on initialization.
WARNING: [RTGEN 206-101] Register 'p_ZZ10top_kernelPKfS0_S0_PfE9histogram_238' is power-on initialization.
WARNING: [RTGEN 206-101] Register 'p_ZZ10top_kernelPKfS0_S0_PfE9histogram_239' is power-on initialization.
WARNING: [RTGEN 206-101] Register 'p_ZZ10top_kernelPKfS0_S0_PfE9histogram_240' is power-on initialization.
WARNING: [RTGEN 206-101] Register 'p_ZZ10top_kernelPKfS0_S0_PfE9histogram_241' is power-on initialization.
WARNING: [RTGEN 206-101] Register 'p_ZZ10top_kernelPKfS0_S0_PfE9histogram_242' is power-on initialization.
WARNING: [RTGEN 206-101] Register 'p_ZZ10top_kernelPKfS0_S0_PfE9histogram_243' is power-on initialization.
WARNING: [RTGEN 206-101] Register 'p_ZZ10top_kernelPKfS0_S0_PfE9histogram_244' is power-on initialization.
WARNING: [RTGEN 206-101] Register 'p_ZZ10top_kernelPKfS0_S0_PfE9histogram_245' is power-on initialization.
WARNING: [RTGEN 206-101] Register 'p_ZZ10top_kernelPKfS0_S0_PfE9histogram_246' is power-on initialization.
WARNING: [RTGEN 206-101] Register 'p_ZZ10top_kernelPKfS0_S0_PfE9histogram_247' is power-on initialization.
WARNING: [RTGEN 206-101] Register 'p_ZZ10top_kernelPKfS0_S0_PfE9histogram_248' is power-on initialization.
WARNING: [RTGEN 206-101] Register 'p_ZZ10top_kernelPKfS0_S0_PfE9histogram_249' is power-on initialization.
WARNING: [RTGEN 206-101] Register 'p_ZZ10top_kernelPKfS0_S0_PfE9histogram_250' is power-on initialization.
WARNING: [RTGEN 206-101] Register 'p_ZZ10top_kernelPKfS0_S0_PfE9histogram_251' is power-on initialization.
WARNING: [RTGEN 206-101] Register 'p_ZZ10top_kernelPKfS0_S0_PfE9histogram_252' is power-on initialization.
WARNING: [RTGEN 206-101] Register 'p_ZZ10top_kernelPKfS0_S0_PfE9histogram_253' is power-on initialization.
WARNING: [RTGEN 206-101] Register 'p_ZZ10top_kernelPKfS0_S0_PfE9histogram_254' is power-on initialization.
WARNING: [RTGEN 206-101] Register 'p_ZZ10top_kernelPKfS0_S0_PfE9histogram_255' is power-on initialization.
WARNING: [RTGEN 206-101] Register 'top_kernel_float_const_float_const_float_const_float_cdf' is power-on initialization.
WARNING: [RTGEN 206-101] Register 'top_kernel_float_const_float_const_float_const_float_cdf_10' is power-on initialization.
WARNING: [RTGEN 206-101] Register 'top_kernel_float_const_float_const_float_const_float_cdf_11' is power-on initialization.
WARNING: [RTGEN 206-101] Register 'top_kernel_float_const_float_const_float_const_float_cdf_12' is power-on initialization.
WARNING: [RTGEN 206-101] Register 'top_kernel_float_const_float_const_float_const_float_cdf_13' is power-on initialization.
WARNING: [RTGEN 206-101] Register 'top_kernel_float_const_float_const_float_const_float_cdf_14' is power-on initialization.
WARNING: [RTGEN 206-101] Register 'top_kernel_float_const_float_const_float_const_float_cdf_15' is power-on initialization.
WARNING: [RTGEN 206-101] Register 'top_kernel_float_const_float_const_float_const_float_cdf_16' is power-on initialization.
WARNING: [RTGEN 206-101] Register 'top_kernel_float_const_float_const_float_const_float_cdf_17' is power-on initialization.
WARNING: [RTGEN 206-101] Register 'top_kernel_float_const_float_const_float_const_float_cdf_18' is power-on initialization.
WARNING: [RTGEN 206-101] Register 'p_ZZ10top_kernelPKfS0_S0_PfE3cdf_10' is power-on initialization.
WARNING: [RTGEN 206-101] Register 'p_ZZ10top_kernelPKfS0_S0_PfE3cdf_11' is power-on initialization.
WARNING: [RTGEN 206-101] Register 'p_ZZ10top_kernelPKfS0_S0_PfE3cdf_12' is power-on initialization.
WARNING: [RTGEN 206-101] Register 'p_ZZ10top_kernelPKfS0_S0_PfE3cdf_13' is power-on initialization.
WARNING: [RTGEN 206-101] Register 'p_ZZ10top_kernelPKfS0_S0_PfE3cdf_14' is power-on initialization.
WARNING: [RTGEN 206-101] Register 'p_ZZ10top_kernelPKfS0_S0_PfE3cdf_15' is power-on initialization.
WARNING: [RTGEN 206-101] Register 'p_ZZ10top_kernelPKfS0_S0_PfE3cdf_16' is power-on initialization.
WARNING: [RTGEN 206-101] Register 'p_ZZ10top_kernelPKfS0_S0_PfE3cdf_17' is power-on initialization.
WARNING: [RTGEN 206-101] Register 'p_ZZ10top_kernelPKfS0_S0_PfE3cdf_18' is power-on initialization.
WARNING: [RTGEN 206-101] Register 'p_ZZ10top_kernelPKfS0_S0_PfE3cdf_19' is power-on initialization.
WARNING: [RTGEN 206-101] Register 'p_ZZ10top_kernelPKfS0_S0_PfE3cdf_20' is power-on initialization.
WARNING: [RTGEN 206-101] Register 'p_ZZ10top_kernelPKfS0_S0_PfE3cdf_21' is power-on initialization.
WARNING: [RTGEN 206-101] Register 'p_ZZ10top_kernelPKfS0_S0_PfE3cdf_22' is power-on initialization.
WARNING: [RTGEN 206-101] Register 'p_ZZ10top_kernelPKfS0_S0_PfE3cdf_23' is power-on initialization.
WARNING: [RTGEN 206-101] Register 'p_ZZ10top_kernelPKfS0_S0_PfE3cdf_24' is power-on initialization.
WARNING: [RTGEN 206-101] Register 'p_ZZ10top_kernelPKfS0_S0_PfE3cdf_25' is power-on initialization.
WARNING: [RTGEN 206-101] Register 'p_ZZ10top_kernelPKfS0_S0_PfE3cdf_26' is power-on initialization.
WARNING: [RTGEN 206-101] Register 'p_ZZ10top_kernelPKfS0_S0_PfE3cdf_27' is power-on initialization.
WARNING: [RTGEN 206-101] Register 'p_ZZ10top_kernelPKfS0_S0_PfE3cdf_28' is power-on initialization.
WARNING: [RTGEN 206-101] Register 'p_ZZ10top_kernelPKfS0_S0_PfE3cdf_29' is power-on initialization.
WARNING: [RTGEN 206-101] Register 'p_ZZ10top_kernelPKfS0_S0_PfE3cdf_30' is power-on initialization.
WARNING: [RTGEN 206-101] Register 'p_ZZ10top_kernelPKfS0_S0_PfE3cdf_31' is power-on initialization.
WARNING: [RTGEN 206-101] Register 'p_ZZ10top_kernelPKfS0_S0_PfE3cdf_32' is power-on initialization.
WARNING: [RTGEN 206-101] Register 'p_ZZ10top_kernelPKfS0_S0_PfE3cdf_33' is power-on initialization.
WARNING: [RTGEN 206-101] Register 'p_ZZ10top_kernelPKfS0_S0_PfE3cdf_34' is power-on initialization.
WARNING: [RTGEN 206-101] Register 'p_ZZ10top_kernelPKfS0_S0_PfE3cdf_35' is power-on initialization.
WARNING: [RTGEN 206-101] Register 'p_ZZ10top_kernelPKfS0_S0_PfE3cdf_36' is power-on initialization.
WARNING: [RTGEN 206-101] Register 'p_ZZ10top_kernelPKfS0_S0_PfE3cdf_37' is power-on initialization.
WARNING: [RTGEN 206-101] Register 'p_ZZ10top_kernelPKfS0_S0_PfE3cdf_38' is power-on initialization.
WARNING: [RTGEN 206-101] Register 'p_ZZ10top_kernelPKfS0_S0_PfE3cdf_39' is power-on initialization.
WARNING: [RTGEN 206-101] Register 'p_ZZ10top_kernelPKfS0_S0_PfE3cdf_40' is power-on initialization.
WARNING: [RTGEN 206-101] Register 'p_ZZ10top_kernelPKfS0_S0_PfE3cdf_41' is power-on initialization.
WARNING: [RTGEN 206-101] Register 'p_ZZ10top_kernelPKfS0_S0_PfE3cdf_42' is power-on initialization.
WARNING: [RTGEN 206-101] Register 'p_ZZ10top_kernelPKfS0_S0_PfE3cdf_43' is power-on initialization.
WARNING: [RTGEN 206-101] Register 'p_ZZ10top_kernelPKfS0_S0_PfE3cdf_44' is power-on initialization.
WARNING: [RTGEN 206-101] Register 'p_ZZ10top_kernelPKfS0_S0_PfE3cdf_45' is power-on initialization.
WARNING: [RTGEN 206-101] Register 'p_ZZ10top_kernelPKfS0_S0_PfE3cdf_46' is power-on initialization.
WARNING: [RTGEN 206-101] Register 'p_ZZ10top_kernelPKfS0_S0_PfE3cdf_47' is power-on initialization.
WARNING: [RTGEN 206-101] Register 'p_ZZ10top_kernelPKfS0_S0_PfE3cdf_48' is power-on initialization.
WARNING: [RTGEN 206-101] Register 'p_ZZ10top_kernelPKfS0_S0_PfE3cdf_49' is power-on initialization.
WARNING: [RTGEN 206-101] Register 'p_ZZ10top_kernelPKfS0_S0_PfE3cdf_50' is power-on initialization.
WARNING: [RTGEN 206-101] Register 'p_ZZ10top_kernelPKfS0_S0_PfE3cdf_51' is power-on initialization.
WARNING: [RTGEN 206-101] Register 'p_ZZ10top_kernelPKfS0_S0_PfE3cdf_52' is power-on initialization.
WARNING: [RTGEN 206-101] Register 'p_ZZ10top_kernelPKfS0_S0_PfE3cdf_53' is power-on initialization.
WARNING: [RTGEN 206-101] Register 'p_ZZ10top_kernelPKfS0_S0_PfE3cdf_54' is power-on initialization.
WARNING: [RTGEN 206-101] Register 'p_ZZ10top_kernelPKfS0_S0_PfE3cdf_55' is power-on initialization.
WARNING: [RTGEN 206-101] Register 'p_ZZ10top_kernelPKfS0_S0_PfE3cdf_56' is power-on initialization.
WARNING: [RTGEN 206-101] Register 'p_ZZ10top_kernelPKfS0_S0_PfE3cdf_57' is power-on initialization.
WARNING: [RTGEN 206-101] Register 'p_ZZ10top_kernelPKfS0_S0_PfE3cdf_58' is power-on initialization.
WARNING: [RTGEN 206-101] Register 'p_ZZ10top_kernelPKfS0_S0_PfE3cdf_59' is power-on initialization.
WARNING: [RTGEN 206-101] Register 'p_ZZ10top_kernelPKfS0_S0_PfE3cdf_60' is power-on initialization.
WARNING: [RTGEN 206-101] Register 'p_ZZ10top_kernelPKfS0_S0_PfE3cdf_61' is power-on initialization.
WARNING: [RTGEN 206-101] Register 'p_ZZ10top_kernelPKfS0_S0_PfE3cdf_62' is power-on initialization.
WARNING: [RTGEN 206-101] Register 'p_ZZ10top_kernelPKfS0_S0_PfE3cdf_63' is power-on initialization.
WARNING: [RTGEN 206-101] Register 'p_ZZ10top_kernelPKfS0_S0_PfE3cdf_64' is power-on initialization.
WARNING: [RTGEN 206-101] Register 'p_ZZ10top_kernelPKfS0_S0_PfE3cdf_65' is power-on initialization.
WARNING: [RTGEN 206-101] Register 'p_ZZ10top_kernelPKfS0_S0_PfE3cdf_66' is power-on initialization.
WARNING: [RTGEN 206-101] Register 'p_ZZ10top_kernelPKfS0_S0_PfE3cdf_67' is power-on initialization.
WARNING: [RTGEN 206-101] Register 'p_ZZ10top_kernelPKfS0_S0_PfE3cdf_68' is power-on initialization.
WARNING: [RTGEN 206-101] Register 'p_ZZ10top_kernelPKfS0_S0_PfE3cdf_69' is power-on initialization.
WARNING: [RTGEN 206-101] Register 'p_ZZ10top_kernelPKfS0_S0_PfE3cdf_70' is power-on initialization.
WARNING: [RTGEN 206-101] Register 'p_ZZ10top_kernelPKfS0_S0_PfE3cdf_71' is power-on initialization.
WARNING: [RTGEN 206-101] Register 'p_ZZ10top_kernelPKfS0_S0_PfE3cdf_72' is power-on initialization.
WARNING: [RTGEN 206-101] Register 'p_ZZ10top_kernelPKfS0_S0_PfE3cdf_73' is power-on initialization.
WARNING: [RTGEN 206-101] Register 'p_ZZ10top_kernelPKfS0_S0_PfE3cdf_74' is power-on initialization.
WARNING: [RTGEN 206-101] Register 'p_ZZ10top_kernelPKfS0_S0_PfE3cdf_75' is power-on initialization.
WARNING: [RTGEN 206-101] Register 'p_ZZ10top_kernelPKfS0_S0_PfE3cdf_76' is power-on initialization.
WARNING: [RTGEN 206-101] Register 'p_ZZ10top_kernelPKfS0_S0_PfE3cdf_77' is power-on initialization.
WARNING: [RTGEN 206-101] Register 'p_ZZ10top_kernelPKfS0_S0_PfE3cdf_78' is power-on initialization.
WARNING: [RTGEN 206-101] Register 'p_ZZ10top_kernelPKfS0_S0_PfE3cdf_79' is power-on initialization.
WARNING: [RTGEN 206-101] Register 'p_ZZ10top_kernelPKfS0_S0_PfE3cdf_80' is power-on initialization.
WARNING: [RTGEN 206-101] Register 'p_ZZ10top_kernelPKfS0_S0_PfE3cdf_81' is power-on initialization.
WARNING: [RTGEN 206-101] Register 'p_ZZ10top_kernelPKfS0_S0_PfE3cdf_82' is power-on initialization.
WARNING: [RTGEN 206-101] Register 'p_ZZ10top_kernelPKfS0_S0_PfE3cdf_83' is power-on initialization.
WARNING: [RTGEN 206-101] Register 'p_ZZ10top_kernelPKfS0_S0_PfE3cdf_84' is power-on initialization.
WARNING: [RTGEN 206-101] Register 'p_ZZ10top_kernelPKfS0_S0_PfE3cdf_85' is power-on initialization.
WARNING: [RTGEN 206-101] Register 'p_ZZ10top_kernelPKfS0_S0_PfE3cdf_86' is power-on initialization.
WARNING: [RTGEN 206-101] Register 'p_ZZ10top_kernelPKfS0_S0_PfE3cdf_87' is power-on initialization.
WARNING: [RTGEN 206-101] Register 'p_ZZ10top_kernelPKfS0_S0_PfE3cdf_88' is power-on initialization.
WARNING: [RTGEN 206-101] Register 'p_ZZ10top_kernelPKfS0_S0_PfE3cdf_89' is power-on initialization.
WARNING: [RTGEN 206-101] Register 'p_ZZ10top_kernelPKfS0_S0_PfE3cdf_90' is power-on initialization.
WARNING: [RTGEN 206-101] Register 'p_ZZ10top_kernelPKfS0_S0_PfE3cdf_91' is power-on initialization.
WARNING: [RTGEN 206-101] Register 'p_ZZ10top_kernelPKfS0_S0_PfE3cdf_92' is power-on initialization.
WARNING: [RTGEN 206-101] Register 'p_ZZ10top_kernelPKfS0_S0_PfE3cdf_93' is power-on initialization.
WARNING: [RTGEN 206-101] Register 'p_ZZ10top_kernelPKfS0_S0_PfE3cdf_94' is power-on initialization.
WARNING: [RTGEN 206-101] Register 'p_ZZ10top_kernelPKfS0_S0_PfE3cdf_95' is power-on initialization.
WARNING: [RTGEN 206-101] Register 'p_ZZ10top_kernelPKfS0_S0_PfE3cdf_96' is power-on initialization.
WARNING: [RTGEN 206-101] Register 'p_ZZ10top_kernelPKfS0_S0_PfE3cdf_97' is power-on initialization.
WARNING: [RTGEN 206-101] Register 'p_ZZ10top_kernelPKfS0_S0_PfE3cdf_98' is power-on initialization.
WARNING: [RTGEN 206-101] Register 'p_ZZ10top_kernelPKfS0_S0_PfE3cdf_99' is power-on initialization.
WARNING: [RTGEN 206-101] Register 'p_ZZ10top_kernelPKfS0_S0_PfE3cdf_100' is power-on initialization.
WARNING: [RTGEN 206-101] Register 'p_ZZ10top_kernelPKfS0_S0_PfE3cdf_101' is power-on initialization.
WARNING: [RTGEN 206-101] Register 'p_ZZ10top_kernelPKfS0_S0_PfE3cdf_102' is power-on initialization.
WARNING: [RTGEN 206-101] Register 'p_ZZ10top_kernelPKfS0_S0_PfE3cdf_103' is power-on initialization.
WARNING: [RTGEN 206-101] Register 'p_ZZ10top_kernelPKfS0_S0_PfE3cdf_104' is power-on initialization.
WARNING: [RTGEN 206-101] Register 'p_ZZ10top_kernelPKfS0_S0_PfE3cdf_105' is power-on initialization.
WARNING: [RTGEN 206-101] Register 'p_ZZ10top_kernelPKfS0_S0_PfE3cdf_106' is power-on initialization.
WARNING: [RTGEN 206-101] Register 'p_ZZ10top_kernelPKfS0_S0_PfE3cdf_107' is power-on initialization.
WARNING: [RTGEN 206-101] Register 'p_ZZ10top_kernelPKfS0_S0_PfE3cdf_108' is power-on initialization.
WARNING: [RTGEN 206-101] Register 'p_ZZ10top_kernelPKfS0_S0_PfE3cdf_109' is power-on initialization.
WARNING: [RTGEN 206-101] Register 'p_ZZ10top_kernelPKfS0_S0_PfE3cdf_110' is power-on initialization.
WARNING: [RTGEN 206-101] Register 'p_ZZ10top_kernelPKfS0_S0_PfE3cdf_111' is power-on initialization.
WARNING: [RTGEN 206-101] Register 'p_ZZ10top_kernelPKfS0_S0_PfE3cdf_112' is power-on initialization.
WARNING: [RTGEN 206-101] Register 'p_ZZ10top_kernelPKfS0_S0_PfE3cdf_113' is power-on initialization.
WARNING: [RTGEN 206-101] Register 'p_ZZ10top_kernelPKfS0_S0_PfE3cdf_114' is power-on initialization.
WARNING: [RTGEN 206-101] Register 'p_ZZ10top_kernelPKfS0_S0_PfE3cdf_115' is power-on initialization.
WARNING: [RTGEN 206-101] Register 'p_ZZ10top_kernelPKfS0_S0_PfE3cdf_116' is power-on initialization.
WARNING: [RTGEN 206-101] Register 'p_ZZ10top_kernelPKfS0_S0_PfE3cdf_117' is power-on initialization.
WARNING: [RTGEN 206-101] Register 'p_ZZ10top_kernelPKfS0_S0_PfE3cdf_118' is power-on initialization.
WARNING: [RTGEN 206-101] Register 'p_ZZ10top_kernelPKfS0_S0_PfE3cdf_119' is power-on initialization.
WARNING: [RTGEN 206-101] Register 'p_ZZ10top_kernelPKfS0_S0_PfE3cdf_120' is power-on initialization.
WARNING: [RTGEN 206-101] Register 'p_ZZ10top_kernelPKfS0_S0_PfE3cdf_121' is power-on initialization.
WARNING: [RTGEN 206-101] Register 'p_ZZ10top_kernelPKfS0_S0_PfE3cdf_122' is power-on initialization.
WARNING: [RTGEN 206-101] Register 'p_ZZ10top_kernelPKfS0_S0_PfE3cdf_123' is power-on initialization.
WARNING: [RTGEN 206-101] Register 'p_ZZ10top_kernelPKfS0_S0_PfE3cdf_124' is power-on initialization.
WARNING: [RTGEN 206-101] Register 'p_ZZ10top_kernelPKfS0_S0_PfE3cdf_125' is power-on initialization.
WARNING: [RTGEN 206-101] Register 'p_ZZ10top_kernelPKfS0_S0_PfE3cdf_126' is power-on initialization.
WARNING: [RTGEN 206-101] Register 'p_ZZ10top_kernelPKfS0_S0_PfE3cdf_127' is power-on initialization.
WARNING: [RTGEN 206-101] Register 'p_ZZ10top_kernelPKfS0_S0_PfE3cdf_128' is power-on initialization.
WARNING: [RTGEN 206-101] Register 'p_ZZ10top_kernelPKfS0_S0_PfE3cdf_129' is power-on initialization.
WARNING: [RTGEN 206-101] Register 'p_ZZ10top_kernelPKfS0_S0_PfE3cdf_130' is power-on initialization.
WARNING: [RTGEN 206-101] Register 'p_ZZ10top_kernelPKfS0_S0_PfE3cdf_131' is power-on initialization.
WARNING: [RTGEN 206-101] Register 'p_ZZ10top_kernelPKfS0_S0_PfE3cdf_132' is power-on initialization.
WARNING: [RTGEN 206-101] Register 'p_ZZ10top_kernelPKfS0_S0_PfE3cdf_133' is power-on initialization.
WARNING: [RTGEN 206-101] Register 'p_ZZ10top_kernelPKfS0_S0_PfE3cdf_134' is power-on initialization.
WARNING: [RTGEN 206-101] Register 'p_ZZ10top_kernelPKfS0_S0_PfE3cdf_135' is power-on initialization.
WARNING: [RTGEN 206-101] Register 'p_ZZ10top_kernelPKfS0_S0_PfE3cdf_136' is power-on initialization.
WARNING: [RTGEN 206-101] Register 'p_ZZ10top_kernelPKfS0_S0_PfE3cdf_137' is power-on initialization.
WARNING: [RTGEN 206-101] Register 'p_ZZ10top_kernelPKfS0_S0_PfE3cdf_138' is power-on initialization.
WARNING: [RTGEN 206-101] Register 'p_ZZ10top_kernelPKfS0_S0_PfE3cdf_139' is power-on initialization.
WARNING: [RTGEN 206-101] Register 'p_ZZ10top_kernelPKfS0_S0_PfE3cdf_140' is power-on initialization.
WARNING: [RTGEN 206-101] Register 'p_ZZ10top_kernelPKfS0_S0_PfE3cdf_141' is power-on initialization.
WARNING: [RTGEN 206-101] Register 'p_ZZ10top_kernelPKfS0_S0_PfE3cdf_142' is power-on initialization.
WARNING: [RTGEN 206-101] Register 'p_ZZ10top_kernelPKfS0_S0_PfE3cdf_143' is power-on initialization.
WARNING: [RTGEN 206-101] Register 'p_ZZ10top_kernelPKfS0_S0_PfE3cdf_144' is power-on initialization.
WARNING: [RTGEN 206-101] Register 'p_ZZ10top_kernelPKfS0_S0_PfE3cdf_145' is power-on initialization.
WARNING: [RTGEN 206-101] Register 'p_ZZ10top_kernelPKfS0_S0_PfE3cdf_146' is power-on initialization.
WARNING: [RTGEN 206-101] Register 'p_ZZ10top_kernelPKfS0_S0_PfE3cdf_147' is power-on initialization.
WARNING: [RTGEN 206-101] Register 'p_ZZ10top_kernelPKfS0_S0_PfE3cdf_148' is power-on initialization.
WARNING: [RTGEN 206-101] Register 'p_ZZ10top_kernelPKfS0_S0_PfE3cdf_149' is power-on initialization.
WARNING: [RTGEN 206-101] Register 'p_ZZ10top_kernelPKfS0_S0_PfE3cdf_150' is power-on initialization.
WARNING: [RTGEN 206-101] Register 'p_ZZ10top_kernelPKfS0_S0_PfE3cdf_151' is power-on initialization.
WARNING: [RTGEN 206-101] Register 'p_ZZ10top_kernelPKfS0_S0_PfE3cdf_152' is power-on initialization.
WARNING: [RTGEN 206-101] Register 'p_ZZ10top_kernelPKfS0_S0_PfE3cdf_153' is power-on initialization.
WARNING: [RTGEN 206-101] Register 'p_ZZ10top_kernelPKfS0_S0_PfE3cdf_154' is power-on initialization.
WARNING: [RTGEN 206-101] Register 'p_ZZ10top_kernelPKfS0_S0_PfE3cdf_155' is power-on initialization.
WARNING: [RTGEN 206-101] Register 'p_ZZ10top_kernelPKfS0_S0_PfE3cdf_156' is power-on initialization.
WARNING: [RTGEN 206-101] Register 'p_ZZ10top_kernelPKfS0_S0_PfE3cdf_157' is power-on initialization.
WARNING: [RTGEN 206-101] Register 'p_ZZ10top_kernelPKfS0_S0_PfE3cdf_158' is power-on initialization.
WARNING: [RTGEN 206-101] Register 'p_ZZ10top_kernelPKfS0_S0_PfE3cdf_159' is power-on initialization.
WARNING: [RTGEN 206-101] Register 'p_ZZ10top_kernelPKfS0_S0_PfE3cdf_160' is power-on initialization.
WARNING: [RTGEN 206-101] Register 'p_ZZ10top_kernelPKfS0_S0_PfE3cdf_161' is power-on initialization.
WARNING: [RTGEN 206-101] Register 'p_ZZ10top_kernelPKfS0_S0_PfE3cdf_162' is power-on initialization.
WARNING: [RTGEN 206-101] Register 'p_ZZ10top_kernelPKfS0_S0_PfE3cdf_163' is power-on initialization.
WARNING: [RTGEN 206-101] Register 'p_ZZ10top_kernelPKfS0_S0_PfE3cdf_164' is power-on initialization.
WARNING: [RTGEN 206-101] Register 'p_ZZ10top_kernelPKfS0_S0_PfE3cdf_165' is power-on initialization.
WARNING: [RTGEN 206-101] Register 'p_ZZ10top_kernelPKfS0_S0_PfE3cdf_166' is power-on initialization.
WARNING: [RTGEN 206-101] Register 'p_ZZ10top_kernelPKfS0_S0_PfE3cdf_167' is power-on initialization.
WARNING: [RTGEN 206-101] Register 'p_ZZ10top_kernelPKfS0_S0_PfE3cdf_168' is power-on initialization.
WARNING: [RTGEN 206-101] Register 'p_ZZ10top_kernelPKfS0_S0_PfE3cdf_169' is power-on initialization.
WARNING: [RTGEN 206-101] Register 'p_ZZ10top_kernelPKfS0_S0_PfE3cdf_170' is power-on initialization.
WARNING: [RTGEN 206-101] Register 'p_ZZ10top_kernelPKfS0_S0_PfE3cdf_171' is power-on initialization.
WARNING: [RTGEN 206-101] Register 'p_ZZ10top_kernelPKfS0_S0_PfE3cdf_172' is power-on initialization.
WARNING: [RTGEN 206-101] Register 'p_ZZ10top_kernelPKfS0_S0_PfE3cdf_173' is power-on initialization.
WARNING: [RTGEN 206-101] Register 'p_ZZ10top_kernelPKfS0_S0_PfE3cdf_174' is power-on initialization.
WARNING: [RTGEN 206-101] Register 'p_ZZ10top_kernelPKfS0_S0_PfE3cdf_175' is power-on initialization.
WARNING: [RTGEN 206-101] Register 'p_ZZ10top_kernelPKfS0_S0_PfE3cdf_176' is power-on initialization.
WARNING: [RTGEN 206-101] Register 'p_ZZ10top_kernelPKfS0_S0_PfE3cdf_177' is power-on initialization.
WARNING: [RTGEN 206-101] Register 'p_ZZ10top_kernelPKfS0_S0_PfE3cdf_178' is power-on initialization.
WARNING: [RTGEN 206-101] Register 'p_ZZ10top_kernelPKfS0_S0_PfE3cdf_179' is power-on initialization.
WARNING: [RTGEN 206-101] Register 'p_ZZ10top_kernelPKfS0_S0_PfE3cdf_180' is power-on initialization.
WARNING: [RTGEN 206-101] Register 'p_ZZ10top_kernelPKfS0_S0_PfE3cdf_181' is power-on initialization.
WARNING: [RTGEN 206-101] Register 'p_ZZ10top_kernelPKfS0_S0_PfE3cdf_182' is power-on initialization.
WARNING: [RTGEN 206-101] Register 'p_ZZ10top_kernelPKfS0_S0_PfE3cdf_183' is power-on initialization.
WARNING: [RTGEN 206-101] Register 'p_ZZ10top_kernelPKfS0_S0_PfE3cdf_184' is power-on initialization.
WARNING: [RTGEN 206-101] Register 'p_ZZ10top_kernelPKfS0_S0_PfE3cdf_185' is power-on initialization.
WARNING: [RTGEN 206-101] Register 'p_ZZ10top_kernelPKfS0_S0_PfE3cdf_186' is power-on initialization.
WARNING: [RTGEN 206-101] Register 'p_ZZ10top_kernelPKfS0_S0_PfE3cdf_187' is power-on initialization.
WARNING: [RTGEN 206-101] Register 'p_ZZ10top_kernelPKfS0_S0_PfE3cdf_188' is power-on initialization.
WARNING: [RTGEN 206-101] Register 'p_ZZ10top_kernelPKfS0_S0_PfE3cdf_189' is power-on initialization.
WARNING: [RTGEN 206-101] Register 'p_ZZ10top_kernelPKfS0_S0_PfE3cdf_190' is power-on initialization.
WARNING: [RTGEN 206-101] Register 'p_ZZ10top_kernelPKfS0_S0_PfE3cdf_191' is power-on initialization.
WARNING: [RTGEN 206-101] Register 'p_ZZ10top_kernelPKfS0_S0_PfE3cdf_192' is power-on initialization.
WARNING: [RTGEN 206-101] Register 'p_ZZ10top_kernelPKfS0_S0_PfE3cdf_193' is power-on initialization.
WARNING: [RTGEN 206-101] Register 'p_ZZ10top_kernelPKfS0_S0_PfE3cdf_194' is power-on initialization.
WARNING: [RTGEN 206-101] Register 'p_ZZ10top_kernelPKfS0_S0_PfE3cdf_195' is power-on initialization.
WARNING: [RTGEN 206-101] Register 'p_ZZ10top_kernelPKfS0_S0_PfE3cdf_196' is power-on initialization.
WARNING: [RTGEN 206-101] Register 'p_ZZ10top_kernelPKfS0_S0_PfE3cdf_197' is power-on initialization.
WARNING: [RTGEN 206-101] Register 'p_ZZ10top_kernelPKfS0_S0_PfE3cdf_198' is power-on initialization.
WARNING: [RTGEN 206-101] Register 'p_ZZ10top_kernelPKfS0_S0_PfE3cdf_199' is power-on initialization.
WARNING: [RTGEN 206-101] Register 'p_ZZ10top_kernelPKfS0_S0_PfE3cdf_200' is power-on initialization.
WARNING: [RTGEN 206-101] Register 'p_ZZ10top_kernelPKfS0_S0_PfE3cdf_201' is power-on initialization.
WARNING: [RTGEN 206-101] Register 'p_ZZ10top_kernelPKfS0_S0_PfE3cdf_202' is power-on initialization.
WARNING: [RTGEN 206-101] Register 'p_ZZ10top_kernelPKfS0_S0_PfE3cdf_203' is power-on initialization.
WARNING: [RTGEN 206-101] Register 'p_ZZ10top_kernelPKfS0_S0_PfE3cdf_204' is power-on initialization.
WARNING: [RTGEN 206-101] Register 'p_ZZ10top_kernelPKfS0_S0_PfE3cdf_205' is power-on initialization.
WARNING: [RTGEN 206-101] Register 'p_ZZ10top_kernelPKfS0_S0_PfE3cdf_206' is power-on initialization.
WARNING: [RTGEN 206-101] Register 'p_ZZ10top_kernelPKfS0_S0_PfE3cdf_207' is power-on initialization.
WARNING: [RTGEN 206-101] Register 'p_ZZ10top_kernelPKfS0_S0_PfE3cdf_208' is power-on initialization.
WARNING: [RTGEN 206-101] Register 'p_ZZ10top_kernelPKfS0_S0_PfE3cdf_209' is power-on initialization.
WARNING: [RTGEN 206-101] Register 'p_ZZ10top_kernelPKfS0_S0_PfE3cdf_210' is power-on initialization.
WARNING: [RTGEN 206-101] Register 'p_ZZ10top_kernelPKfS0_S0_PfE3cdf_211' is power-on initialization.
WARNING: [RTGEN 206-101] Register 'p_ZZ10top_kernelPKfS0_S0_PfE3cdf_212' is power-on initialization.
WARNING: [RTGEN 206-101] Register 'p_ZZ10top_kernelPKfS0_S0_PfE3cdf_213' is power-on initialization.
WARNING: [RTGEN 206-101] Register 'p_ZZ10top_kernelPKfS0_S0_PfE3cdf_214' is power-on initialization.
WARNING: [RTGEN 206-101] Register 'p_ZZ10top_kernelPKfS0_S0_PfE3cdf_215' is power-on initialization.
WARNING: [RTGEN 206-101] Register 'p_ZZ10top_kernelPKfS0_S0_PfE3cdf_216' is power-on initialization.
WARNING: [RTGEN 206-101] Register 'p_ZZ10top_kernelPKfS0_S0_PfE3cdf_217' is power-on initialization.
WARNING: [RTGEN 206-101] Register 'p_ZZ10top_kernelPKfS0_S0_PfE3cdf_218' is power-on initialization.
WARNING: [RTGEN 206-101] Register 'p_ZZ10top_kernelPKfS0_S0_PfE3cdf_219' is power-on initialization.
WARNING: [RTGEN 206-101] Register 'p_ZZ10top_kernelPKfS0_S0_PfE3cdf_220' is power-on initialization.
WARNING: [RTGEN 206-101] Register 'p_ZZ10top_kernelPKfS0_S0_PfE3cdf_221' is power-on initialization.
WARNING: [RTGEN 206-101] Register 'p_ZZ10top_kernelPKfS0_S0_PfE3cdf_222' is power-on initialization.
WARNING: [RTGEN 206-101] Register 'p_ZZ10top_kernelPKfS0_S0_PfE3cdf_223' is power-on initialization.
WARNING: [RTGEN 206-101] Register 'p_ZZ10top_kernelPKfS0_S0_PfE3cdf_224' is power-on initialization.
WARNING: [RTGEN 206-101] Register 'p_ZZ10top_kernelPKfS0_S0_PfE3cdf_225' is power-on initialization.
WARNING: [RTGEN 206-101] Register 'p_ZZ10top_kernelPKfS0_S0_PfE3cdf_226' is power-on initialization.
WARNING: [RTGEN 206-101] Register 'p_ZZ10top_kernelPKfS0_S0_PfE3cdf_227' is power-on initialization.
WARNING: [RTGEN 206-101] Register 'p_ZZ10top_kernelPKfS0_S0_PfE3cdf_228' is power-on initialization.
WARNING: [RTGEN 206-101] Register 'p_ZZ10top_kernelPKfS0_S0_PfE3cdf_229' is power-on initialization.
WARNING: [RTGEN 206-101] Register 'p_ZZ10top_kernelPKfS0_S0_PfE3cdf_230' is power-on initialization.
WARNING: [RTGEN 206-101] Register 'p_ZZ10top_kernelPKfS0_S0_PfE3cdf_231' is power-on initialization.
WARNING: [RTGEN 206-101] Register 'p_ZZ10top_kernelPKfS0_S0_PfE3cdf_232' is power-on initialization.
WARNING: [RTGEN 206-101] Register 'p_ZZ10top_kernelPKfS0_S0_PfE3cdf_233' is power-on initialization.
WARNING: [RTGEN 206-101] Register 'p_ZZ10top_kernelPKfS0_S0_PfE3cdf_234' is power-on initialization.
WARNING: [RTGEN 206-101] Register 'p_ZZ10top_kernelPKfS0_S0_PfE3cdf_235' is power-on initialization.
WARNING: [RTGEN 206-101] Register 'p_ZZ10top_kernelPKfS0_S0_PfE3cdf_236' is power-on initialization.
WARNING: [RTGEN 206-101] Register 'p_ZZ10top_kernelPKfS0_S0_PfE3cdf_237' is power-on initialization.
WARNING: [RTGEN 206-101] Register 'p_ZZ10top_kernelPKfS0_S0_PfE3cdf_238' is power-on initialization.
WARNING: [RTGEN 206-101] Register 'p_ZZ10top_kernelPKfS0_S0_PfE3cdf_239' is power-on initialization.
WARNING: [RTGEN 206-101] Register 'p_ZZ10top_kernelPKfS0_S0_PfE3cdf_240' is power-on initialization.
WARNING: [RTGEN 206-101] Register 'p_ZZ10top_kernelPKfS0_S0_PfE3cdf_241' is power-on initialization.
WARNING: [RTGEN 206-101] Register 'p_ZZ10top_kernelPKfS0_S0_PfE3cdf_242' is power-on initialization.
WARNING: [RTGEN 206-101] Register 'p_ZZ10top_kernelPKfS0_S0_PfE3cdf_243' is power-on initialization.
WARNING: [RTGEN 206-101] Register 'p_ZZ10top_kernelPKfS0_S0_PfE3cdf_244' is power-on initialization.
WARNING: [RTGEN 206-101] Register 'p_ZZ10top_kernelPKfS0_S0_PfE3cdf_245' is power-on initialization.
WARNING: [RTGEN 206-101] Register 'p_ZZ10top_kernelPKfS0_S0_PfE3cdf_246' is power-on initialization.
WARNING: [RTGEN 206-101] Register 'p_ZZ10top_kernelPKfS0_S0_PfE3cdf_247' is power-on initialization.
WARNING: [RTGEN 206-101] Register 'p_ZZ10top_kernelPKfS0_S0_PfE3cdf_248' is power-on initialization.
WARNING: [RTGEN 206-101] Register 'p_ZZ10top_kernelPKfS0_S0_PfE3cdf_249' is power-on initialization.
WARNING: [RTGEN 206-101] Register 'p_ZZ10top_kernelPKfS0_S0_PfE3cdf_250' is power-on initialization.
WARNING: [RTGEN 206-101] Register 'p_ZZ10top_kernelPKfS0_S0_PfE3cdf_251' is power-on initialization.
WARNING: [RTGEN 206-101] Register 'p_ZZ10top_kernelPKfS0_S0_PfE3cdf_252' is power-on initialization.
WARNING: [RTGEN 206-101] Register 'p_ZZ10top_kernelPKfS0_S0_PfE3cdf_253' is power-on initialization.
WARNING: [RTGEN 206-101] Register 'p_ZZ10top_kernelPKfS0_S0_PfE3cdf_254' is power-on initialization.
WARNING: [RTGEN 206-101] Register 'p_ZZ10top_kernelPKfS0_S0_PfE3cdf_255' is power-on initialization.
INFO: [SYN 201-210] Renamed object name 'top_kernel_float_const_float_const_float_const_float_gaussian_blurred_RAM_AUTO_1R1W' to 'top_kernel_float_const_float_const_float_const_float_gaussian_blurred_RAM_AUTbkb' due to the length limit 80
INFO: [SYN 201-210] Renamed object name 'top_kernel_float_const_float_const_float_const_float_gaussian_blurred_26_RAM_AUTO_1R1W' to 'top_kernel_float_const_float_const_float_const_float_gaussian_blurred_26_RAM_cud' due to the length limit 80
INFO: [SYN 201-210] Renamed object name 'top_kernel_float_const_float_const_float_const_float_gaussian_blurred_27_RAM_AUTO_1R1W' to 'top_kernel_float_const_float_const_float_const_float_gaussian_blurred_27_RAM_dEe' due to the length limit 80
INFO: [RTGEN 206-100] Bundling port 'in_r', 'in_g', 'in_b', 'out_r' and 'return' to AXI-Lite port control.
INFO: [RTGEN 206-104] Estimated max fanout for 'top_kernel' is 8250 from HDL expression: (1'b1 == ap_CS_fsm_state33)
INFO: [RTGEN 206-100] Generating core module 'fadd_32ns_32ns_32_10_full_dsp_1': 12 instance(s).
INFO: [RTGEN 206-100] Generating core module 'faddfsub_32ns_32ns_32_10_full_dsp_1': 6 instance(s).
INFO: [RTGEN 206-100] Generating core module 'fcmp_32ns_32ns_1_3_no_dsp_1': 1 instance(s).
INFO: [RTGEN 206-100] Generating core module 'fdiv_32ns_32ns_32_30_no_dsp_1': 2 instance(s).
INFO: [RTGEN 206-100] Generating core module 'fmul_32ns_32ns_32_7_max_dsp_1': 18 instance(s).
INFO: [RTGEN 206-100] Generating core module 'mul_6ns_6ns_11_1_1': 2 instance(s).
INFO: [RTGEN 206-100] Generating core module 'mul_6ns_8ns_13_1_1': 2 instance(s).
INFO: [RTGEN 206-100] Generating core module 'sitofp_32ns_32_7_no_dsp_1': 1 instance(s).
INFO: [RTGEN 206-100] Generating core module 'sparsemux_17_3_32_1_1': 2 instance(s).
INFO: [RTGEN 206-100] Generating core module 'sparsemux_511_8_32_1_1': 1 instance(s).
INFO: [RTGEN 206-100] Generating core module 'sparsemux_513_8_32_1_1': 1 instance(s).
INFO: [RTGEN 206-100] Generating core module 'sparsemux_7_2_32_1_1': 2 instance(s).
INFO: [RTGEN 206-100] Finished creating RTL model for 'top_kernel'.
INFO: [RTMG 210-278] Implementing memory 'top_kernel_intensity_RAM_AUTO_1R1W' using auto RAMs.
INFO: [RTMG 210-278] Implementing memory 'top_kernel_top_kernel_float_const_float_const_float_const_float_equalized_RAM_AUTO_1R1W' using auto RAMs.
INFO: [RTMG 210-278] Implementing memory 'top_kernel_top_kernel_float_const_float_const_float_const_float_gaussian_blurred_RAM_AUTbkb' using auto RAMs.
INFO: [RTMG 210-278] Implementing memory 'top_kernel_bilateral_filtered_RAM_AUTO_1R1W' using auto RAMs.
INFO: [RTMG 210-278] Implementing memory 'top_kernel_dilated_RAM_AUTO_1R1W' using auto RAMs.
INFO: [HLS 200-111] Finished Creating RTL model: CPU user time: 1.09 seconds. CPU system time: 0.11 seconds. Elapsed time: 1.34 seconds; current allocated memory: 2.279 GB.
INFO: [HLS 200-111] Finished Generating all RTL models: CPU user time: 2.29 seconds. CPU system time: 0.46 seconds. Elapsed time: 3.71 seconds; current allocated memory: 2.346 GB.
INFO: [HLS 200-1603] Design has inferred MAXI bursts and missed bursts, see Vitis HLS GUI synthesis summary report for detailed information.
INFO: [HLS 200-111] Finished Updating report files: CPU user time: 1.48 seconds. CPU system time: 0.13 seconds. Elapsed time: 1.74 seconds; current allocated memory: 2.346 GB.
INFO: [VHDL 208-304] Generating VHDL RTL for top_kernel.
INFO: [VLOG 209-307] Generating Verilog RTL for top_kernel.
INFO: [HLS 200-790] **** Loop Constraint Status: All loop constraints were NOT satisfied.
INFO: [HLS 200-789] **** Estimated Fmax: 301.20 MHz
INFO: [HLS 200-2161] Finished Command csynth_design Elapsed time: 00:06:43; Allocated memory: 1.574 GB.
INFO: [HLS 200-1510] Running: cosim_design 
INFO: [HLS 200-1915] Writing HLS config ini file /nethome/asandeep6/FPGA_ECE8893/2026_Spring/lab4/project_1/hls_config.cfg
INFO: [COSIM 212-47] Using XSIM for RTL simulation.
INFO: [COSIM 212-14] Instrumenting C test bench ...
   Build using "/tools/software/xilinx/2025.1.1/Vitis/lnx64/tools/vcxx/libexec/clang++"
   Compiling host.cpp_pre.cpp.tb.cpp
   Compiling apatb_top_kernel.cpp
   Compiling top.cpp_pre.cpp.tb.cpp
   Compiling apatb_top_kernel_ir.ll
   Generating cosim.tv.exe
INFO: [COSIM 212-302] Starting C TB testing ... 
>> Initializing Input Buffers...
>> Starting Golden Baseline (Software)...
K1: Intensity        [>                             ] 0 %K1: Intensity        [=======================>      ] 79 %K1: Intensity        [==============================] 100 %
K2: Equalize         [>                             ] 0 %K2: Equalize         [==============================] 100 %
K3: Gaussian         [========================>     ] 81 %K3: Gaussian         [==============================] 100 %
K4: Bilateral        [====>                         ] 16 %K4: Bilateral        [=========>                    ] 32 %K4: Bilateral        [==============>               ] 49 %K4: Bilateral        [===================>          ] 65 %K4: Bilateral        [========================>     ] 81 %K4: Bilateral        [=============================>] 98 %K4: Bilateral        [==============================] 100 %
K5: Morph (Erode)    [==============================] 100 %
K5: Morph (Dilate)   [==============================] 100 %
>> Starting Hardware Kernel Execution...
>> Hardware Execution Complete.
>> Verifying Results...

----------------------------------------
Max Error: 0.00793355
TEST PASSED
INFO: [COSIM 212-333] Generating C post check test bench ...
INFO: [COSIM 212-12] Generating RTL test bench ...

****** Vivado v2025.1.1 (64-bit)
  **** SW Build 6233196 on Thu Sep 11 21:27:11 MDT 2025
  **** IP Build 6232796 on Fri Sep 12 01:46:16 MDT 2025
  **** SharedData Build 6233195 on Thu Sep 11 17:56:43 MDT 2025
  **** Start of session at: Sat Apr  4 22:40:06 2026
    ** Copyright 1986-2022 Xilinx, Inc. All Rights Reserved.
    ** Copyright 2022-2025 Advanced Micro Devices, Inc. All Rights Reserved.

source run_vivado_gen_ip.tcl -notrace
INFO: [IP_Flow 19-234] Refreshing IP repositories
INFO: [IP_Flow 19-1704] No user IP repositories specified
INFO: [IP_Flow 19-2313] Loaded Vivado IP repository '/tools/software/xilinx/2025.1.1/data/ip'.
INFO: [IP_Flow 19-1686] Generating 'Synthesis' target for IP 'top_kernel_fadd_32ns_32ns_32_10_full_dsp_1_ip'...
INFO: [IP_Flow 19-1686] Generating 'Simulation' target for IP 'top_kernel_fadd_32ns_32ns_32_10_full_dsp_1_ip'...
INFO: [IP_Flow 19-1686] Generating 'Synthesis' target for IP 'top_kernel_fptrunc_64ns_32_3_no_dsp_1_ip'...
INFO: [IP_Flow 19-1686] Generating 'Simulation' target for IP 'top_kernel_fptrunc_64ns_32_3_no_dsp_1_ip'...
INFO: [IP_Flow 19-1686] Generating 'Synthesis' target for IP 'top_kernel_fpext_32ns_64_2_no_dsp_1_ip'...
INFO: [IP_Flow 19-1686] Generating 'Simulation' target for IP 'top_kernel_fpext_32ns_64_2_no_dsp_1_ip'...
INFO: [IP_Flow 19-1686] Generating 'Synthesis' target for IP 'top_kernel_dexp_64ns_64ns_64_58_full_dsp_1_ip'...
INFO: [IP_Flow 19-1686] Generating 'Simulation' target for IP 'top_kernel_dexp_64ns_64ns_64_58_full_dsp_1_ip'...
INFO: [IP_Flow 19-1686] Generating 'Synthesis' target for IP 'top_kernel_faddfsub_32ns_32ns_32_10_full_dsp_1_ip'...
INFO: [IP_Flow 19-1686] Generating 'Simulation' target for IP 'top_kernel_faddfsub_32ns_32ns_32_10_full_dsp_1_ip'...
INFO: [IP_Flow 19-1686] Generating 'Synthesis' target for IP 'top_kernel_fdiv_32ns_32ns_32_30_no_dsp_1_ip'...
INFO: [IP_Flow 19-1686] Generating 'Simulation' target for IP 'top_kernel_fdiv_32ns_32ns_32_30_no_dsp_1_ip'...
INFO: [IP_Flow 19-1686] Generating 'Synthesis' target for IP 'top_kernel_sitofp_32ns_32_7_no_dsp_1_ip'...
INFO: [IP_Flow 19-1686] Generating 'Simulation' target for IP 'top_kernel_sitofp_32ns_32_7_no_dsp_1_ip'...
INFO: [IP_Flow 19-1686] Generating 'Synthesis' target for IP 'top_kernel_fmul_32ns_32ns_32_7_max_dsp_1_ip'...
INFO: [IP_Flow 19-1686] Generating 'Simulation' target for IP 'top_kernel_fmul_32ns_32ns_32_7_max_dsp_1_ip'...
INFO: [IP_Flow 19-1686] Generating 'Synthesis' target for IP 'top_kernel_fcmp_32ns_32ns_1_3_no_dsp_1_ip'...
INFO: [IP_Flow 19-1686] Generating 'Simulation' target for IP 'top_kernel_fcmp_32ns_32ns_1_3_no_dsp_1_ip'...
INFO: [Common 17-206] Exiting Vivado at Sat Apr  4 22:40:28 2026...
INFO: [COSIM 212-1] *** C/RTL co-simulation file generation completed. ***
INFO: [COSIM 212-323] Starting verilog simulation. 
INFO: [COSIM 212-15] Starting XSIM ...
Vivado Simulator v2025.1.1
Copyright 1986-2022 Xilinx, Inc. All Rights Reserved.
Copyright 2022-2025 Advanced Micro Devices, Inc. All Rights Reserved.
Running: /tools/software/xilinx/2025.1.1/Vivado/bin/unwrapped/lnx64.o/xelab xil_defaultlib.apatb_top_kernel_top xil_defaultlib.glbl -Oenable_linking_all_libraries -prj top_kernel.prj -L smartconnect_v1_0 -L axi_protocol_checker_v1_1_12 -L axi_protocol_checker_v1_1_13 -L axis_protocol_checker_v1_1_11 -L axis_protocol_checker_v1_1_12 -L xil_defaultlib -L unisims_ver -L xpm -L floating_point_v7_1_20 -L floating_point_v7_0_25 --lib ieee_proposed=./ieee_proposed -L uvm -relax -i ./svr -i ./svtb -i ./file_agent -i ./top_kernel_subsystem -s top_kernel 
Multi-threading is on. Using 110 slave threads.
Determining compilation order of HDL files.
INFO: [VRFC 10-2263] Analyzing SystemVerilog file "/nethome/asandeep6/FPGA_ECE8893/2026_Spring/lab4/project_1/hls/sim/verilog/glbl.v" into library xil_defaultlib
INFO: [VRFC 10-311] analyzing module glbl
INFO: [VRFC 10-2263] Analyzing SystemVerilog file "/nethome/asandeep6/FPGA_ECE8893/2026_Spring/lab4/project_1/hls/sim/verilog/top_kernel.autotb.v" into library xil_defaultlib
INFO: [VRFC 10-311] analyzing module apatb_top_kernel_top
INFO: [VRFC 10-2263] Analyzing SystemVerilog file "/nethome/asandeep6/FPGA_ECE8893/2026_Spring/lab4/project_1/hls/sim/verilog/top_kernel_top_kernel_Outline_VITIS_LOOP_26_1.v" into library xil_defaultlib
INFO: [VRFC 10-311] analyzing module top_kernel_top_kernel_Outline_VITIS_LOOP_26_1
INFO: [VRFC 10-2263] Analyzing SystemVerilog file "/nethome/asandeep6/FPGA_ECE8893/2026_Spring/lab4/project_1/hls/sim/verilog/top_kernel_top_kernel_Outline_VITIS_LOOP_66_3.v" into library xil_defaultlib
INFO: [VRFC 10-311] analyzing module top_kernel_top_kernel_Outline_VITIS_LOOP_66_3
INFO: [VRFC 10-2263] Analyzing SystemVerilog file "/nethome/asandeep6/FPGA_ECE8893/2026_Spring/lab4/project_1/hls/sim/verilog/top_kernel_top_kernel_Pipeline_VITIS_LOOP_71_4_VITIS_LOOP_72_5.v" into library xil_defaultlib
INFO: [VRFC 10-311] analyzing module top_kernel_top_kernel_Pipeline_VITIS_LOOP_71_4_VITIS_LOOP_72_5
INFO: [VRFC 10-2263] Analyzing SystemVerilog file "/nethome/asandeep6/FPGA_ECE8893/2026_Spring/lab4/project_1/hls/sim/verilog/top_kernel_top_kernel_Pipeline_VITIS_LOOP_94_8_VITIS_LOOP_95_9.v" into library xil_defaultlib
INFO: [VRFC 10-311] analyzing module top_kernel_top_kernel_Pipeline_VITIS_LOOP_94_8_VITIS_LOOP_95_9
INFO: [VRFC 10-2263] Analyzing SystemVerilog file "/nethome/asandeep6/FPGA_ECE8893/2026_Spring/lab4/project_1/hls/sim/verilog/top_kernel_top_kernel_Pipeline_VITIS_LOOP_113_10_VITIS_LOOP_115_11.v" into library xil_defaultlib
INFO: [VRFC 10-311] analyzing module top_kernel_top_kernel_Pipeline_VITIS_LOOP_113_10_VITIS_LOOP_115_11
INFO: [VRFC 10-2263] Analyzing SystemVerilog file "/nethome/asandeep6/FPGA_ECE8893/2026_Spring/lab4/project_1/hls/sim/verilog/top_kernel_top_kernel_Pipeline_VITIS_LOOP_153_19_VITIS_LOOP_155_20.v" into library xil_defaultlib
INFO: [VRFC 10-311] analyzing module top_kernel_top_kernel_Pipeline_VITIS_LOOP_153_19_VITIS_LOOP_155_20
INFO: [VRFC 10-2263] Analyzing SystemVerilog file "/nethome/asandeep6/FPGA_ECE8893/2026_Spring/lab4/project_1/hls/sim/verilog/top_kernel_top_kernel_Pipeline_VITIS_LOOP_193_25_VITIS_LOOP_195_26.v" into library xil_defaultlib
INFO: [VRFC 10-311] analyzing module top_kernel_top_kernel_Pipeline_VITIS_LOOP_193_25_VITIS_LOOP_195_26
INFO: [VRFC 10-2263] Analyzing SystemVerilog file "/nethome/asandeep6/FPGA_ECE8893/2026_Spring/lab4/project_1/hls/sim/verilog/top_kernel_top_kernel_Pipeline_VITIS_LOOP_221_31_VITIS_LOOP_223_32.v" into library xil_defaultlib
INFO: [VRFC 10-311] analyzing module top_kernel_top_kernel_Pipeline_VITIS_LOOP_221_31_VITIS_LOOP_223_32
INFO: [VRFC 10-2263] Analyzing SystemVerilog file "/nethome/asandeep6/FPGA_ECE8893/2026_Spring/lab4/project_1/hls/sim/verilog/top_kernel.v" into library xil_defaultlib
INFO: [VRFC 10-311] analyzing module top_kernel
INFO: [VRFC 10-2263] Analyzing SystemVerilog file "/nethome/asandeep6/FPGA_ECE8893/2026_Spring/lab4/project_1/hls/sim/verilog/top_kernel_flow_control_loop_pipe_sequential_init.v" into library xil_defaultlib
INFO: [VRFC 10-311] analyzing module top_kernel_flow_control_loop_pipe_sequential_init
INFO: [VRFC 10-2263] Analyzing SystemVerilog file "/nethome/asandeep6/FPGA_ECE8893/2026_Spring/lab4/project_1/hls/sim/verilog/top_kernel_sparsemux_513_8_32_1_1.v" into library xil_defaultlib
INFO: [VRFC 10-311] analyzing module top_kernel_sparsemux_513_8_32_1_1
INFO: [VRFC 10-2263] Analyzing SystemVerilog file "/nethome/asandeep6/FPGA_ECE8893/2026_Spring/lab4/project_1/hls/sim/verilog/top_kernel_fadd_32ns_32ns_32_10_full_dsp_1.v" into library xil_defaultlib
INFO: [VRFC 10-311] analyzing module top_kernel_fadd_32ns_32ns_32_10_full_dsp_1
INFO: [VRFC 10-2263] Analyzing SystemVerilog file "/nethome/asandeep6/FPGA_ECE8893/2026_Spring/lab4/project_1/hls/sim/verilog/top_kernel_sparsemux_9_3_32_1_1.v" into library xil_defaultlib
INFO: [VRFC 10-311] analyzing module top_kernel_sparsemux_9_3_32_1_1
INFO: [VRFC 10-2263] Analyzing SystemVerilog file "/nethome/asandeep6/FPGA_ECE8893/2026_Spring/lab4/project_1/hls/sim/verilog/top_kernel_urem_6ns_3ns_2_10_1.v" into library xil_defaultlib
INFO: [VRFC 10-311] analyzing module top_kernel_urem_6ns_3ns_2_10_1_divider
INFO: [VRFC 10-311] analyzing module top_kernel_urem_6ns_3ns_2_10_1
INFO: [VRFC 10-2263] Analyzing SystemVerilog file "/nethome/asandeep6/FPGA_ECE8893/2026_Spring/lab4/project_1/hls/sim/verilog/top_kernel_mul_6ns_8ns_13_1_1.v" into library xil_defaultlib
INFO: [VRFC 10-311] analyzing module top_kernel_mul_6ns_8ns_13_1_1
INFO: [VRFC 10-2263] Analyzing SystemVerilog file "/nethome/asandeep6/FPGA_ECE8893/2026_Spring/lab4/project_1/hls/sim/verilog/top_kernel_mul_6ns_6ns_11_1_1.v" into library xil_defaultlib
INFO: [VRFC 10-311] analyzing module top_kernel_mul_6ns_6ns_11_1_1
INFO: [VRFC 10-2263] Analyzing SystemVerilog file "/nethome/asandeep6/FPGA_ECE8893/2026_Spring/lab4/project_1/hls/sim/verilog/top_kernel_fptrunc_64ns_32_3_no_dsp_1.v" into library xil_defaultlib
INFO: [VRFC 10-311] analyzing module top_kernel_fptrunc_64ns_32_3_no_dsp_1
INFO: [VRFC 10-2263] Analyzing SystemVerilog file "/nethome/asandeep6/FPGA_ECE8893/2026_Spring/lab4/project_1/hls/sim/verilog/top_kernel_fpext_32ns_64_2_no_dsp_1.v" into library xil_defaultlib
INFO: [VRFC 10-311] analyzing module top_kernel_fpext_32ns_64_2_no_dsp_1
INFO: [VRFC 10-2263] Analyzing SystemVerilog file "/nethome/asandeep6/FPGA_ECE8893/2026_Spring/lab4/project_1/hls/sim/verilog/top_kernel_dexp_64ns_64ns_64_58_full_dsp_1.v" into library xil_defaultlib
INFO: [VRFC 10-311] analyzing module top_kernel_dexp_64ns_64ns_64_58_full_dsp_1
INFO: [VRFC 10-2263] Analyzing SystemVerilog file "/nethome/asandeep6/FPGA_ECE8893/2026_Spring/lab4/project_1/hls/sim/verilog/top_kernel_mul_32ns_34ns_65_3_1.v" into library xil_defaultlib
INFO: [VRFC 10-311] analyzing module top_kernel_mul_32ns_34ns_65_3_1
INFO: [VRFC 10-2263] Analyzing SystemVerilog file "/nethome/asandeep6/FPGA_ECE8893/2026_Spring/lab4/project_1/hls/sim/verilog/top_kernel_urem_32ns_3ns_2_36_1.v" into library xil_defaultlib
INFO: [VRFC 10-311] analyzing module top_kernel_urem_32ns_3ns_2_36_1_divider
INFO: [VRFC 10-311] analyzing module top_kernel_urem_32ns_3ns_2_36_1
INFO: [VRFC 10-2263] Analyzing SystemVerilog file "/nethome/asandeep6/FPGA_ECE8893/2026_Spring/lab4/project_1/hls/sim/verilog/top_kernel_sparsemux_7_2_32_1_1.v" into library xil_defaultlib
INFO: [VRFC 10-311] analyzing module top_kernel_sparsemux_7_2_32_1_1
INFO: [VRFC 10-2263] Analyzing SystemVerilog file "/nethome/asandeep6/FPGA_ECE8893/2026_Spring/lab4/project_1/hls/sim/verilog/top_kernel_faddfsub_32ns_32ns_32_10_full_dsp_1.v" into library xil_defaultlib
INFO: [VRFC 10-311] analyzing module top_kernel_faddfsub_32ns_32ns_32_10_full_dsp_1
INFO: [VRFC 10-2263] Analyzing SystemVerilog file "/nethome/asandeep6/FPGA_ECE8893/2026_Spring/lab4/project_1/hls/sim/verilog/top_kernel_fdiv_32ns_32ns_32_30_no_dsp_1.v" into library xil_defaultlib
INFO: [VRFC 10-311] analyzing module top_kernel_fdiv_32ns_32ns_32_30_no_dsp_1
INFO: [VRFC 10-2263] Analyzing SystemVerilog file "/nethome/asandeep6/FPGA_ECE8893/2026_Spring/lab4/project_1/hls/sim/verilog/top_kernel_sitofp_32ns_32_7_no_dsp_1.v" into library xil_defaultlib
INFO: [VRFC 10-311] analyzing module top_kernel_sitofp_32ns_32_7_no_dsp_1
INFO: [VRFC 10-2263] Analyzing SystemVerilog file "/nethome/asandeep6/FPGA_ECE8893/2026_Spring/lab4/project_1/hls/sim/verilog/top_kernel_sparsemux_511_8_32_1_1.v" into library xil_defaultlib
INFO: [VRFC 10-311] analyzing module top_kernel_sparsemux_511_8_32_1_1
INFO: [VRFC 10-2263] Analyzing SystemVerilog file "/nethome/asandeep6/FPGA_ECE8893/2026_Spring/lab4/project_1/hls/sim/verilog/top_kernel_sparsemux_17_3_32_1_1.v" into library xil_defaultlib
INFO: [VRFC 10-311] analyzing module top_kernel_sparsemux_17_3_32_1_1
INFO: [VRFC 10-2263] Analyzing SystemVerilog file "/nethome/asandeep6/FPGA_ECE8893/2026_Spring/lab4/project_1/hls/sim/verilog/top_kernel_fmul_32ns_32ns_32_7_max_dsp_1.v" into library xil_defaultlib
INFO: [VRFC 10-311] analyzing module top_kernel_fmul_32ns_32ns_32_7_max_dsp_1
INFO: [VRFC 10-2263] Analyzing SystemVerilog file "/nethome/asandeep6/FPGA_ECE8893/2026_Spring/lab4/project_1/hls/sim/verilog/top_kernel_fcmp_32ns_32ns_1_3_no_dsp_1.v" into library xil_defaultlib
INFO: [VRFC 10-311] analyzing module top_kernel_fcmp_32ns_32ns_1_3_no_dsp_1
INFO: [VRFC 10-2263] Analyzing SystemVerilog file "/nethome/asandeep6/FPGA_ECE8893/2026_Spring/lab4/project_1/hls/sim/verilog/top_kernel_intensity_RAM_AUTO_1R1W.v" into library xil_defaultlib
INFO: [VRFC 10-311] analyzing module top_kernel_intensity_RAM_AUTO_1R1W
INFO: [VRFC 10-2263] Analyzing SystemVerilog file "/nethome/asandeep6/FPGA_ECE8893/2026_Spring/lab4/project_1/hls/sim/verilog/top_kernel_top_kernel_float_const_float_const_float_const_float_equalized_RAM_AUTO_1R1W.v" into library xil_defaultlib
INFO: [VRFC 10-311] analyzing module top_kernel_top_kernel_float_const_float_const_float_const_float_equalized_RAM_AUTO_1R1W
INFO: [VRFC 10-2263] Analyzing SystemVerilog file "/nethome/asandeep6/FPGA_ECE8893/2026_Spring/lab4/project_1/hls/sim/verilog/top_kernel_top_kernel_float_const_float_const_float_const_float_gaussian_blurred_RAM_AUTbkb.v" into library xil_defaultlib
INFO: [VRFC 10-311] analyzing module top_kernel_top_kernel_float_const_float_const_float_const_float_gaussian_blurred_RAM_AUTbkb
INFO: [VRFC 10-2263] Analyzing SystemVerilog file "/nethome/asandeep6/FPGA_ECE8893/2026_Spring/lab4/project_1/hls/sim/verilog/top_kernel_bilateral_filtered_RAM_AUTO_1R1W.v" into library xil_defaultlib
INFO: [VRFC 10-311] analyzing module top_kernel_bilateral_filtered_RAM_AUTO_1R1W
INFO: [VRFC 10-2263] Analyzing SystemVerilog file "/nethome/asandeep6/FPGA_ECE8893/2026_Spring/lab4/project_1/hls/sim/verilog/top_kernel_dilated_RAM_AUTO_1R1W.v" into library xil_defaultlib
INFO: [VRFC 10-311] analyzing module top_kernel_dilated_RAM_AUTO_1R1W
INFO: [VRFC 10-2263] Analyzing SystemVerilog file "/nethome/asandeep6/FPGA_ECE8893/2026_Spring/lab4/project_1/hls/sim/verilog/top_kernel_gmem_m_axi.v" into library xil_defaultlib
INFO: [VRFC 10-311] analyzing module top_kernel_gmem_m_axi
INFO: [VRFC 10-311] analyzing module top_kernel_gmem_m_axi_load
INFO: [VRFC 10-311] analyzing module top_kernel_gmem_m_axi_store
INFO: [VRFC 10-311] analyzing module top_kernel_gmem_m_axi_read
INFO: [VRFC 10-311] analyzing module top_kernel_gmem_m_axi_write
INFO: [VRFC 10-311] analyzing module top_kernel_gmem_m_axi_burst_converter
INFO: [VRFC 10-311] analyzing module top_kernel_gmem_m_axi_burst_interleave
INFO: [VRFC 10-311] analyzing module top_kernel_gmem_m_axi_burst_sequential
INFO: [VRFC 10-311] analyzing module top_kernel_gmem_m_axi_throttle
INFO: [VRFC 10-311] analyzing module top_kernel_gmem_m_axi_reg_slice
INFO: [VRFC 10-311] analyzing module top_kernel_gmem_m_axi_fifo
INFO: [VRFC 10-311] analyzing module top_kernel_gmem_m_axi_srl
INFO: [VRFC 10-311] analyzing module top_kernel_gmem_m_axi_mem
INFO: [VRFC 10-2263] Analyzing SystemVerilog file "/nethome/asandeep6/FPGA_ECE8893/2026_Spring/lab4/project_1/hls/sim/verilog/top_kernel_control_s_axi.v" into library xil_defaultlib
INFO: [VRFC 10-311] analyzing module top_kernel_control_s_axi
INFO: [VRFC 10-2263] Analyzing SystemVerilog file "/nethome/asandeep6/FPGA_ECE8893/2026_Spring/lab4/project_1/hls/sim/verilog/dataflow_monitor.sv" into library xil_defaultlib
INFO: [VRFC 10-311] analyzing module dataflow_monitor
INFO: [VRFC 10-2263] Analyzing SystemVerilog file "/nethome/asandeep6/FPGA_ECE8893/2026_Spring/lab4/project_1/hls/sim/verilog/file_agent/file_agent_pkg.sv" into library xil_defaultlib
INFO: [VRFC 10-2263] Analyzing SystemVerilog file "/nethome/asandeep6/FPGA_ECE8893/2026_Spring/lab4/project_1/hls/sim/verilog/axivip/axi_pkg.sv" into library xil_defaultlib
INFO: [VRFC 10-2263] Analyzing SystemVerilog file "/nethome/asandeep6/FPGA_ECE8893/2026_Spring/lab4/project_1/hls/sim/verilog/axivip/axi_if.sv" into library xil_defaultlib
INFO: [VRFC 10-2263] Analyzing SystemVerilog file "/nethome/asandeep6/FPGA_ECE8893/2026_Spring/lab4/project_1/hls/sim/verilog/top_kernel_subsystem/top_kernel_subsystem_pkg.sv" into library xil_defaultlib
INFO: [VRFC 10-2263] Analyzing SystemVerilog file "/nethome/asandeep6/FPGA_ECE8893/2026_Spring/lab4/project_1/hls/sim/verilog/svtb/misc_interface.sv" into library xil_defaultlib
INFO: [VRFC 10-2263] Analyzing SystemVerilog file "/nethome/asandeep6/FPGA_ECE8893/2026_Spring/lab4/project_1/hls/sim/verilog/svtb/sv_module_top.sv" into library xil_defaultlib
INFO: [VRFC 10-311] analyzing module sv_module_top
INFO: [VRFC 10-163] Analyzing VHDL file "/nethome/asandeep6/FPGA_ECE8893/2026_Spring/lab4/project_1/hls/sim/verilog/ip/xil_defaultlib/top_kernel_fadd_32ns_32ns_32_10_full_dsp_1_ip.vhd" into library xil_defaultlib
INFO: [VRFC 10-3107] analyzing entity 'top_kernel_fadd_32ns_32ns_32_10_full_dsp_1_ip'
INFO: [VRFC 10-163] Analyzing VHDL file "/nethome/asandeep6/FPGA_ECE8893/2026_Spring/lab4/project_1/hls/sim/verilog/ip/xil_defaultlib/top_kernel_fptrunc_64ns_32_3_no_dsp_1_ip.vhd" into library xil_defaultlib
INFO: [VRFC 10-3107] analyzing entity 'top_kernel_fptrunc_64ns_32_3_no_dsp_1_ip'
INFO: [VRFC 10-163] Analyzing VHDL file "/nethome/asandeep6/FPGA_ECE8893/2026_Spring/lab4/project_1/hls/sim/verilog/ip/xil_defaultlib/top_kernel_fpext_32ns_64_2_no_dsp_1_ip.vhd" into library xil_defaultlib
INFO: [VRFC 10-3107] analyzing entity 'top_kernel_fpext_32ns_64_2_no_dsp_1_ip'
INFO: [VRFC 10-163] Analyzing VHDL file "/nethome/asandeep6/FPGA_ECE8893/2026_Spring/lab4/project_1/hls/sim/verilog/ip/xil_defaultlib/top_kernel_dexp_64ns_64ns_64_58_full_dsp_1_ip.vhd" into library xil_defaultlib
INFO: [VRFC 10-3107] analyzing entity 'top_kernel_dexp_64ns_64ns_64_58_full_dsp_1_ip'
INFO: [VRFC 10-163] Analyzing VHDL file "/nethome/asandeep6/FPGA_ECE8893/2026_Spring/lab4/project_1/hls/sim/verilog/ip/xil_defaultlib/top_kernel_faddfsub_32ns_32ns_32_10_full_dsp_1_ip.vhd" into library xil_defaultlib
INFO: [VRFC 10-3107] analyzing entity 'top_kernel_faddfsub_32ns_32ns_32_10_full_dsp_1_ip'
INFO: [VRFC 10-163] Analyzing VHDL file "/nethome/asandeep6/FPGA_ECE8893/2026_Spring/lab4/project_1/hls/sim/verilog/ip/xil_defaultlib/top_kernel_fdiv_32ns_32ns_32_30_no_dsp_1_ip.vhd" into library xil_defaultlib
INFO: [VRFC 10-3107] analyzing entity 'top_kernel_fdiv_32ns_32ns_32_30_no_dsp_1_ip'
INFO: [VRFC 10-163] Analyzing VHDL file "/nethome/asandeep6/FPGA_ECE8893/2026_Spring/lab4/project_1/hls/sim/verilog/ip/xil_defaultlib/top_kernel_sitofp_32ns_32_7_no_dsp_1_ip.vhd" into library xil_defaultlib
INFO: [VRFC 10-3107] analyzing entity 'top_kernel_sitofp_32ns_32_7_no_dsp_1_ip'
INFO: [VRFC 10-163] Analyzing VHDL file "/nethome/asandeep6/FPGA_ECE8893/2026_Spring/lab4/project_1/hls/sim/verilog/ip/xil_defaultlib/top_kernel_fmul_32ns_32ns_32_7_max_dsp_1_ip.vhd" into library xil_defaultlib
INFO: [VRFC 10-3107] analyzing entity 'top_kernel_fmul_32ns_32ns_32_7_max_dsp_1_ip'
INFO: [VRFC 10-163] Analyzing VHDL file "/nethome/asandeep6/FPGA_ECE8893/2026_Spring/lab4/project_1/hls/sim/verilog/ip/xil_defaultlib/top_kernel_fcmp_32ns_32ns_1_3_no_dsp_1_ip.vhd" into library xil_defaultlib
INFO: [VRFC 10-3107] analyzing entity 'top_kernel_fcmp_32ns_32ns_1_3_no_dsp_1_ip'
Starting static elaboration
Pass Through NonSizing Optimizer
Completed static elaboration
Starting simulation data flow analysis
WARNING: [XSIM 43-4099] "/proj/primebuilds/9999.0_PRIME_0428_0031/installs/data/system_verilog/uvm_1.2/xlnx_uvm_package.sv" Line 4356. Module uvm_pkg doesn't have a timescale but at least one module in design has a timescale.
WARNING: [XSIM 43-4099] "/proj/primebuilds/9999.0_PRIME_0428_0031/installs/data/system_verilog/uvm_1.2/xlnx_uvm_package.sv" Line 4356. Module uvm_pkg doesn't have a timescale but at least one module in design has a timescale.
WARNING: [XSIM 43-4468] File : /proj/primebuilds/9999.0_PRIME_0428_0031/installs/data/system_verilog/uvm_1.2/xlnx_uvm_package.sv, Line : 25994, RANDC variable size more than 8 bits. This will be treated as a RAND variable instead.
Completed simulation data flow analysis
Time Resolution for simulation is 1ps
Compiling package std.standard
Compiling package std.textio
Compiling package ieee.std_logic_1164
Compiling package ieee.numeric_std
Compiling package floating_point_v7_1_20.floating_point_v7_1_20_viv_comp
Compiling package xbip_utils_v3_0_14.xbip_utils_v3_0_14_pkg
Compiling package axi_utils_v2_0_10.axi_utils_v2_0_10_pkg
Compiling package floating_point_v7_1_20.floating_point_v7_1_20_consts
Compiling package ieee.math_real
Compiling package floating_point_v7_1_20.floating_point_v7_1_20_exp_table...
Compiling package mult_gen_v12_0_23.mult_gen_v12_0_23_pkg
Compiling package ieee.std_logic_arith
Compiling package ieee.std_logic_signed
Compiling package floating_point_v7_1_20.floating_point_v7_1_20_pkg
Compiling package floating_point_v7_1_20.flt_utils
Compiling package xbip_pipe_v3_0_10.xbip_pipe_v3_0_10_viv_comp
Compiling package unisim.vcomponents
Compiling package ieee.vital_timing
Compiling package ieee.vital_primitives
Compiling package unisim.vpkg
Compiling package mult_gen_v12_0_23.dsp_pkg
Compiling package floating_point_v7_1_20.vt2mutils
Compiling package floating_point_v7_1_20.vt2mcomps
Compiling package xil_defaultlib.$unit_sv_module_top_sv
Compiling package uvm.uvm_pkg
Compiling package std.std
Compiling package xil_defaultlib.axi_pkg
Compiling package xil_defaultlib.top_kernel_subsystem_pkg
Compiling package xil_defaultlib.file_agent_pkg
Compiling package xil_defaultlib.$unit_dataflow_monitor_sv
Compiling module xil_defaultlib.top_kernel_intensity_RAM_AUTO_1R...
Compiling module xil_defaultlib.top_kernel_top_kernel_float_cons...
Compiling module xil_defaultlib.top_kernel_top_kernel_float_cons...
Compiling module xil_defaultlib.top_kernel_bilateral_filtered_RA...
Compiling module xil_defaultlib.top_kernel_dilated_RAM_AUTO_1R1W
Compiling module xil_defaultlib.top_kernel_top_kernel_Outline_VI...
Compiling module xil_defaultlib.top_kernel_top_kernel_Outline_VI...
Compiling module xil_defaultlib.top_kernel_sparsemux_513_8_32_1_...
Compiling module xil_defaultlib.top_kernel_flow_control_loop_pip...
Compiling module xil_defaultlib.top_kernel_top_kernel_Pipeline_V...
Compiling module xil_defaultlib.top_kernel_top_kernel_Pipeline_V...
Compiling architecture muxcy_v of entity unisim.MUXCY [muxcy_default]
Compiling architecture synth of entity xbip_pipe_v3_0_10.xbip_pipe_v3_0_10_viv [\xbip_pipe_v3_0_10_viv(c_has_ce=...]
Compiling architecture rtl of entity floating_point_v7_1_20.delay [\delay(width=7,length=0)\]
Compiling architecture struct of entity floating_point_v7_1_20.carry_chain [\carry_chain(c_xdevicefamily="zy...]
Compiling architecture synth of entity floating_point_v7_1_20.compare_eq_im [\compare_eq_im(c_xdevicefamily="...]
Compiling architecture xorcy_v of entity unisim.XORCY [xorcy_default]
Compiling architecture fdre_v of entity unisim.FDRE [fdre_default]
Compiling architecture fde_v of entity unisim.FDE [fde_default]
Compiling architecture struct of entity floating_point_v7_1_20.carry_chain [\carry_chain(c_xdevicefamily="zy...]
Compiling architecture synth of entity xbip_pipe_v3_0_10.xbip_pipe_v3_0_10_viv [\xbip_pipe_v3_0_10_viv(c_has_ce=...]
Compiling architecture rtl of entity floating_point_v7_1_20.delay [\delay(length=0)\]
Compiling architecture synth of entity xbip_pipe_v3_0_10.xbip_pipe_v3_0_10_viv [\xbip_pipe_v3_0_10_viv(c_latency...]
Compiling architecture rtl of entity floating_point_v7_1_20.delay [\delay(width=24,fast_input=true)...]
Compiling architecture synth of entity xbip_pipe_v3_0_10.xbip_pipe_v3_0_10_viv [\xbip_pipe_v3_0_10_viv(c_latency...]
Compiling architecture rtl of entity floating_point_v7_1_20.delay [\delay(width=16)\]
Compiling architecture synth of entity xbip_pipe_v3_0_10.xbip_pipe_v3_0_10_viv [\xbip_pipe_v3_0_10_viv(c_latency...]
Compiling architecture rtl of entity floating_point_v7_1_20.delay [delay_default]
Compiling architecture dsp48e1_v of entity unisim.DSP48E1 [\DSP48E1(adreg=0,bcascreg=0,breg...]
Compiling architecture synth of entity xbip_pipe_v3_0_10.xbip_pipe_v3_0_10_viv [\xbip_pipe_v3_0_10_viv(c_has_ce=...]
Compiling architecture rtl of entity floating_point_v7_1_20.delay [\delay(width=4,length=0)\]
Compiling architecture synth of entity xbip_pipe_v3_0_10.xbip_pipe_v3_0_10_viv [\xbip_pipe_v3_0_10_viv(c_has_ce=...]
Compiling architecture rtl of entity floating_point_v7_1_20.delay [\delay(width=48,length=0)\]
Compiling architecture synth of entity xbip_pipe_v3_0_10.xbip_pipe_v3_0_10_viv [\xbip_pipe_v3_0_10_viv(c_has_ce=...]
Compiling architecture rtl of entity floating_point_v7_1_20.delay [\delay(width=24,length=0)\]
Compiling architecture synth of entity xbip_pipe_v3_0_10.xbip_pipe_v3_0_10_viv [\xbip_pipe_v3_0_10_viv(c_has_ce=...]
Compiling architecture rtl of entity floating_point_v7_1_20.delay [\delay(width=16,length=0)\]
Compiling architecture rtl of entity floating_point_v7_1_20.dsp48e1_wrapper [\dsp48e1_wrapper(c_part="xczu3eg...]
Compiling architecture synth of entity xbip_pipe_v3_0_10.xbip_pipe_v3_0_10_viv [\xbip_pipe_v3_0_10_viv(c_latency...]
Compiling architecture rtl of entity floating_point_v7_1_20.delay [\delay(length=2)\]
Compiling architecture synth of entity xbip_pipe_v3_0_10.xbip_pipe_v3_0_10_viv [\xbip_pipe_v3_0_10_viv(c_has_ce=...]
Compiling architecture rtl of entity floating_point_v7_1_20.delay [\delay(width=13,length=0)\]
Compiling architecture synth of entity xbip_pipe_v3_0_10.xbip_pipe_v3_0_10_viv [\xbip_pipe_v3_0_10_viv(c_has_ce=...]
Compiling architecture rtl of entity floating_point_v7_1_20.delay [\delay(width=27,length=0)\]
Compiling architecture synth of entity floating_point_v7_1_20.align_add_dsp48e1_sgl [\align_add_dsp48e1_sgl(c_xdevice...]
Compiling architecture lut5_v of entity unisim.LUT5 [\LUT5(init="00000000000000001111...]
Compiling architecture lut5_v of entity unisim.LUT5 [\LUT5(init="00000000000000000000...]
Compiling architecture synth of entity xbip_pipe_v3_0_10.xbip_pipe_v3_0_10_viv [\xbip_pipe_v3_0_10_viv(c_latency...]
Compiling architecture rtl of entity floating_point_v7_1_20.delay [\delay(width=27)\]
Compiling architecture synth of entity xbip_pipe_v3_0_10.xbip_pipe_v3_0_10_viv [\xbip_pipe_v3_0_10_viv(c_has_ce=...]
Compiling architecture rtl of entity floating_point_v7_1_20.delay [\delay(width=5,length=0)\]
Compiling architecture rtl of entity floating_point_v7_1_20.lead_zero_encode_shift [\lead_zero_encode_shift(ab_fw=24...]
Compiling architecture synth of entity xbip_pipe_v3_0_10.xbip_pipe_v3_0_10_viv [\xbip_pipe_v3_0_10_viv(c_latency...]
Compiling architecture rtl of entity floating_point_v7_1_20.delay [\delay(width=4)\]
Compiling architecture synth of entity xbip_pipe_v3_0_10.xbip_pipe_v3_0_10_viv [\xbip_pipe_v3_0_10_viv(c_latency...]
Compiling architecture rtl of entity floating_point_v7_1_20.delay [\delay(width=3)\]
Compiling architecture lut6_v of entity unisim.LUT6 [\LUT6(init="11111110010101001011...]
Compiling architecture lut5_v of entity unisim.LUT5 [\LUT5(init="00010001010111110000...]
Compiling architecture lut5_v of entity unisim.LUT5 [\LUT5(init="11101110101000001111...]
Compiling architecture synth of entity xbip_pipe_v3_0_10.xbip_pipe_v3_0_10_viv [\xbip_pipe_v3_0_10_viv(c_latency...]
Compiling architecture rtl of entity floating_point_v7_1_20.delay [\delay(width=2)\]
Compiling architecture dsp48e1_v of entity unisim.DSP48E1 [\DSP48E1(adreg=0,alumodereg=0,ca...]
Compiling architecture synth of entity xbip_pipe_v3_0_10.xbip_pipe_v3_0_10_viv [\xbip_pipe_v3_0_10_viv(c_has_ce=...]
Compiling architecture rtl of entity floating_point_v7_1_20.delay [\delay(width=25,length=0)\]
Compiling architecture rtl of entity floating_point_v7_1_20.dsp48e1_wrapper [\dsp48e1_wrapper(a_width=24,c_wi...]
Compiling architecture rtl of entity floating_point_v7_1_20.norm_and_round_dsp48e1_sgl [\norm_and_round_dsp48e1_sgl(c_mu...]
Compiling architecture lut5_v of entity unisim.LUT5 [\LUT5(init="10011001100110011001...]
Compiling architecture lut5_v of entity unisim.LUT5 [\LUT5(init="11111111000000001111...]
Compiling architecture synth of entity xbip_pipe_v3_0_10.xbip_pipe_v3_0_10_viv [\xbip_pipe_v3_0_10_viv(c_has_ce=...]
Compiling architecture rtl of entity floating_point_v7_1_20.delay [\delay(width=9,length=0)\]
Compiling architecture struct of entity floating_point_v7_1_20.carry_chain [\carry_chain(c_xdevicefamily="zy...]
Compiling architecture synth of entity xbip_pipe_v3_0_10.xbip_pipe_v3_0_10_viv [\xbip_pipe_v3_0_10_viv(c_latency...]
Compiling architecture rtl of entity floating_point_v7_1_20.delay [\delay(width=9)\]
Compiling architecture synth of entity xbip_pipe_v3_0_10.xbip_pipe_v3_0_10_viv [\xbip_pipe_v3_0_10_viv(c_latency...]
Compiling architecture rtl of entity floating_point_v7_1_20.delay [\delay(width=9,length=3)\]
Compiling architecture synth of entity xbip_pipe_v3_0_10.xbip_pipe_v3_0_10_viv [\xbip_pipe_v3_0_10_viv(c_latency...]
Compiling architecture rtl of entity floating_point_v7_1_20.delay [\delay(width=10)\]
Compiling architecture synth of entity xbip_pipe_v3_0_10.xbip_pipe_v3_0_10_viv [\xbip_pipe_v3_0_10_viv(c_has_ce=...]
Compiling architecture rtl of entity floating_point_v7_1_20.delay [\delay(width=4,length=0,fast_inp...]
Compiling architecture synth of entity xbip_pipe_v3_0_10.xbip_pipe_v3_0_10_viv [\xbip_pipe_v3_0_10_viv(c_has_ce=...]
Compiling architecture rtl of entity floating_point_v7_1_20.delay [\delay(width=8,length=0)\]
Compiling architecture struct of entity floating_point_v7_1_20.carry_chain [\carry_chain(c_xdevicefamily="zy...]
Compiling architecture synth of entity floating_point_v7_1_20.compare_eq_im [\compare_eq_im(c_xdevicefamily="...]
Compiling architecture synth of entity xbip_pipe_v3_0_10.xbip_pipe_v3_0_10_viv [\xbip_pipe_v3_0_10_viv(c_latency...]
Compiling architecture rtl of entity floating_point_v7_1_20.delay [\delay(fast_input=true)\]
Compiling architecture rtl of entity floating_point_v7_1_20.special_detect [\special_detect(c_xdevicefamily=...]
Compiling architecture struct of entity floating_point_v7_1_20.carry_chain [\carry_chain(c_xdevicefamily="zy...]
Compiling architecture synth of entity floating_point_v7_1_20.compare_gt [\compare_gt(c_xdevicefamily="zyn...]
Compiling architecture synth of entity floating_point_v7_1_20.compare [\compare(c_xdevicefamily="zynqup...]
Compiling architecture synth of entity xbip_pipe_v3_0_10.xbip_pipe_v3_0_10_viv [\xbip_pipe_v3_0_10_viv(c_latency...]
Compiling architecture rtl of entity floating_point_v7_1_20.delay [\delay(width=8)\]
Compiling architecture synth of entity xbip_pipe_v3_0_10.xbip_pipe_v3_0_10_viv [\xbip_pipe_v3_0_10_viv(c_latency...]
Compiling architecture rtl of entity floating_point_v7_1_20.delay [\delay(width=2,length=5,fast_inp...]
Compiling architecture synth of entity xbip_pipe_v3_0_10.xbip_pipe_v3_0_10_viv [\xbip_pipe_v3_0_10_viv(c_latency...]
Compiling architecture rtl of entity floating_point_v7_1_20.delay [\delay(length=6,fast_input=true)...]
Compiling architecture synth of entity xbip_pipe_v3_0_10.xbip_pipe_v3_0_10_viv [\xbip_pipe_v3_0_10_viv(c_latency...]
Compiling architecture rtl of entity floating_point_v7_1_20.delay [\delay(length=5,fast_input=true)...]
Compiling architecture synth of entity xbip_pipe_v3_0_10.xbip_pipe_v3_0_10_viv [\xbip_pipe_v3_0_10_viv(c_latency...]
Compiling architecture rtl of entity floating_point_v7_1_20.delay [\delay(width=4,fast_input=true)\]
Compiling architecture synth of entity xbip_pipe_v3_0_10.xbip_pipe_v3_0_10_viv [\xbip_pipe_v3_0_10_viv(c_has_ce=...]
Compiling architecture rtl of entity floating_point_v7_1_20.delay [\delay(width=2,length=0,fast_inp...]
Compiling architecture synth of entity xbip_pipe_v3_0_10.xbip_pipe_v3_0_10_viv [\xbip_pipe_v3_0_10_viv(c_latency...]
Compiling architecture rtl of entity floating_point_v7_1_20.delay [\delay(width=12)\]
Compiling architecture rtl of entity floating_point_v7_1_20.flt_add_exp_sp [\flt_add_exp_sp(c_xdevicefamily=...]
Compiling architecture synth of entity xbip_pipe_v3_0_10.xbip_pipe_v3_0_10_viv [\xbip_pipe_v3_0_10_viv(c_latency...]
Compiling architecture rtl of entity floating_point_v7_1_20.delay [\delay(width=23)\]
Compiling architecture synth of entity floating_point_v7_1_20.flt_dec_op [\flt_dec_op(c_xdevicefamily="zyn...]
Compiling architecture rtl of entity floating_point_v7_1_20.flt_add_dsp [\flt_add_dsp(c_xdevicefamily="zy...]
Compiling architecture rtl of entity floating_point_v7_1_20.flt_add [\flt_add(c_xdevicefamily="zynqup...]
Compiling architecture synth of entity xbip_pipe_v3_0_10.xbip_pipe_v3_0_10_viv [\xbip_pipe_v3_0_10_viv(c_latency...]
Compiling architecture synth of entity xbip_pipe_v3_0_10.xbip_pipe_v3_0_10_viv [\xbip_pipe_v3_0_10_viv(c_has_ce=...]
Compiling architecture rtl of entity floating_point_v7_1_20.delay [\delay(width=32,length=0)\]
Compiling architecture xilinx of entity floating_point_v7_1_20.floating_point_v7_1_20_viv [\floating_point_v7_1_20_viv(c_xd...]
Compiling architecture xilinx of entity floating_point_v7_1_20.floating_point_v7_1_20 [\floating_point_v7_1_20(c_xdevic...]
Compiling architecture top_kernel_fadd_32ns_32ns_32_10_full_dsp_1_ip_arch of entity xil_defaultlib.top_kernel_fadd_32ns_32ns_32_10_full_dsp_1_ip [top_kernel_fadd_32ns_32ns_32_10_...]
Compiling module xil_defaultlib.top_kernel_fadd_32ns_32ns_32_10_...
Compiling architecture dsp48e1_v of entity unisim.DSP48E1 [\DSP48E1(acascreg=0,adreg=0,alum...]
Compiling architecture synth of entity xbip_pipe_v3_0_10.xbip_pipe_v3_0_10_viv [\xbip_pipe_v3_0_10_viv(c_has_ce=...]
Compiling architecture rtl of entity floating_point_v7_1_20.delay [\delay(width=17,length=0)\]
Compiling architecture rtl of entity floating_point_v7_1_20.dsp48e1_wrapper [\dsp48e1_wrapper(a_width=24,b_wi...]
Compiling architecture dsp48e1_v of entity unisim.DSP48E1 [\DSP48E1(adreg=0,alumodereg=0,a_...]
Compiling architecture rtl of entity floating_point_v7_1_20.dsp48e1_wrapper [\dsp48e1_wrapper(a_width=24,b_wi...]
Compiling architecture struct of entity floating_point_v7_1_20.fix_mult_dsp48e1_sgl [\fix_mult_dsp48e1_sgl(registers=...]
Compiling architecture rtl of entity floating_point_v7_1_20.fix_mult [\fix_mult(c_xdevicefamily="zynqu...]
Compiling architecture synth of entity xbip_pipe_v3_0_10.xbip_pipe_v3_0_10_viv [\xbip_pipe_v3_0_10_viv(c_latency...]
Compiling architecture rtl of entity floating_point_v7_1_20.delay [\delay(width=7)\]
Compiling architecture synth of entity xbip_pipe_v3_0_10.xbip_pipe_v3_0_10_viv [\xbip_pipe_v3_0_10_viv(c_latency...]
Compiling architecture rtl of entity floating_point_v7_1_20.delay [\delay(width=8,fast_input=true)\]
Compiling architecture struct of entity floating_point_v7_1_20.carry_chain [\carry_chain(c_xdevicefamily="zy...]
Compiling architecture struct of entity floating_point_v7_1_20.carry_chain [\carry_chain(c_xdevicefamily="zy...]
Compiling architecture synth of entity floating_point_v7_1_20.compare_eq_im [\compare_eq_im(c_xdevicefamily="...]
Compiling architecture synth of entity xbip_pipe_v3_0_10.xbip_pipe_v3_0_10_viv [\xbip_pipe_v3_0_10_viv(c_has_ce=...]
Compiling architecture rtl of entity floating_point_v7_1_20.delay [\delay(length=0,fast_input=true)...]
Compiling architecture rtl of entity floating_point_v7_1_20.special_detect [\special_detect(c_xdevicefamily=...]
Compiling architecture synth of entity xbip_pipe_v3_0_10.xbip_pipe_v3_0_10_viv [\xbip_pipe_v3_0_10_viv(c_latency...]
Compiling architecture rtl of entity floating_point_v7_1_20.delay [\delay(width=2,length=2,fast_inp...]
Compiling architecture synth of entity xbip_pipe_v3_0_10.xbip_pipe_v3_0_10_viv [\xbip_pipe_v3_0_10_viv(c_latency...]
Compiling architecture rtl of entity floating_point_v7_1_20.delay [\delay(length=2,fast_input=true)...]
Compiling architecture synth of entity xbip_pipe_v3_0_10.xbip_pipe_v3_0_10_viv [\xbip_pipe_v3_0_10_viv(c_latency...]
Compiling architecture rtl of entity floating_point_v7_1_20.delay [\delay(length=3,fast_input=true)...]
Compiling architecture synth of entity xbip_pipe_v3_0_10.xbip_pipe_v3_0_10_viv [\xbip_pipe_v3_0_10_viv(c_latency...]
Compiling architecture rtl of entity floating_point_v7_1_20.delay [\delay(width=4,length=2,fast_inp...]
Compiling architecture synth of entity xbip_pipe_v3_0_10.xbip_pipe_v3_0_10_viv [\xbip_pipe_v3_0_10_viv(c_has_ce=...]
Compiling architecture rtl of entity floating_point_v7_1_20.delay [\delay(width=3,length=0,fast_inp...]
Compiling architecture synth of entity xbip_pipe_v3_0_10.xbip_pipe_v3_0_10_viv [\xbip_pipe_v3_0_10_viv(c_latency...]
Compiling architecture rtl of entity floating_point_v7_1_20.delay [\delay(width=14)\]
Compiling architecture rtl of entity floating_point_v7_1_20.flt_mult_exp [\flt_mult_exp(c_xdevicefamily="z...]
Compiling architecture dsp48e1_v of entity unisim.DSP48E1 [\DSP48E1(acascreg=0,adreg=0,alum...]
Compiling architecture synth of entity xbip_pipe_v3_0_10.xbip_pipe_v3_0_10_viv [\xbip_pipe_v3_0_10_viv(c_has_ce=...]
Compiling architecture rtl of entity floating_point_v7_1_20.delay [\delay(width=30,length=0)\]
Compiling architecture synth of entity xbip_pipe_v3_0_10.xbip_pipe_v3_0_10_viv [\xbip_pipe_v3_0_10_viv(c_has_ce=...]
Compiling architecture rtl of entity floating_point_v7_1_20.delay [\delay(width=18,length=0)\]
Compiling architecture rtl of entity floating_point_v7_1_20.dsp48e1_wrapper [\dsp48e1_wrapper(a_width=30,b_wi...]
Compiling architecture synth of entity xbip_pipe_v3_0_10.xbip_pipe_v3_0_10_viv [\xbip_pipe_v3_0_10_viv(c_latency...]
Compiling architecture rtl of entity floating_point_v7_1_20.delay [\delay(width=25)\]
Compiling architecture struct of entity floating_point_v7_1_20.flt_round_dsp_opt_full [\flt_round_dsp_opt_full(c_xdevic...]
Compiling architecture rtl of entity floating_point_v7_1_20.flt_mult_round [\flt_mult_round(c_xdevicefamily=...]
Compiling architecture synth of entity floating_point_v7_1_20.flt_dec_op_lat [\flt_dec_op_lat(c_xdevicefamily=...]
Compiling architecture rtl of entity floating_point_v7_1_20.flt_mult [\flt_mult(c_xdevicefamily="zynqu...]
Compiling architecture xilinx of entity floating_point_v7_1_20.floating_point_v7_1_20_viv [\floating_point_v7_1_20_viv(c_xd...]
Compiling architecture xilinx of entity floating_point_v7_1_20.floating_point_v7_1_20 [\floating_point_v7_1_20(c_xdevic...]
Compiling architecture top_kernel_fmul_32ns_32ns_32_7_max_dsp_1_ip_arch of entity xil_defaultlib.top_kernel_fmul_32ns_32ns_32_7_max_dsp_1_ip [top_kernel_fmul_32ns_32ns_32_7_m...]
Compiling module xil_defaultlib.top_kernel_fmul_32ns_32ns_32_7_m...
Compiling module xil_defaultlib.top_kernel_sparsemux_9_3_32_1_1(...
Compiling module xil_defaultlib.top_kernel_urem_6ns_3ns_2_10_1_d...
Compiling module xil_defaultlib.top_kernel_urem_6ns_3ns_2_10_1(N...
Compiling module xil_defaultlib.top_kernel_mul_6ns_8ns_13_1_1(NU...
Compiling module xil_defaultlib.top_kernel_mul_6ns_6ns_11_1_1(NU...
Compiling module xil_defaultlib.top_kernel_top_kernel_Pipeline_V...
Compiling architecture synth of entity xbip_pipe_v3_0_10.xbip_pipe_v3_0_10_viv [\xbip_pipe_v3_0_10_viv(c_latency...]
Compiling architecture rtl of entity floating_point_v7_1_20.delay [\delay(width=25,fast_input=true)...]
Compiling architecture struct of entity floating_point_v7_1_20.carry_chain [\carry_chain(c_xdevicefamily="zy...]
Compiling architecture synth of entity floating_point_v7_1_20.flt_div_mant_addsub [\flt_div_mant_addsub(c_xdevicefa...]
Compiling architecture synth of entity xbip_pipe_v3_0_10.xbip_pipe_v3_0_10_viv [\xbip_pipe_v3_0_10_viv(c_latency...]
Compiling architecture rtl of entity floating_point_v7_1_20.delay [\delay(width=26)\]
Compiling architecture synth of entity xbip_pipe_v3_0_10.xbip_pipe_v3_0_10_viv [\xbip_pipe_v3_0_10_viv(c_has_ce=...]
Compiling architecture rtl of entity floating_point_v7_1_20.delay [\delay(width=26,length=0)\]
Compiling architecture virtex of entity floating_point_v7_1_20.flt_div_mant [\flt_div_mant(c_xdevicefamily="z...]
Compiling architecture synth of entity xbip_pipe_v3_0_10.xbip_pipe_v3_0_10_viv [\xbip_pipe_v3_0_10_viv(c_latency...]
Compiling architecture rtl of entity floating_point_v7_1_20.delay [\delay(width=10,length=2,fast_in...]
Compiling architecture rtl of entity floating_point_v7_1_20.special_detect [\special_detect(c_xdevicefamily=...]
Compiling architecture synth of entity xbip_pipe_v3_0_10.xbip_pipe_v3_0_10_viv [\xbip_pipe_v3_0_10_viv(c_latency...]
Compiling architecture rtl of entity floating_point_v7_1_20.delay [\delay(length=25,fast_input=true...]
Compiling architecture synth of entity xbip_pipe_v3_0_10.xbip_pipe_v3_0_10_viv [\xbip_pipe_v3_0_10_viv(c_latency...]
Compiling architecture rtl of entity floating_point_v7_1_20.delay [\delay(length=26,fast_input=true...]
Compiling architecture synth of entity xbip_pipe_v3_0_10.xbip_pipe_v3_0_10_viv [\xbip_pipe_v3_0_10_viv(c_latency...]
Compiling architecture rtl of entity floating_point_v7_1_20.delay [\delay(width=8,length=24)\]
Compiling architecture synth of entity xbip_pipe_v3_0_10.xbip_pipe_v3_0_10_viv [\xbip_pipe_v3_0_10_viv(c_latency...]
Compiling architecture rtl of entity floating_point_v7_1_20.delay [\delay(length=24,fast_input=true...]
Compiling architecture synth of entity xbip_pipe_v3_0_10.xbip_pipe_v3_0_10_viv [\xbip_pipe_v3_0_10_viv(c_latency...]
Compiling architecture rtl of entity floating_point_v7_1_20.delay [\delay(width=3,length=23,fast_in...]
Compiling architecture synth of entity xbip_pipe_v3_0_10.xbip_pipe_v3_0_10_viv [\xbip_pipe_v3_0_10_viv(c_latency...]
Compiling architecture rtl of entity floating_point_v7_1_20.delay [\delay(width=4,length=24,fast_in...]
Compiling architecture synth of entity xbip_pipe_v3_0_10.xbip_pipe_v3_0_10_viv [\xbip_pipe_v3_0_10_viv(c_latency...]
Compiling architecture rtl of entity floating_point_v7_1_20.delay [\delay(length=23,fast_input=true...]
Compiling architecture rtl of entity floating_point_v7_1_20.flt_div_exp [\flt_div_exp(c_xdevicefamily="no...]
Compiling architecture synth of entity xbip_pipe_v3_0_10.xbip_pipe_v3_0_10_viv [\xbip_pipe_v3_0_10_viv(c_has_ce=...]
Compiling architecture rtl of entity floating_point_v7_1_20.delay [\delay(width=11,length=0)\]
Compiling architecture synth of entity xbip_pipe_v3_0_10.xbip_pipe_v3_0_10_viv [\xbip_pipe_v3_0_10_viv(c_latency...]
Compiling architecture rtl of entity floating_point_v7_1_20.delay [\delay(width=12,fast_input=true)...]
Compiling architecture struct of entity floating_point_v7_1_20.carry_chain [\carry_chain(c_xdevicefamily="zy...]
Compiling architecture synth of entity xbip_pipe_v3_0_10.xbip_pipe_v3_0_10_viv [\xbip_pipe_v3_0_10_viv(c_latency...]
Compiling architecture rtl of entity floating_point_v7_1_20.delay [\delay(width=11)\]
Compiling architecture struct of entity floating_point_v7_1_20.carry_chain [\carry_chain(c_xdevicefamily="zy...]
Compiling architecture struct of entity floating_point_v7_1_20.carry_chain [\carry_chain(c_xdevicefamily="zy...]
Compiling architecture synth of entity xbip_pipe_v3_0_10.xbip_pipe_v3_0_10_viv [\xbip_pipe_v3_0_10_viv(c_has_ce=...]
Compiling architecture rtl of entity floating_point_v7_1_20.delay [\delay(width=14,length=0)\]
Compiling architecture synth of entity xbip_pipe_v3_0_10.xbip_pipe_v3_0_10_viv [\xbip_pipe_v3_0_10_viv(c_has_ce=...]
Compiling architecture rtl of entity floating_point_v7_1_20.delay [\delay(width=25,length=0,fast_in...]
Compiling architecture synth of entity xbip_pipe_v3_0_10.xbip_pipe_v3_0_10_viv [\xbip_pipe_v3_0_10_viv(c_has_ce=...]
Compiling architecture rtl of entity floating_point_v7_1_20.delay [\delay(width=3,length=0)\]
Compiling architecture synth of entity xbip_pipe_v3_0_10.xbip_pipe_v3_0_10_viv [\xbip_pipe_v3_0_10_viv(c_has_ce=...]
Compiling architecture rtl of entity floating_point_v7_1_20.delay [\delay(width=2,length=0)\]
Compiling architecture struct of entity floating_point_v7_1_20.carry_chain [\carry_chain(c_xdevicefamily="zy...]
Compiling architecture rtl of entity floating_point_v7_1_20.flt_round_bit [\flt_round_bit(c_xdevicefamily="...]
Compiling architecture rtl of entity floating_point_v7_1_20.renorm_and_round_logic [\renorm_and_round_logic(c_xdevic...]
Compiling architecture synth of entity floating_point_v7_1_20.flt_dec_op_lat [\flt_dec_op_lat(c_xdevicefamily=...]
Compiling architecture virtex of entity floating_point_v7_1_20.flt_div [\flt_div(c_xdevicefamily="zynqup...]
Compiling architecture synth of entity xbip_pipe_v3_0_10.xbip_pipe_v3_0_10_viv [\xbip_pipe_v3_0_10_viv(c_latency...]
Compiling architecture xilinx of entity floating_point_v7_1_20.floating_point_v7_1_20_viv [\floating_point_v7_1_20_viv(c_xd...]
Compiling architecture xilinx of entity floating_point_v7_1_20.floating_point_v7_1_20 [\floating_point_v7_1_20(c_xdevic...]
Compiling architecture top_kernel_fdiv_32ns_32ns_32_30_no_dsp_1_ip_arch of entity xil_defaultlib.top_kernel_fdiv_32ns_32ns_32_30_no_dsp_1_ip [top_kernel_fdiv_32ns_32ns_32_30_...]
Compiling module xil_defaultlib.top_kernel_fdiv_32ns_32ns_32_30_...
Compiling architecture struct of entity floating_point_v7_1_20.carry_chain [\carry_chain(c_xdevicefamily="zy...]
Compiling architecture synth of entity floating_point_v7_1_20.compare_ne_im [\compare_ne_im(c_xdevicefamily="...]
Compiling architecture synth of entity xbip_pipe_v3_0_10.xbip_pipe_v3_0_10_viv [\xbip_pipe_v3_0_10_viv(c_has_ce=...]
Compiling architecture rtl of entity floating_point_v7_1_20.delay [\delay(width=12,length=0,fast_in...]
Compiling architecture struct of entity floating_point_v7_1_20.carry_chain [\carry_chain(c_xdevicefamily="zy...]
Compiling architecture struct of entity floating_point_v7_1_20.carry_chain [\carry_chain(c_xdevicefamily="zy...]
Compiling architecture rtl of entity floating_point_v7_1_20.flt_round_bit [\flt_round_bit(c_xdevicefamily="...]
Compiling architecture rtl of entity floating_point_v7_1_20.renorm_and_round_logic [\renorm_and_round_logic(c_xdevic...]
Compiling architecture struct of entity floating_point_v7_1_20.carry_chain [\carry_chain(c_xdevicefamily="ki...]
Compiling architecture synth of entity floating_point_v7_1_20.compare_eq_im [\compare_eq_im(c_xdevicefamily="...]
Compiling architecture rtl of entity floating_point_v7_1_20.special_detect [\special_detect(a_w=64,a_fw=53,o...]
Compiling architecture rtl of entity floating_point_v7_1_20.flt_to_flt_conv_exp [\flt_to_flt_conv_exp(a_w=64,a_ew...]
Compiling architecture synth of entity floating_point_v7_1_20.flt_dec_op [\flt_dec_op(c_xdevicefamily="zyn...]
Compiling architecture rtl of entity floating_point_v7_1_20.flt_to_flt_conv [\flt_to_flt_conv(c_xdevicefamily...]
Compiling architecture xilinx of entity floating_point_v7_1_20.floating_point_v7_1_20_viv [\floating_point_v7_1_20_viv(c_xd...]
Compiling architecture xilinx of entity floating_point_v7_1_20.floating_point_v7_1_20 [\floating_point_v7_1_20(c_xdevic...]
Compiling architecture top_kernel_fptrunc_64ns_32_3_no_dsp_1_ip_arch of entity xil_defaultlib.top_kernel_fptrunc_64ns_32_3_no_dsp_1_ip [top_kernel_fptrunc_64ns_32_3_no_...]
Compiling module xil_defaultlib.top_kernel_fptrunc_64ns_32_3_no_...
Compiling architecture synth of entity xbip_pipe_v3_0_10.xbip_pipe_v3_0_10_viv [\xbip_pipe_v3_0_10_viv(c_has_ce=...]
Compiling architecture rtl of entity floating_point_v7_1_20.delay [\delay(width=23,length=0)\]
Compiling architecture struct of entity floating_point_v7_1_20.carry_chain [\carry_chain(c_xdevicefamily="ki...]
Compiling architecture synth of entity floating_point_v7_1_20.compare_eq_im [\compare_eq_im(c_xdevicefamily="...]
Compiling architecture rtl of entity floating_point_v7_1_20.special_detect [\special_detect(a_fw=24,op_delay...]
Compiling architecture rtl of entity floating_point_v7_1_20.flt_to_flt_conv_exp [\flt_to_flt_conv_exp(r_w=64,r_ew...]
Compiling architecture synth of entity floating_point_v7_1_20.flt_dec_op [\flt_dec_op(c_xdevicefamily="zyn...]
Compiling architecture rtl of entity floating_point_v7_1_20.flt_to_flt_conv [\flt_to_flt_conv(c_xdevicefamily...]
Compiling architecture synth of entity xbip_pipe_v3_0_10.xbip_pipe_v3_0_10_viv [\xbip_pipe_v3_0_10_viv(c_has_ce=...]
Compiling architecture rtl of entity floating_point_v7_1_20.delay [\delay(width=64,length=0)\]
Compiling architecture xilinx of entity floating_point_v7_1_20.floating_point_v7_1_20_viv [\floating_point_v7_1_20_viv(c_xd...]
Compiling architecture xilinx of entity floating_point_v7_1_20.floating_point_v7_1_20 [\floating_point_v7_1_20(c_xdevic...]
Compiling architecture top_kernel_fpext_32ns_64_2_no_dsp_1_ip_arch of entity xil_defaultlib.top_kernel_fpext_32ns_64_2_no_dsp_1_ip [top_kernel_fpext_32ns_64_2_no_ds...]
Compiling module xil_defaultlib.top_kernel_fpext_32ns_64_2_no_ds...
Compiling architecture synth of entity floating_point_v7_1_20.flt_log_addsub [\flt_log_addsub(c_xdevicefamily=...]
Compiling architecture synth of entity xbip_pipe_v3_0_10.xbip_pipe_v3_0_10_viv [\xbip_pipe_v3_0_10_viv(c_latency...]
Compiling architecture rtl of entity floating_point_v7_1_20.delay [\delay(width=104,length=2)\]
Compiling architecture xilinx of entity mult_gen_v12_0_23.delay_line [\delay_line(c_xdevicefamily="zyn...]
Compiling architecture xilinx of entity mult_gen_v12_0_23.delay_line [\delay_line(c_xdevicefamily="zyn...]
Compiling architecture xilinx of entity mult_gen_v12_0_23.delay_line [\delay_line(c_xdevicefamily="zyn...]
Compiling architecture xilinx of entity mult_gen_v12_0_23.delay_line [\delay_line(c_xdevicefamily="zyn...]
Compiling architecture xilinx of entity mult_gen_v12_0_23.delay_line [\delay_line(c_xdevicefamily="zyn...]
Compiling architecture xilinx of entity mult_gen_v12_0_23.delay_line [\delay_line(c_xdevicefamily="zyn...]
Compiling architecture xilinx of entity mult_gen_v12_0_23.delay_line [\delay_line(c_xdevicefamily="zyn...]
Compiling architecture xilinx of entity mult_gen_v12_0_23.delay_line [\delay_line(c_xdevicefamily="zyn...]
Compiling architecture dsp48e2_v of entity unisim.DSP48E2 [\DSP48E2(acascreg=2,alumodereg=0...]
Compiling architecture xilinx of entity mult_gen_v12_0_23.delay_line [\delay_line(c_xdevicefamily="zyn...]
Compiling architecture dsp48e2_v of entity unisim.DSP48E2 [\DSP48E2(acascreg=2,alumodereg=0...]
Compiling architecture dsp48e2_v of entity unisim.DSP48E2 [\DSP48E2(acascreg=2,alumodereg=0...]
Compiling architecture xilinx of entity mult_gen_v12_0_23.op_resize [\op_resize(ai_width=49,bi_width=...]
Compiling architecture xilinx of entity mult_gen_v12_0_23.dsp [\dsp(c_xdevicefamily="zynquplus"...]
Compiling architecture synth of entity xbip_pipe_v3_0_10.xbip_pipe_v3_0_10_viv [\xbip_pipe_v3_0_10_viv(c_latency...]
Compiling architecture rtl of entity floating_point_v7_1_20.delay [\delay(width=59,length=11)\]
Compiling architecture synth of entity xbip_pipe_v3_0_10.xbip_pipe_v3_0_10_viv [\xbip_pipe_v3_0_10_viv(c_latency...]
Compiling architecture rtl of entity floating_point_v7_1_20.delay [\delay(width=59)\]
Compiling architecture synth of entity xbip_pipe_v3_0_10.xbip_pipe_v3_0_10_viv [\xbip_pipe_v3_0_10_viv(c_has_ce=...]
Compiling architecture rtl of entity floating_point_v7_1_20.delay [\delay(width=105,length=0)\]
Compiling architecture synth of entity floating_point_v7_1_20.multadd [\multadd(c_xdevicefamily="zynqup...]
Compiling architecture synth of entity xbip_pipe_v3_0_10.xbip_pipe_v3_0_10_viv [\xbip_pipe_v3_0_10_viv(c_latency...]
Compiling architecture rtl of entity floating_point_v7_1_20.delay [\delay(width=2,fast_input=true)\]
Compiling architecture rtl of entity floating_point_v7_1_20.special_detect [\special_detect(c_xdevicefamily=...]
Compiling architecture synth of entity xbip_pipe_v3_0_10.xbip_pipe_v3_0_10_viv [\xbip_pipe_v3_0_10_viv(c_latency...]
Compiling architecture rtl of entity floating_point_v7_1_20.delay [\delay(length=54)\]
Compiling architecture synth of entity xbip_pipe_v3_0_10.xbip_pipe_v3_0_10_viv [\xbip_pipe_v3_0_10_viv(c_has_ce=...]
Compiling architecture rtl of entity floating_point_v7_1_20.delay [\delay(width=6,length=0)\]
Compiling architecture struct of entity floating_point_v7_1_20.carry_chain [\carry_chain(c_xdevicefamily="zy...]
Compiling architecture synth of entity floating_point_v7_1_20.compare_gt [\compare_gt(c_xdevicefamily="zyn...]
Compiling architecture synth of entity xbip_pipe_v3_0_10.xbip_pipe_v3_0_10_viv [\xbip_pipe_v3_0_10_viv(c_latency...]
Compiling architecture rtl of entity floating_point_v7_1_20.delay [\delay(width=2,length=54,fast_in...]
Compiling architecture synth of entity xbip_pipe_v3_0_10.xbip_pipe_v3_0_10_viv [\xbip_pipe_v3_0_10_viv(c_latency...]
Compiling architecture rtl of entity floating_point_v7_1_20.delay [\delay(length=55)\]
Compiling architecture synth of entity floating_point_v7_1_20.flt_exp_specialcase [\flt_exp_specialcase(c_xdevicefa...]
Compiling architecture synth of entity xbip_pipe_v3_0_10.xbip_pipe_v3_0_10_viv [\xbip_pipe_v3_0_10_viv(c_latency...]
Compiling architecture rtl of entity floating_point_v7_1_20.delay [\delay(width=52)\]
Compiling architecture struct of entity floating_point_v7_1_20.carry_chain [\carry_chain(c_xdevicefamily="ki...]
Compiling architecture synth of entity floating_point_v7_1_20.compare_eq_im [\compare_eq_im(c_xdevicefamily="...]
Compiling architecture rtl of entity floating_point_v7_1_20.special_detect [\special_detect(a_w=64,a_fw=53)(...]
Compiling architecture synth of entity xbip_pipe_v3_0_10.xbip_pipe_v3_0_10_viv [\xbip_pipe_v3_0_10_viv(c_latency...]
Compiling architecture rtl of entity floating_point_v7_1_20.delay [\delay(width=13)\]
Compiling architecture rtl of entity floating_point_v7_1_20.delay_s [\delay_s(width=13)\]
Compiling architecture rtl of entity floating_point_v7_1_20.delay_s [\delay_s(width=12)\]
Compiling architecture synth of entity xbip_pipe_v3_0_10.xbip_pipe_v3_0_10_viv [\xbip_pipe_v3_0_10_viv(c_latency...]
Compiling architecture rtl of entity floating_point_v7_1_20.delay [\delay(width=2,length=2)\]
Compiling architecture muxf7_v of entity unisim.MUXF7 [muxf7_default]
Compiling architecture muxf8_v of entity unisim.MUXF8 [muxf8_default]
Compiling architecture struct of entity floating_point_v7_1_20.carry_chain [\carry_chain(c_xdevicefamily="zy...]
Compiling architecture synth of entity floating_point_v7_1_20.compare_eq_im [\compare_eq_im(c_xdevicefamily="...]
Compiling architecture rtl of entity floating_point_v7_1_20.zero_det_sel [\zero_det_sel(c_xdevicefamily="z...]
Compiling architecture synth of entity xbip_pipe_v3_0_10.xbip_pipe_v3_0_10_viv [\xbip_pipe_v3_0_10_viv(c_latency...]
Compiling architecture rtl of entity floating_point_v7_1_20.delay [\delay(width=67)\]
Compiling architecture synth of entity xbip_pipe_v3_0_10.xbip_pipe_v3_0_10_viv [\xbip_pipe_v3_0_10_viv(c_latency...]
Compiling architecture rtl of entity floating_point_v7_1_20.delay [\delay(width=2,length=3)\]
Compiling architecture rtl of entity floating_point_v7_1_20.shift_msb_first [\shift_msb_first(result_width=67...]
Compiling architecture synth of entity xbip_pipe_v3_0_10.xbip_pipe_v3_0_10_viv [\xbip_pipe_v3_0_10_viv(c_has_ce=...]
Compiling architecture rtl of entity floating_point_v7_1_20.delay [\delay(width=67,length=0)\]
Compiling architecture synth of entity xbip_pipe_v3_0_10.xbip_pipe_v3_0_10_viv [\xbip_pipe_v3_0_10_viv(c_latency...]
Compiling architecture rtl of entity floating_point_v7_1_20.delay [\delay(length=4)\]
Compiling architecture synth of entity xbip_pipe_v3_0_10.xbip_pipe_v3_0_10_viv [\xbip_pipe_v3_0_10_viv(c_has_ce=...]
Compiling architecture rtl of entity floating_point_v7_1_20.delay [\delay(width=68,length=0)\]
Compiling architecture synth of entity xbip_pipe_v3_0_10.xbip_pipe_v3_0_10_viv [\xbip_pipe_v3_0_10_viv(c_latency...]
Compiling architecture rtl of entity floating_point_v7_1_20.delay [\delay(width=69)\]
Compiling architecture struct of entity floating_point_v7_1_20.carry_chain [\carry_chain(c_xdevicefamily="zy...]
Compiling architecture synth of entity floating_point_v7_1_20.flt_to_fix_conv [\flt_to_fix_conv(c_xdevicefamily...]
Compiling architecture synth of entity xbip_pipe_v3_0_10.xbip_pipe_v3_0_10_viv [\xbip_pipe_v3_0_10_viv(c_latency...]
Compiling architecture rtl of entity floating_point_v7_1_20.delay [\delay(length=7)\]
Compiling architecture dsp48e1_v of entity unisim.DSP48E1 [\DSP48E1(adreg=0,dreg=0,inmodere...]
Compiling architecture rtl of entity floating_point_v7_1_20.dsp48e1_wrapper [\dsp48e1_wrapper(a_width=30,b_wi...]
Compiling architecture synth of entity floating_point_v7_1_20.flt_log_addsub [\flt_log_addsub(c_xdevicefamily=...]
Compiling architecture synth of entity xbip_pipe_v3_0_10.xbip_pipe_v3_0_10_viv [\xbip_pipe_v3_0_10_viv(c_latency...]
Compiling architecture rtl of entity floating_point_v7_1_20.delay [\delay(width=5,length=2)\]
Compiling architecture synth of entity xbip_pipe_v3_0_10.xbip_pipe_v3_0_10_viv [\xbip_pipe_v3_0_10_viv(c_latency...]
Compiling architecture rtl of entity floating_point_v7_1_20.delay [\delay(length=3)\]
Compiling architecture synth of entity xbip_pipe_v3_0_10.xbip_pipe_v3_0_10_viv [\xbip_pipe_v3_0_10_viv(c_latency...]
Compiling architecture rtl of entity floating_point_v7_1_20.delay [\delay(width=4,length=4)\]
Compiling architecture synth of entity xbip_pipe_v3_0_10.xbip_pipe_v3_0_10_viv [\xbip_pipe_v3_0_10_viv(c_latency...]
Compiling architecture rtl of entity floating_point_v7_1_20.delay [\delay(length=5)\]
Compiling architecture rtl of entity floating_point_v7_1_20.flt_exp_ccm [\flt_exp_ccm(c_xdevicefamily="zy...]
Compiling architecture dsp48e1_v of entity unisim.DSP48E1 [\DSP48E1(acascreg=2,adreg=0,areg...]
Compiling architecture synth of entity xbip_pipe_v3_0_10.xbip_pipe_v3_0_10_viv [\xbip_pipe_v3_0_10_viv(c_latency...]
Compiling architecture rtl of entity floating_point_v7_1_20.delay [\delay(width=48)\]
Compiling architecture rtl of entity floating_point_v7_1_20.dsp48e1_wrapper [\dsp48e1_wrapper(a_width=30,b_wi...]
Compiling architecture synth of entity floating_point_v7_1_20.flt_log_addsub [\flt_log_addsub(c_xdevicefamily=...]
Compiling architecture synth of entity xbip_pipe_v3_0_10.xbip_pipe_v3_0_10_viv [\xbip_pipe_v3_0_10_viv(c_latency...]
Compiling architecture rtl of entity floating_point_v7_1_20.delay [\delay(width=5,length=3)\]
Compiling architecture rtl of entity floating_point_v7_1_20.flt_exp_ccm [\flt_exp_ccm(c_xdevicefamily="zy...]
Compiling architecture synth of entity xbip_pipe_v3_0_10.xbip_pipe_v3_0_10_viv [\xbip_pipe_v3_0_10_viv(c_latency...]
Compiling architecture rtl of entity floating_point_v7_1_20.delay [\delay(width=66,length=14)\]
Compiling architecture synth of entity floating_point_v7_1_20.flt_log_addsub [\flt_log_addsub(c_xdevicefamily=...]
Compiling architecture synth of entity xbip_pipe_v3_0_10.xbip_pipe_v3_0_10_viv [\xbip_pipe_v3_0_10_viv(c_latency...]
Compiling architecture rtl of entity floating_point_v7_1_20.delay [\delay(width=9,length=12)\]
Compiling architecture rtl of entity floating_point_v7_1_20.flt_exp_e2A [\flt_exp_e2A(c_xdevicefamily="zy...]
Compiling architecture synth of entity xbip_pipe_v3_0_10.xbip_pipe_v3_0_10_viv [\xbip_pipe_v3_0_10_viv(c_latency...]
Compiling architecture rtl of entity floating_point_v7_1_20.delay [\delay(width=46,fast_input=true)...]
Compiling architecture xilinx of entity mult_gen_v12_0_23.delay_line [\delay_line(c_xdevicefamily="zyn...]
Compiling architecture xilinx of entity mult_gen_v12_0_23.delay_line [\delay_line(c_xdevicefamily="zyn...]
Compiling architecture xilinx of entity mult_gen_v12_0_23.delay_line [\delay_line(c_xdevicefamily="zyn...]
Compiling architecture dsp48e2_v of entity unisim.DSP48E2 [\DSP48E2(alumodereg=0,carryinreg...]
Compiling architecture xilinx of entity mult_gen_v12_0_23.delay_line [\delay_line(c_xdevicefamily="zyn...]
Compiling architecture dsp48e2_v of entity unisim.DSP48E2 [\DSP48E2(alumodereg=0,a_input="C...]
Compiling architecture xilinx of entity mult_gen_v12_0_23.delay_line [\delay_line(c_xdevicefamily="zyn...]
Compiling architecture xilinx of entity mult_gen_v12_0_23.op_resize [\op_resize(ai_width=26,bi_width=...]
Compiling architecture xilinx of entity mult_gen_v12_0_23.dsp [\dsp(c_xdevicefamily="zynquplus"...]
Compiling architecture synth of entity xbip_pipe_v3_0_10.xbip_pipe_v3_0_10_viv [\xbip_pipe_v3_0_10_viv(c_latency...]
Compiling architecture rtl of entity floating_point_v7_1_20.delay [\delay(width=46)\]
Compiling architecture synth of entity xbip_pipe_v3_0_10.xbip_pipe_v3_0_10_viv [\xbip_pipe_v3_0_10_viv(c_latency...]
Compiling architecture rtl of entity floating_point_v7_1_20.delay [\delay(width=11,length=4,fast_in...]
Compiling architecture synth of entity xbip_pipe_v3_0_10.xbip_pipe_v3_0_10_viv [\xbip_pipe_v3_0_10_viv(c_has_ce=...]
Compiling architecture rtl of entity floating_point_v7_1_20.delay [\delay(width=58,length=0)\]
Compiling architecture synth of entity floating_point_v7_1_20.multadd [\multadd(c_xdevicefamily="zynqup...]
Compiling architecture xilinx of entity mult_gen_v12_0_23.delay_line [\delay_line(c_xdevicefamily="zyn...]
Compiling architecture xilinx of entity mult_gen_v12_0_23.delay_line [\delay_line(c_xdevicefamily="zyn...]
Compiling architecture srl16e_v of entity unisim.SRL16E [\SRL16E(0,15)\]
Compiling architecture xilinx of entity mult_gen_v12_0_23.delay_line [\delay_line(c_xdevicefamily="zyn...]
Compiling architecture xilinx of entity mult_gen_v12_0_23.delay_line [\delay_line(c_xdevicefamily="zyn...]
Compiling architecture dsp48e2_v of entity unisim.DSP48E2 [\DSP48E2(acascreg=2,alumodereg=0...]
Compiling architecture dsp48e2_v of entity unisim.DSP48E2 [\DSP48E2(acascreg=2,alumodereg=0...]
Compiling architecture xilinx of entity mult_gen_v12_0_23.op_resize [\op_resize(ai_width=33,bi_width=...]
Compiling architecture xilinx of entity mult_gen_v12_0_23.dsp [\dsp(c_xdevicefamily="zynquplus"...]
Compiling architecture synth of entity xbip_pipe_v3_0_10.xbip_pipe_v3_0_10_viv [\xbip_pipe_v3_0_10_viv(c_latency...]
Compiling architecture rtl of entity floating_point_v7_1_20.delay [\delay(width=24,length=6,fast_in...]
Compiling architecture synth of entity xbip_pipe_v3_0_10.xbip_pipe_v3_0_10_viv [\xbip_pipe_v3_0_10_viv(c_has_ce=...]
Compiling architecture rtl of entity floating_point_v7_1_20.delay [\delay(width=71,length=0)\]
Compiling architecture synth of entity floating_point_v7_1_20.multadd [\multadd(c_xdevicefamily="zynqup...]
Compiling architecture synth of entity xbip_pipe_v3_0_10.xbip_pipe_v3_0_10_viv [\xbip_pipe_v3_0_10_viv(c_latency...]
Compiling architecture rtl of entity floating_point_v7_1_20.delay [\delay(width=9,length=5)\]
Compiling architecture synth of entity xbip_pipe_v3_0_10.xbip_pipe_v3_0_10_viv [\xbip_pipe_v3_0_10_viv(c_latency...]
Compiling architecture rtl of entity floating_point_v7_1_20.delay [\delay(width=30,length=6)\]
Compiling architecture synth of entity xbip_pipe_v3_0_10.xbip_pipe_v3_0_10_viv [\xbip_pipe_v3_0_10_viv(c_latency...]
Compiling architecture rtl of entity floating_point_v7_1_20.delay [\delay(width=2,length=5)\]
Compiling architecture synth of entity floating_point_v7_1_20.flt_exp_dp_poly [\flt_exp_dp_poly(c_xdevicefamily...]
Compiling architecture rtl of entity floating_point_v7_1_20.flt_exp_e2zmzm1 [\flt_exp_e2zmzm1(c_xdevicefamily...]
Compiling architecture synth of entity xbip_pipe_v3_0_10.xbip_pipe_v3_0_10_viv [\xbip_pipe_v3_0_10_viv(c_latency...]
Compiling architecture rtl of entity floating_point_v7_1_20.delay [\delay(width=47,length=13)\]
Compiling architecture synth of entity xbip_pipe_v3_0_10.xbip_pipe_v3_0_10_viv [\xbip_pipe_v3_0_10_viv(c_latency...]
Compiling architecture rtl of entity floating_point_v7_1_20.delay [\delay(width=11,length=40)\]
Compiling architecture synth of entity xbip_pipe_v3_0_10.xbip_pipe_v3_0_10_viv [\xbip_pipe_v3_0_10_viv(c_latency...]
Compiling architecture rtl of entity floating_point_v7_1_20.delay [\delay(length=33)\]
Compiling architecture synth of entity xbip_pipe_v3_0_10.xbip_pipe_v3_0_10_viv [\xbip_pipe_v3_0_10_viv(c_latency...]
Compiling architecture rtl of entity floating_point_v7_1_20.delay [\delay(width=8,length=3)\]
Compiling architecture synth of entity xbip_pipe_v3_0_10.xbip_pipe_v3_0_10_viv [\xbip_pipe_v3_0_10_viv(c_latency...]
Compiling architecture rtl of entity floating_point_v7_1_20.delay [\delay(width=8,length=2)\]
Compiling architecture dsp48e1_v of entity unisim.DSP48E1 [\DSP48E1(acascreg=0,adreg=0,areg...]
Compiling architecture rtl of entity floating_point_v7_1_20.dsp48e1_wrapper [\dsp48e1_wrapper(b_width=18,c_wi...]
Compiling architecture synth of entity xbip_pipe_v3_0_10.xbip_pipe_v3_0_10_viv [\xbip_pipe_v3_0_10_viv(c_has_ce=...]
Compiling architecture rtl of entity floating_point_v7_1_20.delay [\delay(width=15,length=0)\]
Compiling architecture struct of entity floating_point_v7_1_20.carry_chain [\carry_chain(c_xdevicefamily="zy...]
Compiling architecture synth of entity xbip_pipe_v3_0_10.xbip_pipe_v3_0_10_viv [\xbip_pipe_v3_0_10_viv(c_latency...]
Compiling architecture rtl of entity floating_point_v7_1_20.delay [\delay(width=28)\]
Compiling architecture synth of entity xbip_pipe_v3_0_10.xbip_pipe_v3_0_10_viv [\xbip_pipe_v3_0_10_viv(c_latency...]
Compiling architecture rtl of entity floating_point_v7_1_20.delay [\delay(width=29,length=2)\]
Compiling architecture synth of entity xbip_pipe_v3_0_10.xbip_pipe_v3_0_10_viv [\xbip_pipe_v3_0_10_viv(c_latency...]
Compiling architecture rtl of entity floating_point_v7_1_20.delay [\delay(width=54,fast_input=true)...]
Compiling architecture rtl of entity floating_point_v7_1_20.flt_round_bit [\flt_round_bit(c_xdevicefamily="...]
Compiling architecture rtl of entity floating_point_v7_1_20.renorm_and_round_logic [\renorm_and_round_logic(c_xdevic...]
Compiling architecture lut4_v of entity unisim.LUT4 [\LUT4(init="1100110010010110")(0...]
Compiling architecture lut4_v of entity unisim.LUT4 [\LUT4(init="1100110000111100")(0...]
Compiling architecture synth of entity floating_point_v7_1_20.flt_log_addsub [\flt_log_addsub(c_xdevicefamily=...]
Compiling architecture struct of entity floating_point_v7_1_20.carry_chain [\carry_chain(c_xdevicefamily="zy...]
Compiling architecture synth of entity floating_point_v7_1_20.compare_eq_im [\compare_eq_im(c_xdevicefamily="...]
Compiling architecture synth of entity floating_point_v7_1_20.compare_ne_im [\compare_ne_im(c_xdevicefamily="...]
Compiling architecture struct of entity floating_point_v7_1_20.carry_chain [\carry_chain(c_xdevicefamily="zy...]
Compiling architecture synth of entity floating_point_v7_1_20.compare_gt [\compare_gt(c_xdevicefamily="zyn...]
Compiling architecture synth of entity xbip_pipe_v3_0_10.xbip_pipe_v3_0_10_viv [\xbip_pipe_v3_0_10_viv(c_latency...]
Compiling architecture rtl of entity floating_point_v7_1_20.delay [\delay(width=64)\]
Compiling architecture synth of entity floating_point_v7_1_20.flt_exp_recomb [\flt_exp_recomb(c_xdevicefamily=...]
Compiling architecture synth of entity floating_point_v7_1_20.flt_exp [\flt_exp(c_xdevicefamily="zynqup...]
Compiling architecture synth of entity xbip_pipe_v3_0_10.xbip_pipe_v3_0_10_viv [\xbip_pipe_v3_0_10_viv(c_latency...]
Compiling architecture xilinx of entity floating_point_v7_1_20.floating_point_v7_1_20_viv [\floating_point_v7_1_20_viv(c_xd...]
Compiling architecture xilinx of entity floating_point_v7_1_20.floating_point_v7_1_20 [\floating_point_v7_1_20(c_xdevic...]
Compiling architecture top_kernel_dexp_64ns_64ns_64_58_full_dsp_1_ip_arch of entity xil_defaultlib.top_kernel_dexp_64ns_64ns_64_58_full_dsp_1_ip [top_kernel_dexp_64ns_64ns_64_58_...]
Compiling module xil_defaultlib.top_kernel_dexp_64ns_64ns_64_58_...
Compiling module xil_defaultlib.top_kernel_mul_32ns_34ns_65_3_1(...
Compiling module xil_defaultlib.top_kernel_urem_32ns_3ns_2_36_1_...
Compiling module xil_defaultlib.top_kernel_urem_32ns_3ns_2_36_1(...
Compiling module xil_defaultlib.top_kernel_sparsemux_7_2_32_1_1(...
Compiling module xil_defaultlib.top_kernel_top_kernel_Pipeline_V...
Compiling module xil_defaultlib.top_kernel_top_kernel_Pipeline_V...
Compiling module xil_defaultlib.top_kernel_top_kernel_Pipeline_V...
Compiling module xil_defaultlib.top_kernel_control_s_axi
Compiling module xil_defaultlib.top_kernel_gmem_m_axi_srl(DATA_W...
Compiling module xil_defaultlib.top_kernel_gmem_m_axi_fifo(DATA_...
Compiling module xil_defaultlib.top_kernel_gmem_m_axi_srl(DATA_W...
Compiling module xil_defaultlib.top_kernel_gmem_m_axi_fifo(DATA_...
Compiling module xil_defaultlib.top_kernel_gmem_m_axi_srl(DATA_W...
Compiling module xil_defaultlib.top_kernel_gmem_m_axi_fifo(DATA_...
Compiling module xil_defaultlib.top_kernel_gmem_m_axi_srl(DATA_W...
Compiling module xil_defaultlib.top_kernel_gmem_m_axi_fifo(DATA_...
Compiling module xil_defaultlib.top_kernel_gmem_m_axi_srl(DATA_W...
Compiling module xil_defaultlib.top_kernel_gmem_m_axi_fifo(DATA_...
Compiling module xil_defaultlib.top_kernel_gmem_m_axi_store(CONS...
Compiling module xil_defaultlib.top_kernel_gmem_m_axi_mem(MEM_ST...
Compiling module xil_defaultlib.top_kernel_gmem_m_axi_fifo(MEM_S...
Compiling module xil_defaultlib.top_kernel_gmem_m_axi_load(NUM_R...
Compiling module xil_defaultlib.top_kernel_gmem_m_axi_reg_slice(...
Compiling module xil_defaultlib.top_kernel_gmem_m_axi_burst_sequ...
Compiling module xil_defaultlib.top_kernel_gmem_m_axi_reg_slice(...
Compiling module xil_defaultlib.top_kernel_gmem_m_axi_srl(DATA_W...
Compiling module xil_defaultlib.top_kernel_gmem_m_axi_fifo(DATA_...
Compiling module xil_defaultlib.top_kernel_gmem_m_axi_reg_slice(...
Compiling module xil_defaultlib.top_kernel_gmem_m_axi_throttle(C...
Compiling module xil_defaultlib.top_kernel_gmem_m_axi_reg_slice(...
Compiling module xil_defaultlib.top_kernel_gmem_m_axi_write(CONS...
Compiling module xil_defaultlib.top_kernel_gmem_m_axi_reg_slice(...
Compiling module xil_defaultlib.top_kernel_gmem_m_axi_read(C_USE...
Compiling module xil_defaultlib.top_kernel_gmem_m_axi(C_M_AXI_AD...
Compiling architecture rtl of entity floating_point_v7_1_20.flt_add [\flt_add(c_xdevicefamily="zynqup...]
Compiling architecture xilinx of entity floating_point_v7_1_20.floating_point_v7_1_20_viv [\floating_point_v7_1_20_viv(c_xd...]
Compiling architecture xilinx of entity floating_point_v7_1_20.floating_point_v7_1_20 [\floating_point_v7_1_20(c_xdevic...]
Compiling architecture top_kernel_faddfsub_32ns_32ns_32_10_full_dsp_1_ip_arch of entity xil_defaultlib.top_kernel_faddfsub_32ns_32ns_32_10_full_dsp_1_ip [top_kernel_faddfsub_32ns_32ns_32...]
Compiling module xil_defaultlib.top_kernel_faddfsub_32ns_32ns_32...
Compiling architecture synth of entity xbip_pipe_v3_0_10.xbip_pipe_v3_0_10_viv [\xbip_pipe_v3_0_10_viv(c_has_ce=...]
Compiling architecture rtl of entity floating_point_v7_1_20.delay [\delay(width=31,length=0)\]
Compiling architecture synth of entity xbip_pipe_v3_0_10.xbip_pipe_v3_0_10_viv [\xbip_pipe_v3_0_10_viv(c_latency...]
Compiling architecture rtl of entity floating_point_v7_1_20.delay [\delay(width=32)\]
Compiling architecture struct of entity floating_point_v7_1_20.carry_chain [\carry_chain(c_xdevicefamily="zy...]
Compiling architecture rtl of entity floating_point_v7_1_20.norm_zero_det [\norm_zero_det(data_width=7,norm...]
Compiling architecture rtl of entity floating_point_v7_1_20.mux4 [\mux4(c_xdevicefamily="zynquplus...]
Compiling architecture rtl of entity floating_point_v7_1_20.mux4 [\mux4(c_xdevicefamily="zynquplus...]
Compiling architecture synth of entity xbip_pipe_v3_0_10.xbip_pipe_v3_0_10_viv [\xbip_pipe_v3_0_10_viv(c_has_ce=...]
Compiling architecture rtl of entity floating_point_v7_1_20.delay [\delay(width=8,length=0,fast_inp...]
Compiling architecture struct of entity floating_point_v7_1_20.carry_chain [\carry_chain(c_xdevicefamily="zy...]
Compiling architecture rtl of entity floating_point_v7_1_20.lead_zero_encode [\lead_zero_encode(c_xdevicefamil...]
Compiling architecture rtl of entity floating_point_v7_1_20.shift_msb_first [\shift_msb_first(a_width=32,resu...]
Compiling architecture struct of entity floating_point_v7_1_20.carry_chain [\carry_chain(c_xdevicefamily="zy...]
Compiling architecture struct of entity floating_point_v7_1_20.carry_chain [\carry_chain(c_xdevicefamily="zy...]
Compiling architecture rtl of entity floating_point_v7_1_20.renorm_and_round_logic [\renorm_and_round_logic(c_xdevic...]
Compiling architecture synth of entity floating_point_v7_1_20.fix_to_flt_conv_exp [\fix_to_flt_conv_exp(c_xdevicefa...]
Compiling architecture struct of entity floating_point_v7_1_20.fix_to_flt_conv [\fix_to_flt_conv(c_xdevicefamily...]
Compiling architecture xilinx of entity floating_point_v7_1_20.floating_point_v7_1_20_viv [\floating_point_v7_1_20_viv(c_xd...]
Compiling architecture xilinx of entity floating_point_v7_1_20.floating_point_v7_1_20 [\floating_point_v7_1_20(c_xdevic...]
Compiling architecture top_kernel_sitofp_32ns_32_7_no_dsp_1_ip_arch of entity xil_defaultlib.top_kernel_sitofp_32ns_32_7_no_dsp_1_ip [top_kernel_sitofp_32ns_32_7_no_d...]
Compiling module xil_defaultlib.top_kernel_sitofp_32ns_32_7_no_d...
Compiling module xil_defaultlib.top_kernel_sparsemux_511_8_32_1_...
Compiling module xil_defaultlib.top_kernel_sparsemux_17_3_32_1_1...
Compiling architecture synth of entity floating_point_v7_1_20.compare_eq_im [\compare_eq_im(c_xdevicefamily="...]
Compiling architecture synth of entity floating_point_v7_1_20.compare_ne_im [\compare_ne_im(c_xdevicefamily="...]
Compiling architecture synth of entity floating_point_v7_1_20.compare_eq_im [\compare_eq_im(c_xdevicefamily="...]
Compiling architecture struct of entity floating_point_v7_1_20.carry_chain [\carry_chain(c_xdevicefamily="zy...]
Compiling architecture synth of entity floating_point_v7_1_20.compare_eq [\compare_eq(c_xdevicefamily="zyn...]
Compiling architecture struct of entity floating_point_v7_1_20.carry_chain [\carry_chain(c_xdevicefamily="zy...]
Compiling architecture synth of entity floating_point_v7_1_20.compare_gt [\compare_gt(c_xdevicefamily="zyn...]
Compiling architecture rtl of entity floating_point_v7_1_20.fp_cmp [\fp_cmp(c_xdevicefamily="zynqupl...]
Compiling architecture xilinx of entity floating_point_v7_1_20.floating_point_v7_1_20_viv [\floating_point_v7_1_20_viv(c_xd...]
Compiling architecture xilinx of entity floating_point_v7_1_20.floating_point_v7_1_20 [\floating_point_v7_1_20(c_xdevic...]
Compiling architecture top_kernel_fcmp_32ns_32ns_1_3_no_dsp_1_ip_arch of entity xil_defaultlib.top_kernel_fcmp_32ns_32ns_1_3_no_dsp_1_ip [top_kernel_fcmp_32ns_32ns_1_3_no...]
Compiling module xil_defaultlib.top_kernel_fcmp_32ns_32ns_1_3_no...
Compiling module xil_defaultlib.top_kernel
Compiling module xil_defaultlib.misc_interface_default
Compiling module xil_defaultlib.axi_if(ADDR_WIDTH=64,STRB_WIDTH=...
Compiling module xil_defaultlib.axi_if(ADDR_WIDTH=6,STRB_WIDTH=4...
Compiling module xil_defaultlib.sv_module_top
Compiling module xil_defaultlib.nodf_module_intf_default
Compiling module xil_defaultlib.seq_loop_intf(FSM_WIDTH=100)
Compiling module xil_defaultlib.seq_loop_intf(FSM_WIDTH=94)
Compiling module xil_defaultlib.seq_loop_intf_default
Compiling module xil_defaultlib.upc_loop_intf(FSM_WIDTH=1)
Compiling module xil_defaultlib.upc_loop_intf(FSM_WIDTH=4)
Compiling module xil_defaultlib.upc_loop_intf(FSM_WIDTH=6)
Compiling module xil_defaultlib.upc_loop_intf(FSM_WIDTH=9)
Compiling module xil_defaultlib.dataflow_monitor_1
Compiling module xil_defaultlib.apatb_top_kernel_top
Compiling module xil_defaultlib.glbl
Built simulation snapshot top_kernel

****** xsim v2025.1.1 (64-bit)
  **** SW Build 6233196 on Thu Sep 11 21:27:11 MDT 2025
  **** IP Build 6232796 on Fri Sep 12 01:46:16 MDT 2025
  **** SharedData Build 6233195 on Thu Sep 11 17:56:43 MDT 2025
  **** Start of session at: Sat Apr  4 22:43:14 2026
    ** Copyright 1986-2022 Xilinx, Inc. All Rights Reserved.
    ** Copyright 2022-2025 Advanced Micro Devices, Inc. All Rights Reserved.

source xsim.dir/top_kernel/xsim_script.tcl
# xsim {top_kernel} -testplusarg UVM_VERBOSITY=UVM_NONE -testplusarg UVM_TESTNAME=top_kernel_test_lib -testplusarg UVM_TIMEOUT=20000000000000 -autoloadwcfg -tclbatch {top_kernel.tcl}
Time resolution is 1 ps
source top_kernel.tcl
## run all
UVM_INFO /tools/software/xilinx//2025.1.1/Vivado/data/system_verilog/uvm_1.2/xlnx_uvm_package.sv(18601) @ 0: reporter [UVM/RELNOTES] 
----------------------------------------------------------------
UVM-1.2
(C) 2007-2014 Mentor Graphics Corporation
(C) 2007-2014 Cadence Design Systems, Inc.
(C) 2006-2014 Synopsys, Inc.
(C) 2011-2013 Cypress Semiconductor Corp.
(C) 2013-2014 NVIDIA Corporation
----------------------------------------------------------------

  ***********       IMPORTANT RELEASE NOTES         ************

  You are using a version of the UVM library that has been compiled
  with `UVM_NO_DEPRECATED undefined.

  You are using a version of the UVM library that has been compiled
  with `UVM_OBJECT_DO_NOT_NEED_CONSTRUCTOR undefined.

      (Specify +UVM_NO_RELNOTES to turn off this notice)

UVM_INFO /tools/software/xilinx//2025.1.1/Vivado/data/system_verilog/uvm_1.2/xlnx_uvm_package.sv(18648) @ 0: reporter [NO_DPI_TSTNAME] UVM_NO_DPI defined--getting UVM_TESTNAME directly, without DPI
UVM_INFO /tools/software/xilinx//2025.1.1/Vivado/data/system_verilog/uvm_1.2/xlnx_uvm_package.sv(18752) @ 0: reporter [UVMTOP] UVM testbench topology:
--------------------------------------------------------------------------------------
Name                         Type                              Size  Value            
--------------------------------------------------------------------------------------
uvm_test_top                 top_kernel_test_lib               -     @368             
  top_env                    top_kernel_env                    -     @379             
    axi_lite_control         uvm_env                           -     @432             
      item_rtr_port          uvm_analysis_port                 -     @451             
      item_wtr_port          uvm_analysis_port                 -     @441             
      master                 uvm_agent                         -     @844             
        ardrv                uvm_driver #(REQ,RSP)             -     @1519            
          item_read_imp      uvm_analysis_port                 -     @1548            
          rsp_port           uvm_analysis_port                 -     @1538            
          seq_item_port      uvm_seq_item_pull_port            -     @1528            
          m_num_sent         integral                          32    'h0              
        arsqr                axi_sequencer                     -     @1558            
          rsp_export         uvm_analysis_export               -     @1567            
          seq_item_export    uvm_seq_item_pull_imp             -     @1685            
          arbitration_queue  array                             0     -                
          lock_queue         array                             0     -                
          num_last_reqs      integral                          32    'd1              
          num_last_rsps      integral                          32    'd1              
        awdrv                uvm_driver #(REQ,RSP)             -     @991             
          item_read_imp      uvm_analysis_port                 -     @1020            
          rsp_port           uvm_analysis_port                 -     @1010            
          seq_item_port      uvm_seq_item_pull_port            -     @1000            
          m_num_sent         integral                          32    'h0              
        awsqr                axi_sequencer                     -     @1030            
          rsp_export         uvm_analysis_export               -     @1039            
          seq_item_export    uvm_seq_item_pull_imp             -     @1157            
          arbitration_queue  array                             0     -                
          lock_queue         array                             0     -                
          num_last_reqs      integral                          32    'd1              
          num_last_rsps      integral                          32    'd1              
        bdrv                 uvm_driver #(REQ,RSP)             -     @1343            
          item_read_imp      uvm_analysis_port                 -     @1372            
          rsp_port           uvm_analysis_port                 -     @1362            
          seq_item_port      uvm_seq_item_pull_port            -     @1352            
          m_num_sent         integral                          32    'h0              
        bsqr                 axi_sequencer                     -     @1382            
          rsp_export         uvm_analysis_export               -     @1391            
          seq_item_export    uvm_seq_item_pull_imp             -     @1509            
          arbitration_queue  array                             0     -                
          lock_queue         array                             0     -                
          num_last_reqs      integral                          32    'd1              
          num_last_rsps      integral                          32    'd1              
        rdrv                 uvm_driver #(REQ,RSP)             -     @1695            
          item_read_imp      uvm_analysis_port                 -     @1724            
          rsp_port           uvm_analysis_port                 -     @1714            
          seq_item_port      uvm_seq_item_pull_port            -     @1704            
          m_num_sent         integral                          32    'h0              
        rsqr                 axi_sequencer                     -     @1734            
          rsp_export         uvm_analysis_export               -     @1743            
          seq_item_export    uvm_seq_item_pull_imp             -     @1861            
          arbitration_queue  array                             0     -                
          lock_queue         array                             0     -                
          num_last_reqs      integral                          32    'd1              
          num_last_rsps      integral                          32    'd1              
        wdrv                 uvm_driver #(REQ,RSP)             -     @1167            
          item_read_imp      uvm_analysis_port                 -     @1196            
          rsp_port           uvm_analysis_port                 -     @1186            
          seq_item_port      uvm_seq_item_pull_port            -     @1176            
          m_num_sent         integral                          32    'h0              
        wsqr                 axi_sequencer                     -     @1206            
          rsp_export         uvm_analysis_export               -     @1215            
          seq_item_export    uvm_seq_item_pull_imp             -     @1333            
          arbitration_queue  array                             0     -                
          lock_queue         array                             0     -                
          num_last_reqs      integral                          32    'd1              
          num_last_rsps      integral                          32    'd1              
      monitor                uvm_monitor                       -     @666             
        item_ar2r_port       uvm_analysis_port                 -     @735             
        item_ar_port         uvm_analysis_port                 -     @705             
        item_aw2b_port       uvm_analysis_port                 -     @725             
        item_aw_port         uvm_analysis_port                 -     @675             
        item_b_port          uvm_analysis_port                 -     @695             
        item_r_port          uvm_analysis_port                 -     @715             
        item_w_port          uvm_analysis_port                 -     @685             
        checks_enable        integral                          1     'h1              
        coverage_enable      integral                          1     'h1              
      state                  axi_state                         -     @745             
        ar2r_imp             uvm_analysis_imp_ar2r             -     @814             
        ar_imp               uvm_analysis_imp_ar               -     @784             
        aw2b_imp             uvm_analysis_imp_aw2b             -     @804             
        aw_imp               uvm_analysis_imp_aw               -     @754             
        b_imp                uvm_analysis_imp_b                -     @774             
        item_rtr_port        uvm_analysis_port                 -     @834             
        item_wtr_port        uvm_analysis_port                 -     @824             
        r_imp                uvm_analysis_imp_r                -     @794             
        w_imp                uvm_analysis_imp_w                -     @764             
        avg_rate             integral                          32    'h0              
        exp_rate             integral                          32    'h0              
        win_size             integral                          32    'h0              
        bqnum_for_slaseq     integral                          32    'h0              
        rq_from_model_num    integral                          32    'h0              
      vsqr                   axi_virtual_sequencer             -     @853             
        rsp_export           uvm_analysis_export               -     @862             
        seq_item_export      uvm_seq_item_pull_imp             -     @980             
        arbitration_queue    array                             0     -                
        lock_queue           array                             0     -                
        num_last_reqs        integral                          32    'd1              
        num_last_rsps        integral                          32    'd1              
      cfg                    axi_cfg                           -     @395             
        has_checker          integral                          1     'h1              
        has_coverage         integral                          1     'h1              
        id_num               integral                          32    'h1              
        reset_level          reset_level_enum                  32    RESET_LEVEL_LOW  
        drv_type             drv_type_enum                     32    MASTER           
        write_latency_mode   latency_mode_enum                 32    CHANNEL_FIRST    
        read_latency_mode    latency_mode_enum                 32    CHANNEL_FIRST    
        clatency             axi_latency                       -     @430             
          wr_latency         integral                          32    'h0              
          rd_latency         integral                          32    'h0              
    axi_master_gmem          uvm_env                           -     @401             
      item_rtr_port          uvm_analysis_port                 -     @420             
      item_wtr_port          uvm_analysis_port                 -     @410             
      monitor                uvm_monitor                       -     @1944            
        item_ar2r_port       uvm_analysis_port                 -     @2013            
        item_ar_port         uvm_analysis_port                 -     @1983            
        item_aw2b_port       uvm_analysis_port                 -     @2003            
        item_aw_port         uvm_analysis_port                 -     @1953            
        item_b_port          uvm_analysis_port                 -     @1973            
        item_r_port          uvm_analysis_port                 -     @1993            
        item_w_port          uvm_analysis_port                 -     @1963            
        checks_enable        integral                          1     'h1              
        coverage_enable      integral                          1     'h1              
      slave                  uvm_agent                         -     @2122            
        ardrv                uvm_driver #(REQ,RSP)             -     @2799            
          item_read_imp      uvm_analysis_port                 -     @2828            
          rsp_port           uvm_analysis_port                 -     @2818            
          seq_item_port      uvm_seq_item_pull_port            -     @2808            
          m_num_sent         integral                          32    'h0              
        arsqr                axi_sequencer                     -     @2838            
          rsp_export         uvm_analysis_export               -     @2847            
          seq_item_export    uvm_seq_item_pull_imp             -     @2965            
          arbitration_queue  array                             0     -                
          lock_queue         array                             0     -                
          num_last_reqs      integral                          32    'd1              
          num_last_rsps      integral                          32    'd1              
        awdrv                uvm_driver #(REQ,RSP)             -     @2271            
          item_read_imp      uvm_analysis_port                 -     @2300            
          rsp_port           uvm_analysis_port                 -     @2290            
          seq_item_port      uvm_seq_item_pull_port            -     @2280            
          m_num_sent         integral                          32    'h0              
        awsqr                axi_sequencer                     -     @2310            
          rsp_export         uvm_analysis_export               -     @2319            
          seq_item_export    uvm_seq_item_pull_imp             -     @2437            
          arbitration_queue  array                             0     -                
          lock_queue         array                             0     -                
          num_last_reqs      integral                          32    'd1              
          num_last_rsps      integral                          32    'd1              
        bdrv                 uvm_driver #(REQ,RSP)             -     @2623            
          item_read_imp      uvm_analysis_port                 -     @2652            
          rsp_port           uvm_analysis_port                 -     @2642            
          seq_item_port      uvm_seq_item_pull_port            -     @2632            
          m_num_sent         integral                          32    'h0              
        bsqr                 axi_sequencer                     -     @2662            
          rsp_export         uvm_analysis_export               -     @2671            
          seq_item_export    uvm_seq_item_pull_imp             -     @2789            
          arbitration_queue  array                             0     -                
          lock_queue         array                             0     -                
          num_last_reqs      integral                          32    'd1              
          num_last_rsps      integral                          32    'd1              
        rdrv                 uvm_driver #(REQ,RSP)             -     @2975            
          item_read_imp      uvm_analysis_port                 -     @3004            
          rsp_port           uvm_analysis_port                 -     @2994            
          seq_item_port      uvm_seq_item_pull_port            -     @2984            
          m_num_sent         integral                          32    'h0              
        rsqr                 axi_sequencer                     -     @3014            
          rsp_export         uvm_analysis_export               -     @3023            
          seq_item_export    uvm_seq_item_pull_imp             -     @3141            
          arbitration_queue  array                             0     -                
          lock_queue         array                             0     -                
          num_last_reqs      integral                          32    'd1              
          num_last_rsps      integral                          32    'd1              
        wdrv                 uvm_driver #(REQ,RSP)             -     @2447            
          item_read_imp      uvm_analysis_port                 -     @2476            
          rsp_port           uvm_analysis_port                 -     @2466            
          seq_item_port      uvm_seq_item_pull_port            -     @2456            
          m_num_sent         integral                          32    'h0              
        wsqr                 axi_sequencer                     -     @2486            
          rsp_export         uvm_analysis_export               -     @2495            
          seq_item_export    uvm_seq_item_pull_imp             -     @2613            
          arbitration_queue  array                             0     -                
          lock_queue         array                             0     -                
          num_last_reqs      integral                          32    'd1              
          num_last_rsps      integral                          32    'd1              
      state                  axi_state                         -     @2023            
        ar2r_imp             uvm_analysis_imp_ar2r             -     @2092            
        ar_imp               uvm_analysis_imp_ar               -     @2062            
        aw2b_imp             uvm_analysis_imp_aw2b             -     @2082            
        aw_imp               uvm_analysis_imp_aw               -     @2032            
        b_imp                uvm_analysis_imp_b                -     @2052            
        item_rtr_port        uvm_analysis_port                 -     @2112            
        item_wtr_port        uvm_analysis_port                 -     @2102            
        r_imp                uvm_analysis_imp_r                -     @2072            
        w_imp                uvm_analysis_imp_w                -     @2042            
        avg_rate             integral                          32    'h0              
        exp_rate             integral                          32    'h0              
        win_size             integral                          32    'h0              
        bqnum_for_slaseq     integral                          32    'h0              
        rq_from_model_num    integral                          32    'h0              
      vsqr                   axi_virtual_sequencer             -     @2131            
        rsp_export           uvm_analysis_export               -     @2140            
        seq_item_export      uvm_seq_item_pull_imp             -     @2258            
        arbitration_queue    array                             0     -                
        lock_queue           array                             0     -                
        num_last_reqs        integral                          32    'd1              
        num_last_rsps        integral                          32    'd1              
      cfg                    axi_cfg                           -     @394             
        has_checker          integral                          1     'h1              
        has_coverage         integral                          1     'h1              
        id_num               integral                          32    'h1              
        reset_level          reset_level_enum                  32    RESET_LEVEL_LOW  
        drv_type             drv_type_enum                     32    SLAVE            
        write_latency_mode   latency_mode_enum                 32    TRANSACTION_FIRST
        read_latency_mode    latency_mode_enum                 32    TRANSACTION_FIRST
        clatency             axi_latency                       -     @396             
          wr_latency         integral                          32    'h0              
          rd_latency         integral                          32    'h0              
    refm                     top_kernel_reference_model        -     @461             
      trans_num_idx          integral                          32    'h0              
    subsys_mon               top_kernel_subsystem_monitor      -     @474             
      control_rtr_imp        uvm_analysis_imp_axi_rtr_control  -     @513             
      control_wtr_imp        uvm_analysis_imp_axi_wtr_control  -     @503             
      gmem_rtr_imp           uvm_analysis_imp_axi_rtr_gmem     -     @493             
      gmem_wtr_imp           uvm_analysis_imp_axi_wtr_gmem     -     @483             
      scbd                   top_kernel_scoreboard             -     @3222            
        refm                 top_kernel_reference_model        -     @461             
          trans_num_idx      integral                          32    'h0              
    top_kernel_virtual_sqr   top_kernel_virtual_sequencer      -     @523             
      rsp_export             uvm_analysis_export               -     @532             
      seq_item_export        uvm_seq_item_pull_imp             -     @650             
      arbitration_queue      array                             0     -                
      lock_queue             array                             0     -                
      num_last_reqs          integral                          32    'd1              
      num_last_rsps          integral                          32    'd1              
    refm                     top_kernel_reference_model        -     @461             
    top_kernel_virtual_sqr   top_kernel_virtual_sequencer      -     @523             
    top_kernel_cfg           top_kernel_config                 -     @393             
      gmem_cfg               axi_cfg                           -     @394             
        has_checker          integral                          1     'h1              
        has_coverage         integral                          1     'h1              
        id_num               integral                          32    'h1              
        reset_level          reset_level_enum                  32    RESET_LEVEL_LOW  
        drv_type             drv_type_enum                     32    SLAVE            
        write_latency_mode   latency_mode_enum                 32    TRANSACTION_FIRST
        read_latency_mode    latency_mode_enum                 32    TRANSACTION_FIRST
        clatency             axi_latency                       -     @396             
          wr_latency         integral                          32    'h0              
          rd_latency         integral                          32    'h0              
      control_cfg            axi_cfg                           -     @395             
        has_checker          integral                          1     'h1              
        has_coverage         integral                          1     'h1              
        id_num               integral                          32    'h1              
        reset_level          reset_level_enum                  32    RESET_LEVEL_LOW  
        drv_type             drv_type_enum                     32    MASTER           
        write_latency_mode   latency_mode_enum                 32    CHANNEL_FIRST    
        read_latency_mode    latency_mode_enum                 32    CHANNEL_FIRST    
        clatency             axi_latency                       -     @430             
          wr_latency         integral                          32    'h0              
          rd_latency         integral                          32    'h0              
      check_ena              integral                          32    'h0              
      cover_ena              integral                          32    'h0              
--------------------------------------------------------------------------------------

UVM_INFO /tools/software/xilinx//2025.1.1/Vivado/data/system_verilog/uvm_1.2/xlnx_uvm_package.sv(20867) @ 0: reporter [UVM/COMP/NAMECHECK] This implementation of the component name checks requires DPI to be enabled
////////////////////////////////////////////////////////////////////////////////////
// Inter-Transaction Progress: Completed Transaction / Total Transaction
// Intra-Transaction Progress: Measured Latency / Latency Estimation * 100%
//
// RTL Simulation : "Inter-Transaction Progress" ["Intra-Transaction Progress"] @ "Simulation Time"
////////////////////////////////////////////////////////////////////////////////////
// RTL Simulation : 0 / 1 [0.00%] @ "110000"
// RTL Simulation : 1 / 1 [100.00%] @ "2016338000"
////////////////////////////////////////////////////////////////////////////////////
$finish called at time : 2016366 ns : File "/tools/software/xilinx//2025.1.1/Vivado/data/system_verilog/uvm_1.2/xlnx_uvm_package.sv" Line 18699
run: Time (s): cpu = 00:00:00.59 ; elapsed = 00:53:07 . Memory (MB): peak = 1608.957 ; gain = 0.000 ; free physical = 170260 ; free virtual = 367527
## quit
INFO: xsimkernel Simulation Memory Usage: 2109752 KB (Peak: 2109752 KB), Simulation CPU Usage: 3169250 ms
INFO: [Common 17-206] Exiting xsim at Sat Apr  4 23:36:26 2026...
INFO: [COSIM 212-316] Starting C post checking ...
>> Initializing Input Buffers...
>> Starting Golden Baseline (Software)...
K1: Intensity        [>                             ] 0 %K1: Intensity        [=======================>      ] 79 %K1: Intensity        [==============================] 100 %
K2: Equalize         [>                             ] 0 %K2: Equalize         [==============================] 100 %
K3: Gaussian         [========================>     ] 81 %K3: Gaussian         [==============================] 100 %
K4: Bilateral        [====>                         ] 16 %K4: Bilateral        [=========>                    ] 32 %K4: Bilateral        [==============>               ] 49 %K4: Bilateral        [===================>          ] 65 %K4: Bilateral        [========================>     ] 81 %K4: Bilateral        [=============================>] 98 %K4: Bilateral        [==============================] 100 %
K5: Morph (Erode)    [==============================] 100 %
K5: Morph (Dilate)   [==============================] 100 %
>> Starting Hardware Kernel Execution...
>> Hardware Execution Complete.
>> Verifying Results...

----------------------------------------
Max Error: 0.00793355
TEST PASSED
INFO: [COSIM 212-1000] *** C/RTL co-simulation finished: PASS ***
INFO: [COSIM 212-211] II is measurable only when transaction number is greater than 1 in RTL simulation. Otherwise, they will be marked as all NA. If user wants to calculate them, please make sure there are at least 2 transactions in RTL simulation.
INFO: [HLS 200-2161] Finished Command cosim_design Elapsed time: 01:22:28; Allocated memory: 18.809 MB.
INFO: [HLS 200-1510] Running: export_design -format ip_catalog -flow impl 
INFO: [HLS 200-1915] Writing HLS config ini file /nethome/asandeep6/FPGA_ECE8893/2026_Spring/lab4/project_1/hls_config.cfg
INFO: [IMPL 213-8] Exporting RTL as a Vivado IP.

****** Vivado v2025.1.1 (64-bit)
  **** SW Build 6233196 on Thu Sep 11 21:27:11 MDT 2025
  **** IP Build 6232796 on Fri Sep 12 01:46:16 MDT 2025
  **** SharedData Build 6233195 on Thu Sep 11 17:56:43 MDT 2025
  **** Start of session at: Sat Apr  4 23:48:34 2026
    ** Copyright 1986-2022 Xilinx, Inc. All Rights Reserved.
    ** Copyright 2022-2025 Advanced Micro Devices, Inc. All Rights Reserved.

source run_ippack.tcl -notrace
INFO: calling package_hls_ip ip_types=vitis sysgen json_file=/nethome/asandeep6/FPGA_ECE8893/2026_Spring/lab4/project_1/hls/hls_data.json outdir=/nethome/asandeep6/FPGA_ECE8893/2026_Spring/lab4/project_1/hls/impl/ip srcdir=/nethome/asandeep6/FPGA_ECE8893/2026_Spring/lab4/project_1/hls ippack_options_dict= ippack_options_dict=
INFO: Copied 1 ipmisc file(s) to /nethome/asandeep6/FPGA_ECE8893/2026_Spring/lab4/project_1/hls/impl/ip/misc
INFO: Copied 41 verilog file(s) to /nethome/asandeep6/FPGA_ECE8893/2026_Spring/lab4/project_1/hls/impl/ip/hdl/verilog
INFO: Copied 36 vhdl file(s) to /nethome/asandeep6/FPGA_ECE8893/2026_Spring/lab4/project_1/hls/impl/ip/hdl/vhdl
INFO: Copied 10 swdriver file(s) to /nethome/asandeep6/FPGA_ECE8893/2026_Spring/lab4/project_1/hls/impl/ip/drivers
Generating 9 subcores in /nethome/asandeep6/FPGA_ECE8893/2026_Spring/lab4/project_1/hls/impl/ip/subcore_prj:
impl/misc/top_kernel_dexp_64ns_64ns_64_58_full_dsp_1_ip.tcl
impl/misc/top_kernel_fadd_32ns_32ns_32_10_full_dsp_1_ip.tcl
impl/misc/top_kernel_faddfsub_32ns_32ns_32_10_full_dsp_1_ip.tcl
impl/misc/top_kernel_fcmp_32ns_32ns_1_3_no_dsp_1_ip.tcl
impl/misc/top_kernel_fdiv_32ns_32ns_32_30_no_dsp_1_ip.tcl
impl/misc/top_kernel_fmul_32ns_32ns_32_7_max_dsp_1_ip.tcl
impl/misc/top_kernel_fpext_32ns_64_2_no_dsp_1_ip.tcl
impl/misc/top_kernel_fptrunc_64ns_32_3_no_dsp_1_ip.tcl
impl/misc/top_kernel_sitofp_32ns_32_7_no_dsp_1_ip.tcl
create_project: Time (s): cpu = 00:00:16 ; elapsed = 00:00:06 . Memory (MB): peak = 1876.520 ; gain = 153.047 ; free physical = 2406 ; free virtual = 347599
INFO: Using COE_DIR=/nethome/asandeep6/FPGA_ECE8893/2026_Spring/lab4/project_1/hls/impl/ip/hdl/verilog
INFO: Generating top_kernel_dexp_64ns_64ns_64_58_full_dsp_1_ip via file impl/misc/top_kernel_dexp_64ns_64ns_64_58_full_dsp_1_ip.tcl
INFO: [IP_Flow 19-234] Refreshing IP repositories
INFO: [IP_Flow 19-1704] No user IP repositories specified
INFO: [IP_Flow 19-2313] Loaded Vivado IP repository '/tools/software/xilinx/2025.1.1/data/ip'.
INFO: [IP_Flow 19-1686] Generating 'Synthesis' target for IP 'top_kernel_dexp_64ns_64ns_64_58_full_dsp_1_ip'...
INFO: [IP_Flow 19-1686] Generating 'Simulation' target for IP 'top_kernel_dexp_64ns_64ns_64_58_full_dsp_1_ip'...
INFO: Done generating top_kernel_dexp_64ns_64ns_64_58_full_dsp_1_ip via file impl/misc/top_kernel_dexp_64ns_64ns_64_58_full_dsp_1_ip.tcl
INFO: Generating top_kernel_fadd_32ns_32ns_32_10_full_dsp_1_ip via file impl/misc/top_kernel_fadd_32ns_32ns_32_10_full_dsp_1_ip.tcl
INFO: [IP_Flow 19-1686] Generating 'Synthesis' target for IP 'top_kernel_fadd_32ns_32ns_32_10_full_dsp_1_ip'...
INFO: [IP_Flow 19-1686] Generating 'Simulation' target for IP 'top_kernel_fadd_32ns_32ns_32_10_full_dsp_1_ip'...
INFO: Done generating top_kernel_fadd_32ns_32ns_32_10_full_dsp_1_ip via file impl/misc/top_kernel_fadd_32ns_32ns_32_10_full_dsp_1_ip.tcl
INFO: Generating top_kernel_faddfsub_32ns_32ns_32_10_full_dsp_1_ip via file impl/misc/top_kernel_faddfsub_32ns_32ns_32_10_full_dsp_1_ip.tcl
INFO: [IP_Flow 19-1686] Generating 'Synthesis' target for IP 'top_kernel_faddfsub_32ns_32ns_32_10_full_dsp_1_ip'...
INFO: [IP_Flow 19-1686] Generating 'Simulation' target for IP 'top_kernel_faddfsub_32ns_32ns_32_10_full_dsp_1_ip'...
INFO: Done generating top_kernel_faddfsub_32ns_32ns_32_10_full_dsp_1_ip via file impl/misc/top_kernel_faddfsub_32ns_32ns_32_10_full_dsp_1_ip.tcl
INFO: Generating top_kernel_fcmp_32ns_32ns_1_3_no_dsp_1_ip via file impl/misc/top_kernel_fcmp_32ns_32ns_1_3_no_dsp_1_ip.tcl
INFO: [IP_Flow 19-1686] Generating 'Synthesis' target for IP 'top_kernel_fcmp_32ns_32ns_1_3_no_dsp_1_ip'...
INFO: [IP_Flow 19-1686] Generating 'Simulation' target for IP 'top_kernel_fcmp_32ns_32ns_1_3_no_dsp_1_ip'...
INFO: Done generating top_kernel_fcmp_32ns_32ns_1_3_no_dsp_1_ip via file impl/misc/top_kernel_fcmp_32ns_32ns_1_3_no_dsp_1_ip.tcl
INFO: Generating top_kernel_fdiv_32ns_32ns_32_30_no_dsp_1_ip via file impl/misc/top_kernel_fdiv_32ns_32ns_32_30_no_dsp_1_ip.tcl
INFO: [IP_Flow 19-1686] Generating 'Synthesis' target for IP 'top_kernel_fdiv_32ns_32ns_32_30_no_dsp_1_ip'...
INFO: [IP_Flow 19-1686] Generating 'Simulation' target for IP 'top_kernel_fdiv_32ns_32ns_32_30_no_dsp_1_ip'...
INFO: Done generating top_kernel_fdiv_32ns_32ns_32_30_no_dsp_1_ip via file impl/misc/top_kernel_fdiv_32ns_32ns_32_30_no_dsp_1_ip.tcl
INFO: Generating top_kernel_fmul_32ns_32ns_32_7_max_dsp_1_ip via file impl/misc/top_kernel_fmul_32ns_32ns_32_7_max_dsp_1_ip.tcl
INFO: [IP_Flow 19-1686] Generating 'Synthesis' target for IP 'top_kernel_fmul_32ns_32ns_32_7_max_dsp_1_ip'...
INFO: [IP_Flow 19-1686] Generating 'Simulation' target for IP 'top_kernel_fmul_32ns_32ns_32_7_max_dsp_1_ip'...
INFO: Done generating top_kernel_fmul_32ns_32ns_32_7_max_dsp_1_ip via file impl/misc/top_kernel_fmul_32ns_32ns_32_7_max_dsp_1_ip.tcl
INFO: Generating top_kernel_fpext_32ns_64_2_no_dsp_1_ip via file impl/misc/top_kernel_fpext_32ns_64_2_no_dsp_1_ip.tcl
INFO: [IP_Flow 19-1686] Generating 'Synthesis' target for IP 'top_kernel_fpext_32ns_64_2_no_dsp_1_ip'...
INFO: [IP_Flow 19-1686] Generating 'Simulation' target for IP 'top_kernel_fpext_32ns_64_2_no_dsp_1_ip'...
INFO: Done generating top_kernel_fpext_32ns_64_2_no_dsp_1_ip via file impl/misc/top_kernel_fpext_32ns_64_2_no_dsp_1_ip.tcl
INFO: Generating top_kernel_fptrunc_64ns_32_3_no_dsp_1_ip via file impl/misc/top_kernel_fptrunc_64ns_32_3_no_dsp_1_ip.tcl
INFO: [IP_Flow 19-1686] Generating 'Synthesis' target for IP 'top_kernel_fptrunc_64ns_32_3_no_dsp_1_ip'...
INFO: [IP_Flow 19-1686] Generating 'Simulation' target for IP 'top_kernel_fptrunc_64ns_32_3_no_dsp_1_ip'...
INFO: Done generating top_kernel_fptrunc_64ns_32_3_no_dsp_1_ip via file impl/misc/top_kernel_fptrunc_64ns_32_3_no_dsp_1_ip.tcl
INFO: Generating top_kernel_sitofp_32ns_32_7_no_dsp_1_ip via file impl/misc/top_kernel_sitofp_32ns_32_7_no_dsp_1_ip.tcl
INFO: [IP_Flow 19-1686] Generating 'Synthesis' target for IP 'top_kernel_sitofp_32ns_32_7_no_dsp_1_ip'...
INFO: [IP_Flow 19-1686] Generating 'Simulation' target for IP 'top_kernel_sitofp_32ns_32_7_no_dsp_1_ip'...
INFO: Done generating top_kernel_sitofp_32ns_32_7_no_dsp_1_ip via file impl/misc/top_kernel_sitofp_32ns_32_7_no_dsp_1_ip.tcl
INFO: Found 1 unique subcore IP: xilinx.com:ip:floating_point:7.1
INFO: Copied 9 subcore files: /nethome/asandeep6/FPGA_ECE8893/2026_Spring/lab4/project_1/hls/impl/ip/hdl/ip/top_kernel_dexp_64ns_64ns_64_58_full_dsp_1_ip/top_kernel_dexp_64ns_64ns_64_58_full_dsp_1_ip.xci /nethome/asandeep6/FPGA_ECE8893/2026_Spring/lab4/project_1/hls/impl/ip/hdl/ip/top_kernel_fadd_32ns_32ns_32_10_full_dsp_1_ip/top_kernel_fadd_32ns_32ns_32_10_full_dsp_1_ip.xci /nethome/asandeep6/FPGA_ECE8893/2026_Spring/lab4/project_1/hls/impl/ip/hdl/ip/top_kernel_faddfsub_32ns_32ns_32_10_full_dsp_1_ip/top_kernel_faddfsub_32ns_32ns_32_10_full_dsp_1_ip.xci /nethome/asandeep6/FPGA_ECE8893/2026_Spring/lab4/project_1/hls/impl/ip/hdl/ip/top_kernel_fcmp_32ns_32ns_1_3_no_dsp_1_ip/top_kernel_fcmp_32ns_32ns_1_3_no_dsp_1_ip.xci /nethome/asandeep6/FPGA_ECE8893/2026_Spring/lab4/project_1/hls/impl/ip/hdl/ip/top_kernel_fdiv_32ns_32ns_32_30_no_dsp_1_ip/top_kernel_fdiv_32ns_32ns_32_30_no_dsp_1_ip.xci /nethome/asandeep6/FPGA_ECE8893/2026_Spring/lab4/project_1/hls/impl/ip/hdl/ip/top_kernel_fmul_32ns_32ns_32_7_max_dsp_1_ip/top_kernel_fmul_32ns_32ns_32_7_max_dsp_1_ip.xci /nethome/asandeep6/FPGA_ECE8893/2026_Spring/lab4/project_1/hls/impl/ip/hdl/ip/top_kernel_fpext_32ns_64_2_no_dsp_1_ip/top_kernel_fpext_32ns_64_2_no_dsp_1_ip.xci /nethome/asandeep6/FPGA_ECE8893/2026_Spring/lab4/project_1/hls/impl/ip/hdl/ip/top_kernel_fptrunc_64ns_32_3_no_dsp_1_ip/top_kernel_fptrunc_64ns_32_3_no_dsp_1_ip.xci /nethome/asandeep6/FPGA_ECE8893/2026_Spring/lab4/project_1/hls/impl/ip/hdl/ip/top_kernel_sitofp_32ns_32_7_no_dsp_1_ip/top_kernel_sitofp_32ns_32_7_no_dsp_1_ip.xci
INFO: Import ports from HDL: /nethome/asandeep6/FPGA_ECE8893/2026_Spring/lab4/project_1/hls/impl/ip/hdl/vhdl/top_kernel.vhd (top_kernel)
INFO: Add axi4lite interface s_axi_control
INFO: Add clock interface ap_clk
INFO: Add reset interface ap_rst_n
INFO: Add interrupt interface interrupt
INFO: [IP_Flow 19-234] Refreshing IP repositories
INFO: [IP_Flow 19-1704] No user IP repositories specified
INFO: [IP_Flow 19-2313] Loaded Vivado IP repository '/tools/software/xilinx/2025.1.1/data/ip'.
INFO: Add axi4full interface m_axi_gmem
INFO: Calling post_process_vitis to specialize IP
INFO: Calling post_process_sysgen to specialize IP
Generating sysgen info xml from json file
INFO: Created IP /nethome/asandeep6/FPGA_ECE8893/2026_Spring/lab4/project_1/hls/impl/ip/component.xml
INFO: Created IP archive /nethome/asandeep6/FPGA_ECE8893/2026_Spring/lab4/project_1/hls/impl/ip/xilinx_com_hls_top_kernel_1_0.zip
INFO: [Common 17-206] Exiting Vivado at Sat Apr  4 23:49:06 2026...
INFO: [IMPL 213-8] Starting RTL evaluation using Vivado ...

****** Vivado v2025.1.1 (64-bit)
  **** SW Build 6233196 on Thu Sep 11 21:27:11 MDT 2025
  **** IP Build 6232796 on Fri Sep 12 01:46:16 MDT 2025
  **** SharedData Build 6233195 on Thu Sep 11 17:56:43 MDT 2025
  **** Start of session at: Sat Apr  4 23:49:30 2026
    ** Copyright 1986-2022 Xilinx, Inc. All Rights Reserved.
    ** Copyright 2022-2025 Advanced Micro Devices, Inc. All Rights Reserved.

source run_vivado.tcl
# source ./settings.tcl
## set top_module top_kernel
## set language verilog
## set family zynquplus
## set device xczu3eg
## set package -sbva484
## set speed -1-e
## set clock ap_clk
## set fsm_ext "off"
## set add_io_buffers false 
# source -notrace ./extraction.tcl
# set vivado_proj_name project
# set vivado_proj_dir .
# set target_device "${device}${package}${speed}"
# set target_clk_period_ns "4.000"
# set target_clk_freq_hz [expr {floor(1000 / $target_clk_period_ns) * 1000000}]
# set other_clks_freq_hz {}
# set ip_vlnv xilinx.com:hls:top_kernel:1.0
# set ip_repo_path ../ip
# set bd_design_name bd_0
# set bd_inst_name hls_inst
# set bd_props {}
# set has_synth true
# set synth_design_args {-directive sdx_optimization_effort_high}
# set synth_dcp ""
# set synth_props {}
# set has_impl 1
# set impl_props {}
# set has_subcore 1
# set report_options [dict create]
# dict set report_options report_level 2
# dict set report_options report_max_paths 10
# dict set report_options stdout_hls_reports 1
# dict set report_options stdout_vivado_reports 0
# dict set report_options hls_project project_1
# dict set report_options hls_solution hls
# dict set report_options has_synth $has_synth
# dict set report_options has_impl $has_impl
# dict set report_options vivado_reportbasename $top_module
# dict set report_options vivado_reportdir ./report
# dict set report_options hls_impl_dir ..
# dict set report_options hls_reportdir ../report/$language
# dict set report_options target_clk_period $target_clk_period_ns
# dict set report_options target_device $target_device
# dict set report_options language $language
# dict set report_options clock_name $clock
# dict set report_options error_if_impl_timing_fails false
# dict set report_options topmodule "top_kernel"
# dict set report_options funcmodules {top_kernel_top_kernel_Outline_VITIS_LOOP_26_1 top_kernel_top_kernel_Outline_VITIS_LOOP_66_3 top_kernel_top_kernel_Pipeline_VITIS_LOOP_71_4_VITIS_LOOP_72_5 top_kernel_top_kernel_Pipeline_VITIS_LOOP_94_8_VITIS_LOOP_95_9 top_kernel_top_kernel_Pipeline_VITIS_LOOP_113_10_VITIS_LOOP_115_11 top_kernel_top_kernel_Pipeline_VITIS_LOOP_153_19_VITIS_LOOP_155_20 top_kernel_top_kernel_Pipeline_VITIS_LOOP_193_25_VITIS_LOOP_195_26 top_kernel_top_kernel_Pipeline_VITIS_LOOP_221_31_VITIS_LOOP_223_32}
# dict set report_options bindmodules {top_kernel_sparsemux_513_8_32_1_1 top_kernel_flow_control_loop_pipe_sequential_init top_kernel_fadd_32ns_32ns_32_10_full_dsp_1 top_kernel_sparsemux_9_3_32_1_1 top_kernel_urem_6ns_3ns_2_10_1 top_kernel_mul_6ns_8ns_13_1_1 top_kernel_mul_6ns_6ns_11_1_1 top_kernel_fptrunc_64ns_32_3_no_dsp_1 top_kernel_fpext_32ns_64_2_no_dsp_1 top_kernel_dexp_64ns_64ns_64_58_full_dsp_1 top_kernel_mul_32ns_34ns_65_3_1 top_kernel_urem_32ns_3ns_2_36_1 top_kernel_sparsemux_7_2_32_1_1 top_kernel_faddfsub_32ns_32ns_32_10_full_dsp_1 top_kernel_fdiv_32ns_32ns_32_30_no_dsp_1 top_kernel_sitofp_32ns_32_7_no_dsp_1 top_kernel_sparsemux_511_8_32_1_1 top_kernel_sparsemux_17_3_32_1_1 top_kernel_fmul_32ns_32ns_32_7_max_dsp_1 top_kernel_fcmp_32ns_32ns_1_3_no_dsp_1 top_kernel_intensity_RAM_AUTO_1R1W top_kernel_top_kernel_float_const_float_const_float_const_float_equalized_RAM_AUTO_1R1W top_kernel_top_kernel_float_const_float_const_float_const_float_gaussian_blurred_RAM_AUTbkb top_kernel_bilateral_filtered_RAM_AUTO_1R1W top_kernel_dilated_RAM_AUTO_1R1W top_kernel_gmem_m_axi top_kernel_control_s_axi}
# dict set report_options max_module_depth 6
# create_project $vivado_proj_name $vivado_proj_dir -part $target_device -force
create_project: Time (s): cpu = 00:00:15 ; elapsed = 00:00:05 . Memory (MB): peak = 1872.191 ; gain = 195.047 ; free physical = 2566 ; free virtual = 346424
# set_property target_language $language [current_project]
# if { ![file exists $ip_repo_path] } {
#   error "Cannot find packaged HLS IP"
# }
# set_property ip_repo_paths [file normalize $ip_repo_path] [current_project]
# update_ip_catalog
INFO: [IP_Flow 19-234] Refreshing IP repositories
INFO: [IP_Flow 19-1700] Loaded user IP repository '/nethome/asandeep6/FPGA_ECE8893/2026_Spring/lab4/project_1/hls/impl/ip'.
INFO: [IP_Flow 19-2313] Loaded Vivado IP repository '/tools/software/xilinx/2025.1.1/data/ip'.
# create_bd_design bd_0
Wrote  : </nethome/asandeep6/FPGA_ECE8893/2026_Spring/lab4/project_1/hls/impl/verilog/project.srcs/sources_1/bd/bd_0/bd_0.bd> 
# set cell_inst [create_bd_cell -type ip -vlnv $ip_vlnv $bd_inst_name]
# if { [llength $bd_props] } { 
#   set_property -dict $bd_props $cell_inst 
# }
# make_bd_pins_external $cell_inst
# make_bd_intf_pins_external $cell_inst
# set bd_clk_ports [get_bd_ports -filter {TYPE==clk}]
# if { $target_clk_freq_hz ne "" } { 
#   foreach bd_clk_port $bd_clk_ports {
#     # Remove "_0" suffix from BD ports & interfaces so they match IP ports 
#     set clk_name [regsub {_0$} [get_property name $bd_clk_port] {}]
#     set port_freq_hz $target_clk_freq_hz
#     if { [dict exists $other_clks_freq_hz $clk_name] } {
#         set port_freq_hz [dict get $other_clks_freq_hz $clk_name]
#     }
#     set_property CONFIG.FREQ_HZ $port_freq_hz $bd_clk_port
#   }
# }
# foreach bd_port [get_bd_intf_ports] {
#   set_property name [regsub {_0$} [get_property name $bd_port] {}] $bd_port
# }
# foreach bd_port [get_bd_ports -filter {INTF!=TRUE}] {
#   set_property name [regsub {_0$} [get_property name $bd_port] {}] $bd_port
# }
# set s_axi_addr_width_min 32
# foreach bd_port [get_bd_intf_ports -filter {MODE == "Slave" && VLNV =~ "xilinx.com:interface:aximm_rtl:*"}] {
#   set bd_port_addr_width [get_property CONFIG.ADDR_WIDTH $bd_port]
#   if { $bd_port_addr_width < $s_axi_addr_width_min } {
#     puts "INFO: Updating $bd_port CONFIG.ADDR_WIDTH to $s_axi_addr_width_min"
#     set_property CONFIG.ADDR_WIDTH $s_axi_addr_width_min $bd_port
#   }
# }
INFO: Updating /s_axi_control CONFIG.ADDR_WIDTH to 32
# set_msg_config -id {[BD 41-1265]} -severity {CRITICAL WARNING} -new_severity {INFO}
# assign_bd_address
INFO: [BD 41-3093] Triggering Legacy Auto Assign Algorithm
Slave segment '/hls_inst/s_axi_control/Reg' is being assigned into address space '/s_axi_control' at <0x0000_0000 [ 64K ]>.
Slave segment '/m_axi_gmem/Reg' is being assigned into address space '/hls_inst/Data_m_axi_gmem' at <0x44A0_0000 [ 64K ]>.
Wrote  : </nethome/asandeep6/FPGA_ECE8893/2026_Spring/lab4/project_1/hls/impl/verilog/project.srcs/sources_1/bd/bd_0/bd_0.bd> 
Verilog Output written to : /nethome/asandeep6/FPGA_ECE8893/2026_Spring/lab4/project_1/hls/impl/verilog/project.gen/sources_1/bd/bd_0/synth/bd_0.v
Verilog Output written to : /nethome/asandeep6/FPGA_ECE8893/2026_Spring/lab4/project_1/hls/impl/verilog/project.gen/sources_1/bd/bd_0/sim/bd_0.v
Verilog Output written to : /nethome/asandeep6/FPGA_ECE8893/2026_Spring/lab4/project_1/hls/impl/verilog/project.gen/sources_1/bd/bd_0/hdl/bd_0_wrapper.v
# set toprtl [make_wrapper -files [get_files ${bd_design_name}.bd] -top]
# add_files -norecurse $toprtl
# set top_inst_name [file root [file tail $toprtl]]
# puts "Using BD top: $top_inst_name"
Using BD top: bd_0_wrapper
# set xdc_files [glob -nocomplain ./*.xdc]
# if { [llength $xdc_files] } {
#     add_files -fileset constrs_1 -norecurse $xdc_files
# }
# launch_runs synth_1 -scripts_only
INFO: [BD 41-1662] The design 'bd_0.bd' is already validated. Therefore parameter propagation will not be re-run.
Verilog Output written to : /nethome/asandeep6/FPGA_ECE8893/2026_Spring/lab4/project_1/hls/impl/verilog/project.gen/sources_1/bd/bd_0/synth/bd_0.v
Verilog Output written to : /nethome/asandeep6/FPGA_ECE8893/2026_Spring/lab4/project_1/hls/impl/verilog/project.gen/sources_1/bd/bd_0/sim/bd_0.v
Verilog Output written to : /nethome/asandeep6/FPGA_ECE8893/2026_Spring/lab4/project_1/hls/impl/verilog/project.gen/sources_1/bd/bd_0/hdl/bd_0_wrapper.v
INFO: [BD 41-1029] Generation completed for the IP Integrator block hls_inst .
Exporting to file /nethome/asandeep6/FPGA_ECE8893/2026_Spring/lab4/project_1/hls/impl/verilog/project.gen/sources_1/bd/bd_0/hw_handoff/bd_0.hwh
Generated Hardware Definition File /nethome/asandeep6/FPGA_ECE8893/2026_Spring/lab4/project_1/hls/impl/verilog/project.gen/sources_1/bd/bd_0/synth/bd_0.hwdef
WARNING: [Vivado 12-7122] Auto Incremental Compile:: No reference checkpoint was found in run synth_1. Auto-incremental flow will not be run, the standard flow will be run instead.
launch_runs: Time (s): cpu = 00:00:13 ; elapsed = 00:00:16 . Memory (MB): peak = 2076.039 ; gain = 66.738 ; free physical = 2143 ; free virtual = 343909
# foreach run [get_runs -filter {IS_SYNTHESIS == 1}] {
#   reset_run [get_runs $run]
# }
# set_property XPM_LIBRARIES {XPM_MEMORY XPM_FIFO} [current_project]
# hls_vivado_reports_setup $report_options
TIMESTAMP: HLS-REPORT: initialize report directories: 2026-04-04 23:50:08 EDT
# if { $has_subcore } { report_ip_status }
Copyright 1986-2022 Xilinx, Inc. All Rights Reserved. Copyright 2022-2025 Advanced Micro Devices, Inc. All Rights Reserved.
---------------------------------------------------------------------------------------------------------------------------------------------
| Tool Version : Vivado v.2025.1.1 (lin64) Build 6233196 Thu Sep 11 21:27:11 MDT 2025
| Date         : Sat Apr  4 23:50:08 2026
| Host         : ece-linlabsrv01 running 64-bit Red Hat Enterprise Linux release 8.10 (Ootpa)
| Command      : report_ip_status
---------------------------------------------------------------------------------------------------------------------------------------------

IP Status Summary

1. Project IP Status
--------------------
Your project uses 10 IP. Some of these IP may have undergone changes in this release of the software. Please review the recommended actions.

More information on the Xilinx versioning policy is available at www.xilinx.com.

Project IP Instances
+---------------------------------------------------+------------+---------------------+-----------+--------------------+---------+-----------------------+------------+----------------------+
| Instance Name                                     | Status     | Recommendation      | Change    | IP Name            | IP      | New Version           | New        | Original Part        |
|                                                   |            |                     | Log       |                    | Version |                       | License    |                      |
+---------------------------------------------------+------------+---------------------+-----------+--------------------+---------+-----------------------+------------+----------------------+
| bd_0_hls_inst_0                                   | Up-to-date | No changes required | Change    | Top_kernel         | 1.0     | 1.0 (Rev. 2114551488) | Included   | xczu3eg-sbva484-1-e  |
|                                                   |            |                     | Log not   |                    | (Rev.   |                       |            |                      |
|                                                   |            |                     | available |                    | 2114551 |                       |            |                      |
+---------------------------------------------------+------------+---------------------+-----------+--------------------+---------+-----------------------+------------+----------------------+
| top_kernel_dexp_64ns_64ns_64_58_full_dsp_1_ip     | Up-to-date | No changes required |  *(1)     | Floating-point     | 7.1     | 7.1 (Rev. 20)         | Included   | xczu3eg-sbva484-1-e  |
|                                                   |            |                     |           |                    | (Rev.   |                       |            |                      |
|                                                   |            |                     |           |                    | 20)     |                       |            |                      |
+---------------------------------------------------+------------+---------------------+-----------+--------------------+---------+-----------------------+------------+----------------------+
| top_kernel_fadd_32ns_32ns_32_10_full_dsp_1_ip     | Up-to-date | No changes required |  *(2)     | Floating-point     | 7.1     | 7.1 (Rev. 20)         | Included   | xczu3eg-sbva484-1-e  |
|                                                   |            |                     |           |                    | (Rev.   |                       |            |                      |
|                                                   |            |                     |           |                    | 20)     |                       |            |                      |
+---------------------------------------------------+------------+---------------------+-----------+--------------------+---------+-----------------------+------------+----------------------+
| top_kernel_faddfsub_32ns_32ns_32_10_full_dsp_1_ip | Up-to-date | No changes required |  *(3)     | Floating-point     | 7.1     | 7.1 (Rev. 20)         | Included   | xczu3eg-sbva484-1-e  |
|                                                   |            |                     |           |                    | (Rev.   |                       |            |                      |
|                                                   |            |                     |           |                    | 20)     |                       |            |                      |
+---------------------------------------------------+------------+---------------------+-----------+--------------------+---------+-----------------------+------------+----------------------+
| top_kernel_fcmp_32ns_32ns_1_3_no_dsp_1_ip         | Up-to-date | No changes required |  *(4)     | Floating-point     | 7.1     | 7.1 (Rev. 20)         | Included   | xczu3eg-sbva484-1-e  |
|                                                   |            |                     |           |                    | (Rev.   |                       |            |                      |
|                                                   |            |                     |           |                    | 20)     |                       |            |                      |
+---------------------------------------------------+------------+---------------------+-----------+--------------------+---------+-----------------------+------------+----------------------+
| top_kernel_fdiv_32ns_32ns_32_30_no_dsp_1_ip       | Up-to-date | No changes required |  *(5)     | Floating-point     | 7.1     | 7.1 (Rev. 20)         | Included   | xczu3eg-sbva484-1-e  |
|                                                   |            |                     |           |                    | (Rev.   |                       |            |                      |
|                                                   |            |                     |           |                    | 20)     |                       |            |                      |
+---------------------------------------------------+------------+---------------------+-----------+--------------------+---------+-----------------------+------------+----------------------+
| top_kernel_fmul_32ns_32ns_32_7_max_dsp_1_ip       | Up-to-date | No changes required |  *(6)     | Floating-point     | 7.1     | 7.1 (Rev. 20)         | Included   | xczu3eg-sbva484-1-e  |
|                                                   |            |                     |           |                    | (Rev.   |                       |            |                      |
|                                                   |            |                     |           |                    | 20)     |                       |            |                      |
+---------------------------------------------------+------------+---------------------+-----------+--------------------+---------+-----------------------+------------+----------------------+
| top_kernel_fpext_32ns_64_2_no_dsp_1_ip            | Up-to-date | No changes required |  *(7)     | Floating-point     | 7.1     | 7.1 (Rev. 20)         | Included   | xczu3eg-sbva484-1-e  |
|                                                   |            |                     |           |                    | (Rev.   |                       |            |                      |
|                                                   |            |                     |           |                    | 20)     |                       |            |                      |
+---------------------------------------------------+------------+---------------------+-----------+--------------------+---------+-----------------------+------------+----------------------+
| top_kernel_fptrunc_64ns_32_3_no_dsp_1_ip          | Up-to-date | No changes required |  *(8)     | Floating-point     | 7.1     | 7.1 (Rev. 20)         | Included   | xczu3eg-sbva484-1-e  |
|                                                   |            |                     |           |                    | (Rev.   |                       |            |                      |
|                                                   |            |                     |           |                    | 20)     |                       |            |                      |
+---------------------------------------------------+------------+---------------------+-----------+--------------------+---------+-----------------------+------------+----------------------+
| top_kernel_sitofp_32ns_32_7_no_dsp_1_ip           | Up-to-date | No changes required |  *(9)     | Floating-point     | 7.1     | 7.1 (Rev. 20)         | Included   | xczu3eg-sbva484-1-e  |
|                                                   |            |                     |           |                    | (Rev.   |                       |            |                      |
|                                                   |            |                     |           |                    | 20)     |                       |            |                      |
+---------------------------------------------------+------------+---------------------+-----------+--------------------+---------+-----------------------+------------+----------------------+
*(1) /tools/software/xilinx/2025.1.1/data/ip/xilinx/floating_point_v7_1/doc/floating_point_v7_1_changelog.txt
*(2) /tools/software/xilinx/2025.1.1/data/ip/xilinx/floating_point_v7_1/doc/floating_point_v7_1_changelog.txt
*(3) /tools/software/xilinx/2025.1.1/data/ip/xilinx/floating_point_v7_1/doc/floating_point_v7_1_changelog.txt
*(4) /tools/software/xilinx/2025.1.1/data/ip/xilinx/floating_point_v7_1/doc/floating_point_v7_1_changelog.txt
*(5) /tools/software/xilinx/2025.1.1/data/ip/xilinx/floating_point_v7_1/doc/floating_point_v7_1_changelog.txt
*(6) /tools/software/xilinx/2025.1.1/data/ip/xilinx/floating_point_v7_1/doc/floating_point_v7_1_changelog.txt
*(7) /tools/software/xilinx/2025.1.1/data/ip/xilinx/floating_point_v7_1/doc/floating_point_v7_1_changelog.txt
*(8) /tools/software/xilinx/2025.1.1/data/ip/xilinx/floating_point_v7_1/doc/floating_point_v7_1_changelog.txt
*(9) /tools/software/xilinx/2025.1.1/data/ip/xilinx/floating_point_v7_1/doc/floating_point_v7_1_changelog.txt


# if { $has_synth || $has_impl } {
#   # synth properties setting
#   set_property -name {STEPS.SYNTH_DESIGN.ARGS.MORE OPTIONS} -value {-mode out_of_context} -objects [get_runs synth_1]
#   set ip_inst [get_ips -quiet ${bd_design_name}*${bd_inst_name}*]
#   if { ![llength $ip_inst] } {
#       error "Cannot find HLS IP instance: ${bd_design_name}*${bd_inst_name}*"
#   }
#   set synth_run [get_runs -filter {IS_SYNTHESIS == 1} ${ip_inst}*]
#   if { ![llength $synth_run] } {
#       error "Cannot find synth run for HLS IP: ${ip_inst}*"
#   }
# 
#   if { [llength $synth_design_args] } {
#       set_property -name {STEPS.SYNTH_DESIGN.ARGS.MORE OPTIONS} -value $synth_design_args -objects $synth_run
#   }
# 
#   if { [llength $synth_props] } {
#     set_property -dict $synth_props $synth_run
#   }
# 
#   # launch run synth
#   launch_runs synth_1
#   wait_on_run synth_1
#   # synth reports
#   hls_vivado_reports_synth synth_1 $report_options
#   if { $synth_dcp ne "" } {
#     file mkdir [file dirname $synth_dcp]
#     set run_dcp [glob -nocomplain [get_property DIRECTORY $synth_run]/*.dcp]
#     if { [llength $run_dcp] != 1 } { error "Cannot find single dcp file for run $synth_run" }
#     file copy -force $run_dcp $synth_dcp
#   }
# }
WARNING: [Vivado 12-7122] Auto Incremental Compile:: No reference checkpoint was found in run synth_1. Auto-incremental flow will not be run, the standard flow will be run instead.
[Sat Apr  4 23:50:08 2026] Launched bd_0_hls_inst_0_synth_1...
Run output will be captured here: /nethome/asandeep6/FPGA_ECE8893/2026_Spring/lab4/project_1/hls/impl/verilog/project.runs/bd_0_hls_inst_0_synth_1/runme.log
[Sat Apr  4 23:50:08 2026] Launched synth_1...
Run output will be captured here: /nethome/asandeep6/FPGA_ECE8893/2026_Spring/lab4/project_1/hls/impl/verilog/project.runs/synth_1/runme.log
[Sat Apr  4 23:50:08 2026] Waiting for synth_1 to finish...

*** Running vivado
    with args -log bd_0_wrapper.vds -m64 -product Vivado -mode batch -messageDb vivado.pb -notrace -source bd_0_wrapper.tcl


****** Vivado v2025.1.1 (64-bit)
  **** SW Build 6233196 on Thu Sep 11 21:27:11 MDT 2025
  **** IP Build 6232796 on Fri Sep 12 01:46:16 MDT 2025
  **** SharedData Build 6233195 on Thu Sep 11 17:56:43 MDT 2025
  **** Start of session at: Sun Apr  5 00:11:26 2026
    ** Copyright 1986-2022 Xilinx, Inc. All Rights Reserved.
    ** Copyright 2022-2025 Advanced Micro Devices, Inc. All Rights Reserved.

source bd_0_wrapper.tcl -notrace
INFO: Dispatch client connection id - 38017
create_project: Time (s): cpu = 00:00:16 ; elapsed = 00:00:05 . Memory (MB): peak = 1881.707 ; gain = 195.043 ; free physical = 13055 ; free virtual = 340655
INFO: [IP_Flow 19-234] Refreshing IP repositories
INFO: [IP_Flow 19-1700] Loaded user IP repository '/nethome/asandeep6/FPGA_ECE8893/2026_Spring/lab4/project_1/hls/impl/ip'.
INFO: [IP_Flow 19-2313] Loaded Vivado IP repository '/tools/software/xilinx/2025.1.1/data/ip'.
Command: synth_design -top bd_0_wrapper -part xczu3eg-sbva484-1-e -mode out_of_context
Starting synth_design
Attempting to get a license for feature 'Synthesis' and/or device 'xczu3eg'
INFO: [Common 17-349] Got license for feature 'Synthesis' and/or device 'xczu3eg'
INFO: [Device 21-403] Loading part xczu3eg-sbva484-1-e
INFO: [Synth 8-7079] Multithreading enabled for synth_design using a maximum of 7 processes.
INFO: [Synth 8-7078] Launching helper process for spawning children vivado processes
INFO: [Synth 8-7075] Helper process launched with PID 2568278
---------------------------------------------------------------------------------
Starting RTL Elaboration : Time (s): cpu = 00:00:07 ; elapsed = 00:00:07 . Memory (MB): peak = 2915.168 ; gain = 138.578 ; free physical = 11596 ; free virtual = 338109
---------------------------------------------------------------------------------
INFO: [Synth 8-6157] synthesizing module 'bd_0_wrapper' [/nethome/asandeep6/FPGA_ECE8893/2026_Spring/lab4/project_1/hls/impl/verilog/project.gen/sources_1/bd/bd_0/hdl/bd_0_wrapper.v:13]
INFO: [Synth 8-6157] synthesizing module 'bd_0' [/nethome/asandeep6/FPGA_ECE8893/2026_Spring/lab4/project_1/hls/impl/verilog/project.gen/sources_1/bd/bd_0/synth/bd_0.v:13]
INFO: [Synth 8-6157] synthesizing module 'bd_0_hls_inst_0' [/nethome/asandeep6/FPGA_ECE8893/2026_Spring/lab4/project_1/hls/impl/verilog/project.runs/synth_1/.Xil/Vivado-2550481-ece-linlabsrv01/realtime/bd_0_hls_inst_0_stub.v:6]
INFO: [Synth 8-6155] done synthesizing module 'bd_0_hls_inst_0' (0#1) [/nethome/asandeep6/FPGA_ECE8893/2026_Spring/lab4/project_1/hls/impl/verilog/project.runs/synth_1/.Xil/Vivado-2550481-ece-linlabsrv01/realtime/bd_0_hls_inst_0_stub.v:6]
INFO: [Synth 8-6155] done synthesizing module 'bd_0' (0#1) [/nethome/asandeep6/FPGA_ECE8893/2026_Spring/lab4/project_1/hls/impl/verilog/project.gen/sources_1/bd/bd_0/synth/bd_0.v:13]
INFO: [Synth 8-6155] done synthesizing module 'bd_0_wrapper' (0#1) [/nethome/asandeep6/FPGA_ECE8893/2026_Spring/lab4/project_1/hls/impl/verilog/project.gen/sources_1/bd/bd_0/hdl/bd_0_wrapper.v:13]
---------------------------------------------------------------------------------
Finished RTL Elaboration : Time (s): cpu = 00:00:09 ; elapsed = 00:00:10 . Memory (MB): peak = 2993.137 ; gain = 216.547 ; free physical = 11683 ; free virtual = 338005
---------------------------------------------------------------------------------
---------------------------------------------------------------------------------
Start Handling Custom Attributes
---------------------------------------------------------------------------------
---------------------------------------------------------------------------------
Finished Handling Custom Attributes : Time (s): cpu = 00:00:09 ; elapsed = 00:00:10 . Memory (MB): peak = 2999.074 ; gain = 222.484 ; free physical = 11676 ; free virtual = 338000
---------------------------------------------------------------------------------
---------------------------------------------------------------------------------
Finished RTL Optimization Phase 1 : Time (s): cpu = 00:00:09 ; elapsed = 00:00:10 . Memory (MB): peak = 2999.074 ; gain = 222.484 ; free physical = 11676 ; free virtual = 338000
---------------------------------------------------------------------------------
Netlist sorting complete. Time (s): cpu = 00:00:00.01 ; elapsed = 00:00:00 . Memory (MB): peak = 2999.074 ; gain = 0.000 ; free physical = 11669 ; free virtual = 338001
INFO: [Project 1-570] Preparing netlist for logic optimization

Processing XDC Constraints
Initializing timing engine
Parsing XDC File [/nethome/asandeep6/FPGA_ECE8893/2026_Spring/lab4/project_1/hls/impl/verilog/project.gen/sources_1/bd/bd_0/ip/bd_0_hls_inst_0/bd_0_hls_inst_0/bd_0_hls_inst_0_in_context.xdc] for cell 'bd_0_i/hls_inst'
Finished Parsing XDC File [/nethome/asandeep6/FPGA_ECE8893/2026_Spring/lab4/project_1/hls/impl/verilog/project.gen/sources_1/bd/bd_0/ip/bd_0_hls_inst_0/bd_0_hls_inst_0/bd_0_hls_inst_0_in_context.xdc] for cell 'bd_0_i/hls_inst'
Parsing XDC File [/nethome/asandeep6/FPGA_ECE8893/2026_Spring/lab4/project_1/hls/impl/verilog/top_kernel.xdc]
create_clock: Time (s): cpu = 00:00:07 ; elapsed = 00:00:07 . Memory (MB): peak = 3039.094 ; gain = 0.000 ; free physical = 13638 ; free virtual = 340322
Finished Parsing XDC File [/nethome/asandeep6/FPGA_ECE8893/2026_Spring/lab4/project_1/hls/impl/verilog/top_kernel.xdc]
Parsing XDC File [/nethome/asandeep6/FPGA_ECE8893/2026_Spring/lab4/project_1/hls/impl/verilog/project.runs/synth_1/dont_touch.xdc]
Finished Parsing XDC File [/nethome/asandeep6/FPGA_ECE8893/2026_Spring/lab4/project_1/hls/impl/verilog/project.runs/synth_1/dont_touch.xdc]
Completed Processing XDC Constraints

Netlist sorting complete. Time (s): cpu = 00:00:00 ; elapsed = 00:00:00 . Memory (MB): peak = 3039.094 ; gain = 0.000 ; free physical = 13635 ; free virtual = 340320
INFO: [Project 1-111] Unisim Transformation Summary:
No Unisim elements were transformed.

Constraint Validation Runtime : Time (s): cpu = 00:00:00.03 ; elapsed = 00:00:00.04 . Memory (MB): peak = 3039.129 ; gain = 0.000 ; free physical = 13606 ; free virtual = 340299
---------------------------------------------------------------------------------
Finished Constraint Validation : Time (s): cpu = 00:00:27 ; elapsed = 00:00:29 . Memory (MB): peak = 3039.129 ; gain = 262.539 ; free physical = 13276 ; free virtual = 339761
---------------------------------------------------------------------------------
---------------------------------------------------------------------------------
Start Loading Part and Timing Information
---------------------------------------------------------------------------------
Loading part: xczu3eg-sbva484-1-e
INFO: [Synth 8-6742] Reading net delay rules and data
---------------------------------------------------------------------------------
Finished Loading Part and Timing Information : Time (s): cpu = 00:00:27 ; elapsed = 00:00:29 . Memory (MB): peak = 3047.098 ; gain = 270.508 ; free physical = 13276 ; free virtual = 339762
---------------------------------------------------------------------------------
---------------------------------------------------------------------------------
Start Applying 'set_property' XDC Constraints
---------------------------------------------------------------------------------
---------------------------------------------------------------------------------
Finished applying 'set_property' XDC Constraints : Time (s): cpu = 00:00:27 ; elapsed = 00:00:29 . Memory (MB): peak = 3047.098 ; gain = 270.508 ; free physical = 13283 ; free virtual = 339763
---------------------------------------------------------------------------------
---------------------------------------------------------------------------------
Finished RTL Optimization Phase 2 : Time (s): cpu = 00:00:27 ; elapsed = 00:00:29 . Memory (MB): peak = 3047.098 ; gain = 270.508 ; free physical = 13272 ; free virtual = 339764
---------------------------------------------------------------------------------
---------------------------------------------------------------------------------
Start RTL Component Statistics 
---------------------------------------------------------------------------------
Detailed RTL Component Info : 
---------------------------------------------------------------------------------
Finished RTL Component Statistics 
---------------------------------------------------------------------------------
---------------------------------------------------------------------------------
Start Part Resource Summary
---------------------------------------------------------------------------------
Part Resources:
DSPs: 360 (col length:72)
BRAMs: 432 (col length: RAMB18 72 RAMB36 36)
---------------------------------------------------------------------------------
Finished Part Resource Summary
---------------------------------------------------------------------------------
---------------------------------------------------------------------------------
Start Cross Boundary and Area Optimization
---------------------------------------------------------------------------------
WARNING: [Synth 8-7080] Parallel synthesis criteria is not met
---------------------------------------------------------------------------------
Finished Cross Boundary and Area Optimization : Time (s): cpu = 00:00:30 ; elapsed = 00:00:32 . Memory (MB): peak = 3047.098 ; gain = 270.508 ; free physical = 13229 ; free virtual = 339620
---------------------------------------------------------------------------------
---------------------------------------------------------------------------------
Start Applying XDC Timing Constraints
---------------------------------------------------------------------------------
---------------------------------------------------------------------------------
Finished Applying XDC Timing Constraints : Time (s): cpu = 00:00:45 ; elapsed = 00:00:48 . Memory (MB): peak = 3688.203 ; gain = 911.613 ; free physical = 12782 ; free virtual = 339049
---------------------------------------------------------------------------------
---------------------------------------------------------------------------------
Start Timing Optimization
---------------------------------------------------------------------------------
---------------------------------------------------------------------------------
Finished Timing Optimization : Time (s): cpu = 00:00:45 ; elapsed = 00:00:48 . Memory (MB): peak = 3688.203 ; gain = 911.613 ; free physical = 12781 ; free virtual = 339049
---------------------------------------------------------------------------------
---------------------------------------------------------------------------------
Start Technology Mapping
---------------------------------------------------------------------------------
---------------------------------------------------------------------------------
Finished Technology Mapping : Time (s): cpu = 00:00:45 ; elapsed = 00:00:48 . Memory (MB): peak = 3698.219 ; gain = 921.629 ; free physical = 12764 ; free virtual = 339034
---------------------------------------------------------------------------------
---------------------------------------------------------------------------------
Start IO Insertion
---------------------------------------------------------------------------------
---------------------------------------------------------------------------------
Start Flattening Before IO Insertion
---------------------------------------------------------------------------------
---------------------------------------------------------------------------------
Finished Flattening Before IO Insertion
---------------------------------------------------------------------------------
---------------------------------------------------------------------------------
Start Final Netlist Cleanup
---------------------------------------------------------------------------------
---------------------------------------------------------------------------------
Finished Final Netlist Cleanup
---------------------------------------------------------------------------------
---------------------------------------------------------------------------------
Finished IO Insertion : Time (s): cpu = 00:00:50 ; elapsed = 00:00:54 . Memory (MB): peak = 3871.031 ; gain = 1094.441 ; free physical = 12396 ; free virtual = 338532
---------------------------------------------------------------------------------
---------------------------------------------------------------------------------
Start Renaming Generated Instances
---------------------------------------------------------------------------------
---------------------------------------------------------------------------------
Finished Renaming Generated Instances : Time (s): cpu = 00:00:50 ; elapsed = 00:00:54 . Memory (MB): peak = 3871.031 ; gain = 1094.441 ; free physical = 12396 ; free virtual = 338532
---------------------------------------------------------------------------------
---------------------------------------------------------------------------------
Start Rebuilding User Hierarchy
---------------------------------------------------------------------------------
---------------------------------------------------------------------------------
Finished Rebuilding User Hierarchy : Time (s): cpu = 00:00:50 ; elapsed = 00:00:54 . Memory (MB): peak = 3871.031 ; gain = 1094.441 ; free physical = 12396 ; free virtual = 338532
---------------------------------------------------------------------------------
---------------------------------------------------------------------------------
Start Renaming Generated Ports
---------------------------------------------------------------------------------
---------------------------------------------------------------------------------
Finished Renaming Generated Ports : Time (s): cpu = 00:00:50 ; elapsed = 00:00:54 . Memory (MB): peak = 3871.031 ; gain = 1094.441 ; free physical = 12395 ; free virtual = 338532
---------------------------------------------------------------------------------
---------------------------------------------------------------------------------
Start Handling Custom Attributes
---------------------------------------------------------------------------------
---------------------------------------------------------------------------------
Finished Handling Custom Attributes : Time (s): cpu = 00:00:50 ; elapsed = 00:00:54 . Memory (MB): peak = 3871.031 ; gain = 1094.441 ; free physical = 12432 ; free virtual = 338569
---------------------------------------------------------------------------------
---------------------------------------------------------------------------------
Start Renaming Generated Nets
---------------------------------------------------------------------------------
---------------------------------------------------------------------------------
Finished Renaming Generated Nets : Time (s): cpu = 00:00:50 ; elapsed = 00:00:54 . Memory (MB): peak = 3871.031 ; gain = 1094.441 ; free physical = 12430 ; free virtual = 338567
---------------------------------------------------------------------------------
---------------------------------------------------------------------------------
Start Writing Synthesis Report
---------------------------------------------------------------------------------

Report BlackBoxes: 
+------+----------------+----------+
|      |BlackBox name   |Instances |
+------+----------------+----------+
|1     |bd_0_hls_inst_0 |         1|
+------+----------------+----------+

Report Cell Usage: 
+------+--------------+------+
|      |Cell          |Count |
+------+--------------+------+
|1     |bd_0_hls_inst |     1|
+------+--------------+------+
---------------------------------------------------------------------------------
Finished Writing Synthesis Report : Time (s): cpu = 00:00:50 ; elapsed = 00:00:54 . Memory (MB): peak = 3871.031 ; gain = 1094.441 ; free physical = 12429 ; free virtual = 338567
---------------------------------------------------------------------------------
Synthesis finished with 0 errors, 0 critical warnings and 1 warnings.
Synthesis Optimization Runtime : Time (s): cpu = 00:00:41 ; elapsed = 00:00:44 . Memory (MB): peak = 3871.031 ; gain = 1054.387 ; free physical = 12456 ; free virtual = 338521
Synthesis Optimization Complete : Time (s): cpu = 00:00:51 ; elapsed = 00:00:55 . Memory (MB): peak = 3871.031 ; gain = 1094.441 ; free physical = 12456 ; free virtual = 338521
INFO: [Project 1-571] Translating synthesized netlist
Netlist sorting complete. Time (s): cpu = 00:00:00 ; elapsed = 00:00:00 . Memory (MB): peak = 3871.031 ; gain = 0.000 ; free physical = 12449 ; free virtual = 338521
INFO: [Project 1-570] Preparing netlist for logic optimization
INFO: [Opt 31-138] Pushed 0 inverter(s) to 0 load pin(s).
Netlist sorting complete. Time (s): cpu = 00:00:00 ; elapsed = 00:00:00 . Memory (MB): peak = 3871.031 ; gain = 0.000 ; free physical = 12535 ; free virtual = 338557
INFO: [Project 1-111] Unisim Transformation Summary:
No Unisim elements were transformed.

Synth Design complete | Checksum: 317b3ce9
INFO: [Common 17-83] Releasing license: Synthesis
22 Infos, 1 Warnings, 0 Critical Warnings and 0 Errors encountered.
synth_design completed successfully
synth_design: Time (s): cpu = 00:01:08 ; elapsed = 00:01:12 . Memory (MB): peak = 3871.031 ; gain = 1971.590 ; free physical = 12537 ; free virtual = 338535
INFO: [Common 17-2834] synth_design peak Physical Memory [PSS] (MB): overall = 2587.868; main = 2481.549; forked = 192.514
INFO: [Common 17-2834] synth_design peak Virtual Memory [VSS] (MB): overall = 5361.457; main = 3797.242; forked = 1598.234
INFO: [Common 17-1381] The checkpoint '/nethome/asandeep6/FPGA_ECE8893/2026_Spring/lab4/project_1/hls/impl/verilog/project.runs/synth_1/bd_0_wrapper.dcp' has been generated.
INFO: [Vivado 12-24828] Executing command : report_utilization -file bd_0_wrapper_utilization_synth.rpt -pb bd_0_wrapper_utilization_synth.pb
INFO: [Common 17-206] Exiting Vivado at Sun Apr  5 00:12:56 2026...
[Sun Apr  5 00:13:16 2026] synth_1 finished
wait_on_runs: Time (s): cpu = 00:25:17 ; elapsed = 00:23:08 . Memory (MB): peak = 2082.180 ; gain = 0.000 ; free physical = 13565 ; free virtual = 339351
TIMESTAMP: HLS-REPORT: synthesis open_run: 2026-04-05 00:13:16 EDT
INFO: HLS-REPORT: Opening synthesis design database: open_run synth_1
Design is defaulting to impl run constrset: constrs_1
Design is defaulting to synth run part: xczu3eg-sbva484-1-e
INFO: [Device 21-403] Loading part xczu3eg-sbva484-1-e
INFO: [Project 1-5699] Read binary netlist with skipMacroContent - 1
INFO: [Project 1-454] Reading design checkpoint '/nethome/asandeep6/FPGA_ECE8893/2026_Spring/lab4/project_1/hls/impl/verilog/project.gen/sources_1/bd/bd_0/ip/bd_0_hls_inst_0/bd_0_hls_inst_0.dcp' for cell 'bd_0_i/hls_inst'
Netlist sorting complete. Time (s): cpu = 00:00:02 ; elapsed = 00:00:02 . Memory (MB): peak = 2955.098 ; gain = 0.000 ; free physical = 10075 ; free virtual = 336530
INFO: [Netlist 29-17] Analyzing 11341 Unisim elements for replacement
INFO: [Netlist 29-28] Unisim Transformation completed in 3 CPU seconds
INFO: [Project 1-479] Netlist was created with Vivado 2025.1.1
INFO: [Project 1-570] Preparing netlist for logic optimization
Parsing XDC File [/nethome/asandeep6/FPGA_ECE8893/2026_Spring/lab4/project_1/hls/impl/verilog/top_kernel.xdc]
create_clock: Time (s): cpu = 00:00:07 ; elapsed = 00:00:07 . Memory (MB): peak = 3230.961 ; gain = 23.930 ; free physical = 10238 ; free virtual = 338063
Finished Parsing XDC File [/nethome/asandeep6/FPGA_ECE8893/2026_Spring/lab4/project_1/hls/impl/verilog/top_kernel.xdc]
INFO: [Opt 31-138] Pushed 0 inverter(s) to 0 load pin(s).
Netlist sorting complete. Time (s): cpu = 00:00:00.11 ; elapsed = 00:00:00.14 . Memory (MB): peak = 3623.516 ; gain = 0.000 ; free physical = 8198 ; free virtual = 337697
INFO: [Project 1-111] Unisim Transformation Summary:
  A total of 292 instances were transformed.
  DSP48E1 => DSP48E2 (DSP_ALU, DSP_A_B_DATA, DSP_C_DATA, DSP_MULTIPLIER, DSP_M_DATA, DSP_OUTPUT, DSP_PREADD, DSP_PREADD_DATA): 185 instances
  DSP48E2 => DSP48E2 (DSP_ALU, DSP_A_B_DATA, DSP_C_DATA, DSP_MULTIPLIER, DSP_M_DATA, DSP_OUTPUT, DSP_PREADD, DSP_PREADD_DATA): 107 instances

open_run: Time (s): cpu = 00:01:37 ; elapsed = 00:01:35 . Memory (MB): peak = 3623.551 ; gain = 1541.371 ; free physical = 8146 ; free virtual = 337656
TIMESTAMP: HLS-REPORT: synthesis generate_reports_vivado: 2026-04-05 00:14:52 EDT
INFO: HLS-REPORT: Running report: report_utilization -file ./report/top_kernel_utilization_synth.rpt
INFO: HLS-REPORT: Running report: report_utilization -hierarchical -hierarchical_depth 6 -file ./report/top_kernel_utilization_hierarchical_synth.rpt
INFO: HLS-REPORT: Running report: report_timing_summary -file ./report/top_kernel_timing_synth.rpt
INFO: [Timing 38-35] Done setting XDC timing constraints.
INFO: [Timing 38-91] UpdateTimingParams: Speed grade: -1, Temperature grade: E, Delay Type: min_max.
INFO: [Timing 38-191] Multithreading enabled for timing update using a maximum of 8 CPUs
WARNING: [Timing 38-242] The property HD.CLK_SRC of clock port "ap_clk" is not set. In out-of-context mode, this prevents timing estimation for clock delay/skew
Resolution: Set the HD.CLK_SRC property of the out-of-context port to the location of the clock buffer instance in the top-level design
report_timing_summary: Time (s): cpu = 00:03:04 ; elapsed = 00:01:14 . Memory (MB): peak = 5244.332 ; gain = 1620.781 ; free physical = 8042 ; free virtual = 342309
INFO: HLS-REPORT: Running report: report_power -file ./report/top_kernel_power_synth.rpt -xpe ./top_kernel_power.xpe
Command: report_power -file ./report/top_kernel_power_synth.rpt -xpe ./top_kernel_power.xpe
Running Vector-less Activity Propagation...

Finished Running Vector-less Activity Propagation
12 Infos, 2 Warnings, 0 Critical Warnings and 0 Errors encountered.
report_power completed successfully
report_power: Time (s): cpu = 00:01:12 ; elapsed = 00:00:30 . Memory (MB): peak = 5419.797 ; gain = 175.465 ; free physical = 6751 ; free virtual = 342023
INFO: HLS-REPORT: Running report: report_timing -max_paths 10 -file ./report/top_kernel_timing_paths_synth.rpt
INFO: [Timing 38-91] UpdateTimingParams: Speed grade: -1, Temperature grade: E, Delay Type: max.
INFO: [Timing 38-191] Multithreading enabled for timing update using a maximum of 8 CPUs
INFO: [Timing 38-78] ReportTimingParams: -max_paths 10 -nworst 1 -delay_type max -sort_by slack.
INFO: HLS-REPORT: Running report: report_design_analysis -file ./report/top_kernel_design_analysis_synth.rpt
INFO: [Implflow 30-839]  
report_design_analysis: Time (s): cpu = 00:00:23 ; elapsed = 00:00:05 . Memory (MB): peak = 5419.797 ; gain = 0.000 ; free physical = 6282 ; free virtual = 341873
INFO: HLS-REPORT: Running report: ::tclapp::xilinx::designutils::report_failfast -detailed_report synth -file ./report/top_kernel_failfast_synth.rpt
 -I- design metrics completed in 11 seconds
 -I- DONT_TOUCH metric completed in 4 seconds
 -I- MARK_DEBUG metric completed in 3 seconds
 -I- utilization metrics completed in 7 seconds
 -I- control set metrics completed in 1 seconds
 -I- methodology check metrics completed in 24 seconds
 -I- average fanout metrics completed in 60 seconds (4 modules)
 -I- Generated file /nethome/asandeep6/FPGA_ECE8893/2026_Spring/lab4/project_1/hls/impl/verilog/report/synth.AVGFO.rpt
 -I- non-FD high fanout nets completed in 19 seconds
 -I- path budgeting metrics completed in 23 seconds
#  +------------------------------------------------------------------------------------------+
#  | Design Summary                                                                           |
#  | design_1                                                                                 |
#  | xczu3eg-sbva484-1-e                                                                      |
#  +-----------------------------------------------------------+-----------+---------+--------+
#  | Criteria                                                  | Guideline | Actual  | Status |
#  +-----------------------------------------------------------+-----------+---------+--------+
#  | LUT                                                       | 70%       | 110.37% | REVIEW |
#  | FD                                                        | 50%       | 79.41%  | REVIEW |
#  | LUTRAM+SRL                                                | 25%       | 37.05%  | REVIEW |
#  | CARRY8                                                    | 25%       | 21.90%  | OK     |
#  | MUXF7                                                     | 15%       | 20.01%  | REVIEW |
#  | LUT Combining                                             | 20%       | 42.56%  | REVIEW |
#  | DSP                                                       | 80%       | 81.11%  | REVIEW |
#  | RAMB/FIFO                                                 | 80%       | 14.12%  | OK     |
#  | DSP+RAMB+URAM (Avg)                                       | 70%       | 47.62%  | OK     |
#  | BUFGCE* + BUFGCTRL                                        | 24        | 0       | OK     |
#  | DONT_TOUCH (cells/nets)                                   | 0         | 0       | OK     |
#  | MARK_DEBUG (nets)                                         | 0         | 0       | OK     |
#  | Control Sets                                              | 1323      | 1201    | OK     |
#  | Average Fanout for modules > 100k cells                   | 4         | 1.79    | OK     |
#  | Max Average Fanout for modules > 100k cells               | 4         | 1.79    | OK     |
#  | Non-FD high fanout nets > 10k loads                       | 0         | 0       | OK     |
#  +-----------------------------------------------------------+-----------+---------+--------+
#  | TIMING-6 (No common primary clock between related clocks) | 0         | 0       | OK     |
#  | TIMING-7 (No common node between related clocks)          | 0         | 0       | OK     |
#  | TIMING-8 (No common period between related clocks)        | 0         | 0       | OK     |
#  | TIMING-14 (LUT on the clock tree)                         | 0         | 0       | OK     |
#  | TIMING-35 (No common node in paths with the same clock)   | 0         | 0       | OK     |
#  +-----------------------------------------------------------+-----------+---------+--------+
#  | Number of paths above max LUT budgeting (0.350ns)         | 0         | 0       | OK     |
#  | Number of paths above max Net budgeting (0.239ns)         | 0         | 0       | OK     |
#  +-----------------------------------------------------------+-----------+---------+--------+
 -I- Generated file /nethome/asandeep6/FPGA_ECE8893/2026_Spring/lab4/project_1/hls/impl/verilog/report/top_kernel_failfast_synth.rpt
 -I- Number of criteria to review: 6
 -I- This report should be run before placing the design and uses conservative guidelines beyond which runtime and timing closure will likely be more challenging
 -I- report_failfast completed in 152 seconds
TIMESTAMP: HLS-REPORT: synthesis gen_data_dict_vivado: 2026-04-05 00:19:21 EDT
TIMESTAMP: HLS-REPORT: synth extract_util_hier: 2026-04-05 00:19:21 EDT
TIMESTAMP: HLS-REPORT: synth get_cell_hier_data: 2026-04-05 00:19:21 EDT
TIMESTAMP: HLS-REPORT: synth get_timing_paths: 2026-04-05 00:19:22 EDT
TIMESTAMP: HLS-REPORT: synth process timing paths: 2026-04-05 00:19:24 EDT
TIMESTAMP: HLS-REPORT: synth get_all_vv_rpt_files: 2026-04-05 00:19:24 EDT
TIMESTAMP: HLS-REPORT: synthesis write_reports_vivado: 2026-04-05 00:19:24 EDT
HLS EXTRACTION: synth area_totals:  0 70560 141120 360 432 0 0
HLS EXTRACTION: synth area_current: 0 77880 112065 292 61 0 10669 0 0 0
HLS EXTRACTION: synth resources_dict: AVAIL_LUT 70560 LUT 77880 AVAIL_FF 141120 FF 112065 AVAIL_DSP 360 DSP 292 AVAIL_BRAM 432 BRAM 61 AVAIL_URAM 0 URAM 0 LATCH 0 SRL 10669 AVAIL_CLB 0 CLB 0
INFO: HLS-REPORT: generated /nethome/asandeep6/FPGA_ECE8893/2026_Spring/lab4/project_1/hls/impl/verilog/report/vivado_syn.xml
INFO: HLS-REPORT: generated /nethome/asandeep6/FPGA_ECE8893/2026_Spring/lab4/project_1/hls/impl/report/verilog/top_kernel_export.rpt


Implementation tool: Xilinx Vivado v.2025.1.1
Project:             project_1
Solution:            hls
Device target:       xczu3eg-sbva484-1-e
Report date:         Sun Apr 05 00:19:24 EDT 2026

#=== Post-Synthesis Resource usage ===
SLICE:            0
LUT:          77880
FF:          112065
DSP:            292
BRAM:            61
URAM:             0
LATCH:            0
SRL:          10669
CLB:              0

#=== Final timing ===
CP required:                     4.000
CP achieved post-synthesis:      2.903
Timing met

TIMESTAMP: HLS-REPORT: synthesis end: 2026-04-05 00:19:24 EDT
# if { $has_impl } {
#   # launch run impl
#   if { [llength $impl_props] } {
#     set_property -dict $impl_props [get_runs impl_1]
#   }
#   launch_runs impl_1
#   wait_on_run impl_1
#   # impl reports
#   hls_vivado_reports_impl impl_1 $report_options
# }
INFO: [Timing 38-480] Writing timing data to binary archive.
Write ShapeDB Complete: Time (s): cpu = 00:00:02 ; elapsed = 00:00:00.64 . Memory (MB): peak = 8581.094 ; gain = 8.000 ; free physical = 2844 ; free virtual = 340435
WARNING: [Common 17-210] 'write_hwdef' is deprecated.
[Sun Apr  5 00:19:42 2026] Launched impl_1...
Run output will be captured here: /nethome/asandeep6/FPGA_ECE8893/2026_Spring/lab4/project_1/hls/impl/verilog/project.runs/impl_1/runme.log
launch_runs: Time (s): cpu = 00:00:27 ; elapsed = 00:00:19 . Memory (MB): peak = 8581.129 ; gain = 8.035 ; free physical = 3511 ; free virtual = 341834
[Sun Apr  5 00:19:42 2026] Waiting for impl_1 to finish...

*** Running vivado
    with args -log bd_0_wrapper.vdi -applog -m64 -product Vivado -messageDb vivado.pb -mode batch -source bd_0_wrapper.tcl -notrace


****** Vivado v2025.1.1 (64-bit)
  **** SW Build 6233196 on Thu Sep 11 21:27:11 MDT 2025
  **** IP Build 6232796 on Fri Sep 12 01:46:16 MDT 2025
  **** SharedData Build 6233195 on Thu Sep 11 17:56:43 MDT 2025
  **** Start of session at: Sun Apr  5 00:19:47 2026
    ** Copyright 1986-2022 Xilinx, Inc. All Rights Reserved.
    ** Copyright 2022-2025 Advanced Micro Devices, Inc. All Rights Reserved.

source bd_0_wrapper.tcl -notrace
INFO: Dispatch client connection id - 38017
Command: open_checkpoint /nethome/asandeep6/FPGA_ECE8893/2026_Spring/lab4/project_1/hls/impl/verilog/project.runs/impl_1/bd_0_wrapper.dcp
INFO: [Device 21-403] Loading part xczu3eg-sbva484-1-e
Netlist sorting complete. Time (s): cpu = 00:00:02 ; elapsed = 00:00:02 . Memory (MB): peak = 2778.707 ; gain = 0.000 ; free physical = 10771 ; free virtual = 348054
INFO: [Netlist 29-17] Analyzing 11341 Unisim elements for replacement
INFO: [Netlist 29-28] Unisim Transformation completed in 3 CPU seconds
INFO: [Project 1-479] Netlist was created with Vivado 2025.1.1
INFO: [Project 1-570] Preparing netlist for logic optimization
Read ShapeDB Complete: Time (s): cpu = 00:00:00.41 ; elapsed = 00:00:00.45 . Memory (MB): peak = 3024.051 ; gain = 39.336 ; free physical = 10041 ; free virtual = 347371
INFO: [Timing 38-478] Restoring timing data from binary archive.
INFO: [Timing 38-479] Binary timing data restore complete.
INFO: [Project 1-856] Restoring constraints from binary archive.
INFO: [Project 1-853] Binary constraint restore complete.
Netlist sorting complete. Time (s): cpu = 00:00:00.07 ; elapsed = 00:00:00.07 . Memory (MB): peak = 4107.336 ; gain = 0.000 ; free physical = 5297 ; free virtual = 344909
INFO: [Project 1-111] Unisim Transformation Summary:
  A total of 292 instances were transformed.
  DSP48E1 => DSP48E2 (DSP_ALU, DSP_A_B_DATA, DSP_C_DATA, DSP_MULTIPLIER, DSP_M_DATA, DSP_OUTPUT, DSP_PREADD, DSP_PREADD_DATA): 185 instances
  DSP48E2 => DSP48E2 (DSP_ALU, DSP_A_B_DATA, DSP_C_DATA, DSP_MULTIPLIER, DSP_M_DATA, DSP_OUTPUT, DSP_PREADD, DSP_PREADD_DATA): 107 instances

INFO: [Project 1-604] Checkpoint was created with Vivado v2025.1.1 (64-bit) build 6233196
open_checkpoint: Time (s): cpu = 00:01:23 ; elapsed = 00:01:10 . Memory (MB): peak = 4107.371 ; gain = 2432.613 ; free physical = 5299 ; free virtual = 344906
INFO: [IP_Flow 19-234] Refreshing IP repositories
INFO: [IP_Flow 19-1700] Loaded user IP repository '/nethome/asandeep6/FPGA_ECE8893/2026_Spring/lab4/project_1/hls/impl/ip'.
INFO: [IP_Flow 19-2313] Loaded Vivado IP repository '/tools/software/xilinx/2025.1.1/data/ip'.
Command: opt_design
Attempting to get a license for feature 'Implementation' and/or device 'xczu3eg'
INFO: [Common 17-349] Got license for feature 'Implementation' and/or device 'xczu3eg'
Running DRC as a precondition to command opt_design

Starting DRC Task
INFO: [DRC 23-27] Running DRC with 8 threads
WARNING: [DRC 23-814] Not all possible (connectivity based) DRCs may have been run because this design is seen as Out of Context.
INFO: [Project 1-461] DRC finished with 0 Errors
INFO: [Project 1-462] Please refer to the DRC report (report_drc) for more information.

Time (s): cpu = 00:00:06 ; elapsed = 00:00:02 . Memory (MB): peak = 4286.344 ; gain = 178.973 ; free physical = 5211 ; free virtual = 344745

Starting Cache Timing Information Task
Ending Cache Timing Information Task | Checksum: 11a961443

Time (s): cpu = 00:00:01 ; elapsed = 00:00:01 . Memory (MB): peak = 4286.344 ; gain = 0.000 ; free physical = 5325 ; free virtual = 344727

Starting Logic Optimization Task

Phase 1 Initialization

Phase 1.1 Core Generation And Design Setup
Phase 1.1 Core Generation And Design Setup | Checksum: 11a961443

Time (s): cpu = 00:00:00.39 ; elapsed = 00:00:00.39 . Memory (MB): peak = 4540.328 ; gain = 0.000 ; free physical = 5189 ; free virtual = 344438

Phase 1.2 Setup Constraints And Sort Netlist
Phase 1.2 Setup Constraints And Sort Netlist | Checksum: 11a961443

Time (s): cpu = 00:00:00.54 ; elapsed = 00:00:00.55 . Memory (MB): peak = 4540.328 ; gain = 0.000 ; free physical = 5173 ; free virtual = 344438
Phase 1 Initialization | Checksum: 11a961443

Time (s): cpu = 00:00:00.57 ; elapsed = 00:00:00.57 . Memory (MB): peak = 4540.328 ; gain = 0.000 ; free physical = 5170 ; free virtual = 344438

Phase 2 Timer Update And Timing Data Collection

Phase 2.1 Timer Update
Phase 2.1 Timer Update | Checksum: 11a961443

Time (s): cpu = 00:00:20 ; elapsed = 00:00:06 . Memory (MB): peak = 4540.328 ; gain = 0.000 ; free physical = 5159 ; free virtual = 344392

Phase 2.2 Timing Data Collection
Phase 2.2 Timing Data Collection | Checksum: 11a961443

Time (s): cpu = 00:00:20 ; elapsed = 00:00:06 . Memory (MB): peak = 4540.328 ; gain = 0.000 ; free physical = 5235 ; free virtual = 344501
Phase 2 Timer Update And Timing Data Collection | Checksum: 11a961443

Time (s): cpu = 00:00:21 ; elapsed = 00:00:06 . Memory (MB): peak = 4540.328 ; gain = 0.000 ; free physical = 5233 ; free virtual = 344500

Phase 3 Retarget
INFO: [Opt 31-1851] Number of loadless carry chains removed were: 0
INFO: [Opt 31-1834] Total Chains To Be Transformed Were: 0 AND Number of Transformed insts Created are: 0
INFO: [Opt 31-1566] Pulled 5 inverters resulting in an inversion of 201 pins
INFO: [Opt 31-138] Pushed 40 inverter(s) to 2305 load pin(s).
INFO: [Opt 31-49] Retargeted 0 cell(s).
Phase 3 Retarget | Checksum: 166c046c5

Time (s): cpu = 00:00:27 ; elapsed = 00:00:13 . Memory (MB): peak = 4596.355 ; gain = 56.027 ; free physical = 5234 ; free virtual = 344273
Retarget | Checksum: 166c046c5
INFO: [Opt 31-389] Phase Retarget created 1696 cells and removed 1960 cells

Phase 4 Constant propagation
INFO: [Opt 31-138] Pushed 0 inverter(s) to 0 load pin(s).
Phase 4 Constant propagation | Checksum: d8b635cd

Time (s): cpu = 00:00:30 ; elapsed = 00:00:15 . Memory (MB): peak = 4596.355 ; gain = 56.027 ; free physical = 5125 ; free virtual = 344150
Constant propagation | Checksum: d8b635cd
INFO: [Opt 31-389] Phase Constant propagation created 682 cells and removed 2881 cells

Phase 5 Sweep
INFO: [Constraints 18-11670] Building netlist checker database with flags, 0x8
Done building netlist checker database: Time (s): cpu = 00:00:00.14 ; elapsed = 00:00:00.14 . Memory (MB): peak = 4596.355 ; gain = 0.000 ; free physical = 5083 ; free virtual = 344113
INFO: [Constraints 18-11670] Building netlist checker database with flags, 0x8
Done building netlist checker database: Time (s): cpu = 00:00:00.08 ; elapsed = 00:00:00.09 . Memory (MB): peak = 4596.355 ; gain = 0.000 ; free physical = 5137 ; free virtual = 343993
Phase 5 Sweep | Checksum: 11e3ba440

Time (s): cpu = 00:00:35 ; elapsed = 00:00:21 . Memory (MB): peak = 4596.355 ; gain = 56.027 ; free physical = 5431 ; free virtual = 343914
Sweep | Checksum: 11e3ba440
INFO: [Opt 31-389] Phase Sweep created 0 cells and removed 1141 cells

Phase 6 BUFG optimization
INFO: [Opt 31-1077] Phase BUFG optimization inserted 0 global clock buffer(s) for CLOCK_LOW_FANOUT.
Phase 6 BUFG optimization | Checksum: 11e3ba440

Time (s): cpu = 00:00:36 ; elapsed = 00:00:22 . Memory (MB): peak = 4628.371 ; gain = 88.043 ; free physical = 5245 ; free virtual = 343886
BUFG optimization | Checksum: 11e3ba440
INFO: [Opt 31-662] Phase BUFG optimization created 0 cells of which 0 are BUFGs and removed 0 cells.

Phase 7 Shift Register Optimization
INFO: [Opt 31-1064] SRL Remap converted 0 SRLs to 0 registers and converted 0 registers of register chains to 0 SRLs
Phase 7 Shift Register Optimization | Checksum: e7b1a6e5

Time (s): cpu = 00:00:37 ; elapsed = 00:00:23 . Memory (MB): peak = 4628.371 ; gain = 88.043 ; free physical = 5135 ; free virtual = 343847
Shift Register Optimization | Checksum: e7b1a6e5
INFO: [Opt 31-389] Phase Shift Register Optimization created 6 cells and removed 0 cells

Phase 8 Post Processing Netlist
Phase 8 Post Processing Netlist | Checksum: e7b1a6e5

Time (s): cpu = 00:00:38 ; elapsed = 00:00:24 . Memory (MB): peak = 4628.371 ; gain = 88.043 ; free physical = 5160 ; free virtual = 343769
Post Processing Netlist | Checksum: e7b1a6e5
INFO: [Opt 31-389] Phase Post Processing Netlist created 0 cells and removed 0 cells

Phase 9 Finalization

Phase 9.1 Finalizing Design Cores and Updating Shapes
Phase 9.1 Finalizing Design Cores and Updating Shapes | Checksum: 1b66eab8d

Time (s): cpu = 00:00:45 ; elapsed = 00:00:30 . Memory (MB): peak = 4628.371 ; gain = 88.043 ; free physical = 4378 ; free virtual = 343730

Phase 9.2 Verifying Netlist Connectivity

Starting Connectivity Check Task

Time (s): cpu = 00:00:00.39 ; elapsed = 00:00:00.42 . Memory (MB): peak = 4628.371 ; gain = 0.000 ; free physical = 4464 ; free virtual = 343880
Phase 9.2 Verifying Netlist Connectivity | Checksum: 1b66eab8d

Time (s): cpu = 00:00:45 ; elapsed = 00:00:31 . Memory (MB): peak = 4628.371 ; gain = 88.043 ; free physical = 4458 ; free virtual = 343878
Phase 9 Finalization | Checksum: 1b66eab8d

Time (s): cpu = 00:00:45 ; elapsed = 00:00:31 . Memory (MB): peak = 4628.371 ; gain = 88.043 ; free physical = 4457 ; free virtual = 343878
Opt_design Change Summary
=========================


-------------------------------------------------------------------------------------------------------------------------
|  Phase                        |  #Cells created  |  #Cells Removed  |  #Constrained objects preventing optimizations  |
-------------------------------------------------------------------------------------------------------------------------
|  Retarget                     |            1696  |            1960  |                                              0  |
|  Constant propagation         |             682  |            2881  |                                              0  |
|  Sweep                        |               0  |            1141  |                                              0  |
|  BUFG optimization            |               0  |               0  |                                              0  |
|  Shift Register Optimization  |               6  |               0  |                                              0  |
|  Post Processing Netlist      |               0  |               0  |                                              0  |
-------------------------------------------------------------------------------------------------------------------------


Ending Logic Optimization Task | Checksum: 1b66eab8d

Time (s): cpu = 00:00:45 ; elapsed = 00:00:31 . Memory (MB): peak = 4628.371 ; gain = 88.043 ; free physical = 4453 ; free virtual = 343877

Starting Power Optimization Task
INFO: [Pwropt 34-132] Skipping clock gating for clocks with a period < 2.00 ns.
INFO: [Pwropt 34-9] Applying IDT optimizations ...
INFO: [Pwropt 34-10] Applying ODC optimizations ...
INFO: [Timing 38-35] Done setting XDC timing constraints.
Running Vector-less Activity Propagation...

Finished Running Vector-less Activity Propagation


Starting PowerOpt Patch Enables Task
INFO: [Pwropt 34-162] WRITE_MODE attribute of 0 BRAM(s) out of a total of 31 has been updated to save power. Run report_power_opt to get a complete listing of the BRAMs updated.
INFO: [Timing 38-35] Done setting XDC timing constraints.
INFO: [Pwropt 34-201] Structural ODC has moved 4 WE to EN ports
Number of BRAM Ports augmented: 0 newly gated: 5 Total Ports: 62
Ending PowerOpt Patch Enables Task | Checksum: 109bda6b4

Time (s): cpu = 00:00:52 ; elapsed = 00:00:13 . Memory (MB): peak = 5704.387 ; gain = 0.000 ; free physical = 1183 ; free virtual = 344098
Ending Power Optimization Task | Checksum: 109bda6b4

Time (s): cpu = 00:02:53 ; elapsed = 00:00:47 . Memory (MB): peak = 5704.387 ; gain = 1076.016 ; free physical = 1123 ; free virtual = 344097

Starting Final Cleanup Task
Ending Final Cleanup Task | Checksum: 109bda6b4

Time (s): cpu = 00:00:00.02 ; elapsed = 00:00:00.02 . Memory (MB): peak = 5704.387 ; gain = 0.000 ; free physical = 1168 ; free virtual = 344099

Starting Netlist Obfuscation Task
Netlist sorting complete. Time (s): cpu = 00:00:00.07 ; elapsed = 00:00:00.07 . Memory (MB): peak = 5704.387 ; gain = 0.000 ; free physical = 1146 ; free virtual = 344099
Ending Netlist Obfuscation Task | Checksum: 4855543d

Time (s): cpu = 00:00:00.1 ; elapsed = 00:00:00.1 . Memory (MB): peak = 5704.387 ; gain = 0.000 ; free physical = 1136 ; free virtual = 344099
INFO: [Common 17-83] Releasing license: Implementation
42 Infos, 1 Warnings, 0 Critical Warnings and 0 Errors encountered.
opt_design completed successfully
opt_design: Time (s): cpu = 00:03:49 ; elapsed = 00:01:25 . Memory (MB): peak = 5704.387 ; gain = 1597.016 ; free physical = 1105 ; free virtual = 344098
INFO: [Vivado 12-24828] Executing command : report_drc -file bd_0_wrapper_drc_opted.rpt -pb bd_0_wrapper_drc_opted.pb -rpx bd_0_wrapper_drc_opted.rpx
Command: report_drc -file bd_0_wrapper_drc_opted.rpt -pb bd_0_wrapper_drc_opted.pb -rpx bd_0_wrapper_drc_opted.rpx
INFO: [IP_Flow 19-1839] IP Catalog is up to date.
INFO: [DRC 23-27] Running DRC with 8 threads
WARNING: [DRC 23-814] Not all possible (connectivity based) DRCs may have been run because this design is seen as Out of Context.
INFO: [Vivado_Tcl 2-168] The results of DRC are in file /nethome/asandeep6/FPGA_ECE8893/2026_Spring/lab4/project_1/hls/impl/verilog/project.runs/impl_1/bd_0_wrapper_drc_opted.rpt.
report_drc completed successfully
report_drc: Time (s): cpu = 00:00:26 ; elapsed = 00:00:10 . Memory (MB): peak = 5704.387 ; gain = 0.000 ; free physical = 1195 ; free virtual = 344244
generate_parallel_reports: Time (s): cpu = 00:00:26 ; elapsed = 00:00:10 . Memory (MB): peak = 5704.387 ; gain = 0.000 ; free physical = 1196 ; free virtual = 344245
INFO: [Timing 38-35] Done setting XDC timing constraints.
INFO: [Timing 38-480] Writing timing data to binary archive.
Write ShapeDB Complete: Time (s): cpu = 00:00:02 ; elapsed = 00:00:00.67 . Memory (MB): peak = 5704.387 ; gain = 0.000 ; free physical = 1122 ; free virtual = 344097
INFO: [Common 17-1381] The checkpoint '/nethome/asandeep6/FPGA_ECE8893/2026_Spring/lab4/project_1/hls/impl/verilog/project.runs/impl_1/bd_0_wrapper_opt.dcp' has been generated.
write_checkpoint: Time (s): cpu = 00:01:16 ; elapsed = 00:00:29 . Memory (MB): peak = 5704.387 ; gain = 0.000 ; free physical = 1348 ; free virtual = 344090
Command: place_design
Attempting to get a license for feature 'Implementation' and/or device 'xczu3eg'
INFO: [Common 17-349] Got license for feature 'Implementation' and/or device 'xczu3eg'
INFO: [Common 17-83] Releasing license: Implementation
INFO: [DRC 23-27] Running DRC with 8 threads
WARNING: [DRC 23-814] Not all possible (connectivity based) DRCs may have been run because this design is seen as Out of Context.
INFO: [Vivado_Tcl 4-198] DRC finished with 0 Errors
INFO: [Vivado_Tcl 4-199] Please refer to the DRC report (report_drc) for more information.
Running DRC as a precondition to command place_design
INFO: [DRC 23-27] Running DRC with 8 threads
WARNING: [DRC 23-814] Not all possible (connectivity based) DRCs may have been run because this design is seen as Out of Context.
INFO: [Vivado_Tcl 4-198] DRC finished with 0 Errors
INFO: [Vivado_Tcl 4-199] Please refer to the DRC report (report_drc) for more information.
INFO: [Place 30-611] Multithreading enabled for place_design using a maximum of 8 CPUs

Starting Placer Task

Phase 1 Placer Initialization

Phase 1.1 Placer Initialization Netlist Sorting
Netlist sorting complete. Time (s): cpu = 00:00:00.07 ; elapsed = 00:00:00.08 . Memory (MB): peak = 5704.387 ; gain = 0.000 ; free physical = 1074 ; free virtual = 344011
Phase 1.1 Placer Initialization Netlist Sorting | Checksum: 2209fae3

Time (s): cpu = 00:00:00.25 ; elapsed = 00:00:00.23 . Memory (MB): peak = 5704.387 ; gain = 0.000 ; free physical = 1153 ; free virtual = 344012
Netlist sorting complete. Time (s): cpu = 00:00:00.07 ; elapsed = 00:00:00.07 . Memory (MB): peak = 5704.387 ; gain = 0.000 ; free physical = 1150 ; free virtual = 344010

Phase 1.2 IO Placement/ Clock Placement/ Build Placer Device
Phase 1.2 IO Placement/ Clock Placement/ Build Placer Device | Checksum: 9fd60d62

Time (s): cpu = 00:00:51 ; elapsed = 00:00:35 . Memory (MB): peak = 5787.703 ; gain = 83.316 ; free physical = 1452 ; free virtual = 343656

Phase 1.3 Build Placer Netlist Model
WARNING: [Place 30-34] Design utilization is very high. Please run report_utilization command to see design utilization.
Phase 1.3 Build Placer Netlist Model | Checksum: 17e3198a4

Time (s): cpu = 00:02:32 ; elapsed = 00:01:21 . Memory (MB): peak = 5955.164 ; gain = 250.777 ; free physical = 1129 ; free virtual = 342190

Phase 1.4 Constrain Clocks/Macros
Phase 1.4 Constrain Clocks/Macros | Checksum: 17e3198a4

Time (s): cpu = 00:02:32 ; elapsed = 00:01:21 . Memory (MB): peak = 5955.164 ; gain = 250.777 ; free physical = 1087 ; free virtual = 342169
Phase 1 Placer Initialization | Checksum: 17e3198a4

Time (s): cpu = 00:02:33 ; elapsed = 00:01:22 . Memory (MB): peak = 5955.164 ; gain = 250.777 ; free physical = 1127 ; free virtual = 342190

Phase 2 Global Placement

Phase 2.1 Floorplanning

Phase 2.1.1 Partition Driven Placement

Phase 2.1.1.1 PBP: Partition Driven Placement
Phase 2.1.1.1 PBP: Partition Driven Placement | Checksum: d6ad244e

Time (s): cpu = 00:07:17 ; elapsed = 00:03:14 . Memory (MB): peak = 6035.203 ; gain = 330.816 ; free physical = 2987 ; free virtual = 344496

Phase 2.1.1.2 PBP: Clock Region Placement
INFO: [Place 30-3164] Check ILP status : ILP-based clock placer is skipped.
Phase 2.1.1.2 PBP: Clock Region Placement | Checksum: d6ad244e

Time (s): cpu = 00:07:18 ; elapsed = 00:03:16 . Memory (MB): peak = 6035.203 ; gain = 330.816 ; free physical = 2813 ; free virtual = 344501

Phase 2.1.1.3 PBP: Discrete Incremental
Phase 2.1.1.3 PBP: Discrete Incremental | Checksum: 153e1d42f

Time (s): cpu = 00:07:19 ; elapsed = 00:03:17 . Memory (MB): peak = 6035.203 ; gain = 330.816 ; free physical = 2701 ; free virtual = 344494

Phase 2.1.1.4 PBP: Compute Congestion
Phase 2.1.1.4 PBP: Compute Congestion | Checksum: 153e1d42f

Time (s): cpu = 00:07:41 ; elapsed = 00:03:23 . Memory (MB): peak = 6160.188 ; gain = 455.801 ; free physical = 1612 ; free virtual = 343769

Phase 2.1.1.5 PBP: Macro Placement
Phase 2.1.1.5 PBP: Macro Placement | Checksum: bf7bf767

Time (s): cpu = 00:07:45 ; elapsed = 00:03:27 . Memory (MB): peak = 6160.188 ; gain = 455.801 ; free physical = 1401 ; free virtual = 343725

Phase 2.1.1.6 PBP: UpdateTiming
Phase 2.1.1.6 PBP: UpdateTiming | Checksum: 10d09a7df

Time (s): cpu = 00:08:02 ; elapsed = 00:03:33 . Memory (MB): peak = 6192.203 ; gain = 487.816 ; free physical = 1052 ; free virtual = 343589

Phase 2.1.1.7 PBP: Add part constraints
Phase 2.1.1.7 PBP: Add part constraints | Checksum: 10d09a7df

Time (s): cpu = 00:08:03 ; elapsed = 00:03:34 . Memory (MB): peak = 6192.203 ; gain = 487.816 ; free physical = 1114 ; free virtual = 343591
Phase 2.1.1 Partition Driven Placement | Checksum: 10d09a7df

Time (s): cpu = 00:08:03 ; elapsed = 00:03:34 . Memory (MB): peak = 6192.203 ; gain = 487.816 ; free physical = 1043 ; free virtual = 343590
Phase 2.1 Floorplanning | Checksum: 10d09a7df

Time (s): cpu = 00:08:04 ; elapsed = 00:03:34 . Memory (MB): peak = 6192.203 ; gain = 487.816 ; free physical = 1777 ; free virtual = 343595

Phase 2.2 Update Timing before SLR Path Opt
Phase 2.2 Update Timing before SLR Path Opt | Checksum: 10d09a7df

Time (s): cpu = 00:08:05 ; elapsed = 00:03:34 . Memory (MB): peak = 6192.203 ; gain = 487.816 ; free physical = 1785 ; free virtual = 343597

Phase 2.3 Post-Processing in Floorplanning
Phase 2.3 Post-Processing in Floorplanning | Checksum: d77aea1d

Time (s): cpu = 00:08:06 ; elapsed = 00:03:35 . Memory (MB): peak = 6192.203 ; gain = 487.816 ; free physical = 1668 ; free virtual = 343597

Phase 2.4 Global Place Phase1
Phase 2.4 Global Place Phase1 | Checksum: 24d268e4a

Time (s): cpu = 00:14:52 ; elapsed = 00:06:08 . Memory (MB): peak = 6388.203 ; gain = 683.816 ; free physical = 4925 ; free virtual = 346821

Phase 2.5 Global Place Phase2

Phase 2.5.1 UpdateTiming Before Physical Synthesis
Phase 2.5.1 UpdateTiming Before Physical Synthesis | Checksum: 1fcccdaa9

Time (s): cpu = 00:15:15 ; elapsed = 00:06:15 . Memory (MB): peak = 6388.203 ; gain = 683.816 ; free physical = 4403 ; free virtual = 346193

Phase 2.5.2 Physical Synthesis In Placer
INFO: [Physopt 32-1035] Found 5 LUTNM shape to break, 2548 LUT instances to create LUTNM shape
INFO: [Physopt 32-1044] Break lutnm for timing: one critical 4, two critical 1, total 0, new lutff created 0
INFO: [Physopt 32-1138] End 1 Pass. Optimized 284 nets or LUTs. Breaked 0 LUT, combined 284 existing LUTs and moved 0 existing LUT
INFO: [Physopt 32-1030] Pass 1. Identified 231 candidate driver sets for equivalent driver rewiring.
INFO: [Physopt 32-661] Optimized 115 nets.  Re-placed 520 instances.
INFO: [Physopt 32-775] End 1 Pass. Optimized 115 nets or cells. Created 0 new cell, deleted 24 existing cells and moved 520 existing cells
Netlist sorting complete. Time (s): cpu = 00:00:01 ; elapsed = 00:00:01 . Memory (MB): peak = 6388.203 ; gain = 0.000 ; free physical = 2151 ; free virtual = 343659
INFO: [Physopt 32-1408] Pass 1. Identified 17 candidate nets for high-fanout optimization.
INFO: [Physopt 32-81] Processed net bd_0_i/hls_inst/inst/grp_top_kernel_Pipeline_VITIS_LOOP_71_4_VITIS_LOOP_72_5_fu_4091/bin_2_reg_145129[2]. Replicated 9 times.
INFO: [Physopt 32-81] Processed net bd_0_i/hls_inst/inst/grp_top_kernel_Pipeline_VITIS_LOOP_153_19_VITIS_LOOP_155_20_fu_5169/ap_CS_fsm_pp0_stage5. Replicated 15 times.
INFO: [Physopt 32-81] Processed net bd_0_i/hls_inst/inst/grp_top_kernel_Pipeline_VITIS_LOOP_153_19_VITIS_LOOP_155_20_fu_5169/ap_CS_fsm_pp0_stage4. Replicated 15 times.
INFO: [Physopt 32-81] Processed net bd_0_i/hls_inst/inst/grp_top_kernel_Pipeline_VITIS_LOOP_153_19_VITIS_LOOP_155_20_fu_5169/ap_CS_fsm_pp0_stage3. Replicated 20 times.
INFO: [Physopt 32-81] Processed net bd_0_i/hls_inst/inst/grp_top_kernel_Pipeline_VITIS_LOOP_153_19_VITIS_LOOP_155_20_fu_5169/ap_CS_fsm_pp0_stage1. Replicated 13 times.
INFO: [Physopt 32-81] Processed net bd_0_i/hls_inst/inst/grp_top_kernel_Pipeline_VITIS_LOOP_153_19_VITIS_LOOP_155_20_fu_5169/ap_CS_fsm_pp0_stage2. Replicated 15 times.
INFO: [Physopt 32-81] Processed net bd_0_i/hls_inst/inst/grp_top_kernel_Pipeline_VITIS_LOOP_153_19_VITIS_LOOP_155_20_fu_5169/ap_CS_fsm_pp0_stage0. Replicated 11 times.
INFO: [Physopt 32-81] Processed net bd_0_i/hls_inst/inst/ap_CS_fsm_state4. Replicated 56 times.
INFO: [Physopt 32-81] Processed net bd_0_i/hls_inst/inst/ap_CS_fsm_state31. Replicated 55 times.
INFO: [Physopt 32-81] Processed net bd_0_i/hls_inst/inst/ap_CS_fsm_state33. Replicated 50 times.
INFO: [Physopt 32-81] Processed net bd_0_i/hls_inst/inst/grp_top_kernel_Pipeline_VITIS_LOOP_113_10_VITIS_LOOP_115_11_fu_5143/ap_CS_fsm_pp0_stage0. Replicated 20 times.
INFO: [Physopt 32-81] Processed net bd_0_i/hls_inst/inst/grp_top_kernel_Pipeline_VITIS_LOOP_113_10_VITIS_LOOP_115_11_fu_5143/ap_CS_fsm_pp0_stage3. Replicated 17 times.
INFO: [Physopt 32-81] Processed net bd_0_i/hls_inst/inst/ap_CS_fsm_state74. Replicated 13 times.
INFO: [Physopt 32-81] Processed net bd_0_i/hls_inst/inst/grp_top_kernel_Pipeline_VITIS_LOOP_113_10_VITIS_LOOP_115_11_fu_5143/Q[0]. Replicated 12 times.
INFO: [Physopt 32-81] Processed net bd_0_i/hls_inst/inst/grp_top_kernel_Pipeline_VITIS_LOOP_113_10_VITIS_LOOP_115_11_fu_5143/ap_CS_fsm_pp0_stage2. Replicated 14 times.
INFO: [Physopt 32-81] Processed net bd_0_i/hls_inst/inst/fdiv_32ns_32ns_32_30_no_dsp_1_U1270/ce_r. Replicated 8 times.
INFO: [Physopt 32-81] Processed net bd_0_i/hls_inst/inst/grp_top_kernel_Pipeline_VITIS_LOOP_94_8_VITIS_LOOP_95_9_fu_4865/bin_1_reg_5304[2]. Replicated 4 times.
INFO: [Physopt 32-232] Optimized 17 nets. Created 347 new instances.
INFO: [Physopt 32-775] End 1 Pass. Optimized 17 nets or cells. Created 347 new cells, deleted 0 existing cell and moved 0 existing cell
Netlist sorting complete. Time (s): cpu = 00:00:01 ; elapsed = 00:00:02 . Memory (MB): peak = 6388.203 ; gain = 0.000 ; free physical = 2208 ; free virtual = 343308
INFO: [Physopt 32-457] Pass 1. Identified 1 candidate cell for DSP register optimization.
INFO: [Physopt 32-665] Processed cell bd_0_i/hls_inst/inst/grp_top_kernel_Pipeline_VITIS_LOOP_113_10_VITIS_LOOP_115_11_fu_5143/mul_6ns_8ns_13_1_1_U1121/tmp_product. 5 registers were pushed out.
INFO: [Physopt 32-775] End 2 Pass. Optimized 1 net or cell. Created 5 new cells, deleted 0 existing cell and moved 0 existing cell
Netlist sorting complete. Time (s): cpu = 00:00:00.1 ; elapsed = 00:00:00.1 . Memory (MB): peak = 6388.203 ; gain = 0.000 ; free physical = 2051 ; free virtual = 343253
INFO: [Physopt 32-1123] No candidate cells found for Shift Register to Pipeline optimization
INFO: [Physopt 32-775] End 2 Pass. Optimized 0 net or cell. Created 0 new cell, deleted 0 existing cell and moved 0 existing cell
INFO: [Physopt 32-1401] No candidate cells found for Shift Register optimization.
INFO: [Physopt 32-677] No candidate cells for Shift Register optimization found in the design
INFO: [Physopt 32-775] End 1 Pass. Optimized 0 net or cell. Created 0 new cell, deleted 0 existing cell and moved 0 existing cell
INFO: [Physopt 32-526] No candidate cells for BRAM register optimization found in the design
INFO: [Physopt 32-775] End 1 Pass. Optimized 0 net or cell. Created 0 new cell, deleted 0 existing cell and moved 0 existing cell
INFO: [Physopt 32-846] No candidate cells for URAM register optimization found in the design
INFO: [Physopt 32-775] End 1 Pass. Optimized 0 net or cell. Created 0 new cell, deleted 0 existing cell and moved 0 existing cell
INFO: [Physopt 32-846] No candidate cells for URAM register optimization found in the design
INFO: [Physopt 32-775] End 1 Pass. Optimized 0 net or cell. Created 0 new cell, deleted 0 existing cell and moved 0 existing cell
INFO: [Physopt 32-949] No candidate nets found for dynamic/static region interface net replication
INFO: [Physopt 32-775] End 1 Pass. Optimized 0 net or cell. Created 0 new cell, deleted 0 existing cell and moved 0 existing cell
Netlist sorting complete. Time (s): cpu = 00:00:00.06 ; elapsed = 00:00:00.07 . Memory (MB): peak = 6388.203 ; gain = 0.000 ; free physical = 1936 ; free virtual = 343202
INFO: [Physopt 32-68] No nets found for critical-cell optimization.
INFO: [Physopt 32-232] Optimized 0 net. Created 0 new instance.
INFO: [Physopt 32-775] End 1 Pass. Optimized 0 net or cell. Created 0 new cell, deleted 0 existing cell and moved 0 existing cell
Netlist sorting complete. Time (s): cpu = 00:00:00.09 ; elapsed = 00:00:00.09 . Memory (MB): peak = 6388.203 ; gain = 0.000 ; free physical = 2041 ; free virtual = 343203

Summary of Physical Synthesis Optimizations
============================================


-----------------------------------------------------------------------------------------------------------------------------------------------------------
|  Optimization                                     |  Added Cells  |  Removed Cells  |  Optimized Cells/Nets  |  Dont Touch  |  Iterations  |  Elapsed   |
-----------------------------------------------------------------------------------------------------------------------------------------------------------
|  LUT Combining                                    |            0  |            284  |                   284  |           0  |           1  |  00:00:02  |
|  Retime                                           |            0  |              0  |                     0  |           0  |           1  |  00:00:00  |
|  Equivalent Driver Rewiring                       |            0  |             24  |                   115  |           0  |           1  |  00:00:10  |
|  Very High Fanout                                 |          347  |              0  |                    17  |           0  |           1  |  00:00:16  |
|  DSP Register                                     |            5  |              0  |                     1  |           0  |           1  |  00:00:01  |
|  Shift Register to Pipeline                       |            0  |              0  |                     0  |           0  |           1  |  00:00:00  |
|  Shift Register                                   |            0  |              0  |                     0  |           0  |           1  |  00:00:00  |
|  BRAM Register                                    |            0  |              0  |                     0  |           0  |           1  |  00:00:00  |
|  URAM Register                                    |            0  |              0  |                     0  |           0  |           1  |  00:00:00  |
|  Dynamic/Static Region Interface Net Replication  |            0  |              0  |                     0  |           0  |           1  |  00:00:00  |
|  Critical Cell                                    |            0  |              0  |                     0  |           0  |           1  |  00:00:00  |
|  Total                                            |          352  |            308  |                   417  |           0  |          11  |  00:00:31  |
-----------------------------------------------------------------------------------------------------------------------------------------------------------


Phase 2.5.2 Physical Synthesis In Placer | Checksum: 1be434a33

Time (s): cpu = 00:16:08 ; elapsed = 00:07:02 . Memory (MB): peak = 6388.203 ; gain = 683.816 ; free physical = 2160 ; free virtual = 343472
Phase 2.5 Global Place Phase2 | Checksum: 1d962f76a

Time (s): cpu = 00:18:17 ; elapsed = 00:07:46 . Memory (MB): peak = 6388.203 ; gain = 683.816 ; free physical = 1596 ; free virtual = 342527
Phase 2 Global Placement | Checksum: 1d962f76a

Time (s): cpu = 00:18:18 ; elapsed = 00:07:46 . Memory (MB): peak = 6388.203 ; gain = 683.816 ; free physical = 1538 ; free virtual = 342503

Phase 3 Detail Placement

Phase 3.1 Commit Multi Column Macros
Phase 3.1 Commit Multi Column Macros | Checksum: 17c175b52

Time (s): cpu = 00:18:56 ; elapsed = 00:07:59 . Memory (MB): peak = 6388.203 ; gain = 683.816 ; free physical = 1314 ; free virtual = 342033

Phase 3.2 Commit Most Macros & LUTRAMs
Phase 3.2 Commit Most Macros & LUTRAMs | Checksum: 19f786c3d

Time (s): cpu = 00:19:56 ; elapsed = 00:08:45 . Memory (MB): peak = 6388.203 ; gain = 683.816 ; free physical = 1488 ; free virtual = 337941

Phase 3.3 Small Shape DP

Phase 3.3.1 Small Shape Clustering
Phase 3.3.1 Small Shape Clustering | Checksum: 275c40d15

Time (s): cpu = 00:24:32 ; elapsed = 00:10:37 . Memory (MB): peak = 6457.125 ; gain = 752.738 ; free physical = 1606 ; free virtual = 336331
Phase 3.3 Small Shape DP | Checksum: 275c40d15

Time (s): cpu = 00:24:33 ; elapsed = 00:10:37 . Memory (MB): peak = 6457.125 ; gain = 752.738 ; free physical = 1540 ; free virtual = 336313
Phase 3 Detail Placement | Checksum: 275c40d15

Time (s): cpu = 00:24:34 ; elapsed = 00:10:38 . Memory (MB): peak = 6457.125 ; gain = 752.738 ; free physical = 1486 ; free virtual = 336281
ERROR: [Place 30-487] The packing of instances into the device could not be obeyed. There are a total of 8820 CLBs in the device, of which 5082 CLBs are available, however, the unplaced instances require 5810 CLBs. Please analyze your design to determine if the number of LUTs, FFs, and/or control sets can be reduced.

Number of control sets and instances constrained to the design
	Control sets: 1205
	Luts: 76786 (combined) 96189 (total), available capacity: 70560 
	Flip flops: 110189, available capacity: 141120
	NOTE: each CLB can only accommodate up to 4 unique control sets so FFs cannot be packed to fully fill every CLB


ERROR: [Place 30-99] Placer failed with error: 'Detail Placement failed please check previous errors for details.'
Please review all ERROR, CRITICAL WARNING, and WARNING messages during placement to understand the cause for failure.

Phase 4 Add Constraints

Phase 4.1 Add User PBlocks
Phase 4.1 Add User PBlocks | Checksum: 17c6ce902

Time (s): cpu = 00:24:36 ; elapsed = 00:10:39 . Memory (MB): peak = 6457.125 ; gain = 752.738 ; free physical = 1489 ; free virtual = 336181
Phase 4 Add Constraints | Checksum: 17c6ce902

Time (s): cpu = 00:24:36 ; elapsed = 00:10:39 . Memory (MB): peak = 6457.125 ; gain = 752.738 ; free physical = 1471 ; free virtual = 336181
Ending Placer Task | Checksum: 96ec8128

Time (s): cpu = 00:24:36 ; elapsed = 00:10:39 . Memory (MB): peak = 6457.125 ; gain = 752.738 ; free physical = 1455 ; free virtual = 336181
104 Infos, 5 Warnings, 0 Critical Warnings and 3 Errors encountered.
place_design failed
ERROR: [Common 17-69] Command failed: Placer could not place all instances
INFO: [Common 17-206] Exiting Vivado at Sun Apr  5 00:33:59 2026...
[Sun Apr  5 00:34:25 2026] impl_1 finished
ERROR: [Vivado 12-13638] Failed runs(s) : 'impl_1'
wait_on_runs: Time (s): cpu = 00:00:02 ; elapsed = 00:14:42 . Memory (MB): peak = 8581.129 ; gain = 0.000 ; free physical = 5900 ; free virtual = 338121
ERROR: [Common 17-39] 'wait_on_runs' failed due to earlier errors.

    while executing
"wait_on_run impl_1"
    invoked from within
"if { $has_impl } {
  # launch run impl
  if { [llength $impl_props] } {
    set_property -dict $impl_props [get_runs impl_1]
  }
  launch_runs impl_1
..."
    (file "run_vivado.tcl" line 177)
INFO: [Common 17-206] Exiting Vivado at Sun Apr  5 00:34:25 2026...
ERROR: [HLS 200-478] vivado returned an error 
INFO: [HLS 200-2161] Finished Command export_design Elapsed time: 00:46:33; Allocated memory: 12.941 MB.
command 'ap_source' returned error code
    while executing
"source /nethome/asandeep6/FPGA_ECE8893/2026_Spring/lab4/script.tcl"
    ("uplevel" body line 1)
    invoked from within
"uplevel \#0 [list source $tclfile] "

INFO: [HLS 200-112] Total CPU user time: 8504.01 seconds. Total CPU system time: 275.69 seconds. Total elapsed time: 8155.37 seconds; peak allocated memory: 2.377 GB.
INFO: [vitis-run 60-1662] Stopping dispatch session having empty uuid.
