

================================================================
== Vitis HLS Report for 'top_kernel_Pipeline_K3_Gaussian_VITIS_LOOP_86_6'
================================================================
* Date:           Thu Apr  9 00:34:55 2026

* Version:        2025.1.1 (Build 6214317 on Sep 11 2025)
* Project:        project_1
* Solution:       hls (Vivado IP Flow Target)
* Product family: zynquplus
* Target device:  xczu3eg-sbva484-1-e


================================================================
== Performance Estimates
================================================================
+ Timing: 
    * Summary: 
    +--------+---------+----------+------------+
    |  Clock |  Target | Estimated| Uncertainty|
    +--------+---------+----------+------------+
    |ap_clk  |  4.00 ns|  2.861 ns|     1.08 ns|
    +--------+---------+----------+------------+

+ Latency: 
    * Summary: 
    +---------+---------+-----------+-----------+------+------+------------------------------------------------+
    |  Latency (cycles) |   Latency (absolute)  |   Interval  |                    Pipeline                    |
    |   min   |   max   |    min    |    max    |  min |  max |                      Type                      |
    +---------+---------+-----------+-----------+------+------+------------------------------------------------+
    |     7471|     7471|  29.884 us|  29.884 us|  7202|  7202|  loop auto-rewind stp (delay=0 clock cycles(s))|
    +---------+---------+-----------+-----------+------+------+------------------------------------------------+

    + Detail: 
        * Instance: 
        N/A

        * Loop: 
        +-------------------------------+---------+---------+----------+-----------+-----------+------+----------+
        |                               |  Latency (cycles) | Iteration|  Initiation Interval  | Trip |          |
        |           Loop Name           |   min   |   max   |  Latency |  achieved |   target  | Count| Pipelined|
        +-------------------------------+---------+---------+----------+-----------+-----------+------+----------+
        |- K3_Gaussian_VITIS_LOOP_86_6  |     7469|     7469|       272|          2|          1|  3600|       yes|
        +-------------------------------+---------+---------+----------+-----------+-----------+------+----------+

============================================================
+ Verbose Summary: Synthesis Manager
============================================================
InlineROM: 1
ExposeGlobal: 0
============================================================
+ Verbose Summary: CDFG Model
============================================================
IsTopModel: 0
ResetActiveHigh: 1
IsCombinational: 0
IsDatapathOnly: 0
HasWiredReturn: 1
HasMFsm: 2
HasVarLatency: 1
IsPipeline: 0
IsRtlPipelined: 0
IsInstanceOverlapped: 0
IsDontTouch: 0
HasImplIP: 0
IsGatedGlobalClock: 0

+ Individual pipeline summary: 
  * Pipeline-0: initiation interval (II) = 2, depth = 272


============================================================
+ Verbose Summary: Schedule
============================================================
* Number of FSM states : 272
* Pipeline : 1
  Pipeline-0 : II = 2, D = 272, States = { 1 2 3 4 5 6 7 8 9 10 11 12 13 14 15 16 17 18 19 20 21 22 23 24 25 26 27 28 29 30 31 32 33 34 35 36 37 38 39 40 41 42 43 44 45 46 47 48 49 50 51 52 53 54 55 56 57 58 59 60 61 62 63 64 65 66 67 68 69 70 71 72 73 74 75 76 77 78 79 80 81 82 83 84 85 86 87 88 89 90 91 92 93 94 95 96 97 98 99 100 101 102 103 104 105 106 107 108 109 110 111 112 113 114 115 116 117 118 119 120 121 122 123 124 125 126 127 128 129 130 131 132 133 134 135 136 137 138 139 140 141 142 143 144 145 146 147 148 149 150 151 152 153 154 155 156 157 158 159 160 161 162 163 164 165 166 167 168 169 170 171 172 173 174 175 176 177 178 179 180 181 182 183 184 185 186 187 188 189 190 191 192 193 194 195 196 197 198 199 200 201 202 203 204 205 206 207 208 209 210 211 212 213 214 215 216 217 218 219 220 221 222 223 224 225 226 227 228 229 230 231 232 233 234 235 236 237 238 239 240 241 242 243 244 245 246 247 248 249 250 251 252 253 254 255 256 257 258 259 260 261 262 263 264 265 266 267 268 269 270 271 272 }
* Dataflow Pipeline: 0

* FSM state transitions: 
1 --> 2 
2 --> 3 
3 --> 4 
4 --> 5 
5 --> 6 
6 --> 7 
7 --> 8 
8 --> 9 
9 --> 10 
10 --> 11 
11 --> 12 
12 --> 13 
13 --> 14 
14 --> 15 
15 --> 16 
16 --> 17 
17 --> 18 
18 --> 19 
19 --> 20 
20 --> 21 
21 --> 22 
22 --> 23 
23 --> 24 
24 --> 25 
25 --> 26 
26 --> 27 
27 --> 28 
28 --> 29 
29 --> 30 
30 --> 31 
31 --> 32 
32 --> 33 
33 --> 34 
34 --> 35 
35 --> 36 
36 --> 37 
37 --> 38 
38 --> 39 
39 --> 40 
40 --> 41 
41 --> 42 
42 --> 43 
43 --> 44 
44 --> 45 
45 --> 46 
46 --> 47 
47 --> 48 
48 --> 49 
49 --> 50 
50 --> 51 
51 --> 52 
52 --> 53 
53 --> 54 
54 --> 55 
55 --> 56 
56 --> 57 
57 --> 58 
58 --> 59 
59 --> 60 
60 --> 61 
61 --> 62 
62 --> 63 
63 --> 64 
64 --> 65 
65 --> 66 
66 --> 67 
67 --> 68 
68 --> 69 
69 --> 70 
70 --> 71 
71 --> 72 
72 --> 73 
73 --> 74 
74 --> 75 
75 --> 76 
76 --> 77 
77 --> 78 
78 --> 79 
79 --> 80 
80 --> 81 
81 --> 82 
82 --> 83 
83 --> 84 
84 --> 85 
85 --> 86 
86 --> 87 
87 --> 88 
88 --> 89 
89 --> 90 
90 --> 91 
91 --> 92 
92 --> 93 
93 --> 94 
94 --> 95 
95 --> 96 
96 --> 97 
97 --> 98 
98 --> 99 
99 --> 100 
100 --> 101 
101 --> 102 
102 --> 103 
103 --> 104 
104 --> 105 
105 --> 106 
106 --> 107 
107 --> 108 
108 --> 109 
109 --> 110 
110 --> 111 
111 --> 112 
112 --> 113 
113 --> 114 
114 --> 115 
115 --> 116 
116 --> 117 
117 --> 118 
118 --> 119 
119 --> 120 
120 --> 121 
121 --> 122 
122 --> 123 
123 --> 124 
124 --> 125 
125 --> 126 
126 --> 127 
127 --> 128 
128 --> 129 
129 --> 130 
130 --> 131 
131 --> 132 
132 --> 133 
133 --> 134 
134 --> 135 
135 --> 136 
136 --> 137 
137 --> 138 
138 --> 139 
139 --> 140 
140 --> 141 
141 --> 142 
142 --> 143 
143 --> 144 
144 --> 145 
145 --> 146 
146 --> 147 
147 --> 148 
148 --> 149 
149 --> 150 
150 --> 151 
151 --> 152 
152 --> 153 
153 --> 154 
154 --> 155 
155 --> 156 
156 --> 157 
157 --> 158 
158 --> 159 
159 --> 160 
160 --> 161 
161 --> 162 
162 --> 163 
163 --> 164 
164 --> 165 
165 --> 166 
166 --> 167 
167 --> 168 
168 --> 169 
169 --> 170 
170 --> 171 
171 --> 172 
172 --> 173 
173 --> 174 
174 --> 175 
175 --> 176 
176 --> 177 
177 --> 178 
178 --> 179 
179 --> 180 
180 --> 181 
181 --> 182 
182 --> 183 
183 --> 184 
184 --> 185 
185 --> 186 
186 --> 187 
187 --> 188 
188 --> 189 
189 --> 190 
190 --> 191 
191 --> 192 
192 --> 193 
193 --> 194 
194 --> 195 
195 --> 196 
196 --> 197 
197 --> 198 
198 --> 199 
199 --> 200 
200 --> 201 
201 --> 202 
202 --> 203 
203 --> 204 
204 --> 205 
205 --> 206 
206 --> 207 
207 --> 208 
208 --> 209 
209 --> 210 
210 --> 211 
211 --> 212 
212 --> 213 
213 --> 214 
214 --> 215 
215 --> 216 
216 --> 217 
217 --> 218 
218 --> 219 
219 --> 220 
220 --> 221 
221 --> 222 
222 --> 223 
223 --> 224 
224 --> 225 
225 --> 226 
226 --> 227 
227 --> 228 
228 --> 229 
229 --> 230 
230 --> 231 
231 --> 232 
232 --> 233 
233 --> 234 
234 --> 235 
235 --> 236 
236 --> 237 
237 --> 238 
238 --> 239 
239 --> 240 
240 --> 241 
241 --> 242 
242 --> 243 
243 --> 244 
244 --> 245 
245 --> 246 
246 --> 247 
247 --> 248 
248 --> 249 
249 --> 250 
250 --> 251 
251 --> 252 
252 --> 253 
253 --> 254 
254 --> 255 
255 --> 256 
256 --> 257 
257 --> 258 
258 --> 259 
259 --> 260 
260 --> 261 
261 --> 262 
262 --> 263 
263 --> 264 
264 --> 265 
265 --> 266 
266 --> 267 
267 --> 268 
268 --> 269 
269 --> 270 
270 --> 271 
271 --> 272 
272 --> 

* FSM state operations: 

State 1 <SV = 0> <Delay = 1.93>
ST_1 : Operation 275 [1/1] (0.00ns)   --->   "%c = alloca i32 1" [top.cpp:86]   --->   Operation 275 'alloca' 'c' <Predicate = true> <Delay = 0.00>
ST_1 : Operation 276 [1/1] (0.00ns)   --->   "%r = alloca i32 1" [top.cpp:85]   --->   Operation 276 'alloca' 'r' <Predicate = true> <Delay = 0.00>
ST_1 : Operation 277 [1/1] (0.00ns)   --->   "%indvar_flatten20 = alloca i32 1"   --->   Operation 277 'alloca' 'indvar_flatten20' <Predicate = true> <Delay = 0.00>
ST_1 : Operation 278 [1/1] (0.48ns)   --->   "%store_ln0 = store i12 0, i12 %indvar_flatten20"   --->   Operation 278 'store' 'store_ln0' <Predicate = true> <Delay = 0.48>
ST_1 : Operation 279 [1/1] (0.48ns)   --->   "%store_ln85 = store i6 2, i6 %r" [top.cpp:85]   --->   Operation 279 'store' 'store_ln85' <Predicate = true> <Delay = 0.48>
ST_1 : Operation 280 [1/1] (0.48ns)   --->   "%store_ln86 = store i6 2, i6 %c" [top.cpp:86]   --->   Operation 280 'store' 'store_ln86' <Predicate = true> <Delay = 0.48>
ST_1 : Operation 281 [1/1] (0.00ns)   --->   "%br_ln0 = br void %VITIS_LOOP_89_7"   --->   Operation 281 'br' 'br_ln0' <Predicate = true> <Delay = 0.00>
ST_1 : Operation 282 [1/1] (0.00ns)   --->   "%indvar_flatten20_load = load i12 %indvar_flatten20" [top.cpp:85]   --->   Operation 282 'load' 'indvar_flatten20_load' <Predicate = true> <Delay = 0.00>
ST_1 : Operation 283 [1/1] (0.96ns)   --->   "%icmp_ln85 = icmp_eq  i12 %indvar_flatten20_load, i12 3600" [top.cpp:85]   --->   Operation 283 'icmp' 'icmp_ln85' <Predicate = true> <Delay = 0.96> <CoreInst = "Cmp">   --->   Core 9 'Cmp' <Latency = 0> <II = 1> <Delay = 0.96> <FuncUnit> <Opcode : 'seteq' 'setne' 'setle' 'setge' 'setlt' 'setgt'> <InPorts = 2> <OutPorts = 1>
ST_1 : Operation 284 [1/1] (0.96ns)   --->   "%add_ln85 = add i12 %indvar_flatten20_load, i12 1" [top.cpp:85]   --->   Operation 284 'add' 'add_ln85' <Predicate = true> <Delay = 0.96> <CoreInst = "Adder">   --->   Core 1 'Adder' <Latency = 0> <II = 1> <Delay = 0.96> <FuncUnit> <Opcode : 'add' 'sub'> <InPorts = 2> <OutPorts = 1>
ST_1 : Operation 285 [1/1] (0.00ns)   --->   "%br_ln85 = br i1 %icmp_ln85, void %for.inc154, void %VITIS_LOOP_105_10.preheader.exitStub" [top.cpp:85]   --->   Operation 285 'br' 'br_ln85' <Predicate = true> <Delay = 0.00>
ST_1 : Operation 286 [1/1] (0.48ns)   --->   "%store_ln85 = store i12 %add_ln85, i12 %indvar_flatten20" [top.cpp:85]   --->   Operation 286 'store' 'store_ln85' <Predicate = (!icmp_ln85)> <Delay = 0.48>

State 2 <SV = 1> <Delay = 2.86>
ST_2 : Operation 287 [1/1] (0.00ns)   --->   "%c_load = load i6 %c" [top.cpp:86]   --->   Operation 287 'load' 'c_load' <Predicate = (!icmp_ln85)> <Delay = 0.00>
ST_2 : Operation 288 [1/1] (0.00ns)   --->   "%r_load = load i6 %r"   --->   Operation 288 'load' 'r_load' <Predicate = (!icmp_ln85)> <Delay = 0.00>
ST_2 : Operation 289 [1/1] (0.88ns)   --->   "%icmp_ln86 = icmp_eq  i6 %c_load, i6 62" [top.cpp:86]   --->   Operation 289 'icmp' 'icmp_ln86' <Predicate = (!icmp_ln85)> <Delay = 0.88> <CoreInst = "Cmp">   --->   Core 9 'Cmp' <Latency = 0> <II = 1> <Delay = 0.88> <FuncUnit> <Opcode : 'seteq' 'setne' 'setle' 'setge' 'setlt' 'setgt'> <InPorts = 2> <OutPorts = 1>
ST_2 : Operation 290 [1/1] (0.88ns)   --->   "%indvars_iv_next243_mid1 = add i6 %r_load, i6 2"   --->   Operation 290 'add' 'indvars_iv_next243_mid1' <Predicate = (!icmp_ln85)> <Delay = 0.88> <CoreInst = "Adder">   --->   Core 1 'Adder' <Latency = 0> <II = 1> <Delay = 0.88> <FuncUnit> <Opcode : 'add' 'sub'> <InPorts = 2> <OutPorts = 1>
ST_2 : Operation 291 [1/1] (0.88ns)   --->   "%indvars_iv_next243101 = add i6 %r_load, i6 1"   --->   Operation 291 'add' 'indvars_iv_next243101' <Predicate = (!icmp_ln85)> <Delay = 0.88> <CoreInst = "Adder">   --->   Core 1 'Adder' <Latency = 0> <II = 1> <Delay = 0.88> <FuncUnit> <Opcode : 'add' 'sub'> <InPorts = 2> <OutPorts = 1>
ST_2 : Operation 292 [1/1] (0.44ns)   --->   "%select_ln85_1 = select i1 %icmp_ln86, i6 %indvars_iv_next243_mid1, i6 %indvars_iv_next243101" [top.cpp:85]   --->   Operation 292 'select' 'select_ln85_1' <Predicate = (!icmp_ln85)> <Delay = 0.44> <CoreInst = "Sel">   --->   Core 73 'Sel' <Latency = 0> <II = 1> <Delay = 0.44> <FuncUnit> <Opcode : 'select'> <InPorts = 3> <OutPorts = 1>
ST_2 : Operation 293 [1/1] (0.44ns)   --->   "%select_ln85_2 = select i1 %icmp_ln86, i6 %indvars_iv_next243101, i6 %r_load" [top.cpp:85]   --->   Operation 293 'select' 'select_ln85_2' <Predicate = (!icmp_ln85)> <Delay = 0.44> <CoreInst = "Sel">   --->   Core 73 'Sel' <Latency = 0> <II = 1> <Delay = 0.44> <FuncUnit> <Opcode : 'select'> <InPorts = 3> <OutPorts = 1>
ST_2 : Operation 294 [10/10] (1.53ns)   --->   "%urem_ln85 = urem i6 %select_ln85_2, i6 5" [top.cpp:85]   --->   Operation 294 'urem' 'urem_ln85' <Predicate = (!icmp_ln85)> <Delay = 1.53> <CoreInst = "Divider">   --->   Core 6 'Divider' <Latency = 9> <II = 1> <Delay = 1.53> <FuncUnit> <Opcode : 'udiv' 'sdiv' 'urem' 'srem'> <InPorts = 2> <OutPorts = 1>
ST_2 : Operation 295 [1/1] (0.48ns)   --->   "%store_ln85 = store i6 %select_ln85_2, i6 %r" [top.cpp:85]   --->   Operation 295 'store' 'store_ln85' <Predicate = (!icmp_ln85)> <Delay = 0.48>

State 3 <SV = 2> <Delay = 1.97>
ST_3 : Operation 296 [1/1] (0.44ns)   --->   "%select_ln85 = select i1 %icmp_ln86, i6 2, i6 %c_load" [top.cpp:85]   --->   Operation 296 'select' 'select_ln85' <Predicate = true> <Delay = 0.44> <CoreInst = "Sel">   --->   Core 73 'Sel' <Latency = 0> <II = 1> <Delay = 0.44> <FuncUnit> <Opcode : 'select'> <InPorts = 3> <OutPorts = 1>
ST_3 : Operation 297 [9/10] (1.53ns)   --->   "%urem_ln85 = urem i6 %select_ln85_2, i6 5" [top.cpp:85]   --->   Operation 297 'urem' 'urem_ln85' <Predicate = true> <Delay = 1.53> <CoreInst = "Divider">   --->   Core 6 'Divider' <Latency = 9> <II = 1> <Delay = 1.53> <FuncUnit> <Opcode : 'udiv' 'sdiv' 'urem' 'srem'> <InPorts = 2> <OutPorts = 1>
ST_3 : Operation 298 [1/1] (0.00ns)   --->   "%trunc_ln86 = trunc i6 %select_ln85" [top.cpp:86]   --->   Operation 298 'trunc' 'trunc_ln86' <Predicate = true> <Delay = 0.00>
ST_3 : Operation 299 [10/10] (1.53ns)   --->   "%urem_ln86 = urem i6 %select_ln85, i6 3" [top.cpp:86]   --->   Operation 299 'urem' 'urem_ln86' <Predicate = true> <Delay = 1.53> <CoreInst = "Divider">   --->   Core 6 'Divider' <Latency = 9> <II = 1> <Delay = 1.53> <FuncUnit> <Opcode : 'udiv' 'sdiv' 'urem' 'srem'> <InPorts = 2> <OutPorts = 1>
ST_3 : Operation 300 [1/1] (0.00ns)   --->   "%lshr_ln3 = partselect i5 @_ssdm_op_PartSelect.i5.i6.i32.i32, i6 %select_ln85, i32 1, i32 5" [top.cpp:86]   --->   Operation 300 'partselect' 'lshr_ln3' <Predicate = true> <Delay = 0.00>
ST_3 : Operation 301 [1/1] (0.88ns)   --->   "%add_ln91_2 = add i6 %select_ln85, i6 1" [top.cpp:91]   --->   Operation 301 'add' 'add_ln91_2' <Predicate = true> <Delay = 0.88> <CoreInst = "Adder">   --->   Core 1 'Adder' <Latency = 0> <II = 1> <Delay = 0.88> <FuncUnit> <Opcode : 'add' 'sub'> <InPorts = 2> <OutPorts = 1>
ST_3 : Operation 302 [1/1] (0.00ns)   --->   "%lshr_ln91_2 = partselect i5 @_ssdm_op_PartSelect.i5.i6.i32.i32, i6 %add_ln91_2, i32 1, i32 5" [top.cpp:91]   --->   Operation 302 'partselect' 'lshr_ln91_2' <Predicate = true> <Delay = 0.00>
ST_3 : Operation 303 [1/1] (0.48ns)   --->   "%store_ln86 = store i6 %add_ln91_2, i6 %c" [top.cpp:86]   --->   Operation 303 'store' 'store_ln86' <Predicate = true> <Delay = 0.48>
ST_3 : Operation 304 [1/1] (0.00ns)   --->   "%br_ln86 = br void %VITIS_LOOP_89_7" [top.cpp:86]   --->   Operation 304 'br' 'br_ln86' <Predicate = true> <Delay = 0.00>

State 4 <SV = 3> <Delay = 1.53>
ST_4 : Operation 305 [8/10] (1.53ns)   --->   "%urem_ln85 = urem i6 %select_ln85_2, i6 5" [top.cpp:85]   --->   Operation 305 'urem' 'urem_ln85' <Predicate = true> <Delay = 1.53> <CoreInst = "Divider">   --->   Core 6 'Divider' <Latency = 9> <II = 1> <Delay = 1.53> <FuncUnit> <Opcode : 'udiv' 'sdiv' 'urem' 'srem'> <InPorts = 2> <OutPorts = 1>
ST_4 : Operation 306 [9/10] (1.53ns)   --->   "%urem_ln86 = urem i6 %select_ln85, i6 3" [top.cpp:86]   --->   Operation 306 'urem' 'urem_ln86' <Predicate = true> <Delay = 1.53> <CoreInst = "Divider">   --->   Core 6 'Divider' <Latency = 9> <II = 1> <Delay = 1.53> <FuncUnit> <Opcode : 'udiv' 'sdiv' 'urem' 'srem'> <InPorts = 2> <OutPorts = 1>

State 5 <SV = 4> <Delay = 1.53>
ST_5 : Operation 307 [7/10] (1.53ns)   --->   "%urem_ln85 = urem i6 %select_ln85_2, i6 5" [top.cpp:85]   --->   Operation 307 'urem' 'urem_ln85' <Predicate = true> <Delay = 1.53> <CoreInst = "Divider">   --->   Core 6 'Divider' <Latency = 9> <II = 1> <Delay = 1.53> <FuncUnit> <Opcode : 'udiv' 'sdiv' 'urem' 'srem'> <InPorts = 2> <OutPorts = 1>
ST_5 : Operation 308 [8/10] (1.53ns)   --->   "%urem_ln86 = urem i6 %select_ln85, i6 3" [top.cpp:86]   --->   Operation 308 'urem' 'urem_ln86' <Predicate = true> <Delay = 1.53> <CoreInst = "Divider">   --->   Core 6 'Divider' <Latency = 9> <II = 1> <Delay = 1.53> <FuncUnit> <Opcode : 'udiv' 'sdiv' 'urem' 'srem'> <InPorts = 2> <OutPorts = 1>

State 6 <SV = 5> <Delay = 1.53>
ST_6 : Operation 309 [6/10] (1.53ns)   --->   "%urem_ln85 = urem i6 %select_ln85_2, i6 5" [top.cpp:85]   --->   Operation 309 'urem' 'urem_ln85' <Predicate = true> <Delay = 1.53> <CoreInst = "Divider">   --->   Core 6 'Divider' <Latency = 9> <II = 1> <Delay = 1.53> <FuncUnit> <Opcode : 'udiv' 'sdiv' 'urem' 'srem'> <InPorts = 2> <OutPorts = 1>
ST_6 : Operation 310 [7/10] (1.53ns)   --->   "%urem_ln86 = urem i6 %select_ln85, i6 3" [top.cpp:86]   --->   Operation 310 'urem' 'urem_ln86' <Predicate = true> <Delay = 1.53> <CoreInst = "Divider">   --->   Core 6 'Divider' <Latency = 9> <II = 1> <Delay = 1.53> <FuncUnit> <Opcode : 'udiv' 'sdiv' 'urem' 'srem'> <InPorts = 2> <OutPorts = 1>

State 7 <SV = 6> <Delay = 1.53>
ST_7 : Operation 311 [5/10] (1.53ns)   --->   "%urem_ln85 = urem i6 %select_ln85_2, i6 5" [top.cpp:85]   --->   Operation 311 'urem' 'urem_ln85' <Predicate = true> <Delay = 1.53> <CoreInst = "Divider">   --->   Core 6 'Divider' <Latency = 9> <II = 1> <Delay = 1.53> <FuncUnit> <Opcode : 'udiv' 'sdiv' 'urem' 'srem'> <InPorts = 2> <OutPorts = 1>
ST_7 : Operation 312 [6/10] (1.53ns)   --->   "%urem_ln86 = urem i6 %select_ln85, i6 3" [top.cpp:86]   --->   Operation 312 'urem' 'urem_ln86' <Predicate = true> <Delay = 1.53> <CoreInst = "Divider">   --->   Core 6 'Divider' <Latency = 9> <II = 1> <Delay = 1.53> <FuncUnit> <Opcode : 'udiv' 'sdiv' 'urem' 'srem'> <InPorts = 2> <OutPorts = 1>

State 8 <SV = 7> <Delay = 1.53>
ST_8 : Operation 313 [4/10] (1.53ns)   --->   "%urem_ln85 = urem i6 %select_ln85_2, i6 5" [top.cpp:85]   --->   Operation 313 'urem' 'urem_ln85' <Predicate = true> <Delay = 1.53> <CoreInst = "Divider">   --->   Core 6 'Divider' <Latency = 9> <II = 1> <Delay = 1.53> <FuncUnit> <Opcode : 'udiv' 'sdiv' 'urem' 'srem'> <InPorts = 2> <OutPorts = 1>
ST_8 : Operation 314 [5/10] (1.53ns)   --->   "%urem_ln86 = urem i6 %select_ln85, i6 3" [top.cpp:86]   --->   Operation 314 'urem' 'urem_ln86' <Predicate = true> <Delay = 1.53> <CoreInst = "Divider">   --->   Core 6 'Divider' <Latency = 9> <II = 1> <Delay = 1.53> <FuncUnit> <Opcode : 'udiv' 'sdiv' 'urem' 'srem'> <InPorts = 2> <OutPorts = 1>

State 9 <SV = 8> <Delay = 1.53>
ST_9 : Operation 315 [3/10] (1.53ns)   --->   "%urem_ln85 = urem i6 %select_ln85_2, i6 5" [top.cpp:85]   --->   Operation 315 'urem' 'urem_ln85' <Predicate = true> <Delay = 1.53> <CoreInst = "Divider">   --->   Core 6 'Divider' <Latency = 9> <II = 1> <Delay = 1.53> <FuncUnit> <Opcode : 'udiv' 'sdiv' 'urem' 'srem'> <InPorts = 2> <OutPorts = 1>
ST_9 : Operation 316 [1/1] (0.88ns)   --->   "%empty = add i6 %select_ln85_2, i6 62" [top.cpp:85]   --->   Operation 316 'add' 'empty' <Predicate = true> <Delay = 0.88> <CoreInst = "Adder">   --->   Core 1 'Adder' <Latency = 0> <II = 1> <Delay = 0.88> <FuncUnit> <Opcode : 'add' 'sub'> <InPorts = 2> <OutPorts = 1>
ST_9 : Operation 317 [1/1] (0.88ns)   --->   "%empty_38 = add i6 %select_ln85_2, i6 63" [top.cpp:85]   --->   Operation 317 'add' 'empty_38' <Predicate = true> <Delay = 0.88> <CoreInst = "Adder">   --->   Core 1 'Adder' <Latency = 0> <II = 1> <Delay = 0.88> <FuncUnit> <Opcode : 'add' 'sub'> <InPorts = 2> <OutPorts = 1>
ST_9 : Operation 318 [4/10] (1.53ns)   --->   "%urem_ln86 = urem i6 %select_ln85, i6 3" [top.cpp:86]   --->   Operation 318 'urem' 'urem_ln86' <Predicate = true> <Delay = 1.53> <CoreInst = "Divider">   --->   Core 6 'Divider' <Latency = 9> <II = 1> <Delay = 1.53> <FuncUnit> <Opcode : 'udiv' 'sdiv' 'urem' 'srem'> <InPorts = 2> <OutPorts = 1>

State 10 <SV = 9> <Delay = 2.17>
ST_10 : Operation 319 [1/1] (0.00ns)   --->   "%zext_ln85 = zext i6 %select_ln85_2" [top.cpp:85]   --->   Operation 319 'zext' 'zext_ln85' <Predicate = true> <Delay = 0.00>
ST_10 : Operation 320 [1/1] (2.17ns)   --->   "%mul_ln85 = mul i13 %zext_ln85, i13 103" [top.cpp:85]   --->   Operation 320 'mul' 'mul_ln85' <Predicate = true> <Delay = 2.17> <CoreInst = "Multiplier">   --->   Core 3 'Multiplier' <Latency = 0> <II = 1> <Delay = 2.17> <FuncUnit> <Opcode : 'mul'> <InPorts = 2> <OutPorts = 1>
ST_10 : Operation 321 [1/1] (0.00ns)   --->   "%tmp_120_cast = partselect i4 @_ssdm_op_PartSelect.i4.i13.i32.i32, i13 %mul_ln85, i32 9, i32 12" [top.cpp:85]   --->   Operation 321 'partselect' 'tmp_120_cast' <Predicate = true> <Delay = 0.00>
ST_10 : Operation 322 [2/10] (1.53ns)   --->   "%urem_ln85 = urem i6 %select_ln85_2, i6 5" [top.cpp:85]   --->   Operation 322 'urem' 'urem_ln85' <Predicate = true> <Delay = 1.53> <CoreInst = "Divider">   --->   Core 6 'Divider' <Latency = 9> <II = 1> <Delay = 1.53> <FuncUnit> <Opcode : 'udiv' 'sdiv' 'urem' 'srem'> <InPorts = 2> <OutPorts = 1>
ST_10 : Operation 323 [1/1] (0.00ns)   --->   "%p_cast = zext i6 %empty" [top.cpp:85]   --->   Operation 323 'zext' 'p_cast' <Predicate = true> <Delay = 0.00>
ST_10 : Operation 324 [1/1] (2.17ns)   --->   "%mul54 = mul i13 %p_cast, i13 103" [top.cpp:85]   --->   Operation 324 'mul' 'mul54' <Predicate = true> <Delay = 2.17> <CoreInst = "Multiplier">   --->   Core 3 'Multiplier' <Latency = 0> <II = 1> <Delay = 2.17> <FuncUnit> <Opcode : 'mul'> <InPorts = 2> <OutPorts = 1>
ST_10 : Operation 325 [1/1] (0.00ns)   --->   "%tmp_122_cast = partselect i4 @_ssdm_op_PartSelect.i4.i13.i32.i32, i13 %mul54, i32 9, i32 12" [top.cpp:85]   --->   Operation 325 'partselect' 'tmp_122_cast' <Predicate = true> <Delay = 0.00>
ST_10 : Operation 326 [1/1] (0.00ns)   --->   "%p_cast2 = zext i6 %empty_38" [top.cpp:85]   --->   Operation 326 'zext' 'p_cast2' <Predicate = true> <Delay = 0.00>
ST_10 : Operation 327 [1/1] (2.17ns)   --->   "%mul51 = mul i13 %p_cast2, i13 103" [top.cpp:85]   --->   Operation 327 'mul' 'mul51' <Predicate = true> <Delay = 2.17> <CoreInst = "Multiplier">   --->   Core 3 'Multiplier' <Latency = 0> <II = 1> <Delay = 2.17> <FuncUnit> <Opcode : 'mul'> <InPorts = 2> <OutPorts = 1>
ST_10 : Operation 328 [1/1] (0.00ns)   --->   "%tmp_123_cast = partselect i4 @_ssdm_op_PartSelect.i4.i13.i32.i32, i13 %mul51, i32 9, i32 12" [top.cpp:85]   --->   Operation 328 'partselect' 'tmp_123_cast' <Predicate = true> <Delay = 0.00>
ST_10 : Operation 329 [1/1] (0.88ns)   --->   "%empty_39 = add i6 %select_ln85_2, i6 2" [top.cpp:85]   --->   Operation 329 'add' 'empty_39' <Predicate = true> <Delay = 0.88> <CoreInst = "Adder">   --->   Core 1 'Adder' <Latency = 0> <II = 1> <Delay = 0.88> <FuncUnit> <Opcode : 'add' 'sub'> <InPorts = 2> <OutPorts = 1>
ST_10 : Operation 330 [3/10] (1.53ns)   --->   "%urem_ln86 = urem i6 %select_ln85, i6 3" [top.cpp:86]   --->   Operation 330 'urem' 'urem_ln86' <Predicate = true> <Delay = 1.53> <CoreInst = "Divider">   --->   Core 6 'Divider' <Latency = 9> <II = 1> <Delay = 1.53> <FuncUnit> <Opcode : 'udiv' 'sdiv' 'urem' 'srem'> <InPorts = 2> <OutPorts = 1>

State 11 <SV = 10> <Delay = 2.17>
ST_11 : Operation 331 [1/10] (1.53ns)   --->   "%urem_ln85 = urem i6 %select_ln85_2, i6 5" [top.cpp:85]   --->   Operation 331 'urem' 'urem_ln85' <Predicate = true> <Delay = 1.53> <CoreInst = "Divider">   --->   Core 6 'Divider' <Latency = 9> <II = 1> <Delay = 1.53> <FuncUnit> <Opcode : 'udiv' 'sdiv' 'urem' 'srem'> <InPorts = 2> <OutPorts = 1>
ST_11 : Operation 332 [1/1] (0.00ns)   --->   "%trunc_ln85 = trunc i3 %urem_ln85" [top.cpp:85]   --->   Operation 332 'trunc' 'trunc_ln85' <Predicate = true> <Delay = 0.00>
ST_11 : Operation 333 [1/1] (0.00ns)   --->   "%select_ln85_1_cast = zext i6 %select_ln85_1" [top.cpp:85]   --->   Operation 333 'zext' 'select_ln85_1_cast' <Predicate = true> <Delay = 0.00>
ST_11 : Operation 334 [1/1] (2.17ns)   --->   "%mul57 = mul i13 %select_ln85_1_cast, i13 103" [top.cpp:85]   --->   Operation 334 'mul' 'mul57' <Predicate = true> <Delay = 2.17> <CoreInst = "Multiplier">   --->   Core 3 'Multiplier' <Latency = 0> <II = 1> <Delay = 2.17> <FuncUnit> <Opcode : 'mul'> <InPorts = 2> <OutPorts = 1>
ST_11 : Operation 335 [1/1] (0.00ns)   --->   "%tmp_121_cast = partselect i4 @_ssdm_op_PartSelect.i4.i13.i32.i32, i13 %mul57, i32 9, i32 12" [top.cpp:85]   --->   Operation 335 'partselect' 'tmp_121_cast' <Predicate = true> <Delay = 0.00>
ST_11 : Operation 336 [1/1] (0.00ns)   --->   "%zext_ln86 = zext i6 %empty_39" [top.cpp:86]   --->   Operation 336 'zext' 'zext_ln86' <Predicate = true> <Delay = 0.00>
ST_11 : Operation 337 [1/1] (2.17ns)   --->   "%mul_ln86 = mul i13 %zext_ln86, i13 103" [top.cpp:86]   --->   Operation 337 'mul' 'mul_ln86' <Predicate = true> <Delay = 2.17> <CoreInst = "Multiplier">   --->   Core 3 'Multiplier' <Latency = 0> <II = 1> <Delay = 2.17> <FuncUnit> <Opcode : 'mul'> <InPorts = 2> <OutPorts = 1>
ST_11 : Operation 338 [1/1] (0.00ns)   --->   "%tmp_124_cast = partselect i4 @_ssdm_op_PartSelect.i4.i13.i32.i32, i13 %mul_ln86, i32 9, i32 12" [top.cpp:86]   --->   Operation 338 'partselect' 'tmp_124_cast' <Predicate = true> <Delay = 0.00>
ST_11 : Operation 339 [2/10] (1.53ns)   --->   "%urem_ln86 = urem i6 %select_ln85, i6 3" [top.cpp:86]   --->   Operation 339 'urem' 'urem_ln86' <Predicate = true> <Delay = 1.53> <CoreInst = "Divider">   --->   Core 6 'Divider' <Latency = 9> <II = 1> <Delay = 1.53> <FuncUnit> <Opcode : 'udiv' 'sdiv' 'urem' 'srem'> <InPorts = 2> <OutPorts = 1>

State 12 <SV = 11> <Delay = 2.23>
ST_12 : Operation 340 [1/10] (1.53ns)   --->   "%urem_ln86 = urem i6 %select_ln85, i6 3" [top.cpp:86]   --->   Operation 340 'urem' 'urem_ln86' <Predicate = true> <Delay = 1.53> <CoreInst = "Divider">   --->   Core 6 'Divider' <Latency = 9> <II = 1> <Delay = 1.53> <FuncUnit> <Opcode : 'udiv' 'sdiv' 'urem' 'srem'> <InPorts = 2> <OutPorts = 1>
ST_12 : Operation 341 [1/1] (0.00ns)   --->   "%trunc_ln86_1 = trunc i2 %urem_ln86" [top.cpp:86]   --->   Operation 341 'trunc' 'trunc_ln86_1' <Predicate = true> <Delay = 0.00>
ST_12 : Operation 342 [1/1] (0.00ns)   --->   "%tmp_s = bitconcatenate i9 @_ssdm_op_BitConcatenate.i9.i4.i5, i4 %tmp_122_cast, i5 %lshr_ln3" [top.cpp:91]   --->   Operation 342 'bitconcatenate' 'tmp_s' <Predicate = true> <Delay = 0.00>
ST_12 : Operation 343 [1/1] (0.00ns)   --->   "%zext_ln91 = zext i9 %tmp_s" [top.cpp:91]   --->   Operation 343 'zext' 'zext_ln91' <Predicate = true> <Delay = 0.00>
ST_12 : Operation 344 [1/1] (0.00ns)   --->   "%p_ZZ10top_kernelPKfS0_S0_PfE9equalized_0_0_addr = getelementptr i32 %p_ZZ10top_kernelPKfS0_S0_PfE9equalized_0_0, i64 0, i64 %zext_ln91" [top.cpp:91]   --->   Operation 344 'getelementptr' 'p_ZZ10top_kernelPKfS0_S0_PfE9equalized_0_0_addr' <Predicate = (!trunc_ln86 & trunc_ln85 == 2)> <Delay = 0.00>
ST_12 : Operation 345 [1/1] (0.00ns)   --->   "%tmp_61 = bitconcatenate i9 @_ssdm_op_BitConcatenate.i9.i4.i5, i4 %tmp_123_cast, i5 %lshr_ln3" [top.cpp:91]   --->   Operation 345 'bitconcatenate' 'tmp_61' <Predicate = true> <Delay = 0.00>
ST_12 : Operation 346 [1/1] (0.00ns)   --->   "%zext_ln91_1 = zext i9 %tmp_61" [top.cpp:91]   --->   Operation 346 'zext' 'zext_ln91_1' <Predicate = true> <Delay = 0.00>
ST_12 : Operation 347 [1/1] (0.00ns)   --->   "%p_ZZ10top_kernelPKfS0_S0_PfE9equalized_0_0_addr_3 = getelementptr i32 %p_ZZ10top_kernelPKfS0_S0_PfE9equalized_0_0, i64 0, i64 %zext_ln91_1" [top.cpp:91]   --->   Operation 347 'getelementptr' 'p_ZZ10top_kernelPKfS0_S0_PfE9equalized_0_0_addr_3' <Predicate = (!trunc_ln86 & trunc_ln85 == 1)> <Delay = 0.00>
ST_12 : Operation 348 [1/1] (0.00ns)   --->   "%tmp_62 = bitconcatenate i9 @_ssdm_op_BitConcatenate.i9.i4.i5, i4 %tmp_120_cast, i5 %lshr_ln3" [top.cpp:91]   --->   Operation 348 'bitconcatenate' 'tmp_62' <Predicate = true> <Delay = 0.00>
ST_12 : Operation 349 [1/1] (0.00ns)   --->   "%zext_ln91_2 = zext i9 %tmp_62" [top.cpp:91]   --->   Operation 349 'zext' 'zext_ln91_2' <Predicate = true> <Delay = 0.00>
ST_12 : Operation 350 [1/1] (0.00ns)   --->   "%p_ZZ10top_kernelPKfS0_S0_PfE9equalized_0_0_addr_8 = getelementptr i32 %p_ZZ10top_kernelPKfS0_S0_PfE9equalized_0_0, i64 0, i64 %zext_ln91_2" [top.cpp:91]   --->   Operation 350 'getelementptr' 'p_ZZ10top_kernelPKfS0_S0_PfE9equalized_0_0_addr_8' <Predicate = (!trunc_ln86 & trunc_ln85 == 0)> <Delay = 0.00>
ST_12 : Operation 351 [1/1] (0.00ns)   --->   "%tmp_63 = bitconcatenate i9 @_ssdm_op_BitConcatenate.i9.i4.i5, i4 %tmp_121_cast, i5 %lshr_ln3" [top.cpp:91]   --->   Operation 351 'bitconcatenate' 'tmp_63' <Predicate = true> <Delay = 0.00>
ST_12 : Operation 352 [1/1] (0.00ns)   --->   "%zext_ln91_3 = zext i9 %tmp_63" [top.cpp:91]   --->   Operation 352 'zext' 'zext_ln91_3' <Predicate = true> <Delay = 0.00>
ST_12 : Operation 353 [1/1] (0.00ns)   --->   "%p_ZZ10top_kernelPKfS0_S0_PfE9equalized_0_0_addr_13 = getelementptr i32 %p_ZZ10top_kernelPKfS0_S0_PfE9equalized_0_0, i64 0, i64 %zext_ln91_3" [top.cpp:91]   --->   Operation 353 'getelementptr' 'p_ZZ10top_kernelPKfS0_S0_PfE9equalized_0_0_addr_13' <Predicate = (!trunc_ln86 & trunc_ln85 == 4)> <Delay = 0.00>
ST_12 : Operation 354 [1/1] (0.00ns)   --->   "%tmp_64 = bitconcatenate i9 @_ssdm_op_BitConcatenate.i9.i4.i5, i4 %tmp_124_cast, i5 %lshr_ln3" [top.cpp:91]   --->   Operation 354 'bitconcatenate' 'tmp_64' <Predicate = true> <Delay = 0.00>
ST_12 : Operation 355 [1/1] (0.00ns)   --->   "%zext_ln91_4 = zext i9 %tmp_64" [top.cpp:91]   --->   Operation 355 'zext' 'zext_ln91_4' <Predicate = true> <Delay = 0.00>
ST_12 : Operation 356 [1/1] (0.00ns)   --->   "%p_ZZ10top_kernelPKfS0_S0_PfE9equalized_0_0_addr_18 = getelementptr i32 %p_ZZ10top_kernelPKfS0_S0_PfE9equalized_0_0, i64 0, i64 %zext_ln91_4" [top.cpp:91]   --->   Operation 356 'getelementptr' 'p_ZZ10top_kernelPKfS0_S0_PfE9equalized_0_0_addr_18' <Predicate = (!trunc_ln86 & trunc_ln85 == 3)> <Delay = 0.00>
ST_12 : Operation 357 [1/1] (0.00ns)   --->   "%p_ZZ10top_kernelPKfS0_S0_PfE9equalized_0_1_addr = getelementptr i32 %p_ZZ10top_kernelPKfS0_S0_PfE9equalized_0_1, i64 0, i64 %zext_ln91" [top.cpp:91]   --->   Operation 357 'getelementptr' 'p_ZZ10top_kernelPKfS0_S0_PfE9equalized_0_1_addr' <Predicate = (!trunc_ln86 & trunc_ln85 == 3)> <Delay = 0.00>
ST_12 : Operation 358 [1/1] (0.00ns)   --->   "%p_ZZ10top_kernelPKfS0_S0_PfE9equalized_0_1_addr_3 = getelementptr i32 %p_ZZ10top_kernelPKfS0_S0_PfE9equalized_0_1, i64 0, i64 %zext_ln91_1" [top.cpp:91]   --->   Operation 358 'getelementptr' 'p_ZZ10top_kernelPKfS0_S0_PfE9equalized_0_1_addr_3' <Predicate = (!trunc_ln86 & trunc_ln85 == 2)> <Delay = 0.00>
ST_12 : Operation 359 [1/1] (0.00ns)   --->   "%p_ZZ10top_kernelPKfS0_S0_PfE9equalized_0_1_addr_8 = getelementptr i32 %p_ZZ10top_kernelPKfS0_S0_PfE9equalized_0_1, i64 0, i64 %zext_ln91_2" [top.cpp:91]   --->   Operation 359 'getelementptr' 'p_ZZ10top_kernelPKfS0_S0_PfE9equalized_0_1_addr_8' <Predicate = (!trunc_ln86 & trunc_ln85 == 1)> <Delay = 0.00>
ST_12 : Operation 360 [1/1] (0.00ns)   --->   "%p_ZZ10top_kernelPKfS0_S0_PfE9equalized_0_1_addr_13 = getelementptr i32 %p_ZZ10top_kernelPKfS0_S0_PfE9equalized_0_1, i64 0, i64 %zext_ln91_3" [top.cpp:91]   --->   Operation 360 'getelementptr' 'p_ZZ10top_kernelPKfS0_S0_PfE9equalized_0_1_addr_13' <Predicate = (!trunc_ln86 & trunc_ln85 == 0)> <Delay = 0.00>
ST_12 : Operation 361 [1/1] (0.00ns)   --->   "%p_ZZ10top_kernelPKfS0_S0_PfE9equalized_0_1_addr_18 = getelementptr i32 %p_ZZ10top_kernelPKfS0_S0_PfE9equalized_0_1, i64 0, i64 %zext_ln91_4" [top.cpp:91]   --->   Operation 361 'getelementptr' 'p_ZZ10top_kernelPKfS0_S0_PfE9equalized_0_1_addr_18' <Predicate = (!trunc_ln86 & trunc_ln85 == 4)> <Delay = 0.00>
ST_12 : Operation 362 [1/1] (0.00ns)   --->   "%p_ZZ10top_kernelPKfS0_S0_PfE9equalized_0_2_addr = getelementptr i32 %p_ZZ10top_kernelPKfS0_S0_PfE9equalized_0_2, i64 0, i64 %zext_ln91" [top.cpp:91]   --->   Operation 362 'getelementptr' 'p_ZZ10top_kernelPKfS0_S0_PfE9equalized_0_2_addr' <Predicate = (!trunc_ln86 & trunc_ln85 == 4)> <Delay = 0.00>
ST_12 : Operation 363 [1/1] (0.00ns)   --->   "%p_ZZ10top_kernelPKfS0_S0_PfE9equalized_0_2_addr_3 = getelementptr i32 %p_ZZ10top_kernelPKfS0_S0_PfE9equalized_0_2, i64 0, i64 %zext_ln91_1" [top.cpp:91]   --->   Operation 363 'getelementptr' 'p_ZZ10top_kernelPKfS0_S0_PfE9equalized_0_2_addr_3' <Predicate = (!trunc_ln86 & trunc_ln85 == 3)> <Delay = 0.00>
ST_12 : Operation 364 [1/1] (0.00ns)   --->   "%p_ZZ10top_kernelPKfS0_S0_PfE9equalized_0_2_addr_8 = getelementptr i32 %p_ZZ10top_kernelPKfS0_S0_PfE9equalized_0_2, i64 0, i64 %zext_ln91_2" [top.cpp:91]   --->   Operation 364 'getelementptr' 'p_ZZ10top_kernelPKfS0_S0_PfE9equalized_0_2_addr_8' <Predicate = (!trunc_ln86 & trunc_ln85 == 2)> <Delay = 0.00>
ST_12 : Operation 365 [1/1] (0.00ns)   --->   "%p_ZZ10top_kernelPKfS0_S0_PfE9equalized_0_2_addr_13 = getelementptr i32 %p_ZZ10top_kernelPKfS0_S0_PfE9equalized_0_2, i64 0, i64 %zext_ln91_3" [top.cpp:91]   --->   Operation 365 'getelementptr' 'p_ZZ10top_kernelPKfS0_S0_PfE9equalized_0_2_addr_13' <Predicate = (!trunc_ln86 & trunc_ln85 == 1)> <Delay = 0.00>
ST_12 : Operation 366 [1/1] (0.00ns)   --->   "%p_ZZ10top_kernelPKfS0_S0_PfE9equalized_0_2_addr_18 = getelementptr i32 %p_ZZ10top_kernelPKfS0_S0_PfE9equalized_0_2, i64 0, i64 %zext_ln91_4" [top.cpp:91]   --->   Operation 366 'getelementptr' 'p_ZZ10top_kernelPKfS0_S0_PfE9equalized_0_2_addr_18' <Predicate = (!trunc_ln86 & trunc_ln85 == 0)> <Delay = 0.00>
ST_12 : Operation 367 [1/1] (0.00ns)   --->   "%p_ZZ10top_kernelPKfS0_S0_PfE9equalized_0_3_addr = getelementptr i32 %p_ZZ10top_kernelPKfS0_S0_PfE9equalized_0_3, i64 0, i64 %zext_ln91" [top.cpp:91]   --->   Operation 367 'getelementptr' 'p_ZZ10top_kernelPKfS0_S0_PfE9equalized_0_3_addr' <Predicate = (!trunc_ln86 & trunc_ln85 == 0)> <Delay = 0.00>
ST_12 : Operation 368 [1/1] (0.00ns)   --->   "%p_ZZ10top_kernelPKfS0_S0_PfE9equalized_0_3_addr_3 = getelementptr i32 %p_ZZ10top_kernelPKfS0_S0_PfE9equalized_0_3, i64 0, i64 %zext_ln91_1" [top.cpp:91]   --->   Operation 368 'getelementptr' 'p_ZZ10top_kernelPKfS0_S0_PfE9equalized_0_3_addr_3' <Predicate = (!trunc_ln86 & trunc_ln85 == 4)> <Delay = 0.00>
ST_12 : Operation 369 [1/1] (0.00ns)   --->   "%p_ZZ10top_kernelPKfS0_S0_PfE9equalized_0_3_addr_8 = getelementptr i32 %p_ZZ10top_kernelPKfS0_S0_PfE9equalized_0_3, i64 0, i64 %zext_ln91_2" [top.cpp:91]   --->   Operation 369 'getelementptr' 'p_ZZ10top_kernelPKfS0_S0_PfE9equalized_0_3_addr_8' <Predicate = (!trunc_ln86 & trunc_ln85 == 3)> <Delay = 0.00>
ST_12 : Operation 370 [1/1] (0.00ns)   --->   "%p_ZZ10top_kernelPKfS0_S0_PfE9equalized_0_3_addr_13 = getelementptr i32 %p_ZZ10top_kernelPKfS0_S0_PfE9equalized_0_3, i64 0, i64 %zext_ln91_3" [top.cpp:91]   --->   Operation 370 'getelementptr' 'p_ZZ10top_kernelPKfS0_S0_PfE9equalized_0_3_addr_13' <Predicate = (!trunc_ln86 & trunc_ln85 == 2)> <Delay = 0.00>
ST_12 : Operation 371 [1/1] (0.00ns)   --->   "%p_ZZ10top_kernelPKfS0_S0_PfE9equalized_0_3_addr_18 = getelementptr i32 %p_ZZ10top_kernelPKfS0_S0_PfE9equalized_0_3, i64 0, i64 %zext_ln91_4" [top.cpp:91]   --->   Operation 371 'getelementptr' 'p_ZZ10top_kernelPKfS0_S0_PfE9equalized_0_3_addr_18' <Predicate = (!trunc_ln86 & trunc_ln85 == 1)> <Delay = 0.00>
ST_12 : Operation 372 [1/1] (0.00ns)   --->   "%p_ZZ10top_kernelPKfS0_S0_PfE9equalized_0_4_addr = getelementptr i32 %p_ZZ10top_kernelPKfS0_S0_PfE9equalized_0_4, i64 0, i64 %zext_ln91" [top.cpp:91]   --->   Operation 372 'getelementptr' 'p_ZZ10top_kernelPKfS0_S0_PfE9equalized_0_4_addr' <Predicate = (!trunc_ln86 & trunc_ln85 == 1)> <Delay = 0.00>
ST_12 : Operation 373 [1/1] (0.00ns)   --->   "%p_ZZ10top_kernelPKfS0_S0_PfE9equalized_0_4_addr_3 = getelementptr i32 %p_ZZ10top_kernelPKfS0_S0_PfE9equalized_0_4, i64 0, i64 %zext_ln91_1" [top.cpp:91]   --->   Operation 373 'getelementptr' 'p_ZZ10top_kernelPKfS0_S0_PfE9equalized_0_4_addr_3' <Predicate = (!trunc_ln86 & trunc_ln85 == 0)> <Delay = 0.00>
ST_12 : Operation 374 [1/1] (0.00ns)   --->   "%p_ZZ10top_kernelPKfS0_S0_PfE9equalized_0_4_addr_8 = getelementptr i32 %p_ZZ10top_kernelPKfS0_S0_PfE9equalized_0_4, i64 0, i64 %zext_ln91_2" [top.cpp:91]   --->   Operation 374 'getelementptr' 'p_ZZ10top_kernelPKfS0_S0_PfE9equalized_0_4_addr_8' <Predicate = (!trunc_ln86 & trunc_ln85 == 4)> <Delay = 0.00>
ST_12 : Operation 375 [1/1] (0.00ns)   --->   "%p_ZZ10top_kernelPKfS0_S0_PfE9equalized_0_4_addr_13 = getelementptr i32 %p_ZZ10top_kernelPKfS0_S0_PfE9equalized_0_4, i64 0, i64 %zext_ln91_3" [top.cpp:91]   --->   Operation 375 'getelementptr' 'p_ZZ10top_kernelPKfS0_S0_PfE9equalized_0_4_addr_13' <Predicate = (!trunc_ln86 & trunc_ln85 == 3)> <Delay = 0.00>
ST_12 : Operation 376 [1/1] (0.00ns)   --->   "%p_ZZ10top_kernelPKfS0_S0_PfE9equalized_0_4_addr_18 = getelementptr i32 %p_ZZ10top_kernelPKfS0_S0_PfE9equalized_0_4, i64 0, i64 %zext_ln91_4" [top.cpp:91]   --->   Operation 376 'getelementptr' 'p_ZZ10top_kernelPKfS0_S0_PfE9equalized_0_4_addr_18' <Predicate = (!trunc_ln86 & trunc_ln85 == 2)> <Delay = 0.00>
ST_12 : Operation 377 [1/1] (0.00ns)   --->   "%p_ZZ10top_kernelPKfS0_S0_PfE9equalized_1_0_addr = getelementptr i32 %p_ZZ10top_kernelPKfS0_S0_PfE9equalized_1_0, i64 0, i64 %zext_ln91" [top.cpp:91]   --->   Operation 377 'getelementptr' 'p_ZZ10top_kernelPKfS0_S0_PfE9equalized_1_0_addr' <Predicate = (trunc_ln86 & trunc_ln85 == 2)> <Delay = 0.00>
ST_12 : Operation 378 [1/1] (0.00ns)   --->   "%p_ZZ10top_kernelPKfS0_S0_PfE9equalized_1_0_addr_3 = getelementptr i32 %p_ZZ10top_kernelPKfS0_S0_PfE9equalized_1_0, i64 0, i64 %zext_ln91_1" [top.cpp:91]   --->   Operation 378 'getelementptr' 'p_ZZ10top_kernelPKfS0_S0_PfE9equalized_1_0_addr_3' <Predicate = (trunc_ln86 & trunc_ln85 == 1)> <Delay = 0.00>
ST_12 : Operation 379 [1/1] (0.00ns)   --->   "%p_ZZ10top_kernelPKfS0_S0_PfE9equalized_1_0_addr_8 = getelementptr i32 %p_ZZ10top_kernelPKfS0_S0_PfE9equalized_1_0, i64 0, i64 %zext_ln91_2" [top.cpp:91]   --->   Operation 379 'getelementptr' 'p_ZZ10top_kernelPKfS0_S0_PfE9equalized_1_0_addr_8' <Predicate = (trunc_ln86 & trunc_ln85 == 0)> <Delay = 0.00>
ST_12 : Operation 380 [1/1] (0.00ns)   --->   "%p_ZZ10top_kernelPKfS0_S0_PfE9equalized_1_0_addr_13 = getelementptr i32 %p_ZZ10top_kernelPKfS0_S0_PfE9equalized_1_0, i64 0, i64 %zext_ln91_3" [top.cpp:91]   --->   Operation 380 'getelementptr' 'p_ZZ10top_kernelPKfS0_S0_PfE9equalized_1_0_addr_13' <Predicate = (trunc_ln86 & trunc_ln85 == 4)> <Delay = 0.00>
ST_12 : Operation 381 [1/1] (0.00ns)   --->   "%p_ZZ10top_kernelPKfS0_S0_PfE9equalized_1_0_addr_18 = getelementptr i32 %p_ZZ10top_kernelPKfS0_S0_PfE9equalized_1_0, i64 0, i64 %zext_ln91_4" [top.cpp:91]   --->   Operation 381 'getelementptr' 'p_ZZ10top_kernelPKfS0_S0_PfE9equalized_1_0_addr_18' <Predicate = (trunc_ln86 & trunc_ln85 == 3)> <Delay = 0.00>
ST_12 : Operation 382 [1/1] (0.00ns)   --->   "%p_ZZ10top_kernelPKfS0_S0_PfE9equalized_1_1_addr = getelementptr i32 %p_ZZ10top_kernelPKfS0_S0_PfE9equalized_1_1, i64 0, i64 %zext_ln91" [top.cpp:91]   --->   Operation 382 'getelementptr' 'p_ZZ10top_kernelPKfS0_S0_PfE9equalized_1_1_addr' <Predicate = (trunc_ln86 & trunc_ln85 == 3)> <Delay = 0.00>
ST_12 : Operation 383 [1/1] (0.00ns)   --->   "%p_ZZ10top_kernelPKfS0_S0_PfE9equalized_1_1_addr_3 = getelementptr i32 %p_ZZ10top_kernelPKfS0_S0_PfE9equalized_1_1, i64 0, i64 %zext_ln91_1" [top.cpp:91]   --->   Operation 383 'getelementptr' 'p_ZZ10top_kernelPKfS0_S0_PfE9equalized_1_1_addr_3' <Predicate = (trunc_ln86 & trunc_ln85 == 2)> <Delay = 0.00>
ST_12 : Operation 384 [1/1] (0.00ns)   --->   "%p_ZZ10top_kernelPKfS0_S0_PfE9equalized_1_1_addr_8 = getelementptr i32 %p_ZZ10top_kernelPKfS0_S0_PfE9equalized_1_1, i64 0, i64 %zext_ln91_2" [top.cpp:91]   --->   Operation 384 'getelementptr' 'p_ZZ10top_kernelPKfS0_S0_PfE9equalized_1_1_addr_8' <Predicate = (trunc_ln86 & trunc_ln85 == 1)> <Delay = 0.00>
ST_12 : Operation 385 [1/1] (0.00ns)   --->   "%p_ZZ10top_kernelPKfS0_S0_PfE9equalized_1_1_addr_13 = getelementptr i32 %p_ZZ10top_kernelPKfS0_S0_PfE9equalized_1_1, i64 0, i64 %zext_ln91_3" [top.cpp:91]   --->   Operation 385 'getelementptr' 'p_ZZ10top_kernelPKfS0_S0_PfE9equalized_1_1_addr_13' <Predicate = (trunc_ln86 & trunc_ln85 == 0)> <Delay = 0.00>
ST_12 : Operation 386 [1/1] (0.00ns)   --->   "%p_ZZ10top_kernelPKfS0_S0_PfE9equalized_1_1_addr_18 = getelementptr i32 %p_ZZ10top_kernelPKfS0_S0_PfE9equalized_1_1, i64 0, i64 %zext_ln91_4" [top.cpp:91]   --->   Operation 386 'getelementptr' 'p_ZZ10top_kernelPKfS0_S0_PfE9equalized_1_1_addr_18' <Predicate = (trunc_ln86 & trunc_ln85 == 4)> <Delay = 0.00>
ST_12 : Operation 387 [1/1] (0.00ns)   --->   "%p_ZZ10top_kernelPKfS0_S0_PfE9equalized_1_2_addr = getelementptr i32 %p_ZZ10top_kernelPKfS0_S0_PfE9equalized_1_2, i64 0, i64 %zext_ln91" [top.cpp:91]   --->   Operation 387 'getelementptr' 'p_ZZ10top_kernelPKfS0_S0_PfE9equalized_1_2_addr' <Predicate = (trunc_ln86 & trunc_ln85 == 4)> <Delay = 0.00>
ST_12 : Operation 388 [1/1] (0.00ns)   --->   "%p_ZZ10top_kernelPKfS0_S0_PfE9equalized_1_2_addr_3 = getelementptr i32 %p_ZZ10top_kernelPKfS0_S0_PfE9equalized_1_2, i64 0, i64 %zext_ln91_1" [top.cpp:91]   --->   Operation 388 'getelementptr' 'p_ZZ10top_kernelPKfS0_S0_PfE9equalized_1_2_addr_3' <Predicate = (trunc_ln86 & trunc_ln85 == 3)> <Delay = 0.00>
ST_12 : Operation 389 [1/1] (0.00ns)   --->   "%p_ZZ10top_kernelPKfS0_S0_PfE9equalized_1_2_addr_8 = getelementptr i32 %p_ZZ10top_kernelPKfS0_S0_PfE9equalized_1_2, i64 0, i64 %zext_ln91_2" [top.cpp:91]   --->   Operation 389 'getelementptr' 'p_ZZ10top_kernelPKfS0_S0_PfE9equalized_1_2_addr_8' <Predicate = (trunc_ln86 & trunc_ln85 == 2)> <Delay = 0.00>
ST_12 : Operation 390 [1/1] (0.00ns)   --->   "%p_ZZ10top_kernelPKfS0_S0_PfE9equalized_1_2_addr_13 = getelementptr i32 %p_ZZ10top_kernelPKfS0_S0_PfE9equalized_1_2, i64 0, i64 %zext_ln91_3" [top.cpp:91]   --->   Operation 390 'getelementptr' 'p_ZZ10top_kernelPKfS0_S0_PfE9equalized_1_2_addr_13' <Predicate = (trunc_ln86 & trunc_ln85 == 1)> <Delay = 0.00>
ST_12 : Operation 391 [1/1] (0.00ns)   --->   "%p_ZZ10top_kernelPKfS0_S0_PfE9equalized_1_2_addr_18 = getelementptr i32 %p_ZZ10top_kernelPKfS0_S0_PfE9equalized_1_2, i64 0, i64 %zext_ln91_4" [top.cpp:91]   --->   Operation 391 'getelementptr' 'p_ZZ10top_kernelPKfS0_S0_PfE9equalized_1_2_addr_18' <Predicate = (trunc_ln86 & trunc_ln85 == 0)> <Delay = 0.00>
ST_12 : Operation 392 [1/1] (0.00ns)   --->   "%p_ZZ10top_kernelPKfS0_S0_PfE9equalized_1_3_addr = getelementptr i32 %p_ZZ10top_kernelPKfS0_S0_PfE9equalized_1_3, i64 0, i64 %zext_ln91" [top.cpp:91]   --->   Operation 392 'getelementptr' 'p_ZZ10top_kernelPKfS0_S0_PfE9equalized_1_3_addr' <Predicate = (trunc_ln86 & trunc_ln85 == 0)> <Delay = 0.00>
ST_12 : Operation 393 [1/1] (0.00ns)   --->   "%p_ZZ10top_kernelPKfS0_S0_PfE9equalized_1_3_addr_3 = getelementptr i32 %p_ZZ10top_kernelPKfS0_S0_PfE9equalized_1_3, i64 0, i64 %zext_ln91_1" [top.cpp:91]   --->   Operation 393 'getelementptr' 'p_ZZ10top_kernelPKfS0_S0_PfE9equalized_1_3_addr_3' <Predicate = (trunc_ln86 & trunc_ln85 == 4)> <Delay = 0.00>
ST_12 : Operation 394 [1/1] (0.00ns)   --->   "%p_ZZ10top_kernelPKfS0_S0_PfE9equalized_1_3_addr_8 = getelementptr i32 %p_ZZ10top_kernelPKfS0_S0_PfE9equalized_1_3, i64 0, i64 %zext_ln91_2" [top.cpp:91]   --->   Operation 394 'getelementptr' 'p_ZZ10top_kernelPKfS0_S0_PfE9equalized_1_3_addr_8' <Predicate = (trunc_ln86 & trunc_ln85 == 3)> <Delay = 0.00>
ST_12 : Operation 395 [1/1] (0.00ns)   --->   "%p_ZZ10top_kernelPKfS0_S0_PfE9equalized_1_3_addr_13 = getelementptr i32 %p_ZZ10top_kernelPKfS0_S0_PfE9equalized_1_3, i64 0, i64 %zext_ln91_3" [top.cpp:91]   --->   Operation 395 'getelementptr' 'p_ZZ10top_kernelPKfS0_S0_PfE9equalized_1_3_addr_13' <Predicate = (trunc_ln86 & trunc_ln85 == 2)> <Delay = 0.00>
ST_12 : Operation 396 [1/1] (0.00ns)   --->   "%p_ZZ10top_kernelPKfS0_S0_PfE9equalized_1_3_addr_18 = getelementptr i32 %p_ZZ10top_kernelPKfS0_S0_PfE9equalized_1_3, i64 0, i64 %zext_ln91_4" [top.cpp:91]   --->   Operation 396 'getelementptr' 'p_ZZ10top_kernelPKfS0_S0_PfE9equalized_1_3_addr_18' <Predicate = (trunc_ln86 & trunc_ln85 == 1)> <Delay = 0.00>
ST_12 : Operation 397 [1/1] (0.00ns)   --->   "%p_ZZ10top_kernelPKfS0_S0_PfE9equalized_1_4_addr = getelementptr i32 %p_ZZ10top_kernelPKfS0_S0_PfE9equalized_1_4, i64 0, i64 %zext_ln91" [top.cpp:91]   --->   Operation 397 'getelementptr' 'p_ZZ10top_kernelPKfS0_S0_PfE9equalized_1_4_addr' <Predicate = (trunc_ln86 & trunc_ln85 == 1)> <Delay = 0.00>
ST_12 : Operation 398 [1/1] (0.00ns)   --->   "%p_ZZ10top_kernelPKfS0_S0_PfE9equalized_1_4_addr_3 = getelementptr i32 %p_ZZ10top_kernelPKfS0_S0_PfE9equalized_1_4, i64 0, i64 %zext_ln91_1" [top.cpp:91]   --->   Operation 398 'getelementptr' 'p_ZZ10top_kernelPKfS0_S0_PfE9equalized_1_4_addr_3' <Predicate = (trunc_ln86 & trunc_ln85 == 0)> <Delay = 0.00>
ST_12 : Operation 399 [1/1] (0.00ns)   --->   "%p_ZZ10top_kernelPKfS0_S0_PfE9equalized_1_4_addr_8 = getelementptr i32 %p_ZZ10top_kernelPKfS0_S0_PfE9equalized_1_4, i64 0, i64 %zext_ln91_2" [top.cpp:91]   --->   Operation 399 'getelementptr' 'p_ZZ10top_kernelPKfS0_S0_PfE9equalized_1_4_addr_8' <Predicate = (trunc_ln86 & trunc_ln85 == 4)> <Delay = 0.00>
ST_12 : Operation 400 [1/1] (0.00ns)   --->   "%p_ZZ10top_kernelPKfS0_S0_PfE9equalized_1_4_addr_13 = getelementptr i32 %p_ZZ10top_kernelPKfS0_S0_PfE9equalized_1_4, i64 0, i64 %zext_ln91_3" [top.cpp:91]   --->   Operation 400 'getelementptr' 'p_ZZ10top_kernelPKfS0_S0_PfE9equalized_1_4_addr_13' <Predicate = (trunc_ln86 & trunc_ln85 == 3)> <Delay = 0.00>
ST_12 : Operation 401 [1/1] (0.00ns)   --->   "%p_ZZ10top_kernelPKfS0_S0_PfE9equalized_1_4_addr_18 = getelementptr i32 %p_ZZ10top_kernelPKfS0_S0_PfE9equalized_1_4, i64 0, i64 %zext_ln91_4" [top.cpp:91]   --->   Operation 401 'getelementptr' 'p_ZZ10top_kernelPKfS0_S0_PfE9equalized_1_4_addr_18' <Predicate = (trunc_ln86 & trunc_ln85 == 2)> <Delay = 0.00>
ST_12 : Operation 402 [1/1] (0.88ns)   --->   "%add_ln91 = add i6 %select_ln85, i6 62" [top.cpp:91]   --->   Operation 402 'add' 'add_ln91' <Predicate = true> <Delay = 0.88> <CoreInst = "Adder">   --->   Core 1 'Adder' <Latency = 0> <II = 1> <Delay = 0.88> <FuncUnit> <Opcode : 'add' 'sub'> <InPorts = 2> <OutPorts = 1>
ST_12 : Operation 403 [1/1] (0.00ns)   --->   "%lshr_ln4 = partselect i5 @_ssdm_op_PartSelect.i5.i6.i32.i32, i6 %add_ln91, i32 1, i32 5" [top.cpp:91]   --->   Operation 403 'partselect' 'lshr_ln4' <Predicate = true> <Delay = 0.00>
ST_12 : Operation 404 [1/1] (0.00ns)   --->   "%tmp_65 = bitconcatenate i9 @_ssdm_op_BitConcatenate.i9.i4.i5, i4 %tmp_122_cast, i5 %lshr_ln4" [top.cpp:91]   --->   Operation 404 'bitconcatenate' 'tmp_65' <Predicate = true> <Delay = 0.00>
ST_12 : Operation 405 [1/1] (0.00ns)   --->   "%zext_ln91_5 = zext i9 %tmp_65" [top.cpp:91]   --->   Operation 405 'zext' 'zext_ln91_5' <Predicate = true> <Delay = 0.00>
ST_12 : Operation 406 [1/1] (0.00ns)   --->   "%p_ZZ10top_kernelPKfS0_S0_PfE9equalized_0_0_addr_1 = getelementptr i32 %p_ZZ10top_kernelPKfS0_S0_PfE9equalized_0_0, i64 0, i64 %zext_ln91_5" [top.cpp:91]   --->   Operation 406 'getelementptr' 'p_ZZ10top_kernelPKfS0_S0_PfE9equalized_0_0_addr_1' <Predicate = (!trunc_ln86 & trunc_ln85 == 2)> <Delay = 0.00>
ST_12 : Operation 407 [1/1] (0.00ns)   --->   "%tmp_66 = bitconcatenate i9 @_ssdm_op_BitConcatenate.i9.i4.i5, i4 %tmp_123_cast, i5 %lshr_ln4" [top.cpp:91]   --->   Operation 407 'bitconcatenate' 'tmp_66' <Predicate = true> <Delay = 0.00>
ST_12 : Operation 408 [1/1] (0.00ns)   --->   "%zext_ln91_6 = zext i9 %tmp_66" [top.cpp:91]   --->   Operation 408 'zext' 'zext_ln91_6' <Predicate = true> <Delay = 0.00>
ST_12 : Operation 409 [1/1] (0.00ns)   --->   "%p_ZZ10top_kernelPKfS0_S0_PfE9equalized_0_0_addr_6 = getelementptr i32 %p_ZZ10top_kernelPKfS0_S0_PfE9equalized_0_0, i64 0, i64 %zext_ln91_6" [top.cpp:91]   --->   Operation 409 'getelementptr' 'p_ZZ10top_kernelPKfS0_S0_PfE9equalized_0_0_addr_6' <Predicate = (!trunc_ln86 & trunc_ln85 == 1)> <Delay = 0.00>
ST_12 : Operation 410 [1/1] (0.00ns)   --->   "%tmp_67 = bitconcatenate i9 @_ssdm_op_BitConcatenate.i9.i4.i5, i4 %tmp_120_cast, i5 %lshr_ln4" [top.cpp:91]   --->   Operation 410 'bitconcatenate' 'tmp_67' <Predicate = true> <Delay = 0.00>
ST_12 : Operation 411 [1/1] (0.00ns)   --->   "%zext_ln91_7 = zext i9 %tmp_67" [top.cpp:91]   --->   Operation 411 'zext' 'zext_ln91_7' <Predicate = true> <Delay = 0.00>
ST_12 : Operation 412 [1/1] (0.00ns)   --->   "%p_ZZ10top_kernelPKfS0_S0_PfE9equalized_0_0_addr_11 = getelementptr i32 %p_ZZ10top_kernelPKfS0_S0_PfE9equalized_0_0, i64 0, i64 %zext_ln91_7" [top.cpp:91]   --->   Operation 412 'getelementptr' 'p_ZZ10top_kernelPKfS0_S0_PfE9equalized_0_0_addr_11' <Predicate = (!trunc_ln86 & trunc_ln85 == 0)> <Delay = 0.00>
ST_12 : Operation 413 [1/1] (0.00ns)   --->   "%tmp_68 = bitconcatenate i9 @_ssdm_op_BitConcatenate.i9.i4.i5, i4 %tmp_121_cast, i5 %lshr_ln4" [top.cpp:91]   --->   Operation 413 'bitconcatenate' 'tmp_68' <Predicate = true> <Delay = 0.00>
ST_12 : Operation 414 [1/1] (0.00ns)   --->   "%zext_ln91_8 = zext i9 %tmp_68" [top.cpp:91]   --->   Operation 414 'zext' 'zext_ln91_8' <Predicate = true> <Delay = 0.00>
ST_12 : Operation 415 [1/1] (0.00ns)   --->   "%p_ZZ10top_kernelPKfS0_S0_PfE9equalized_0_0_addr_16 = getelementptr i32 %p_ZZ10top_kernelPKfS0_S0_PfE9equalized_0_0, i64 0, i64 %zext_ln91_8" [top.cpp:91]   --->   Operation 415 'getelementptr' 'p_ZZ10top_kernelPKfS0_S0_PfE9equalized_0_0_addr_16' <Predicate = (!trunc_ln86 & trunc_ln85 == 4)> <Delay = 0.00>
ST_12 : Operation 416 [1/1] (0.00ns)   --->   "%tmp_69 = bitconcatenate i9 @_ssdm_op_BitConcatenate.i9.i4.i5, i4 %tmp_124_cast, i5 %lshr_ln4" [top.cpp:91]   --->   Operation 416 'bitconcatenate' 'tmp_69' <Predicate = true> <Delay = 0.00>
ST_12 : Operation 417 [1/1] (0.00ns)   --->   "%zext_ln91_9 = zext i9 %tmp_69" [top.cpp:91]   --->   Operation 417 'zext' 'zext_ln91_9' <Predicate = true> <Delay = 0.00>
ST_12 : Operation 418 [1/1] (0.00ns)   --->   "%p_ZZ10top_kernelPKfS0_S0_PfE9equalized_0_0_addr_21 = getelementptr i32 %p_ZZ10top_kernelPKfS0_S0_PfE9equalized_0_0, i64 0, i64 %zext_ln91_9" [top.cpp:91]   --->   Operation 418 'getelementptr' 'p_ZZ10top_kernelPKfS0_S0_PfE9equalized_0_0_addr_21' <Predicate = (!trunc_ln86 & trunc_ln85 == 3)> <Delay = 0.00>
ST_12 : Operation 419 [1/1] (0.00ns)   --->   "%p_ZZ10top_kernelPKfS0_S0_PfE9equalized_0_1_addr_1 = getelementptr i32 %p_ZZ10top_kernelPKfS0_S0_PfE9equalized_0_1, i64 0, i64 %zext_ln91_5" [top.cpp:91]   --->   Operation 419 'getelementptr' 'p_ZZ10top_kernelPKfS0_S0_PfE9equalized_0_1_addr_1' <Predicate = (!trunc_ln86 & trunc_ln85 == 3)> <Delay = 0.00>
ST_12 : Operation 420 [1/1] (0.00ns)   --->   "%p_ZZ10top_kernelPKfS0_S0_PfE9equalized_0_1_addr_6 = getelementptr i32 %p_ZZ10top_kernelPKfS0_S0_PfE9equalized_0_1, i64 0, i64 %zext_ln91_6" [top.cpp:91]   --->   Operation 420 'getelementptr' 'p_ZZ10top_kernelPKfS0_S0_PfE9equalized_0_1_addr_6' <Predicate = (!trunc_ln86 & trunc_ln85 == 2)> <Delay = 0.00>
ST_12 : Operation 421 [1/1] (0.00ns)   --->   "%p_ZZ10top_kernelPKfS0_S0_PfE9equalized_0_1_addr_11 = getelementptr i32 %p_ZZ10top_kernelPKfS0_S0_PfE9equalized_0_1, i64 0, i64 %zext_ln91_7" [top.cpp:91]   --->   Operation 421 'getelementptr' 'p_ZZ10top_kernelPKfS0_S0_PfE9equalized_0_1_addr_11' <Predicate = (!trunc_ln86 & trunc_ln85 == 1)> <Delay = 0.00>
ST_12 : Operation 422 [1/1] (0.00ns)   --->   "%p_ZZ10top_kernelPKfS0_S0_PfE9equalized_0_1_addr_16 = getelementptr i32 %p_ZZ10top_kernelPKfS0_S0_PfE9equalized_0_1, i64 0, i64 %zext_ln91_8" [top.cpp:91]   --->   Operation 422 'getelementptr' 'p_ZZ10top_kernelPKfS0_S0_PfE9equalized_0_1_addr_16' <Predicate = (!trunc_ln86 & trunc_ln85 == 0)> <Delay = 0.00>
ST_12 : Operation 423 [1/1] (0.00ns)   --->   "%p_ZZ10top_kernelPKfS0_S0_PfE9equalized_0_1_addr_21 = getelementptr i32 %p_ZZ10top_kernelPKfS0_S0_PfE9equalized_0_1, i64 0, i64 %zext_ln91_9" [top.cpp:91]   --->   Operation 423 'getelementptr' 'p_ZZ10top_kernelPKfS0_S0_PfE9equalized_0_1_addr_21' <Predicate = (!trunc_ln86 & trunc_ln85 == 4)> <Delay = 0.00>
ST_12 : Operation 424 [1/1] (0.00ns)   --->   "%p_ZZ10top_kernelPKfS0_S0_PfE9equalized_0_2_addr_1 = getelementptr i32 %p_ZZ10top_kernelPKfS0_S0_PfE9equalized_0_2, i64 0, i64 %zext_ln91_5" [top.cpp:91]   --->   Operation 424 'getelementptr' 'p_ZZ10top_kernelPKfS0_S0_PfE9equalized_0_2_addr_1' <Predicate = (!trunc_ln86 & trunc_ln85 == 4)> <Delay = 0.00>
ST_12 : Operation 425 [1/1] (0.00ns)   --->   "%p_ZZ10top_kernelPKfS0_S0_PfE9equalized_0_2_addr_6 = getelementptr i32 %p_ZZ10top_kernelPKfS0_S0_PfE9equalized_0_2, i64 0, i64 %zext_ln91_6" [top.cpp:91]   --->   Operation 425 'getelementptr' 'p_ZZ10top_kernelPKfS0_S0_PfE9equalized_0_2_addr_6' <Predicate = (!trunc_ln86 & trunc_ln85 == 3)> <Delay = 0.00>
ST_12 : Operation 426 [1/1] (0.00ns)   --->   "%p_ZZ10top_kernelPKfS0_S0_PfE9equalized_0_2_addr_11 = getelementptr i32 %p_ZZ10top_kernelPKfS0_S0_PfE9equalized_0_2, i64 0, i64 %zext_ln91_7" [top.cpp:91]   --->   Operation 426 'getelementptr' 'p_ZZ10top_kernelPKfS0_S0_PfE9equalized_0_2_addr_11' <Predicate = (!trunc_ln86 & trunc_ln85 == 2)> <Delay = 0.00>
ST_12 : Operation 427 [1/1] (0.00ns)   --->   "%p_ZZ10top_kernelPKfS0_S0_PfE9equalized_0_2_addr_16 = getelementptr i32 %p_ZZ10top_kernelPKfS0_S0_PfE9equalized_0_2, i64 0, i64 %zext_ln91_8" [top.cpp:91]   --->   Operation 427 'getelementptr' 'p_ZZ10top_kernelPKfS0_S0_PfE9equalized_0_2_addr_16' <Predicate = (!trunc_ln86 & trunc_ln85 == 1)> <Delay = 0.00>
ST_12 : Operation 428 [1/1] (0.00ns)   --->   "%p_ZZ10top_kernelPKfS0_S0_PfE9equalized_0_2_addr_21 = getelementptr i32 %p_ZZ10top_kernelPKfS0_S0_PfE9equalized_0_2, i64 0, i64 %zext_ln91_9" [top.cpp:91]   --->   Operation 428 'getelementptr' 'p_ZZ10top_kernelPKfS0_S0_PfE9equalized_0_2_addr_21' <Predicate = (!trunc_ln86 & trunc_ln85 == 0)> <Delay = 0.00>
ST_12 : Operation 429 [1/1] (0.00ns)   --->   "%p_ZZ10top_kernelPKfS0_S0_PfE9equalized_0_3_addr_1 = getelementptr i32 %p_ZZ10top_kernelPKfS0_S0_PfE9equalized_0_3, i64 0, i64 %zext_ln91_5" [top.cpp:91]   --->   Operation 429 'getelementptr' 'p_ZZ10top_kernelPKfS0_S0_PfE9equalized_0_3_addr_1' <Predicate = (!trunc_ln86 & trunc_ln85 == 0)> <Delay = 0.00>
ST_12 : Operation 430 [1/1] (0.00ns)   --->   "%p_ZZ10top_kernelPKfS0_S0_PfE9equalized_0_3_addr_6 = getelementptr i32 %p_ZZ10top_kernelPKfS0_S0_PfE9equalized_0_3, i64 0, i64 %zext_ln91_6" [top.cpp:91]   --->   Operation 430 'getelementptr' 'p_ZZ10top_kernelPKfS0_S0_PfE9equalized_0_3_addr_6' <Predicate = (!trunc_ln86 & trunc_ln85 == 4)> <Delay = 0.00>
ST_12 : Operation 431 [1/1] (0.00ns)   --->   "%p_ZZ10top_kernelPKfS0_S0_PfE9equalized_0_3_addr_11 = getelementptr i32 %p_ZZ10top_kernelPKfS0_S0_PfE9equalized_0_3, i64 0, i64 %zext_ln91_7" [top.cpp:91]   --->   Operation 431 'getelementptr' 'p_ZZ10top_kernelPKfS0_S0_PfE9equalized_0_3_addr_11' <Predicate = (!trunc_ln86 & trunc_ln85 == 3)> <Delay = 0.00>
ST_12 : Operation 432 [1/1] (0.00ns)   --->   "%p_ZZ10top_kernelPKfS0_S0_PfE9equalized_0_3_addr_16 = getelementptr i32 %p_ZZ10top_kernelPKfS0_S0_PfE9equalized_0_3, i64 0, i64 %zext_ln91_8" [top.cpp:91]   --->   Operation 432 'getelementptr' 'p_ZZ10top_kernelPKfS0_S0_PfE9equalized_0_3_addr_16' <Predicate = (!trunc_ln86 & trunc_ln85 == 2)> <Delay = 0.00>
ST_12 : Operation 433 [1/1] (0.00ns)   --->   "%p_ZZ10top_kernelPKfS0_S0_PfE9equalized_0_3_addr_21 = getelementptr i32 %p_ZZ10top_kernelPKfS0_S0_PfE9equalized_0_3, i64 0, i64 %zext_ln91_9" [top.cpp:91]   --->   Operation 433 'getelementptr' 'p_ZZ10top_kernelPKfS0_S0_PfE9equalized_0_3_addr_21' <Predicate = (!trunc_ln86 & trunc_ln85 == 1)> <Delay = 0.00>
ST_12 : Operation 434 [1/1] (0.00ns)   --->   "%p_ZZ10top_kernelPKfS0_S0_PfE9equalized_0_4_addr_1 = getelementptr i32 %p_ZZ10top_kernelPKfS0_S0_PfE9equalized_0_4, i64 0, i64 %zext_ln91_5" [top.cpp:91]   --->   Operation 434 'getelementptr' 'p_ZZ10top_kernelPKfS0_S0_PfE9equalized_0_4_addr_1' <Predicate = (!trunc_ln86 & trunc_ln85 == 1)> <Delay = 0.00>
ST_12 : Operation 435 [1/1] (0.00ns)   --->   "%p_ZZ10top_kernelPKfS0_S0_PfE9equalized_0_4_addr_6 = getelementptr i32 %p_ZZ10top_kernelPKfS0_S0_PfE9equalized_0_4, i64 0, i64 %zext_ln91_6" [top.cpp:91]   --->   Operation 435 'getelementptr' 'p_ZZ10top_kernelPKfS0_S0_PfE9equalized_0_4_addr_6' <Predicate = (!trunc_ln86 & trunc_ln85 == 0)> <Delay = 0.00>
ST_12 : Operation 436 [1/1] (0.00ns)   --->   "%p_ZZ10top_kernelPKfS0_S0_PfE9equalized_0_4_addr_11 = getelementptr i32 %p_ZZ10top_kernelPKfS0_S0_PfE9equalized_0_4, i64 0, i64 %zext_ln91_7" [top.cpp:91]   --->   Operation 436 'getelementptr' 'p_ZZ10top_kernelPKfS0_S0_PfE9equalized_0_4_addr_11' <Predicate = (!trunc_ln86 & trunc_ln85 == 4)> <Delay = 0.00>
ST_12 : Operation 437 [1/1] (0.00ns)   --->   "%p_ZZ10top_kernelPKfS0_S0_PfE9equalized_0_4_addr_16 = getelementptr i32 %p_ZZ10top_kernelPKfS0_S0_PfE9equalized_0_4, i64 0, i64 %zext_ln91_8" [top.cpp:91]   --->   Operation 437 'getelementptr' 'p_ZZ10top_kernelPKfS0_S0_PfE9equalized_0_4_addr_16' <Predicate = (!trunc_ln86 & trunc_ln85 == 3)> <Delay = 0.00>
ST_12 : Operation 438 [1/1] (0.00ns)   --->   "%p_ZZ10top_kernelPKfS0_S0_PfE9equalized_0_4_addr_21 = getelementptr i32 %p_ZZ10top_kernelPKfS0_S0_PfE9equalized_0_4, i64 0, i64 %zext_ln91_9" [top.cpp:91]   --->   Operation 438 'getelementptr' 'p_ZZ10top_kernelPKfS0_S0_PfE9equalized_0_4_addr_21' <Predicate = (!trunc_ln86 & trunc_ln85 == 2)> <Delay = 0.00>
ST_12 : Operation 439 [1/1] (0.00ns)   --->   "%p_ZZ10top_kernelPKfS0_S0_PfE9equalized_1_0_addr_1 = getelementptr i32 %p_ZZ10top_kernelPKfS0_S0_PfE9equalized_1_0, i64 0, i64 %zext_ln91_5" [top.cpp:91]   --->   Operation 439 'getelementptr' 'p_ZZ10top_kernelPKfS0_S0_PfE9equalized_1_0_addr_1' <Predicate = (trunc_ln86 & trunc_ln85 == 2)> <Delay = 0.00>
ST_12 : Operation 440 [1/1] (0.00ns)   --->   "%p_ZZ10top_kernelPKfS0_S0_PfE9equalized_1_0_addr_6 = getelementptr i32 %p_ZZ10top_kernelPKfS0_S0_PfE9equalized_1_0, i64 0, i64 %zext_ln91_6" [top.cpp:91]   --->   Operation 440 'getelementptr' 'p_ZZ10top_kernelPKfS0_S0_PfE9equalized_1_0_addr_6' <Predicate = (trunc_ln86 & trunc_ln85 == 1)> <Delay = 0.00>
ST_12 : Operation 441 [1/1] (0.00ns)   --->   "%p_ZZ10top_kernelPKfS0_S0_PfE9equalized_1_0_addr_11 = getelementptr i32 %p_ZZ10top_kernelPKfS0_S0_PfE9equalized_1_0, i64 0, i64 %zext_ln91_7" [top.cpp:91]   --->   Operation 441 'getelementptr' 'p_ZZ10top_kernelPKfS0_S0_PfE9equalized_1_0_addr_11' <Predicate = (trunc_ln86 & trunc_ln85 == 0)> <Delay = 0.00>
ST_12 : Operation 442 [1/1] (0.00ns)   --->   "%p_ZZ10top_kernelPKfS0_S0_PfE9equalized_1_0_addr_16 = getelementptr i32 %p_ZZ10top_kernelPKfS0_S0_PfE9equalized_1_0, i64 0, i64 %zext_ln91_8" [top.cpp:91]   --->   Operation 442 'getelementptr' 'p_ZZ10top_kernelPKfS0_S0_PfE9equalized_1_0_addr_16' <Predicate = (trunc_ln86 & trunc_ln85 == 4)> <Delay = 0.00>
ST_12 : Operation 443 [1/1] (0.00ns)   --->   "%p_ZZ10top_kernelPKfS0_S0_PfE9equalized_1_0_addr_21 = getelementptr i32 %p_ZZ10top_kernelPKfS0_S0_PfE9equalized_1_0, i64 0, i64 %zext_ln91_9" [top.cpp:91]   --->   Operation 443 'getelementptr' 'p_ZZ10top_kernelPKfS0_S0_PfE9equalized_1_0_addr_21' <Predicate = (trunc_ln86 & trunc_ln85 == 3)> <Delay = 0.00>
ST_12 : Operation 444 [1/1] (0.00ns)   --->   "%p_ZZ10top_kernelPKfS0_S0_PfE9equalized_1_1_addr_1 = getelementptr i32 %p_ZZ10top_kernelPKfS0_S0_PfE9equalized_1_1, i64 0, i64 %zext_ln91_5" [top.cpp:91]   --->   Operation 444 'getelementptr' 'p_ZZ10top_kernelPKfS0_S0_PfE9equalized_1_1_addr_1' <Predicate = (trunc_ln86 & trunc_ln85 == 3)> <Delay = 0.00>
ST_12 : Operation 445 [1/1] (0.00ns)   --->   "%p_ZZ10top_kernelPKfS0_S0_PfE9equalized_1_1_addr_6 = getelementptr i32 %p_ZZ10top_kernelPKfS0_S0_PfE9equalized_1_1, i64 0, i64 %zext_ln91_6" [top.cpp:91]   --->   Operation 445 'getelementptr' 'p_ZZ10top_kernelPKfS0_S0_PfE9equalized_1_1_addr_6' <Predicate = (trunc_ln86 & trunc_ln85 == 2)> <Delay = 0.00>
ST_12 : Operation 446 [1/1] (0.00ns)   --->   "%p_ZZ10top_kernelPKfS0_S0_PfE9equalized_1_1_addr_11 = getelementptr i32 %p_ZZ10top_kernelPKfS0_S0_PfE9equalized_1_1, i64 0, i64 %zext_ln91_7" [top.cpp:91]   --->   Operation 446 'getelementptr' 'p_ZZ10top_kernelPKfS0_S0_PfE9equalized_1_1_addr_11' <Predicate = (trunc_ln86 & trunc_ln85 == 1)> <Delay = 0.00>
ST_12 : Operation 447 [1/1] (0.00ns)   --->   "%p_ZZ10top_kernelPKfS0_S0_PfE9equalized_1_1_addr_16 = getelementptr i32 %p_ZZ10top_kernelPKfS0_S0_PfE9equalized_1_1, i64 0, i64 %zext_ln91_8" [top.cpp:91]   --->   Operation 447 'getelementptr' 'p_ZZ10top_kernelPKfS0_S0_PfE9equalized_1_1_addr_16' <Predicate = (trunc_ln86 & trunc_ln85 == 0)> <Delay = 0.00>
ST_12 : Operation 448 [1/1] (0.00ns)   --->   "%p_ZZ10top_kernelPKfS0_S0_PfE9equalized_1_1_addr_21 = getelementptr i32 %p_ZZ10top_kernelPKfS0_S0_PfE9equalized_1_1, i64 0, i64 %zext_ln91_9" [top.cpp:91]   --->   Operation 448 'getelementptr' 'p_ZZ10top_kernelPKfS0_S0_PfE9equalized_1_1_addr_21' <Predicate = (trunc_ln86 & trunc_ln85 == 4)> <Delay = 0.00>
ST_12 : Operation 449 [1/1] (0.00ns)   --->   "%p_ZZ10top_kernelPKfS0_S0_PfE9equalized_1_2_addr_1 = getelementptr i32 %p_ZZ10top_kernelPKfS0_S0_PfE9equalized_1_2, i64 0, i64 %zext_ln91_5" [top.cpp:91]   --->   Operation 449 'getelementptr' 'p_ZZ10top_kernelPKfS0_S0_PfE9equalized_1_2_addr_1' <Predicate = (trunc_ln86 & trunc_ln85 == 4)> <Delay = 0.00>
ST_12 : Operation 450 [1/1] (0.00ns)   --->   "%p_ZZ10top_kernelPKfS0_S0_PfE9equalized_1_2_addr_6 = getelementptr i32 %p_ZZ10top_kernelPKfS0_S0_PfE9equalized_1_2, i64 0, i64 %zext_ln91_6" [top.cpp:91]   --->   Operation 450 'getelementptr' 'p_ZZ10top_kernelPKfS0_S0_PfE9equalized_1_2_addr_6' <Predicate = (trunc_ln86 & trunc_ln85 == 3)> <Delay = 0.00>
ST_12 : Operation 451 [1/1] (0.00ns)   --->   "%p_ZZ10top_kernelPKfS0_S0_PfE9equalized_1_2_addr_11 = getelementptr i32 %p_ZZ10top_kernelPKfS0_S0_PfE9equalized_1_2, i64 0, i64 %zext_ln91_7" [top.cpp:91]   --->   Operation 451 'getelementptr' 'p_ZZ10top_kernelPKfS0_S0_PfE9equalized_1_2_addr_11' <Predicate = (trunc_ln86 & trunc_ln85 == 2)> <Delay = 0.00>
ST_12 : Operation 452 [1/1] (0.00ns)   --->   "%p_ZZ10top_kernelPKfS0_S0_PfE9equalized_1_2_addr_16 = getelementptr i32 %p_ZZ10top_kernelPKfS0_S0_PfE9equalized_1_2, i64 0, i64 %zext_ln91_8" [top.cpp:91]   --->   Operation 452 'getelementptr' 'p_ZZ10top_kernelPKfS0_S0_PfE9equalized_1_2_addr_16' <Predicate = (trunc_ln86 & trunc_ln85 == 1)> <Delay = 0.00>
ST_12 : Operation 453 [1/1] (0.00ns)   --->   "%p_ZZ10top_kernelPKfS0_S0_PfE9equalized_1_2_addr_21 = getelementptr i32 %p_ZZ10top_kernelPKfS0_S0_PfE9equalized_1_2, i64 0, i64 %zext_ln91_9" [top.cpp:91]   --->   Operation 453 'getelementptr' 'p_ZZ10top_kernelPKfS0_S0_PfE9equalized_1_2_addr_21' <Predicate = (trunc_ln86 & trunc_ln85 == 0)> <Delay = 0.00>
ST_12 : Operation 454 [1/1] (0.00ns)   --->   "%p_ZZ10top_kernelPKfS0_S0_PfE9equalized_1_3_addr_1 = getelementptr i32 %p_ZZ10top_kernelPKfS0_S0_PfE9equalized_1_3, i64 0, i64 %zext_ln91_5" [top.cpp:91]   --->   Operation 454 'getelementptr' 'p_ZZ10top_kernelPKfS0_S0_PfE9equalized_1_3_addr_1' <Predicate = (trunc_ln86 & trunc_ln85 == 0)> <Delay = 0.00>
ST_12 : Operation 455 [1/1] (0.00ns)   --->   "%p_ZZ10top_kernelPKfS0_S0_PfE9equalized_1_3_addr_6 = getelementptr i32 %p_ZZ10top_kernelPKfS0_S0_PfE9equalized_1_3, i64 0, i64 %zext_ln91_6" [top.cpp:91]   --->   Operation 455 'getelementptr' 'p_ZZ10top_kernelPKfS0_S0_PfE9equalized_1_3_addr_6' <Predicate = (trunc_ln86 & trunc_ln85 == 4)> <Delay = 0.00>
ST_12 : Operation 456 [1/1] (0.00ns)   --->   "%p_ZZ10top_kernelPKfS0_S0_PfE9equalized_1_3_addr_11 = getelementptr i32 %p_ZZ10top_kernelPKfS0_S0_PfE9equalized_1_3, i64 0, i64 %zext_ln91_7" [top.cpp:91]   --->   Operation 456 'getelementptr' 'p_ZZ10top_kernelPKfS0_S0_PfE9equalized_1_3_addr_11' <Predicate = (trunc_ln86 & trunc_ln85 == 3)> <Delay = 0.00>
ST_12 : Operation 457 [1/1] (0.00ns)   --->   "%p_ZZ10top_kernelPKfS0_S0_PfE9equalized_1_3_addr_16 = getelementptr i32 %p_ZZ10top_kernelPKfS0_S0_PfE9equalized_1_3, i64 0, i64 %zext_ln91_8" [top.cpp:91]   --->   Operation 457 'getelementptr' 'p_ZZ10top_kernelPKfS0_S0_PfE9equalized_1_3_addr_16' <Predicate = (trunc_ln86 & trunc_ln85 == 2)> <Delay = 0.00>
ST_12 : Operation 458 [1/1] (0.00ns)   --->   "%p_ZZ10top_kernelPKfS0_S0_PfE9equalized_1_3_addr_21 = getelementptr i32 %p_ZZ10top_kernelPKfS0_S0_PfE9equalized_1_3, i64 0, i64 %zext_ln91_9" [top.cpp:91]   --->   Operation 458 'getelementptr' 'p_ZZ10top_kernelPKfS0_S0_PfE9equalized_1_3_addr_21' <Predicate = (trunc_ln86 & trunc_ln85 == 1)> <Delay = 0.00>
ST_12 : Operation 459 [1/1] (0.00ns)   --->   "%p_ZZ10top_kernelPKfS0_S0_PfE9equalized_1_4_addr_1 = getelementptr i32 %p_ZZ10top_kernelPKfS0_S0_PfE9equalized_1_4, i64 0, i64 %zext_ln91_5" [top.cpp:91]   --->   Operation 459 'getelementptr' 'p_ZZ10top_kernelPKfS0_S0_PfE9equalized_1_4_addr_1' <Predicate = (trunc_ln86 & trunc_ln85 == 1)> <Delay = 0.00>
ST_12 : Operation 460 [1/1] (0.00ns)   --->   "%p_ZZ10top_kernelPKfS0_S0_PfE9equalized_1_4_addr_6 = getelementptr i32 %p_ZZ10top_kernelPKfS0_S0_PfE9equalized_1_4, i64 0, i64 %zext_ln91_6" [top.cpp:91]   --->   Operation 460 'getelementptr' 'p_ZZ10top_kernelPKfS0_S0_PfE9equalized_1_4_addr_6' <Predicate = (trunc_ln86 & trunc_ln85 == 0)> <Delay = 0.00>
ST_12 : Operation 461 [1/1] (0.00ns)   --->   "%p_ZZ10top_kernelPKfS0_S0_PfE9equalized_1_4_addr_11 = getelementptr i32 %p_ZZ10top_kernelPKfS0_S0_PfE9equalized_1_4, i64 0, i64 %zext_ln91_7" [top.cpp:91]   --->   Operation 461 'getelementptr' 'p_ZZ10top_kernelPKfS0_S0_PfE9equalized_1_4_addr_11' <Predicate = (trunc_ln86 & trunc_ln85 == 4)> <Delay = 0.00>
ST_12 : Operation 462 [1/1] (0.00ns)   --->   "%p_ZZ10top_kernelPKfS0_S0_PfE9equalized_1_4_addr_16 = getelementptr i32 %p_ZZ10top_kernelPKfS0_S0_PfE9equalized_1_4, i64 0, i64 %zext_ln91_8" [top.cpp:91]   --->   Operation 462 'getelementptr' 'p_ZZ10top_kernelPKfS0_S0_PfE9equalized_1_4_addr_16' <Predicate = (trunc_ln86 & trunc_ln85 == 3)> <Delay = 0.00>
ST_12 : Operation 463 [1/1] (0.00ns)   --->   "%p_ZZ10top_kernelPKfS0_S0_PfE9equalized_1_4_addr_21 = getelementptr i32 %p_ZZ10top_kernelPKfS0_S0_PfE9equalized_1_4, i64 0, i64 %zext_ln91_9" [top.cpp:91]   --->   Operation 463 'getelementptr' 'p_ZZ10top_kernelPKfS0_S0_PfE9equalized_1_4_addr_21' <Predicate = (trunc_ln86 & trunc_ln85 == 2)> <Delay = 0.00>
ST_12 : Operation 464 [2/2] (1.35ns)   --->   "%p_ZZ10top_kernelPKfS0_S0_PfE9equalized_0_0_load = load i9 %p_ZZ10top_kernelPKfS0_S0_PfE9equalized_0_0_addr_1" [top.cpp:91]   --->   Operation 464 'load' 'p_ZZ10top_kernelPKfS0_S0_PfE9equalized_0_0_load' <Predicate = (!trunc_ln86 & trunc_ln85 == 2)> <Delay = 1.35> <CoreInst = "RAM">   --->   Core 82 'RAM' <Latency = 1> <II = 1> <Delay = 1.35> <Storage> <Opcode : 'load' 'store'> <Ports = 2> <Width = 32> <Depth = 416> <RAM>
ST_12 : Operation 465 [2/2] (1.35ns)   --->   "%p_ZZ10top_kernelPKfS0_S0_PfE9equalized_0_1_load = load i9 %p_ZZ10top_kernelPKfS0_S0_PfE9equalized_0_1_addr_1" [top.cpp:91]   --->   Operation 465 'load' 'p_ZZ10top_kernelPKfS0_S0_PfE9equalized_0_1_load' <Predicate = (!trunc_ln86 & trunc_ln85 == 3)> <Delay = 1.35> <CoreInst = "RAM">   --->   Core 82 'RAM' <Latency = 1> <II = 1> <Delay = 1.35> <Storage> <Opcode : 'load' 'store'> <Ports = 2> <Width = 32> <Depth = 416> <RAM>
ST_12 : Operation 466 [2/2] (1.35ns)   --->   "%p_ZZ10top_kernelPKfS0_S0_PfE9equalized_0_2_load = load i9 %p_ZZ10top_kernelPKfS0_S0_PfE9equalized_0_2_addr_1" [top.cpp:91]   --->   Operation 466 'load' 'p_ZZ10top_kernelPKfS0_S0_PfE9equalized_0_2_load' <Predicate = (!trunc_ln86 & trunc_ln85 == 4)> <Delay = 1.35> <CoreInst = "RAM">   --->   Core 82 'RAM' <Latency = 1> <II = 1> <Delay = 1.35> <Storage> <Opcode : 'load' 'store'> <Ports = 2> <Width = 32> <Depth = 416> <RAM>
ST_12 : Operation 467 [2/2] (1.35ns)   --->   "%p_ZZ10top_kernelPKfS0_S0_PfE9equalized_0_3_load = load i9 %p_ZZ10top_kernelPKfS0_S0_PfE9equalized_0_3_addr_1" [top.cpp:91]   --->   Operation 467 'load' 'p_ZZ10top_kernelPKfS0_S0_PfE9equalized_0_3_load' <Predicate = (!trunc_ln86 & trunc_ln85 == 0)> <Delay = 1.35> <CoreInst = "RAM">   --->   Core 82 'RAM' <Latency = 1> <II = 1> <Delay = 1.35> <Storage> <Opcode : 'load' 'store'> <Ports = 2> <Width = 32> <Depth = 416> <RAM>
ST_12 : Operation 468 [2/2] (1.35ns)   --->   "%p_ZZ10top_kernelPKfS0_S0_PfE9equalized_0_4_load = load i9 %p_ZZ10top_kernelPKfS0_S0_PfE9equalized_0_4_addr_1" [top.cpp:91]   --->   Operation 468 'load' 'p_ZZ10top_kernelPKfS0_S0_PfE9equalized_0_4_load' <Predicate = (!trunc_ln86 & trunc_ln85 == 1)> <Delay = 1.35> <CoreInst = "RAM">   --->   Core 82 'RAM' <Latency = 1> <II = 1> <Delay = 1.35> <Storage> <Opcode : 'load' 'store'> <Ports = 2> <Width = 32> <Depth = 416> <RAM>
ST_12 : Operation 469 [2/2] (1.35ns)   --->   "%p_ZZ10top_kernelPKfS0_S0_PfE9equalized_1_0_load = load i9 %p_ZZ10top_kernelPKfS0_S0_PfE9equalized_1_0_addr_1" [top.cpp:91]   --->   Operation 469 'load' 'p_ZZ10top_kernelPKfS0_S0_PfE9equalized_1_0_load' <Predicate = (trunc_ln86 & trunc_ln85 == 2)> <Delay = 1.35> <CoreInst = "RAM">   --->   Core 82 'RAM' <Latency = 1> <II = 1> <Delay = 1.35> <Storage> <Opcode : 'load' 'store'> <Ports = 2> <Width = 32> <Depth = 416> <RAM>
ST_12 : Operation 470 [2/2] (1.35ns)   --->   "%p_ZZ10top_kernelPKfS0_S0_PfE9equalized_1_1_load = load i9 %p_ZZ10top_kernelPKfS0_S0_PfE9equalized_1_1_addr_1" [top.cpp:91]   --->   Operation 470 'load' 'p_ZZ10top_kernelPKfS0_S0_PfE9equalized_1_1_load' <Predicate = (trunc_ln86 & trunc_ln85 == 3)> <Delay = 1.35> <CoreInst = "RAM">   --->   Core 82 'RAM' <Latency = 1> <II = 1> <Delay = 1.35> <Storage> <Opcode : 'load' 'store'> <Ports = 2> <Width = 32> <Depth = 416> <RAM>
ST_12 : Operation 471 [2/2] (1.35ns)   --->   "%p_ZZ10top_kernelPKfS0_S0_PfE9equalized_1_2_load = load i9 %p_ZZ10top_kernelPKfS0_S0_PfE9equalized_1_2_addr_1" [top.cpp:91]   --->   Operation 471 'load' 'p_ZZ10top_kernelPKfS0_S0_PfE9equalized_1_2_load' <Predicate = (trunc_ln86 & trunc_ln85 == 4)> <Delay = 1.35> <CoreInst = "RAM">   --->   Core 82 'RAM' <Latency = 1> <II = 1> <Delay = 1.35> <Storage> <Opcode : 'load' 'store'> <Ports = 2> <Width = 32> <Depth = 416> <RAM>
ST_12 : Operation 472 [2/2] (1.35ns)   --->   "%p_ZZ10top_kernelPKfS0_S0_PfE9equalized_1_3_load = load i9 %p_ZZ10top_kernelPKfS0_S0_PfE9equalized_1_3_addr_1" [top.cpp:91]   --->   Operation 472 'load' 'p_ZZ10top_kernelPKfS0_S0_PfE9equalized_1_3_load' <Predicate = (trunc_ln86 & trunc_ln85 == 0)> <Delay = 1.35> <CoreInst = "RAM">   --->   Core 82 'RAM' <Latency = 1> <II = 1> <Delay = 1.35> <Storage> <Opcode : 'load' 'store'> <Ports = 2> <Width = 32> <Depth = 416> <RAM>
ST_12 : Operation 473 [2/2] (1.35ns)   --->   "%p_ZZ10top_kernelPKfS0_S0_PfE9equalized_1_4_load = load i9 %p_ZZ10top_kernelPKfS0_S0_PfE9equalized_1_4_addr_1" [top.cpp:91]   --->   Operation 473 'load' 'p_ZZ10top_kernelPKfS0_S0_PfE9equalized_1_4_load' <Predicate = (trunc_ln86 & trunc_ln85 == 1)> <Delay = 1.35> <CoreInst = "RAM">   --->   Core 82 'RAM' <Latency = 1> <II = 1> <Delay = 1.35> <Storage> <Opcode : 'load' 'store'> <Ports = 2> <Width = 32> <Depth = 416> <RAM>
ST_12 : Operation 474 [1/1] (0.88ns)   --->   "%add_ln91_1 = add i6 %select_ln85, i6 63" [top.cpp:91]   --->   Operation 474 'add' 'add_ln91_1' <Predicate = true> <Delay = 0.88> <CoreInst = "Adder">   --->   Core 1 'Adder' <Latency = 0> <II = 1> <Delay = 0.88> <FuncUnit> <Opcode : 'add' 'sub'> <InPorts = 2> <OutPorts = 1>
ST_12 : Operation 475 [1/1] (0.00ns)   --->   "%lshr_ln91_1 = partselect i5 @_ssdm_op_PartSelect.i5.i6.i32.i32, i6 %add_ln91_1, i32 1, i32 5" [top.cpp:91]   --->   Operation 475 'partselect' 'lshr_ln91_1' <Predicate = true> <Delay = 0.00>
ST_12 : Operation 476 [1/1] (0.00ns)   --->   "%tmp_70 = bitconcatenate i9 @_ssdm_op_BitConcatenate.i9.i4.i5, i4 %tmp_122_cast, i5 %lshr_ln91_1" [top.cpp:91]   --->   Operation 476 'bitconcatenate' 'tmp_70' <Predicate = true> <Delay = 0.00>
ST_12 : Operation 477 [1/1] (0.00ns)   --->   "%zext_ln91_10 = zext i9 %tmp_70" [top.cpp:91]   --->   Operation 477 'zext' 'zext_ln91_10' <Predicate = true> <Delay = 0.00>
ST_12 : Operation 478 [1/1] (0.00ns)   --->   "%p_ZZ10top_kernelPKfS0_S0_PfE9equalized_0_0_addr_2 = getelementptr i32 %p_ZZ10top_kernelPKfS0_S0_PfE9equalized_0_0, i64 0, i64 %zext_ln91_10" [top.cpp:91]   --->   Operation 478 'getelementptr' 'p_ZZ10top_kernelPKfS0_S0_PfE9equalized_0_0_addr_2' <Predicate = (trunc_ln86 & trunc_ln85 == 2)> <Delay = 0.00>
ST_12 : Operation 479 [1/1] (0.00ns)   --->   "%tmp_71 = bitconcatenate i9 @_ssdm_op_BitConcatenate.i9.i4.i5, i4 %tmp_123_cast, i5 %lshr_ln91_1" [top.cpp:91]   --->   Operation 479 'bitconcatenate' 'tmp_71' <Predicate = true> <Delay = 0.00>
ST_12 : Operation 480 [1/1] (0.00ns)   --->   "%zext_ln91_11 = zext i9 %tmp_71" [top.cpp:91]   --->   Operation 480 'zext' 'zext_ln91_11' <Predicate = true> <Delay = 0.00>
ST_12 : Operation 481 [1/1] (0.00ns)   --->   "%p_ZZ10top_kernelPKfS0_S0_PfE9equalized_0_0_addr_7 = getelementptr i32 %p_ZZ10top_kernelPKfS0_S0_PfE9equalized_0_0, i64 0, i64 %zext_ln91_11" [top.cpp:91]   --->   Operation 481 'getelementptr' 'p_ZZ10top_kernelPKfS0_S0_PfE9equalized_0_0_addr_7' <Predicate = (trunc_ln86 & trunc_ln85 == 1)> <Delay = 0.00>
ST_12 : Operation 482 [1/1] (0.00ns)   --->   "%tmp_72 = bitconcatenate i9 @_ssdm_op_BitConcatenate.i9.i4.i5, i4 %tmp_120_cast, i5 %lshr_ln91_1" [top.cpp:91]   --->   Operation 482 'bitconcatenate' 'tmp_72' <Predicate = true> <Delay = 0.00>
ST_12 : Operation 483 [1/1] (0.00ns)   --->   "%zext_ln91_12 = zext i9 %tmp_72" [top.cpp:91]   --->   Operation 483 'zext' 'zext_ln91_12' <Predicate = true> <Delay = 0.00>
ST_12 : Operation 484 [1/1] (0.00ns)   --->   "%p_ZZ10top_kernelPKfS0_S0_PfE9equalized_0_0_addr_12 = getelementptr i32 %p_ZZ10top_kernelPKfS0_S0_PfE9equalized_0_0, i64 0, i64 %zext_ln91_12" [top.cpp:91]   --->   Operation 484 'getelementptr' 'p_ZZ10top_kernelPKfS0_S0_PfE9equalized_0_0_addr_12' <Predicate = (trunc_ln86 & trunc_ln85 == 0)> <Delay = 0.00>
ST_12 : Operation 485 [1/1] (0.00ns)   --->   "%tmp_73 = bitconcatenate i9 @_ssdm_op_BitConcatenate.i9.i4.i5, i4 %tmp_121_cast, i5 %lshr_ln91_1" [top.cpp:91]   --->   Operation 485 'bitconcatenate' 'tmp_73' <Predicate = true> <Delay = 0.00>
ST_12 : Operation 486 [1/1] (0.00ns)   --->   "%zext_ln91_13 = zext i9 %tmp_73" [top.cpp:91]   --->   Operation 486 'zext' 'zext_ln91_13' <Predicate = true> <Delay = 0.00>
ST_12 : Operation 487 [1/1] (0.00ns)   --->   "%p_ZZ10top_kernelPKfS0_S0_PfE9equalized_0_0_addr_17 = getelementptr i32 %p_ZZ10top_kernelPKfS0_S0_PfE9equalized_0_0, i64 0, i64 %zext_ln91_13" [top.cpp:91]   --->   Operation 487 'getelementptr' 'p_ZZ10top_kernelPKfS0_S0_PfE9equalized_0_0_addr_17' <Predicate = (trunc_ln86 & trunc_ln85 == 4)> <Delay = 0.00>
ST_12 : Operation 488 [1/1] (0.00ns)   --->   "%tmp_74 = bitconcatenate i9 @_ssdm_op_BitConcatenate.i9.i4.i5, i4 %tmp_124_cast, i5 %lshr_ln91_1" [top.cpp:91]   --->   Operation 488 'bitconcatenate' 'tmp_74' <Predicate = true> <Delay = 0.00>
ST_12 : Operation 489 [1/1] (0.00ns)   --->   "%zext_ln91_14 = zext i9 %tmp_74" [top.cpp:91]   --->   Operation 489 'zext' 'zext_ln91_14' <Predicate = true> <Delay = 0.00>
ST_12 : Operation 490 [1/1] (0.00ns)   --->   "%p_ZZ10top_kernelPKfS0_S0_PfE9equalized_0_0_addr_22 = getelementptr i32 %p_ZZ10top_kernelPKfS0_S0_PfE9equalized_0_0, i64 0, i64 %zext_ln91_14" [top.cpp:91]   --->   Operation 490 'getelementptr' 'p_ZZ10top_kernelPKfS0_S0_PfE9equalized_0_0_addr_22' <Predicate = (trunc_ln86 & trunc_ln85 == 3)> <Delay = 0.00>
ST_12 : Operation 491 [1/1] (0.00ns)   --->   "%p_ZZ10top_kernelPKfS0_S0_PfE9equalized_0_1_addr_2 = getelementptr i32 %p_ZZ10top_kernelPKfS0_S0_PfE9equalized_0_1, i64 0, i64 %zext_ln91_10" [top.cpp:91]   --->   Operation 491 'getelementptr' 'p_ZZ10top_kernelPKfS0_S0_PfE9equalized_0_1_addr_2' <Predicate = (trunc_ln86 & trunc_ln85 == 3)> <Delay = 0.00>
ST_12 : Operation 492 [1/1] (0.00ns)   --->   "%p_ZZ10top_kernelPKfS0_S0_PfE9equalized_0_1_addr_7 = getelementptr i32 %p_ZZ10top_kernelPKfS0_S0_PfE9equalized_0_1, i64 0, i64 %zext_ln91_11" [top.cpp:91]   --->   Operation 492 'getelementptr' 'p_ZZ10top_kernelPKfS0_S0_PfE9equalized_0_1_addr_7' <Predicate = (trunc_ln86 & trunc_ln85 == 2)> <Delay = 0.00>
ST_12 : Operation 493 [1/1] (0.00ns)   --->   "%p_ZZ10top_kernelPKfS0_S0_PfE9equalized_0_1_addr_12 = getelementptr i32 %p_ZZ10top_kernelPKfS0_S0_PfE9equalized_0_1, i64 0, i64 %zext_ln91_12" [top.cpp:91]   --->   Operation 493 'getelementptr' 'p_ZZ10top_kernelPKfS0_S0_PfE9equalized_0_1_addr_12' <Predicate = (trunc_ln86 & trunc_ln85 == 1)> <Delay = 0.00>
ST_12 : Operation 494 [1/1] (0.00ns)   --->   "%p_ZZ10top_kernelPKfS0_S0_PfE9equalized_0_1_addr_17 = getelementptr i32 %p_ZZ10top_kernelPKfS0_S0_PfE9equalized_0_1, i64 0, i64 %zext_ln91_13" [top.cpp:91]   --->   Operation 494 'getelementptr' 'p_ZZ10top_kernelPKfS0_S0_PfE9equalized_0_1_addr_17' <Predicate = (trunc_ln86 & trunc_ln85 == 0)> <Delay = 0.00>
ST_12 : Operation 495 [1/1] (0.00ns)   --->   "%p_ZZ10top_kernelPKfS0_S0_PfE9equalized_0_1_addr_22 = getelementptr i32 %p_ZZ10top_kernelPKfS0_S0_PfE9equalized_0_1, i64 0, i64 %zext_ln91_14" [top.cpp:91]   --->   Operation 495 'getelementptr' 'p_ZZ10top_kernelPKfS0_S0_PfE9equalized_0_1_addr_22' <Predicate = (trunc_ln86 & trunc_ln85 == 4)> <Delay = 0.00>
ST_12 : Operation 496 [1/1] (0.00ns)   --->   "%p_ZZ10top_kernelPKfS0_S0_PfE9equalized_0_2_addr_2 = getelementptr i32 %p_ZZ10top_kernelPKfS0_S0_PfE9equalized_0_2, i64 0, i64 %zext_ln91_10" [top.cpp:91]   --->   Operation 496 'getelementptr' 'p_ZZ10top_kernelPKfS0_S0_PfE9equalized_0_2_addr_2' <Predicate = (trunc_ln86 & trunc_ln85 == 4)> <Delay = 0.00>
ST_12 : Operation 497 [1/1] (0.00ns)   --->   "%p_ZZ10top_kernelPKfS0_S0_PfE9equalized_0_2_addr_7 = getelementptr i32 %p_ZZ10top_kernelPKfS0_S0_PfE9equalized_0_2, i64 0, i64 %zext_ln91_11" [top.cpp:91]   --->   Operation 497 'getelementptr' 'p_ZZ10top_kernelPKfS0_S0_PfE9equalized_0_2_addr_7' <Predicate = (trunc_ln86 & trunc_ln85 == 3)> <Delay = 0.00>
ST_12 : Operation 498 [1/1] (0.00ns)   --->   "%p_ZZ10top_kernelPKfS0_S0_PfE9equalized_0_2_addr_12 = getelementptr i32 %p_ZZ10top_kernelPKfS0_S0_PfE9equalized_0_2, i64 0, i64 %zext_ln91_12" [top.cpp:91]   --->   Operation 498 'getelementptr' 'p_ZZ10top_kernelPKfS0_S0_PfE9equalized_0_2_addr_12' <Predicate = (trunc_ln86 & trunc_ln85 == 2)> <Delay = 0.00>
ST_12 : Operation 499 [1/1] (0.00ns)   --->   "%p_ZZ10top_kernelPKfS0_S0_PfE9equalized_0_2_addr_17 = getelementptr i32 %p_ZZ10top_kernelPKfS0_S0_PfE9equalized_0_2, i64 0, i64 %zext_ln91_13" [top.cpp:91]   --->   Operation 499 'getelementptr' 'p_ZZ10top_kernelPKfS0_S0_PfE9equalized_0_2_addr_17' <Predicate = (trunc_ln86 & trunc_ln85 == 1)> <Delay = 0.00>
ST_12 : Operation 500 [1/1] (0.00ns)   --->   "%p_ZZ10top_kernelPKfS0_S0_PfE9equalized_0_2_addr_22 = getelementptr i32 %p_ZZ10top_kernelPKfS0_S0_PfE9equalized_0_2, i64 0, i64 %zext_ln91_14" [top.cpp:91]   --->   Operation 500 'getelementptr' 'p_ZZ10top_kernelPKfS0_S0_PfE9equalized_0_2_addr_22' <Predicate = (trunc_ln86 & trunc_ln85 == 0)> <Delay = 0.00>
ST_12 : Operation 501 [1/1] (0.00ns)   --->   "%p_ZZ10top_kernelPKfS0_S0_PfE9equalized_0_3_addr_2 = getelementptr i32 %p_ZZ10top_kernelPKfS0_S0_PfE9equalized_0_3, i64 0, i64 %zext_ln91_10" [top.cpp:91]   --->   Operation 501 'getelementptr' 'p_ZZ10top_kernelPKfS0_S0_PfE9equalized_0_3_addr_2' <Predicate = (trunc_ln86 & trunc_ln85 == 0)> <Delay = 0.00>
ST_12 : Operation 502 [1/1] (0.00ns)   --->   "%p_ZZ10top_kernelPKfS0_S0_PfE9equalized_0_3_addr_7 = getelementptr i32 %p_ZZ10top_kernelPKfS0_S0_PfE9equalized_0_3, i64 0, i64 %zext_ln91_11" [top.cpp:91]   --->   Operation 502 'getelementptr' 'p_ZZ10top_kernelPKfS0_S0_PfE9equalized_0_3_addr_7' <Predicate = (trunc_ln86 & trunc_ln85 == 4)> <Delay = 0.00>
ST_12 : Operation 503 [1/1] (0.00ns)   --->   "%p_ZZ10top_kernelPKfS0_S0_PfE9equalized_0_3_addr_12 = getelementptr i32 %p_ZZ10top_kernelPKfS0_S0_PfE9equalized_0_3, i64 0, i64 %zext_ln91_12" [top.cpp:91]   --->   Operation 503 'getelementptr' 'p_ZZ10top_kernelPKfS0_S0_PfE9equalized_0_3_addr_12' <Predicate = (trunc_ln86 & trunc_ln85 == 3)> <Delay = 0.00>
ST_12 : Operation 504 [1/1] (0.00ns)   --->   "%p_ZZ10top_kernelPKfS0_S0_PfE9equalized_0_3_addr_17 = getelementptr i32 %p_ZZ10top_kernelPKfS0_S0_PfE9equalized_0_3, i64 0, i64 %zext_ln91_13" [top.cpp:91]   --->   Operation 504 'getelementptr' 'p_ZZ10top_kernelPKfS0_S0_PfE9equalized_0_3_addr_17' <Predicate = (trunc_ln86 & trunc_ln85 == 2)> <Delay = 0.00>
ST_12 : Operation 505 [1/1] (0.00ns)   --->   "%p_ZZ10top_kernelPKfS0_S0_PfE9equalized_0_3_addr_22 = getelementptr i32 %p_ZZ10top_kernelPKfS0_S0_PfE9equalized_0_3, i64 0, i64 %zext_ln91_14" [top.cpp:91]   --->   Operation 505 'getelementptr' 'p_ZZ10top_kernelPKfS0_S0_PfE9equalized_0_3_addr_22' <Predicate = (trunc_ln86 & trunc_ln85 == 1)> <Delay = 0.00>
ST_12 : Operation 506 [1/1] (0.00ns)   --->   "%p_ZZ10top_kernelPKfS0_S0_PfE9equalized_0_4_addr_2 = getelementptr i32 %p_ZZ10top_kernelPKfS0_S0_PfE9equalized_0_4, i64 0, i64 %zext_ln91_10" [top.cpp:91]   --->   Operation 506 'getelementptr' 'p_ZZ10top_kernelPKfS0_S0_PfE9equalized_0_4_addr_2' <Predicate = (trunc_ln86 & trunc_ln85 == 1)> <Delay = 0.00>
ST_12 : Operation 507 [1/1] (0.00ns)   --->   "%p_ZZ10top_kernelPKfS0_S0_PfE9equalized_0_4_addr_7 = getelementptr i32 %p_ZZ10top_kernelPKfS0_S0_PfE9equalized_0_4, i64 0, i64 %zext_ln91_11" [top.cpp:91]   --->   Operation 507 'getelementptr' 'p_ZZ10top_kernelPKfS0_S0_PfE9equalized_0_4_addr_7' <Predicate = (trunc_ln86 & trunc_ln85 == 0)> <Delay = 0.00>
ST_12 : Operation 508 [1/1] (0.00ns)   --->   "%p_ZZ10top_kernelPKfS0_S0_PfE9equalized_0_4_addr_12 = getelementptr i32 %p_ZZ10top_kernelPKfS0_S0_PfE9equalized_0_4, i64 0, i64 %zext_ln91_12" [top.cpp:91]   --->   Operation 508 'getelementptr' 'p_ZZ10top_kernelPKfS0_S0_PfE9equalized_0_4_addr_12' <Predicate = (trunc_ln86 & trunc_ln85 == 4)> <Delay = 0.00>
ST_12 : Operation 509 [1/1] (0.00ns)   --->   "%p_ZZ10top_kernelPKfS0_S0_PfE9equalized_0_4_addr_17 = getelementptr i32 %p_ZZ10top_kernelPKfS0_S0_PfE9equalized_0_4, i64 0, i64 %zext_ln91_13" [top.cpp:91]   --->   Operation 509 'getelementptr' 'p_ZZ10top_kernelPKfS0_S0_PfE9equalized_0_4_addr_17' <Predicate = (trunc_ln86 & trunc_ln85 == 3)> <Delay = 0.00>
ST_12 : Operation 510 [1/1] (0.00ns)   --->   "%p_ZZ10top_kernelPKfS0_S0_PfE9equalized_0_4_addr_22 = getelementptr i32 %p_ZZ10top_kernelPKfS0_S0_PfE9equalized_0_4, i64 0, i64 %zext_ln91_14" [top.cpp:91]   --->   Operation 510 'getelementptr' 'p_ZZ10top_kernelPKfS0_S0_PfE9equalized_0_4_addr_22' <Predicate = (trunc_ln86 & trunc_ln85 == 2)> <Delay = 0.00>
ST_12 : Operation 511 [1/1] (0.00ns)   --->   "%p_ZZ10top_kernelPKfS0_S0_PfE9equalized_1_0_addr_2 = getelementptr i32 %p_ZZ10top_kernelPKfS0_S0_PfE9equalized_1_0, i64 0, i64 %zext_ln91_10" [top.cpp:91]   --->   Operation 511 'getelementptr' 'p_ZZ10top_kernelPKfS0_S0_PfE9equalized_1_0_addr_2' <Predicate = (!trunc_ln86 & trunc_ln85 == 2)> <Delay = 0.00>
ST_12 : Operation 512 [1/1] (0.00ns)   --->   "%p_ZZ10top_kernelPKfS0_S0_PfE9equalized_1_0_addr_7 = getelementptr i32 %p_ZZ10top_kernelPKfS0_S0_PfE9equalized_1_0, i64 0, i64 %zext_ln91_11" [top.cpp:91]   --->   Operation 512 'getelementptr' 'p_ZZ10top_kernelPKfS0_S0_PfE9equalized_1_0_addr_7' <Predicate = (!trunc_ln86 & trunc_ln85 == 1)> <Delay = 0.00>
ST_12 : Operation 513 [1/1] (0.00ns)   --->   "%p_ZZ10top_kernelPKfS0_S0_PfE9equalized_1_0_addr_12 = getelementptr i32 %p_ZZ10top_kernelPKfS0_S0_PfE9equalized_1_0, i64 0, i64 %zext_ln91_12" [top.cpp:91]   --->   Operation 513 'getelementptr' 'p_ZZ10top_kernelPKfS0_S0_PfE9equalized_1_0_addr_12' <Predicate = (!trunc_ln86 & trunc_ln85 == 0)> <Delay = 0.00>
ST_12 : Operation 514 [1/1] (0.00ns)   --->   "%p_ZZ10top_kernelPKfS0_S0_PfE9equalized_1_0_addr_17 = getelementptr i32 %p_ZZ10top_kernelPKfS0_S0_PfE9equalized_1_0, i64 0, i64 %zext_ln91_13" [top.cpp:91]   --->   Operation 514 'getelementptr' 'p_ZZ10top_kernelPKfS0_S0_PfE9equalized_1_0_addr_17' <Predicate = (!trunc_ln86 & trunc_ln85 == 4)> <Delay = 0.00>
ST_12 : Operation 515 [1/1] (0.00ns)   --->   "%p_ZZ10top_kernelPKfS0_S0_PfE9equalized_1_0_addr_22 = getelementptr i32 %p_ZZ10top_kernelPKfS0_S0_PfE9equalized_1_0, i64 0, i64 %zext_ln91_14" [top.cpp:91]   --->   Operation 515 'getelementptr' 'p_ZZ10top_kernelPKfS0_S0_PfE9equalized_1_0_addr_22' <Predicate = (!trunc_ln86 & trunc_ln85 == 3)> <Delay = 0.00>
ST_12 : Operation 516 [1/1] (0.00ns)   --->   "%p_ZZ10top_kernelPKfS0_S0_PfE9equalized_1_1_addr_2 = getelementptr i32 %p_ZZ10top_kernelPKfS0_S0_PfE9equalized_1_1, i64 0, i64 %zext_ln91_10" [top.cpp:91]   --->   Operation 516 'getelementptr' 'p_ZZ10top_kernelPKfS0_S0_PfE9equalized_1_1_addr_2' <Predicate = (!trunc_ln86 & trunc_ln85 == 3)> <Delay = 0.00>
ST_12 : Operation 517 [1/1] (0.00ns)   --->   "%p_ZZ10top_kernelPKfS0_S0_PfE9equalized_1_1_addr_7 = getelementptr i32 %p_ZZ10top_kernelPKfS0_S0_PfE9equalized_1_1, i64 0, i64 %zext_ln91_11" [top.cpp:91]   --->   Operation 517 'getelementptr' 'p_ZZ10top_kernelPKfS0_S0_PfE9equalized_1_1_addr_7' <Predicate = (!trunc_ln86 & trunc_ln85 == 2)> <Delay = 0.00>
ST_12 : Operation 518 [1/1] (0.00ns)   --->   "%p_ZZ10top_kernelPKfS0_S0_PfE9equalized_1_1_addr_12 = getelementptr i32 %p_ZZ10top_kernelPKfS0_S0_PfE9equalized_1_1, i64 0, i64 %zext_ln91_12" [top.cpp:91]   --->   Operation 518 'getelementptr' 'p_ZZ10top_kernelPKfS0_S0_PfE9equalized_1_1_addr_12' <Predicate = (!trunc_ln86 & trunc_ln85 == 1)> <Delay = 0.00>
ST_12 : Operation 519 [1/1] (0.00ns)   --->   "%p_ZZ10top_kernelPKfS0_S0_PfE9equalized_1_1_addr_17 = getelementptr i32 %p_ZZ10top_kernelPKfS0_S0_PfE9equalized_1_1, i64 0, i64 %zext_ln91_13" [top.cpp:91]   --->   Operation 519 'getelementptr' 'p_ZZ10top_kernelPKfS0_S0_PfE9equalized_1_1_addr_17' <Predicate = (!trunc_ln86 & trunc_ln85 == 0)> <Delay = 0.00>
ST_12 : Operation 520 [1/1] (0.00ns)   --->   "%p_ZZ10top_kernelPKfS0_S0_PfE9equalized_1_1_addr_22 = getelementptr i32 %p_ZZ10top_kernelPKfS0_S0_PfE9equalized_1_1, i64 0, i64 %zext_ln91_14" [top.cpp:91]   --->   Operation 520 'getelementptr' 'p_ZZ10top_kernelPKfS0_S0_PfE9equalized_1_1_addr_22' <Predicate = (!trunc_ln86 & trunc_ln85 == 4)> <Delay = 0.00>
ST_12 : Operation 521 [1/1] (0.00ns)   --->   "%p_ZZ10top_kernelPKfS0_S0_PfE9equalized_1_2_addr_2 = getelementptr i32 %p_ZZ10top_kernelPKfS0_S0_PfE9equalized_1_2, i64 0, i64 %zext_ln91_10" [top.cpp:91]   --->   Operation 521 'getelementptr' 'p_ZZ10top_kernelPKfS0_S0_PfE9equalized_1_2_addr_2' <Predicate = (!trunc_ln86 & trunc_ln85 == 4)> <Delay = 0.00>
ST_12 : Operation 522 [1/1] (0.00ns)   --->   "%p_ZZ10top_kernelPKfS0_S0_PfE9equalized_1_2_addr_7 = getelementptr i32 %p_ZZ10top_kernelPKfS0_S0_PfE9equalized_1_2, i64 0, i64 %zext_ln91_11" [top.cpp:91]   --->   Operation 522 'getelementptr' 'p_ZZ10top_kernelPKfS0_S0_PfE9equalized_1_2_addr_7' <Predicate = (!trunc_ln86 & trunc_ln85 == 3)> <Delay = 0.00>
ST_12 : Operation 523 [1/1] (0.00ns)   --->   "%p_ZZ10top_kernelPKfS0_S0_PfE9equalized_1_2_addr_12 = getelementptr i32 %p_ZZ10top_kernelPKfS0_S0_PfE9equalized_1_2, i64 0, i64 %zext_ln91_12" [top.cpp:91]   --->   Operation 523 'getelementptr' 'p_ZZ10top_kernelPKfS0_S0_PfE9equalized_1_2_addr_12' <Predicate = (!trunc_ln86 & trunc_ln85 == 2)> <Delay = 0.00>
ST_12 : Operation 524 [1/1] (0.00ns)   --->   "%p_ZZ10top_kernelPKfS0_S0_PfE9equalized_1_2_addr_17 = getelementptr i32 %p_ZZ10top_kernelPKfS0_S0_PfE9equalized_1_2, i64 0, i64 %zext_ln91_13" [top.cpp:91]   --->   Operation 524 'getelementptr' 'p_ZZ10top_kernelPKfS0_S0_PfE9equalized_1_2_addr_17' <Predicate = (!trunc_ln86 & trunc_ln85 == 1)> <Delay = 0.00>
ST_12 : Operation 525 [1/1] (0.00ns)   --->   "%p_ZZ10top_kernelPKfS0_S0_PfE9equalized_1_2_addr_22 = getelementptr i32 %p_ZZ10top_kernelPKfS0_S0_PfE9equalized_1_2, i64 0, i64 %zext_ln91_14" [top.cpp:91]   --->   Operation 525 'getelementptr' 'p_ZZ10top_kernelPKfS0_S0_PfE9equalized_1_2_addr_22' <Predicate = (!trunc_ln86 & trunc_ln85 == 0)> <Delay = 0.00>
ST_12 : Operation 526 [1/1] (0.00ns)   --->   "%p_ZZ10top_kernelPKfS0_S0_PfE9equalized_1_3_addr_2 = getelementptr i32 %p_ZZ10top_kernelPKfS0_S0_PfE9equalized_1_3, i64 0, i64 %zext_ln91_10" [top.cpp:91]   --->   Operation 526 'getelementptr' 'p_ZZ10top_kernelPKfS0_S0_PfE9equalized_1_3_addr_2' <Predicate = (!trunc_ln86 & trunc_ln85 == 0)> <Delay = 0.00>
ST_12 : Operation 527 [1/1] (0.00ns)   --->   "%p_ZZ10top_kernelPKfS0_S0_PfE9equalized_1_3_addr_7 = getelementptr i32 %p_ZZ10top_kernelPKfS0_S0_PfE9equalized_1_3, i64 0, i64 %zext_ln91_11" [top.cpp:91]   --->   Operation 527 'getelementptr' 'p_ZZ10top_kernelPKfS0_S0_PfE9equalized_1_3_addr_7' <Predicate = (!trunc_ln86 & trunc_ln85 == 4)> <Delay = 0.00>
ST_12 : Operation 528 [1/1] (0.00ns)   --->   "%p_ZZ10top_kernelPKfS0_S0_PfE9equalized_1_3_addr_12 = getelementptr i32 %p_ZZ10top_kernelPKfS0_S0_PfE9equalized_1_3, i64 0, i64 %zext_ln91_12" [top.cpp:91]   --->   Operation 528 'getelementptr' 'p_ZZ10top_kernelPKfS0_S0_PfE9equalized_1_3_addr_12' <Predicate = (!trunc_ln86 & trunc_ln85 == 3)> <Delay = 0.00>
ST_12 : Operation 529 [1/1] (0.00ns)   --->   "%p_ZZ10top_kernelPKfS0_S0_PfE9equalized_1_3_addr_17 = getelementptr i32 %p_ZZ10top_kernelPKfS0_S0_PfE9equalized_1_3, i64 0, i64 %zext_ln91_13" [top.cpp:91]   --->   Operation 529 'getelementptr' 'p_ZZ10top_kernelPKfS0_S0_PfE9equalized_1_3_addr_17' <Predicate = (!trunc_ln86 & trunc_ln85 == 2)> <Delay = 0.00>
ST_12 : Operation 530 [1/1] (0.00ns)   --->   "%p_ZZ10top_kernelPKfS0_S0_PfE9equalized_1_3_addr_22 = getelementptr i32 %p_ZZ10top_kernelPKfS0_S0_PfE9equalized_1_3, i64 0, i64 %zext_ln91_14" [top.cpp:91]   --->   Operation 530 'getelementptr' 'p_ZZ10top_kernelPKfS0_S0_PfE9equalized_1_3_addr_22' <Predicate = (!trunc_ln86 & trunc_ln85 == 1)> <Delay = 0.00>
ST_12 : Operation 531 [1/1] (0.00ns)   --->   "%p_ZZ10top_kernelPKfS0_S0_PfE9equalized_1_4_addr_2 = getelementptr i32 %p_ZZ10top_kernelPKfS0_S0_PfE9equalized_1_4, i64 0, i64 %zext_ln91_10" [top.cpp:91]   --->   Operation 531 'getelementptr' 'p_ZZ10top_kernelPKfS0_S0_PfE9equalized_1_4_addr_2' <Predicate = (!trunc_ln86 & trunc_ln85 == 1)> <Delay = 0.00>
ST_12 : Operation 532 [1/1] (0.00ns)   --->   "%p_ZZ10top_kernelPKfS0_S0_PfE9equalized_1_4_addr_7 = getelementptr i32 %p_ZZ10top_kernelPKfS0_S0_PfE9equalized_1_4, i64 0, i64 %zext_ln91_11" [top.cpp:91]   --->   Operation 532 'getelementptr' 'p_ZZ10top_kernelPKfS0_S0_PfE9equalized_1_4_addr_7' <Predicate = (!trunc_ln86 & trunc_ln85 == 0)> <Delay = 0.00>
ST_12 : Operation 533 [1/1] (0.00ns)   --->   "%p_ZZ10top_kernelPKfS0_S0_PfE9equalized_1_4_addr_12 = getelementptr i32 %p_ZZ10top_kernelPKfS0_S0_PfE9equalized_1_4, i64 0, i64 %zext_ln91_12" [top.cpp:91]   --->   Operation 533 'getelementptr' 'p_ZZ10top_kernelPKfS0_S0_PfE9equalized_1_4_addr_12' <Predicate = (!trunc_ln86 & trunc_ln85 == 4)> <Delay = 0.00>
ST_12 : Operation 534 [1/1] (0.00ns)   --->   "%p_ZZ10top_kernelPKfS0_S0_PfE9equalized_1_4_addr_17 = getelementptr i32 %p_ZZ10top_kernelPKfS0_S0_PfE9equalized_1_4, i64 0, i64 %zext_ln91_13" [top.cpp:91]   --->   Operation 534 'getelementptr' 'p_ZZ10top_kernelPKfS0_S0_PfE9equalized_1_4_addr_17' <Predicate = (!trunc_ln86 & trunc_ln85 == 3)> <Delay = 0.00>
ST_12 : Operation 535 [1/1] (0.00ns)   --->   "%p_ZZ10top_kernelPKfS0_S0_PfE9equalized_1_4_addr_22 = getelementptr i32 %p_ZZ10top_kernelPKfS0_S0_PfE9equalized_1_4, i64 0, i64 %zext_ln91_14" [top.cpp:91]   --->   Operation 535 'getelementptr' 'p_ZZ10top_kernelPKfS0_S0_PfE9equalized_1_4_addr_22' <Predicate = (!trunc_ln86 & trunc_ln85 == 2)> <Delay = 0.00>
ST_12 : Operation 536 [2/2] (1.35ns)   --->   "%p_ZZ10top_kernelPKfS0_S0_PfE9equalized_0_0_load_1 = load i9 %p_ZZ10top_kernelPKfS0_S0_PfE9equalized_0_0_addr_2" [top.cpp:91]   --->   Operation 536 'load' 'p_ZZ10top_kernelPKfS0_S0_PfE9equalized_0_0_load_1' <Predicate = (trunc_ln86 & trunc_ln85 == 2)> <Delay = 1.35> <CoreInst = "RAM">   --->   Core 82 'RAM' <Latency = 1> <II = 1> <Delay = 1.35> <Storage> <Opcode : 'load' 'store'> <Ports = 2> <Width = 32> <Depth = 416> <RAM>
ST_12 : Operation 537 [2/2] (1.35ns)   --->   "%p_ZZ10top_kernelPKfS0_S0_PfE9equalized_0_1_load_1 = load i9 %p_ZZ10top_kernelPKfS0_S0_PfE9equalized_0_1_addr_2" [top.cpp:91]   --->   Operation 537 'load' 'p_ZZ10top_kernelPKfS0_S0_PfE9equalized_0_1_load_1' <Predicate = (trunc_ln86 & trunc_ln85 == 3)> <Delay = 1.35> <CoreInst = "RAM">   --->   Core 82 'RAM' <Latency = 1> <II = 1> <Delay = 1.35> <Storage> <Opcode : 'load' 'store'> <Ports = 2> <Width = 32> <Depth = 416> <RAM>
ST_12 : Operation 538 [2/2] (1.35ns)   --->   "%p_ZZ10top_kernelPKfS0_S0_PfE9equalized_0_2_load_1 = load i9 %p_ZZ10top_kernelPKfS0_S0_PfE9equalized_0_2_addr_2" [top.cpp:91]   --->   Operation 538 'load' 'p_ZZ10top_kernelPKfS0_S0_PfE9equalized_0_2_load_1' <Predicate = (trunc_ln86 & trunc_ln85 == 4)> <Delay = 1.35> <CoreInst = "RAM">   --->   Core 82 'RAM' <Latency = 1> <II = 1> <Delay = 1.35> <Storage> <Opcode : 'load' 'store'> <Ports = 2> <Width = 32> <Depth = 416> <RAM>
ST_12 : Operation 539 [2/2] (1.35ns)   --->   "%p_ZZ10top_kernelPKfS0_S0_PfE9equalized_0_3_load_1 = load i9 %p_ZZ10top_kernelPKfS0_S0_PfE9equalized_0_3_addr_2" [top.cpp:91]   --->   Operation 539 'load' 'p_ZZ10top_kernelPKfS0_S0_PfE9equalized_0_3_load_1' <Predicate = (trunc_ln86 & trunc_ln85 == 0)> <Delay = 1.35> <CoreInst = "RAM">   --->   Core 82 'RAM' <Latency = 1> <II = 1> <Delay = 1.35> <Storage> <Opcode : 'load' 'store'> <Ports = 2> <Width = 32> <Depth = 416> <RAM>
ST_12 : Operation 540 [2/2] (1.35ns)   --->   "%p_ZZ10top_kernelPKfS0_S0_PfE9equalized_0_4_load_1 = load i9 %p_ZZ10top_kernelPKfS0_S0_PfE9equalized_0_4_addr_2" [top.cpp:91]   --->   Operation 540 'load' 'p_ZZ10top_kernelPKfS0_S0_PfE9equalized_0_4_load_1' <Predicate = (trunc_ln86 & trunc_ln85 == 1)> <Delay = 1.35> <CoreInst = "RAM">   --->   Core 82 'RAM' <Latency = 1> <II = 1> <Delay = 1.35> <Storage> <Opcode : 'load' 'store'> <Ports = 2> <Width = 32> <Depth = 416> <RAM>
ST_12 : Operation 541 [2/2] (1.35ns)   --->   "%p_ZZ10top_kernelPKfS0_S0_PfE9equalized_1_0_load_1 = load i9 %p_ZZ10top_kernelPKfS0_S0_PfE9equalized_1_0_addr_2" [top.cpp:91]   --->   Operation 541 'load' 'p_ZZ10top_kernelPKfS0_S0_PfE9equalized_1_0_load_1' <Predicate = (!trunc_ln86 & trunc_ln85 == 2)> <Delay = 1.35> <CoreInst = "RAM">   --->   Core 82 'RAM' <Latency = 1> <II = 1> <Delay = 1.35> <Storage> <Opcode : 'load' 'store'> <Ports = 2> <Width = 32> <Depth = 416> <RAM>
ST_12 : Operation 542 [2/2] (1.35ns)   --->   "%p_ZZ10top_kernelPKfS0_S0_PfE9equalized_1_1_load_1 = load i9 %p_ZZ10top_kernelPKfS0_S0_PfE9equalized_1_1_addr_2" [top.cpp:91]   --->   Operation 542 'load' 'p_ZZ10top_kernelPKfS0_S0_PfE9equalized_1_1_load_1' <Predicate = (!trunc_ln86 & trunc_ln85 == 3)> <Delay = 1.35> <CoreInst = "RAM">   --->   Core 82 'RAM' <Latency = 1> <II = 1> <Delay = 1.35> <Storage> <Opcode : 'load' 'store'> <Ports = 2> <Width = 32> <Depth = 416> <RAM>
ST_12 : Operation 543 [2/2] (1.35ns)   --->   "%p_ZZ10top_kernelPKfS0_S0_PfE9equalized_1_2_load_1 = load i9 %p_ZZ10top_kernelPKfS0_S0_PfE9equalized_1_2_addr_2" [top.cpp:91]   --->   Operation 543 'load' 'p_ZZ10top_kernelPKfS0_S0_PfE9equalized_1_2_load_1' <Predicate = (!trunc_ln86 & trunc_ln85 == 4)> <Delay = 1.35> <CoreInst = "RAM">   --->   Core 82 'RAM' <Latency = 1> <II = 1> <Delay = 1.35> <Storage> <Opcode : 'load' 'store'> <Ports = 2> <Width = 32> <Depth = 416> <RAM>
ST_12 : Operation 544 [2/2] (1.35ns)   --->   "%p_ZZ10top_kernelPKfS0_S0_PfE9equalized_1_3_load_1 = load i9 %p_ZZ10top_kernelPKfS0_S0_PfE9equalized_1_3_addr_2" [top.cpp:91]   --->   Operation 544 'load' 'p_ZZ10top_kernelPKfS0_S0_PfE9equalized_1_3_load_1' <Predicate = (!trunc_ln86 & trunc_ln85 == 0)> <Delay = 1.35> <CoreInst = "RAM">   --->   Core 82 'RAM' <Latency = 1> <II = 1> <Delay = 1.35> <Storage> <Opcode : 'load' 'store'> <Ports = 2> <Width = 32> <Depth = 416> <RAM>
ST_12 : Operation 545 [2/2] (1.35ns)   --->   "%p_ZZ10top_kernelPKfS0_S0_PfE9equalized_1_4_load_1 = load i9 %p_ZZ10top_kernelPKfS0_S0_PfE9equalized_1_4_addr_2" [top.cpp:91]   --->   Operation 545 'load' 'p_ZZ10top_kernelPKfS0_S0_PfE9equalized_1_4_load_1' <Predicate = (!trunc_ln86 & trunc_ln85 == 1)> <Delay = 1.35> <CoreInst = "RAM">   --->   Core 82 'RAM' <Latency = 1> <II = 1> <Delay = 1.35> <Storage> <Opcode : 'load' 'store'> <Ports = 2> <Width = 32> <Depth = 416> <RAM>
ST_12 : Operation 546 [2/2] (1.35ns)   --->   "%p_ZZ10top_kernelPKfS0_S0_PfE9equalized_0_0_load_2 = load i9 %p_ZZ10top_kernelPKfS0_S0_PfE9equalized_0_0_addr" [top.cpp:91]   --->   Operation 546 'load' 'p_ZZ10top_kernelPKfS0_S0_PfE9equalized_0_0_load_2' <Predicate = (!trunc_ln86 & trunc_ln85 == 2)> <Delay = 1.35> <CoreInst = "RAM">   --->   Core 82 'RAM' <Latency = 1> <II = 1> <Delay = 1.35> <Storage> <Opcode : 'load' 'store'> <Ports = 2> <Width = 32> <Depth = 416> <RAM>
ST_12 : Operation 547 [2/2] (1.35ns)   --->   "%p_ZZ10top_kernelPKfS0_S0_PfE9equalized_0_1_load_2 = load i9 %p_ZZ10top_kernelPKfS0_S0_PfE9equalized_0_1_addr" [top.cpp:91]   --->   Operation 547 'load' 'p_ZZ10top_kernelPKfS0_S0_PfE9equalized_0_1_load_2' <Predicate = (!trunc_ln86 & trunc_ln85 == 3)> <Delay = 1.35> <CoreInst = "RAM">   --->   Core 82 'RAM' <Latency = 1> <II = 1> <Delay = 1.35> <Storage> <Opcode : 'load' 'store'> <Ports = 2> <Width = 32> <Depth = 416> <RAM>
ST_12 : Operation 548 [2/2] (1.35ns)   --->   "%p_ZZ10top_kernelPKfS0_S0_PfE9equalized_0_2_load_2 = load i9 %p_ZZ10top_kernelPKfS0_S0_PfE9equalized_0_2_addr" [top.cpp:91]   --->   Operation 548 'load' 'p_ZZ10top_kernelPKfS0_S0_PfE9equalized_0_2_load_2' <Predicate = (!trunc_ln86 & trunc_ln85 == 4)> <Delay = 1.35> <CoreInst = "RAM">   --->   Core 82 'RAM' <Latency = 1> <II = 1> <Delay = 1.35> <Storage> <Opcode : 'load' 'store'> <Ports = 2> <Width = 32> <Depth = 416> <RAM>
ST_12 : Operation 549 [2/2] (1.35ns)   --->   "%p_ZZ10top_kernelPKfS0_S0_PfE9equalized_0_3_load_2 = load i9 %p_ZZ10top_kernelPKfS0_S0_PfE9equalized_0_3_addr" [top.cpp:91]   --->   Operation 549 'load' 'p_ZZ10top_kernelPKfS0_S0_PfE9equalized_0_3_load_2' <Predicate = (!trunc_ln86 & trunc_ln85 == 0)> <Delay = 1.35> <CoreInst = "RAM">   --->   Core 82 'RAM' <Latency = 1> <II = 1> <Delay = 1.35> <Storage> <Opcode : 'load' 'store'> <Ports = 2> <Width = 32> <Depth = 416> <RAM>
ST_12 : Operation 550 [2/2] (1.35ns)   --->   "%p_ZZ10top_kernelPKfS0_S0_PfE9equalized_0_4_load_2 = load i9 %p_ZZ10top_kernelPKfS0_S0_PfE9equalized_0_4_addr" [top.cpp:91]   --->   Operation 550 'load' 'p_ZZ10top_kernelPKfS0_S0_PfE9equalized_0_4_load_2' <Predicate = (!trunc_ln86 & trunc_ln85 == 1)> <Delay = 1.35> <CoreInst = "RAM">   --->   Core 82 'RAM' <Latency = 1> <II = 1> <Delay = 1.35> <Storage> <Opcode : 'load' 'store'> <Ports = 2> <Width = 32> <Depth = 416> <RAM>
ST_12 : Operation 551 [2/2] (1.35ns)   --->   "%p_ZZ10top_kernelPKfS0_S0_PfE9equalized_1_0_load_2 = load i9 %p_ZZ10top_kernelPKfS0_S0_PfE9equalized_1_0_addr" [top.cpp:91]   --->   Operation 551 'load' 'p_ZZ10top_kernelPKfS0_S0_PfE9equalized_1_0_load_2' <Predicate = (trunc_ln86 & trunc_ln85 == 2)> <Delay = 1.35> <CoreInst = "RAM">   --->   Core 82 'RAM' <Latency = 1> <II = 1> <Delay = 1.35> <Storage> <Opcode : 'load' 'store'> <Ports = 2> <Width = 32> <Depth = 416> <RAM>
ST_12 : Operation 552 [2/2] (1.35ns)   --->   "%p_ZZ10top_kernelPKfS0_S0_PfE9equalized_1_1_load_2 = load i9 %p_ZZ10top_kernelPKfS0_S0_PfE9equalized_1_1_addr" [top.cpp:91]   --->   Operation 552 'load' 'p_ZZ10top_kernelPKfS0_S0_PfE9equalized_1_1_load_2' <Predicate = (trunc_ln86 & trunc_ln85 == 3)> <Delay = 1.35> <CoreInst = "RAM">   --->   Core 82 'RAM' <Latency = 1> <II = 1> <Delay = 1.35> <Storage> <Opcode : 'load' 'store'> <Ports = 2> <Width = 32> <Depth = 416> <RAM>
ST_12 : Operation 553 [2/2] (1.35ns)   --->   "%p_ZZ10top_kernelPKfS0_S0_PfE9equalized_1_2_load_2 = load i9 %p_ZZ10top_kernelPKfS0_S0_PfE9equalized_1_2_addr" [top.cpp:91]   --->   Operation 553 'load' 'p_ZZ10top_kernelPKfS0_S0_PfE9equalized_1_2_load_2' <Predicate = (trunc_ln86 & trunc_ln85 == 4)> <Delay = 1.35> <CoreInst = "RAM">   --->   Core 82 'RAM' <Latency = 1> <II = 1> <Delay = 1.35> <Storage> <Opcode : 'load' 'store'> <Ports = 2> <Width = 32> <Depth = 416> <RAM>
ST_12 : Operation 554 [2/2] (1.35ns)   --->   "%p_ZZ10top_kernelPKfS0_S0_PfE9equalized_1_3_load_2 = load i9 %p_ZZ10top_kernelPKfS0_S0_PfE9equalized_1_3_addr" [top.cpp:91]   --->   Operation 554 'load' 'p_ZZ10top_kernelPKfS0_S0_PfE9equalized_1_3_load_2' <Predicate = (trunc_ln86 & trunc_ln85 == 0)> <Delay = 1.35> <CoreInst = "RAM">   --->   Core 82 'RAM' <Latency = 1> <II = 1> <Delay = 1.35> <Storage> <Opcode : 'load' 'store'> <Ports = 2> <Width = 32> <Depth = 416> <RAM>
ST_12 : Operation 555 [2/2] (1.35ns)   --->   "%p_ZZ10top_kernelPKfS0_S0_PfE9equalized_1_4_load_2 = load i9 %p_ZZ10top_kernelPKfS0_S0_PfE9equalized_1_4_addr" [top.cpp:91]   --->   Operation 555 'load' 'p_ZZ10top_kernelPKfS0_S0_PfE9equalized_1_4_load_2' <Predicate = (trunc_ln86 & trunc_ln85 == 1)> <Delay = 1.35> <CoreInst = "RAM">   --->   Core 82 'RAM' <Latency = 1> <II = 1> <Delay = 1.35> <Storage> <Opcode : 'load' 'store'> <Ports = 2> <Width = 32> <Depth = 416> <RAM>
ST_12 : Operation 556 [1/1] (0.00ns)   --->   "%tmp_75 = bitconcatenate i9 @_ssdm_op_BitConcatenate.i9.i4.i5, i4 %tmp_122_cast, i5 %lshr_ln91_2" [top.cpp:91]   --->   Operation 556 'bitconcatenate' 'tmp_75' <Predicate = true> <Delay = 0.00>
ST_12 : Operation 557 [1/1] (0.00ns)   --->   "%zext_ln91_15 = zext i9 %tmp_75" [top.cpp:91]   --->   Operation 557 'zext' 'zext_ln91_15' <Predicate = true> <Delay = 0.00>
ST_12 : Operation 558 [1/1] (0.00ns)   --->   "%p_ZZ10top_kernelPKfS0_S0_PfE9equalized_0_0_addr_4 = getelementptr i32 %p_ZZ10top_kernelPKfS0_S0_PfE9equalized_0_0, i64 0, i64 %zext_ln91_15" [top.cpp:91]   --->   Operation 558 'getelementptr' 'p_ZZ10top_kernelPKfS0_S0_PfE9equalized_0_0_addr_4' <Predicate = (trunc_ln86 & trunc_ln85 == 2)> <Delay = 0.00>
ST_12 : Operation 559 [1/1] (0.00ns)   --->   "%tmp_76 = bitconcatenate i9 @_ssdm_op_BitConcatenate.i9.i4.i5, i4 %tmp_123_cast, i5 %lshr_ln91_2" [top.cpp:91]   --->   Operation 559 'bitconcatenate' 'tmp_76' <Predicate = true> <Delay = 0.00>
ST_12 : Operation 560 [1/1] (0.00ns)   --->   "%zext_ln91_16 = zext i9 %tmp_76" [top.cpp:91]   --->   Operation 560 'zext' 'zext_ln91_16' <Predicate = true> <Delay = 0.00>
ST_12 : Operation 561 [1/1] (0.00ns)   --->   "%p_ZZ10top_kernelPKfS0_S0_PfE9equalized_0_0_addr_9 = getelementptr i32 %p_ZZ10top_kernelPKfS0_S0_PfE9equalized_0_0, i64 0, i64 %zext_ln91_16" [top.cpp:91]   --->   Operation 561 'getelementptr' 'p_ZZ10top_kernelPKfS0_S0_PfE9equalized_0_0_addr_9' <Predicate = (trunc_ln86 & trunc_ln85 == 1)> <Delay = 0.00>
ST_12 : Operation 562 [1/1] (0.00ns)   --->   "%tmp_77 = bitconcatenate i9 @_ssdm_op_BitConcatenate.i9.i4.i5, i4 %tmp_120_cast, i5 %lshr_ln91_2" [top.cpp:91]   --->   Operation 562 'bitconcatenate' 'tmp_77' <Predicate = true> <Delay = 0.00>
ST_12 : Operation 563 [1/1] (0.00ns)   --->   "%zext_ln91_17 = zext i9 %tmp_77" [top.cpp:91]   --->   Operation 563 'zext' 'zext_ln91_17' <Predicate = true> <Delay = 0.00>
ST_12 : Operation 564 [1/1] (0.00ns)   --->   "%p_ZZ10top_kernelPKfS0_S0_PfE9equalized_0_0_addr_14 = getelementptr i32 %p_ZZ10top_kernelPKfS0_S0_PfE9equalized_0_0, i64 0, i64 %zext_ln91_17" [top.cpp:91]   --->   Operation 564 'getelementptr' 'p_ZZ10top_kernelPKfS0_S0_PfE9equalized_0_0_addr_14' <Predicate = (trunc_ln86 & trunc_ln85 == 0)> <Delay = 0.00>
ST_12 : Operation 565 [1/1] (0.00ns)   --->   "%tmp_78 = bitconcatenate i9 @_ssdm_op_BitConcatenate.i9.i4.i5, i4 %tmp_121_cast, i5 %lshr_ln91_2" [top.cpp:91]   --->   Operation 565 'bitconcatenate' 'tmp_78' <Predicate = true> <Delay = 0.00>
ST_12 : Operation 566 [1/1] (0.00ns)   --->   "%zext_ln91_18 = zext i9 %tmp_78" [top.cpp:91]   --->   Operation 566 'zext' 'zext_ln91_18' <Predicate = true> <Delay = 0.00>
ST_12 : Operation 567 [1/1] (0.00ns)   --->   "%p_ZZ10top_kernelPKfS0_S0_PfE9equalized_0_0_addr_19 = getelementptr i32 %p_ZZ10top_kernelPKfS0_S0_PfE9equalized_0_0, i64 0, i64 %zext_ln91_18" [top.cpp:91]   --->   Operation 567 'getelementptr' 'p_ZZ10top_kernelPKfS0_S0_PfE9equalized_0_0_addr_19' <Predicate = (trunc_ln86 & trunc_ln85 == 4)> <Delay = 0.00>
ST_12 : Operation 568 [1/1] (0.00ns)   --->   "%tmp_79 = bitconcatenate i9 @_ssdm_op_BitConcatenate.i9.i4.i5, i4 %tmp_124_cast, i5 %lshr_ln91_2" [top.cpp:91]   --->   Operation 568 'bitconcatenate' 'tmp_79' <Predicate = true> <Delay = 0.00>
ST_12 : Operation 569 [1/1] (0.00ns)   --->   "%zext_ln91_19 = zext i9 %tmp_79" [top.cpp:91]   --->   Operation 569 'zext' 'zext_ln91_19' <Predicate = true> <Delay = 0.00>
ST_12 : Operation 570 [1/1] (0.00ns)   --->   "%p_ZZ10top_kernelPKfS0_S0_PfE9equalized_0_0_addr_23 = getelementptr i32 %p_ZZ10top_kernelPKfS0_S0_PfE9equalized_0_0, i64 0, i64 %zext_ln91_19" [top.cpp:91]   --->   Operation 570 'getelementptr' 'p_ZZ10top_kernelPKfS0_S0_PfE9equalized_0_0_addr_23' <Predicate = (trunc_ln86 & trunc_ln85 == 3)> <Delay = 0.00>
ST_12 : Operation 571 [1/1] (0.00ns)   --->   "%p_ZZ10top_kernelPKfS0_S0_PfE9equalized_0_1_addr_4 = getelementptr i32 %p_ZZ10top_kernelPKfS0_S0_PfE9equalized_0_1, i64 0, i64 %zext_ln91_15" [top.cpp:91]   --->   Operation 571 'getelementptr' 'p_ZZ10top_kernelPKfS0_S0_PfE9equalized_0_1_addr_4' <Predicate = (trunc_ln86 & trunc_ln85 == 3)> <Delay = 0.00>
ST_12 : Operation 572 [1/1] (0.00ns)   --->   "%p_ZZ10top_kernelPKfS0_S0_PfE9equalized_0_1_addr_9 = getelementptr i32 %p_ZZ10top_kernelPKfS0_S0_PfE9equalized_0_1, i64 0, i64 %zext_ln91_16" [top.cpp:91]   --->   Operation 572 'getelementptr' 'p_ZZ10top_kernelPKfS0_S0_PfE9equalized_0_1_addr_9' <Predicate = (trunc_ln86 & trunc_ln85 == 2)> <Delay = 0.00>
ST_12 : Operation 573 [1/1] (0.00ns)   --->   "%p_ZZ10top_kernelPKfS0_S0_PfE9equalized_0_1_addr_14 = getelementptr i32 %p_ZZ10top_kernelPKfS0_S0_PfE9equalized_0_1, i64 0, i64 %zext_ln91_17" [top.cpp:91]   --->   Operation 573 'getelementptr' 'p_ZZ10top_kernelPKfS0_S0_PfE9equalized_0_1_addr_14' <Predicate = (trunc_ln86 & trunc_ln85 == 1)> <Delay = 0.00>
ST_12 : Operation 574 [1/1] (0.00ns)   --->   "%p_ZZ10top_kernelPKfS0_S0_PfE9equalized_0_1_addr_19 = getelementptr i32 %p_ZZ10top_kernelPKfS0_S0_PfE9equalized_0_1, i64 0, i64 %zext_ln91_18" [top.cpp:91]   --->   Operation 574 'getelementptr' 'p_ZZ10top_kernelPKfS0_S0_PfE9equalized_0_1_addr_19' <Predicate = (trunc_ln86 & trunc_ln85 == 0)> <Delay = 0.00>
ST_12 : Operation 575 [1/1] (0.00ns)   --->   "%p_ZZ10top_kernelPKfS0_S0_PfE9equalized_0_1_addr_23 = getelementptr i32 %p_ZZ10top_kernelPKfS0_S0_PfE9equalized_0_1, i64 0, i64 %zext_ln91_19" [top.cpp:91]   --->   Operation 575 'getelementptr' 'p_ZZ10top_kernelPKfS0_S0_PfE9equalized_0_1_addr_23' <Predicate = (trunc_ln86 & trunc_ln85 == 4)> <Delay = 0.00>
ST_12 : Operation 576 [1/1] (0.00ns)   --->   "%p_ZZ10top_kernelPKfS0_S0_PfE9equalized_0_2_addr_4 = getelementptr i32 %p_ZZ10top_kernelPKfS0_S0_PfE9equalized_0_2, i64 0, i64 %zext_ln91_15" [top.cpp:91]   --->   Operation 576 'getelementptr' 'p_ZZ10top_kernelPKfS0_S0_PfE9equalized_0_2_addr_4' <Predicate = (trunc_ln86 & trunc_ln85 == 4)> <Delay = 0.00>
ST_12 : Operation 577 [1/1] (0.00ns)   --->   "%p_ZZ10top_kernelPKfS0_S0_PfE9equalized_0_2_addr_9 = getelementptr i32 %p_ZZ10top_kernelPKfS0_S0_PfE9equalized_0_2, i64 0, i64 %zext_ln91_16" [top.cpp:91]   --->   Operation 577 'getelementptr' 'p_ZZ10top_kernelPKfS0_S0_PfE9equalized_0_2_addr_9' <Predicate = (trunc_ln86 & trunc_ln85 == 3)> <Delay = 0.00>
ST_12 : Operation 578 [1/1] (0.00ns)   --->   "%p_ZZ10top_kernelPKfS0_S0_PfE9equalized_0_2_addr_14 = getelementptr i32 %p_ZZ10top_kernelPKfS0_S0_PfE9equalized_0_2, i64 0, i64 %zext_ln91_17" [top.cpp:91]   --->   Operation 578 'getelementptr' 'p_ZZ10top_kernelPKfS0_S0_PfE9equalized_0_2_addr_14' <Predicate = (trunc_ln86 & trunc_ln85 == 2)> <Delay = 0.00>
ST_12 : Operation 579 [1/1] (0.00ns)   --->   "%p_ZZ10top_kernelPKfS0_S0_PfE9equalized_0_2_addr_19 = getelementptr i32 %p_ZZ10top_kernelPKfS0_S0_PfE9equalized_0_2, i64 0, i64 %zext_ln91_18" [top.cpp:91]   --->   Operation 579 'getelementptr' 'p_ZZ10top_kernelPKfS0_S0_PfE9equalized_0_2_addr_19' <Predicate = (trunc_ln86 & trunc_ln85 == 1)> <Delay = 0.00>
ST_12 : Operation 580 [1/1] (0.00ns)   --->   "%p_ZZ10top_kernelPKfS0_S0_PfE9equalized_0_2_addr_23 = getelementptr i32 %p_ZZ10top_kernelPKfS0_S0_PfE9equalized_0_2, i64 0, i64 %zext_ln91_19" [top.cpp:91]   --->   Operation 580 'getelementptr' 'p_ZZ10top_kernelPKfS0_S0_PfE9equalized_0_2_addr_23' <Predicate = (trunc_ln86 & trunc_ln85 == 0)> <Delay = 0.00>
ST_12 : Operation 581 [1/1] (0.00ns)   --->   "%p_ZZ10top_kernelPKfS0_S0_PfE9equalized_0_3_addr_4 = getelementptr i32 %p_ZZ10top_kernelPKfS0_S0_PfE9equalized_0_3, i64 0, i64 %zext_ln91_15" [top.cpp:91]   --->   Operation 581 'getelementptr' 'p_ZZ10top_kernelPKfS0_S0_PfE9equalized_0_3_addr_4' <Predicate = (trunc_ln86 & trunc_ln85 == 0)> <Delay = 0.00>
ST_12 : Operation 582 [1/1] (0.00ns)   --->   "%p_ZZ10top_kernelPKfS0_S0_PfE9equalized_0_3_addr_9 = getelementptr i32 %p_ZZ10top_kernelPKfS0_S0_PfE9equalized_0_3, i64 0, i64 %zext_ln91_16" [top.cpp:91]   --->   Operation 582 'getelementptr' 'p_ZZ10top_kernelPKfS0_S0_PfE9equalized_0_3_addr_9' <Predicate = (trunc_ln86 & trunc_ln85 == 4)> <Delay = 0.00>
ST_12 : Operation 583 [1/1] (0.00ns)   --->   "%p_ZZ10top_kernelPKfS0_S0_PfE9equalized_0_3_addr_14 = getelementptr i32 %p_ZZ10top_kernelPKfS0_S0_PfE9equalized_0_3, i64 0, i64 %zext_ln91_17" [top.cpp:91]   --->   Operation 583 'getelementptr' 'p_ZZ10top_kernelPKfS0_S0_PfE9equalized_0_3_addr_14' <Predicate = (trunc_ln86 & trunc_ln85 == 3)> <Delay = 0.00>
ST_12 : Operation 584 [1/1] (0.00ns)   --->   "%p_ZZ10top_kernelPKfS0_S0_PfE9equalized_0_3_addr_19 = getelementptr i32 %p_ZZ10top_kernelPKfS0_S0_PfE9equalized_0_3, i64 0, i64 %zext_ln91_18" [top.cpp:91]   --->   Operation 584 'getelementptr' 'p_ZZ10top_kernelPKfS0_S0_PfE9equalized_0_3_addr_19' <Predicate = (trunc_ln86 & trunc_ln85 == 2)> <Delay = 0.00>
ST_12 : Operation 585 [1/1] (0.00ns)   --->   "%p_ZZ10top_kernelPKfS0_S0_PfE9equalized_0_3_addr_23 = getelementptr i32 %p_ZZ10top_kernelPKfS0_S0_PfE9equalized_0_3, i64 0, i64 %zext_ln91_19" [top.cpp:91]   --->   Operation 585 'getelementptr' 'p_ZZ10top_kernelPKfS0_S0_PfE9equalized_0_3_addr_23' <Predicate = (trunc_ln86 & trunc_ln85 == 1)> <Delay = 0.00>
ST_12 : Operation 586 [1/1] (0.00ns)   --->   "%p_ZZ10top_kernelPKfS0_S0_PfE9equalized_0_4_addr_4 = getelementptr i32 %p_ZZ10top_kernelPKfS0_S0_PfE9equalized_0_4, i64 0, i64 %zext_ln91_15" [top.cpp:91]   --->   Operation 586 'getelementptr' 'p_ZZ10top_kernelPKfS0_S0_PfE9equalized_0_4_addr_4' <Predicate = (trunc_ln86 & trunc_ln85 == 1)> <Delay = 0.00>
ST_12 : Operation 587 [1/1] (0.00ns)   --->   "%p_ZZ10top_kernelPKfS0_S0_PfE9equalized_0_4_addr_9 = getelementptr i32 %p_ZZ10top_kernelPKfS0_S0_PfE9equalized_0_4, i64 0, i64 %zext_ln91_16" [top.cpp:91]   --->   Operation 587 'getelementptr' 'p_ZZ10top_kernelPKfS0_S0_PfE9equalized_0_4_addr_9' <Predicate = (trunc_ln86 & trunc_ln85 == 0)> <Delay = 0.00>
ST_12 : Operation 588 [1/1] (0.00ns)   --->   "%p_ZZ10top_kernelPKfS0_S0_PfE9equalized_0_4_addr_14 = getelementptr i32 %p_ZZ10top_kernelPKfS0_S0_PfE9equalized_0_4, i64 0, i64 %zext_ln91_17" [top.cpp:91]   --->   Operation 588 'getelementptr' 'p_ZZ10top_kernelPKfS0_S0_PfE9equalized_0_4_addr_14' <Predicate = (trunc_ln86 & trunc_ln85 == 4)> <Delay = 0.00>
ST_12 : Operation 589 [1/1] (0.00ns)   --->   "%p_ZZ10top_kernelPKfS0_S0_PfE9equalized_0_4_addr_19 = getelementptr i32 %p_ZZ10top_kernelPKfS0_S0_PfE9equalized_0_4, i64 0, i64 %zext_ln91_18" [top.cpp:91]   --->   Operation 589 'getelementptr' 'p_ZZ10top_kernelPKfS0_S0_PfE9equalized_0_4_addr_19' <Predicate = (trunc_ln86 & trunc_ln85 == 3)> <Delay = 0.00>
ST_12 : Operation 590 [1/1] (0.00ns)   --->   "%p_ZZ10top_kernelPKfS0_S0_PfE9equalized_0_4_addr_23 = getelementptr i32 %p_ZZ10top_kernelPKfS0_S0_PfE9equalized_0_4, i64 0, i64 %zext_ln91_19" [top.cpp:91]   --->   Operation 590 'getelementptr' 'p_ZZ10top_kernelPKfS0_S0_PfE9equalized_0_4_addr_23' <Predicate = (trunc_ln86 & trunc_ln85 == 2)> <Delay = 0.00>
ST_12 : Operation 591 [1/1] (0.00ns)   --->   "%p_ZZ10top_kernelPKfS0_S0_PfE9equalized_1_0_addr_4 = getelementptr i32 %p_ZZ10top_kernelPKfS0_S0_PfE9equalized_1_0, i64 0, i64 %zext_ln91_15" [top.cpp:91]   --->   Operation 591 'getelementptr' 'p_ZZ10top_kernelPKfS0_S0_PfE9equalized_1_0_addr_4' <Predicate = (!trunc_ln86 & trunc_ln85 == 2)> <Delay = 0.00>
ST_12 : Operation 592 [1/1] (0.00ns)   --->   "%p_ZZ10top_kernelPKfS0_S0_PfE9equalized_1_0_addr_9 = getelementptr i32 %p_ZZ10top_kernelPKfS0_S0_PfE9equalized_1_0, i64 0, i64 %zext_ln91_16" [top.cpp:91]   --->   Operation 592 'getelementptr' 'p_ZZ10top_kernelPKfS0_S0_PfE9equalized_1_0_addr_9' <Predicate = (!trunc_ln86 & trunc_ln85 == 1)> <Delay = 0.00>
ST_12 : Operation 593 [1/1] (0.00ns)   --->   "%p_ZZ10top_kernelPKfS0_S0_PfE9equalized_1_0_addr_14 = getelementptr i32 %p_ZZ10top_kernelPKfS0_S0_PfE9equalized_1_0, i64 0, i64 %zext_ln91_17" [top.cpp:91]   --->   Operation 593 'getelementptr' 'p_ZZ10top_kernelPKfS0_S0_PfE9equalized_1_0_addr_14' <Predicate = (!trunc_ln86 & trunc_ln85 == 0)> <Delay = 0.00>
ST_12 : Operation 594 [1/1] (0.00ns)   --->   "%p_ZZ10top_kernelPKfS0_S0_PfE9equalized_1_0_addr_19 = getelementptr i32 %p_ZZ10top_kernelPKfS0_S0_PfE9equalized_1_0, i64 0, i64 %zext_ln91_18" [top.cpp:91]   --->   Operation 594 'getelementptr' 'p_ZZ10top_kernelPKfS0_S0_PfE9equalized_1_0_addr_19' <Predicate = (!trunc_ln86 & trunc_ln85 == 4)> <Delay = 0.00>
ST_12 : Operation 595 [1/1] (0.00ns)   --->   "%p_ZZ10top_kernelPKfS0_S0_PfE9equalized_1_0_addr_23 = getelementptr i32 %p_ZZ10top_kernelPKfS0_S0_PfE9equalized_1_0, i64 0, i64 %zext_ln91_19" [top.cpp:91]   --->   Operation 595 'getelementptr' 'p_ZZ10top_kernelPKfS0_S0_PfE9equalized_1_0_addr_23' <Predicate = (!trunc_ln86 & trunc_ln85 == 3)> <Delay = 0.00>
ST_12 : Operation 596 [1/1] (0.00ns)   --->   "%p_ZZ10top_kernelPKfS0_S0_PfE9equalized_1_1_addr_4 = getelementptr i32 %p_ZZ10top_kernelPKfS0_S0_PfE9equalized_1_1, i64 0, i64 %zext_ln91_15" [top.cpp:91]   --->   Operation 596 'getelementptr' 'p_ZZ10top_kernelPKfS0_S0_PfE9equalized_1_1_addr_4' <Predicate = (!trunc_ln86 & trunc_ln85 == 3)> <Delay = 0.00>
ST_12 : Operation 597 [1/1] (0.00ns)   --->   "%p_ZZ10top_kernelPKfS0_S0_PfE9equalized_1_1_addr_9 = getelementptr i32 %p_ZZ10top_kernelPKfS0_S0_PfE9equalized_1_1, i64 0, i64 %zext_ln91_16" [top.cpp:91]   --->   Operation 597 'getelementptr' 'p_ZZ10top_kernelPKfS0_S0_PfE9equalized_1_1_addr_9' <Predicate = (!trunc_ln86 & trunc_ln85 == 2)> <Delay = 0.00>
ST_12 : Operation 598 [1/1] (0.00ns)   --->   "%p_ZZ10top_kernelPKfS0_S0_PfE9equalized_1_1_addr_14 = getelementptr i32 %p_ZZ10top_kernelPKfS0_S0_PfE9equalized_1_1, i64 0, i64 %zext_ln91_17" [top.cpp:91]   --->   Operation 598 'getelementptr' 'p_ZZ10top_kernelPKfS0_S0_PfE9equalized_1_1_addr_14' <Predicate = (!trunc_ln86 & trunc_ln85 == 1)> <Delay = 0.00>
ST_12 : Operation 599 [1/1] (0.00ns)   --->   "%p_ZZ10top_kernelPKfS0_S0_PfE9equalized_1_1_addr_19 = getelementptr i32 %p_ZZ10top_kernelPKfS0_S0_PfE9equalized_1_1, i64 0, i64 %zext_ln91_18" [top.cpp:91]   --->   Operation 599 'getelementptr' 'p_ZZ10top_kernelPKfS0_S0_PfE9equalized_1_1_addr_19' <Predicate = (!trunc_ln86 & trunc_ln85 == 0)> <Delay = 0.00>
ST_12 : Operation 600 [1/1] (0.00ns)   --->   "%p_ZZ10top_kernelPKfS0_S0_PfE9equalized_1_1_addr_23 = getelementptr i32 %p_ZZ10top_kernelPKfS0_S0_PfE9equalized_1_1, i64 0, i64 %zext_ln91_19" [top.cpp:91]   --->   Operation 600 'getelementptr' 'p_ZZ10top_kernelPKfS0_S0_PfE9equalized_1_1_addr_23' <Predicate = (!trunc_ln86 & trunc_ln85 == 4)> <Delay = 0.00>
ST_12 : Operation 601 [1/1] (0.00ns)   --->   "%p_ZZ10top_kernelPKfS0_S0_PfE9equalized_1_2_addr_4 = getelementptr i32 %p_ZZ10top_kernelPKfS0_S0_PfE9equalized_1_2, i64 0, i64 %zext_ln91_15" [top.cpp:91]   --->   Operation 601 'getelementptr' 'p_ZZ10top_kernelPKfS0_S0_PfE9equalized_1_2_addr_4' <Predicate = (!trunc_ln86 & trunc_ln85 == 4)> <Delay = 0.00>
ST_12 : Operation 602 [1/1] (0.00ns)   --->   "%p_ZZ10top_kernelPKfS0_S0_PfE9equalized_1_2_addr_9 = getelementptr i32 %p_ZZ10top_kernelPKfS0_S0_PfE9equalized_1_2, i64 0, i64 %zext_ln91_16" [top.cpp:91]   --->   Operation 602 'getelementptr' 'p_ZZ10top_kernelPKfS0_S0_PfE9equalized_1_2_addr_9' <Predicate = (!trunc_ln86 & trunc_ln85 == 3)> <Delay = 0.00>
ST_12 : Operation 603 [1/1] (0.00ns)   --->   "%p_ZZ10top_kernelPKfS0_S0_PfE9equalized_1_2_addr_14 = getelementptr i32 %p_ZZ10top_kernelPKfS0_S0_PfE9equalized_1_2, i64 0, i64 %zext_ln91_17" [top.cpp:91]   --->   Operation 603 'getelementptr' 'p_ZZ10top_kernelPKfS0_S0_PfE9equalized_1_2_addr_14' <Predicate = (!trunc_ln86 & trunc_ln85 == 2)> <Delay = 0.00>
ST_12 : Operation 604 [1/1] (0.00ns)   --->   "%p_ZZ10top_kernelPKfS0_S0_PfE9equalized_1_2_addr_19 = getelementptr i32 %p_ZZ10top_kernelPKfS0_S0_PfE9equalized_1_2, i64 0, i64 %zext_ln91_18" [top.cpp:91]   --->   Operation 604 'getelementptr' 'p_ZZ10top_kernelPKfS0_S0_PfE9equalized_1_2_addr_19' <Predicate = (!trunc_ln86 & trunc_ln85 == 1)> <Delay = 0.00>
ST_12 : Operation 605 [1/1] (0.00ns)   --->   "%p_ZZ10top_kernelPKfS0_S0_PfE9equalized_1_2_addr_23 = getelementptr i32 %p_ZZ10top_kernelPKfS0_S0_PfE9equalized_1_2, i64 0, i64 %zext_ln91_19" [top.cpp:91]   --->   Operation 605 'getelementptr' 'p_ZZ10top_kernelPKfS0_S0_PfE9equalized_1_2_addr_23' <Predicate = (!trunc_ln86 & trunc_ln85 == 0)> <Delay = 0.00>
ST_12 : Operation 606 [1/1] (0.00ns)   --->   "%p_ZZ10top_kernelPKfS0_S0_PfE9equalized_1_3_addr_4 = getelementptr i32 %p_ZZ10top_kernelPKfS0_S0_PfE9equalized_1_3, i64 0, i64 %zext_ln91_15" [top.cpp:91]   --->   Operation 606 'getelementptr' 'p_ZZ10top_kernelPKfS0_S0_PfE9equalized_1_3_addr_4' <Predicate = (!trunc_ln86 & trunc_ln85 == 0)> <Delay = 0.00>
ST_12 : Operation 607 [1/1] (0.00ns)   --->   "%p_ZZ10top_kernelPKfS0_S0_PfE9equalized_1_3_addr_9 = getelementptr i32 %p_ZZ10top_kernelPKfS0_S0_PfE9equalized_1_3, i64 0, i64 %zext_ln91_16" [top.cpp:91]   --->   Operation 607 'getelementptr' 'p_ZZ10top_kernelPKfS0_S0_PfE9equalized_1_3_addr_9' <Predicate = (!trunc_ln86 & trunc_ln85 == 4)> <Delay = 0.00>
ST_12 : Operation 608 [1/1] (0.00ns)   --->   "%p_ZZ10top_kernelPKfS0_S0_PfE9equalized_1_3_addr_14 = getelementptr i32 %p_ZZ10top_kernelPKfS0_S0_PfE9equalized_1_3, i64 0, i64 %zext_ln91_17" [top.cpp:91]   --->   Operation 608 'getelementptr' 'p_ZZ10top_kernelPKfS0_S0_PfE9equalized_1_3_addr_14' <Predicate = (!trunc_ln86 & trunc_ln85 == 3)> <Delay = 0.00>
ST_12 : Operation 609 [1/1] (0.00ns)   --->   "%p_ZZ10top_kernelPKfS0_S0_PfE9equalized_1_3_addr_19 = getelementptr i32 %p_ZZ10top_kernelPKfS0_S0_PfE9equalized_1_3, i64 0, i64 %zext_ln91_18" [top.cpp:91]   --->   Operation 609 'getelementptr' 'p_ZZ10top_kernelPKfS0_S0_PfE9equalized_1_3_addr_19' <Predicate = (!trunc_ln86 & trunc_ln85 == 2)> <Delay = 0.00>
ST_12 : Operation 610 [1/1] (0.00ns)   --->   "%p_ZZ10top_kernelPKfS0_S0_PfE9equalized_1_3_addr_23 = getelementptr i32 %p_ZZ10top_kernelPKfS0_S0_PfE9equalized_1_3, i64 0, i64 %zext_ln91_19" [top.cpp:91]   --->   Operation 610 'getelementptr' 'p_ZZ10top_kernelPKfS0_S0_PfE9equalized_1_3_addr_23' <Predicate = (!trunc_ln86 & trunc_ln85 == 1)> <Delay = 0.00>
ST_12 : Operation 611 [1/1] (0.00ns)   --->   "%p_ZZ10top_kernelPKfS0_S0_PfE9equalized_1_4_addr_4 = getelementptr i32 %p_ZZ10top_kernelPKfS0_S0_PfE9equalized_1_4, i64 0, i64 %zext_ln91_15" [top.cpp:91]   --->   Operation 611 'getelementptr' 'p_ZZ10top_kernelPKfS0_S0_PfE9equalized_1_4_addr_4' <Predicate = (!trunc_ln86 & trunc_ln85 == 1)> <Delay = 0.00>
ST_12 : Operation 612 [1/1] (0.00ns)   --->   "%p_ZZ10top_kernelPKfS0_S0_PfE9equalized_1_4_addr_9 = getelementptr i32 %p_ZZ10top_kernelPKfS0_S0_PfE9equalized_1_4, i64 0, i64 %zext_ln91_16" [top.cpp:91]   --->   Operation 612 'getelementptr' 'p_ZZ10top_kernelPKfS0_S0_PfE9equalized_1_4_addr_9' <Predicate = (!trunc_ln86 & trunc_ln85 == 0)> <Delay = 0.00>
ST_12 : Operation 613 [1/1] (0.00ns)   --->   "%p_ZZ10top_kernelPKfS0_S0_PfE9equalized_1_4_addr_14 = getelementptr i32 %p_ZZ10top_kernelPKfS0_S0_PfE9equalized_1_4, i64 0, i64 %zext_ln91_17" [top.cpp:91]   --->   Operation 613 'getelementptr' 'p_ZZ10top_kernelPKfS0_S0_PfE9equalized_1_4_addr_14' <Predicate = (!trunc_ln86 & trunc_ln85 == 4)> <Delay = 0.00>
ST_12 : Operation 614 [1/1] (0.00ns)   --->   "%p_ZZ10top_kernelPKfS0_S0_PfE9equalized_1_4_addr_19 = getelementptr i32 %p_ZZ10top_kernelPKfS0_S0_PfE9equalized_1_4, i64 0, i64 %zext_ln91_18" [top.cpp:91]   --->   Operation 614 'getelementptr' 'p_ZZ10top_kernelPKfS0_S0_PfE9equalized_1_4_addr_19' <Predicate = (!trunc_ln86 & trunc_ln85 == 3)> <Delay = 0.00>
ST_12 : Operation 615 [1/1] (0.00ns)   --->   "%p_ZZ10top_kernelPKfS0_S0_PfE9equalized_1_4_addr_23 = getelementptr i32 %p_ZZ10top_kernelPKfS0_S0_PfE9equalized_1_4, i64 0, i64 %zext_ln91_19" [top.cpp:91]   --->   Operation 615 'getelementptr' 'p_ZZ10top_kernelPKfS0_S0_PfE9equalized_1_4_addr_23' <Predicate = (!trunc_ln86 & trunc_ln85 == 2)> <Delay = 0.00>
ST_12 : Operation 616 [2/2] (1.35ns)   --->   "%p_ZZ10top_kernelPKfS0_S0_PfE9equalized_0_0_load_3 = load i9 %p_ZZ10top_kernelPKfS0_S0_PfE9equalized_0_0_addr_4" [top.cpp:91]   --->   Operation 616 'load' 'p_ZZ10top_kernelPKfS0_S0_PfE9equalized_0_0_load_3' <Predicate = (trunc_ln86 & trunc_ln85 == 2)> <Delay = 1.35> <CoreInst = "RAM">   --->   Core 82 'RAM' <Latency = 1> <II = 1> <Delay = 1.35> <Storage> <Opcode : 'load' 'store'> <Ports = 2> <Width = 32> <Depth = 416> <RAM>
ST_12 : Operation 617 [2/2] (1.35ns)   --->   "%p_ZZ10top_kernelPKfS0_S0_PfE9equalized_0_1_load_3 = load i9 %p_ZZ10top_kernelPKfS0_S0_PfE9equalized_0_1_addr_4" [top.cpp:91]   --->   Operation 617 'load' 'p_ZZ10top_kernelPKfS0_S0_PfE9equalized_0_1_load_3' <Predicate = (trunc_ln86 & trunc_ln85 == 3)> <Delay = 1.35> <CoreInst = "RAM">   --->   Core 82 'RAM' <Latency = 1> <II = 1> <Delay = 1.35> <Storage> <Opcode : 'load' 'store'> <Ports = 2> <Width = 32> <Depth = 416> <RAM>
ST_12 : Operation 618 [2/2] (1.35ns)   --->   "%p_ZZ10top_kernelPKfS0_S0_PfE9equalized_0_2_load_3 = load i9 %p_ZZ10top_kernelPKfS0_S0_PfE9equalized_0_2_addr_4" [top.cpp:91]   --->   Operation 618 'load' 'p_ZZ10top_kernelPKfS0_S0_PfE9equalized_0_2_load_3' <Predicate = (trunc_ln86 & trunc_ln85 == 4)> <Delay = 1.35> <CoreInst = "RAM">   --->   Core 82 'RAM' <Latency = 1> <II = 1> <Delay = 1.35> <Storage> <Opcode : 'load' 'store'> <Ports = 2> <Width = 32> <Depth = 416> <RAM>
ST_12 : Operation 619 [2/2] (1.35ns)   --->   "%p_ZZ10top_kernelPKfS0_S0_PfE9equalized_0_3_load_3 = load i9 %p_ZZ10top_kernelPKfS0_S0_PfE9equalized_0_3_addr_4" [top.cpp:91]   --->   Operation 619 'load' 'p_ZZ10top_kernelPKfS0_S0_PfE9equalized_0_3_load_3' <Predicate = (trunc_ln86 & trunc_ln85 == 0)> <Delay = 1.35> <CoreInst = "RAM">   --->   Core 82 'RAM' <Latency = 1> <II = 1> <Delay = 1.35> <Storage> <Opcode : 'load' 'store'> <Ports = 2> <Width = 32> <Depth = 416> <RAM>
ST_12 : Operation 620 [2/2] (1.35ns)   --->   "%p_ZZ10top_kernelPKfS0_S0_PfE9equalized_0_4_load_3 = load i9 %p_ZZ10top_kernelPKfS0_S0_PfE9equalized_0_4_addr_4" [top.cpp:91]   --->   Operation 620 'load' 'p_ZZ10top_kernelPKfS0_S0_PfE9equalized_0_4_load_3' <Predicate = (trunc_ln86 & trunc_ln85 == 1)> <Delay = 1.35> <CoreInst = "RAM">   --->   Core 82 'RAM' <Latency = 1> <II = 1> <Delay = 1.35> <Storage> <Opcode : 'load' 'store'> <Ports = 2> <Width = 32> <Depth = 416> <RAM>
ST_12 : Operation 621 [2/2] (1.35ns)   --->   "%p_ZZ10top_kernelPKfS0_S0_PfE9equalized_1_0_load_3 = load i9 %p_ZZ10top_kernelPKfS0_S0_PfE9equalized_1_0_addr_4" [top.cpp:91]   --->   Operation 621 'load' 'p_ZZ10top_kernelPKfS0_S0_PfE9equalized_1_0_load_3' <Predicate = (!trunc_ln86 & trunc_ln85 == 2)> <Delay = 1.35> <CoreInst = "RAM">   --->   Core 82 'RAM' <Latency = 1> <II = 1> <Delay = 1.35> <Storage> <Opcode : 'load' 'store'> <Ports = 2> <Width = 32> <Depth = 416> <RAM>
ST_12 : Operation 622 [2/2] (1.35ns)   --->   "%p_ZZ10top_kernelPKfS0_S0_PfE9equalized_1_1_load_3 = load i9 %p_ZZ10top_kernelPKfS0_S0_PfE9equalized_1_1_addr_4" [top.cpp:91]   --->   Operation 622 'load' 'p_ZZ10top_kernelPKfS0_S0_PfE9equalized_1_1_load_3' <Predicate = (!trunc_ln86 & trunc_ln85 == 3)> <Delay = 1.35> <CoreInst = "RAM">   --->   Core 82 'RAM' <Latency = 1> <II = 1> <Delay = 1.35> <Storage> <Opcode : 'load' 'store'> <Ports = 2> <Width = 32> <Depth = 416> <RAM>
ST_12 : Operation 623 [2/2] (1.35ns)   --->   "%p_ZZ10top_kernelPKfS0_S0_PfE9equalized_1_2_load_3 = load i9 %p_ZZ10top_kernelPKfS0_S0_PfE9equalized_1_2_addr_4" [top.cpp:91]   --->   Operation 623 'load' 'p_ZZ10top_kernelPKfS0_S0_PfE9equalized_1_2_load_3' <Predicate = (!trunc_ln86 & trunc_ln85 == 4)> <Delay = 1.35> <CoreInst = "RAM">   --->   Core 82 'RAM' <Latency = 1> <II = 1> <Delay = 1.35> <Storage> <Opcode : 'load' 'store'> <Ports = 2> <Width = 32> <Depth = 416> <RAM>
ST_12 : Operation 624 [2/2] (1.35ns)   --->   "%p_ZZ10top_kernelPKfS0_S0_PfE9equalized_1_3_load_3 = load i9 %p_ZZ10top_kernelPKfS0_S0_PfE9equalized_1_3_addr_4" [top.cpp:91]   --->   Operation 624 'load' 'p_ZZ10top_kernelPKfS0_S0_PfE9equalized_1_3_load_3' <Predicate = (!trunc_ln86 & trunc_ln85 == 0)> <Delay = 1.35> <CoreInst = "RAM">   --->   Core 82 'RAM' <Latency = 1> <II = 1> <Delay = 1.35> <Storage> <Opcode : 'load' 'store'> <Ports = 2> <Width = 32> <Depth = 416> <RAM>
ST_12 : Operation 625 [2/2] (1.35ns)   --->   "%p_ZZ10top_kernelPKfS0_S0_PfE9equalized_1_4_load_3 = load i9 %p_ZZ10top_kernelPKfS0_S0_PfE9equalized_1_4_addr_4" [top.cpp:91]   --->   Operation 625 'load' 'p_ZZ10top_kernelPKfS0_S0_PfE9equalized_1_4_load_3' <Predicate = (!trunc_ln86 & trunc_ln85 == 1)> <Delay = 1.35> <CoreInst = "RAM">   --->   Core 82 'RAM' <Latency = 1> <II = 1> <Delay = 1.35> <Storage> <Opcode : 'load' 'store'> <Ports = 2> <Width = 32> <Depth = 416> <RAM>
ST_12 : Operation 626 [2/2] (1.35ns)   --->   "%p_ZZ10top_kernelPKfS0_S0_PfE9equalized_0_0_load_5 = load i9 %p_ZZ10top_kernelPKfS0_S0_PfE9equalized_0_0_addr_6" [top.cpp:91]   --->   Operation 626 'load' 'p_ZZ10top_kernelPKfS0_S0_PfE9equalized_0_0_load_5' <Predicate = (!trunc_ln86 & trunc_ln85 == 1)> <Delay = 1.35> <CoreInst = "RAM">   --->   Core 82 'RAM' <Latency = 1> <II = 1> <Delay = 1.35> <Storage> <Opcode : 'load' 'store'> <Ports = 2> <Width = 32> <Depth = 416> <RAM>
ST_12 : Operation 627 [2/2] (1.35ns)   --->   "%p_ZZ10top_kernelPKfS0_S0_PfE9equalized_0_1_load_5 = load i9 %p_ZZ10top_kernelPKfS0_S0_PfE9equalized_0_1_addr_6" [top.cpp:91]   --->   Operation 627 'load' 'p_ZZ10top_kernelPKfS0_S0_PfE9equalized_0_1_load_5' <Predicate = (!trunc_ln86 & trunc_ln85 == 2)> <Delay = 1.35> <CoreInst = "RAM">   --->   Core 82 'RAM' <Latency = 1> <II = 1> <Delay = 1.35> <Storage> <Opcode : 'load' 'store'> <Ports = 2> <Width = 32> <Depth = 416> <RAM>
ST_12 : Operation 628 [2/2] (1.35ns)   --->   "%p_ZZ10top_kernelPKfS0_S0_PfE9equalized_0_2_load_5 = load i9 %p_ZZ10top_kernelPKfS0_S0_PfE9equalized_0_2_addr_6" [top.cpp:91]   --->   Operation 628 'load' 'p_ZZ10top_kernelPKfS0_S0_PfE9equalized_0_2_load_5' <Predicate = (!trunc_ln86 & trunc_ln85 == 3)> <Delay = 1.35> <CoreInst = "RAM">   --->   Core 82 'RAM' <Latency = 1> <II = 1> <Delay = 1.35> <Storage> <Opcode : 'load' 'store'> <Ports = 2> <Width = 32> <Depth = 416> <RAM>
ST_12 : Operation 629 [2/2] (1.35ns)   --->   "%p_ZZ10top_kernelPKfS0_S0_PfE9equalized_0_3_load_5 = load i9 %p_ZZ10top_kernelPKfS0_S0_PfE9equalized_0_3_addr_6" [top.cpp:91]   --->   Operation 629 'load' 'p_ZZ10top_kernelPKfS0_S0_PfE9equalized_0_3_load_5' <Predicate = (!trunc_ln86 & trunc_ln85 == 4)> <Delay = 1.35> <CoreInst = "RAM">   --->   Core 82 'RAM' <Latency = 1> <II = 1> <Delay = 1.35> <Storage> <Opcode : 'load' 'store'> <Ports = 2> <Width = 32> <Depth = 416> <RAM>
ST_12 : Operation 630 [2/2] (1.35ns)   --->   "%p_ZZ10top_kernelPKfS0_S0_PfE9equalized_0_4_load_5 = load i9 %p_ZZ10top_kernelPKfS0_S0_PfE9equalized_0_4_addr_6" [top.cpp:91]   --->   Operation 630 'load' 'p_ZZ10top_kernelPKfS0_S0_PfE9equalized_0_4_load_5' <Predicate = (!trunc_ln86 & trunc_ln85 == 0)> <Delay = 1.35> <CoreInst = "RAM">   --->   Core 82 'RAM' <Latency = 1> <II = 1> <Delay = 1.35> <Storage> <Opcode : 'load' 'store'> <Ports = 2> <Width = 32> <Depth = 416> <RAM>
ST_12 : Operation 631 [2/2] (1.35ns)   --->   "%p_ZZ10top_kernelPKfS0_S0_PfE9equalized_1_0_load_5 = load i9 %p_ZZ10top_kernelPKfS0_S0_PfE9equalized_1_0_addr_6" [top.cpp:91]   --->   Operation 631 'load' 'p_ZZ10top_kernelPKfS0_S0_PfE9equalized_1_0_load_5' <Predicate = (trunc_ln86 & trunc_ln85 == 1)> <Delay = 1.35> <CoreInst = "RAM">   --->   Core 82 'RAM' <Latency = 1> <II = 1> <Delay = 1.35> <Storage> <Opcode : 'load' 'store'> <Ports = 2> <Width = 32> <Depth = 416> <RAM>
ST_12 : Operation 632 [2/2] (1.35ns)   --->   "%p_ZZ10top_kernelPKfS0_S0_PfE9equalized_1_1_load_5 = load i9 %p_ZZ10top_kernelPKfS0_S0_PfE9equalized_1_1_addr_6" [top.cpp:91]   --->   Operation 632 'load' 'p_ZZ10top_kernelPKfS0_S0_PfE9equalized_1_1_load_5' <Predicate = (trunc_ln86 & trunc_ln85 == 2)> <Delay = 1.35> <CoreInst = "RAM">   --->   Core 82 'RAM' <Latency = 1> <II = 1> <Delay = 1.35> <Storage> <Opcode : 'load' 'store'> <Ports = 2> <Width = 32> <Depth = 416> <RAM>
ST_12 : Operation 633 [2/2] (1.35ns)   --->   "%p_ZZ10top_kernelPKfS0_S0_PfE9equalized_1_2_load_5 = load i9 %p_ZZ10top_kernelPKfS0_S0_PfE9equalized_1_2_addr_6" [top.cpp:91]   --->   Operation 633 'load' 'p_ZZ10top_kernelPKfS0_S0_PfE9equalized_1_2_load_5' <Predicate = (trunc_ln86 & trunc_ln85 == 3)> <Delay = 1.35> <CoreInst = "RAM">   --->   Core 82 'RAM' <Latency = 1> <II = 1> <Delay = 1.35> <Storage> <Opcode : 'load' 'store'> <Ports = 2> <Width = 32> <Depth = 416> <RAM>
ST_12 : Operation 634 [2/2] (1.35ns)   --->   "%p_ZZ10top_kernelPKfS0_S0_PfE9equalized_1_3_load_5 = load i9 %p_ZZ10top_kernelPKfS0_S0_PfE9equalized_1_3_addr_6" [top.cpp:91]   --->   Operation 634 'load' 'p_ZZ10top_kernelPKfS0_S0_PfE9equalized_1_3_load_5' <Predicate = (trunc_ln86 & trunc_ln85 == 4)> <Delay = 1.35> <CoreInst = "RAM">   --->   Core 82 'RAM' <Latency = 1> <II = 1> <Delay = 1.35> <Storage> <Opcode : 'load' 'store'> <Ports = 2> <Width = 32> <Depth = 416> <RAM>
ST_12 : Operation 635 [2/2] (1.35ns)   --->   "%p_ZZ10top_kernelPKfS0_S0_PfE9equalized_1_4_load_5 = load i9 %p_ZZ10top_kernelPKfS0_S0_PfE9equalized_1_4_addr_6" [top.cpp:91]   --->   Operation 635 'load' 'p_ZZ10top_kernelPKfS0_S0_PfE9equalized_1_4_load_5' <Predicate = (trunc_ln86 & trunc_ln85 == 0)> <Delay = 1.35> <CoreInst = "RAM">   --->   Core 82 'RAM' <Latency = 1> <II = 1> <Delay = 1.35> <Storage> <Opcode : 'load' 'store'> <Ports = 2> <Width = 32> <Depth = 416> <RAM>
ST_12 : Operation 636 [2/2] (1.35ns)   --->   "%p_ZZ10top_kernelPKfS0_S0_PfE9equalized_0_0_load_6 = load i9 %p_ZZ10top_kernelPKfS0_S0_PfE9equalized_0_0_addr_7" [top.cpp:91]   --->   Operation 636 'load' 'p_ZZ10top_kernelPKfS0_S0_PfE9equalized_0_0_load_6' <Predicate = (trunc_ln86 & trunc_ln85 == 1)> <Delay = 1.35> <CoreInst = "RAM">   --->   Core 82 'RAM' <Latency = 1> <II = 1> <Delay = 1.35> <Storage> <Opcode : 'load' 'store'> <Ports = 2> <Width = 32> <Depth = 416> <RAM>
ST_12 : Operation 637 [2/2] (1.35ns)   --->   "%p_ZZ10top_kernelPKfS0_S0_PfE9equalized_0_1_load_6 = load i9 %p_ZZ10top_kernelPKfS0_S0_PfE9equalized_0_1_addr_7" [top.cpp:91]   --->   Operation 637 'load' 'p_ZZ10top_kernelPKfS0_S0_PfE9equalized_0_1_load_6' <Predicate = (trunc_ln86 & trunc_ln85 == 2)> <Delay = 1.35> <CoreInst = "RAM">   --->   Core 82 'RAM' <Latency = 1> <II = 1> <Delay = 1.35> <Storage> <Opcode : 'load' 'store'> <Ports = 2> <Width = 32> <Depth = 416> <RAM>
ST_12 : Operation 638 [2/2] (1.35ns)   --->   "%p_ZZ10top_kernelPKfS0_S0_PfE9equalized_0_2_load_6 = load i9 %p_ZZ10top_kernelPKfS0_S0_PfE9equalized_0_2_addr_7" [top.cpp:91]   --->   Operation 638 'load' 'p_ZZ10top_kernelPKfS0_S0_PfE9equalized_0_2_load_6' <Predicate = (trunc_ln86 & trunc_ln85 == 3)> <Delay = 1.35> <CoreInst = "RAM">   --->   Core 82 'RAM' <Latency = 1> <II = 1> <Delay = 1.35> <Storage> <Opcode : 'load' 'store'> <Ports = 2> <Width = 32> <Depth = 416> <RAM>
ST_12 : Operation 639 [2/2] (1.35ns)   --->   "%p_ZZ10top_kernelPKfS0_S0_PfE9equalized_0_3_load_6 = load i9 %p_ZZ10top_kernelPKfS0_S0_PfE9equalized_0_3_addr_7" [top.cpp:91]   --->   Operation 639 'load' 'p_ZZ10top_kernelPKfS0_S0_PfE9equalized_0_3_load_6' <Predicate = (trunc_ln86 & trunc_ln85 == 4)> <Delay = 1.35> <CoreInst = "RAM">   --->   Core 82 'RAM' <Latency = 1> <II = 1> <Delay = 1.35> <Storage> <Opcode : 'load' 'store'> <Ports = 2> <Width = 32> <Depth = 416> <RAM>
ST_12 : Operation 640 [2/2] (1.35ns)   --->   "%p_ZZ10top_kernelPKfS0_S0_PfE9equalized_0_4_load_6 = load i9 %p_ZZ10top_kernelPKfS0_S0_PfE9equalized_0_4_addr_7" [top.cpp:91]   --->   Operation 640 'load' 'p_ZZ10top_kernelPKfS0_S0_PfE9equalized_0_4_load_6' <Predicate = (trunc_ln86 & trunc_ln85 == 0)> <Delay = 1.35> <CoreInst = "RAM">   --->   Core 82 'RAM' <Latency = 1> <II = 1> <Delay = 1.35> <Storage> <Opcode : 'load' 'store'> <Ports = 2> <Width = 32> <Depth = 416> <RAM>
ST_12 : Operation 641 [2/2] (1.35ns)   --->   "%p_ZZ10top_kernelPKfS0_S0_PfE9equalized_1_0_load_6 = load i9 %p_ZZ10top_kernelPKfS0_S0_PfE9equalized_1_0_addr_7" [top.cpp:91]   --->   Operation 641 'load' 'p_ZZ10top_kernelPKfS0_S0_PfE9equalized_1_0_load_6' <Predicate = (!trunc_ln86 & trunc_ln85 == 1)> <Delay = 1.35> <CoreInst = "RAM">   --->   Core 82 'RAM' <Latency = 1> <II = 1> <Delay = 1.35> <Storage> <Opcode : 'load' 'store'> <Ports = 2> <Width = 32> <Depth = 416> <RAM>
ST_12 : Operation 642 [2/2] (1.35ns)   --->   "%p_ZZ10top_kernelPKfS0_S0_PfE9equalized_1_1_load_6 = load i9 %p_ZZ10top_kernelPKfS0_S0_PfE9equalized_1_1_addr_7" [top.cpp:91]   --->   Operation 642 'load' 'p_ZZ10top_kernelPKfS0_S0_PfE9equalized_1_1_load_6' <Predicate = (!trunc_ln86 & trunc_ln85 == 2)> <Delay = 1.35> <CoreInst = "RAM">   --->   Core 82 'RAM' <Latency = 1> <II = 1> <Delay = 1.35> <Storage> <Opcode : 'load' 'store'> <Ports = 2> <Width = 32> <Depth = 416> <RAM>
ST_12 : Operation 643 [2/2] (1.35ns)   --->   "%p_ZZ10top_kernelPKfS0_S0_PfE9equalized_1_2_load_6 = load i9 %p_ZZ10top_kernelPKfS0_S0_PfE9equalized_1_2_addr_7" [top.cpp:91]   --->   Operation 643 'load' 'p_ZZ10top_kernelPKfS0_S0_PfE9equalized_1_2_load_6' <Predicate = (!trunc_ln86 & trunc_ln85 == 3)> <Delay = 1.35> <CoreInst = "RAM">   --->   Core 82 'RAM' <Latency = 1> <II = 1> <Delay = 1.35> <Storage> <Opcode : 'load' 'store'> <Ports = 2> <Width = 32> <Depth = 416> <RAM>
ST_12 : Operation 644 [2/2] (1.35ns)   --->   "%p_ZZ10top_kernelPKfS0_S0_PfE9equalized_1_3_load_6 = load i9 %p_ZZ10top_kernelPKfS0_S0_PfE9equalized_1_3_addr_7" [top.cpp:91]   --->   Operation 644 'load' 'p_ZZ10top_kernelPKfS0_S0_PfE9equalized_1_3_load_6' <Predicate = (!trunc_ln86 & trunc_ln85 == 4)> <Delay = 1.35> <CoreInst = "RAM">   --->   Core 82 'RAM' <Latency = 1> <II = 1> <Delay = 1.35> <Storage> <Opcode : 'load' 'store'> <Ports = 2> <Width = 32> <Depth = 416> <RAM>
ST_12 : Operation 645 [2/2] (1.35ns)   --->   "%p_ZZ10top_kernelPKfS0_S0_PfE9equalized_1_4_load_6 = load i9 %p_ZZ10top_kernelPKfS0_S0_PfE9equalized_1_4_addr_7" [top.cpp:91]   --->   Operation 645 'load' 'p_ZZ10top_kernelPKfS0_S0_PfE9equalized_1_4_load_6' <Predicate = (!trunc_ln86 & trunc_ln85 == 0)> <Delay = 1.35> <CoreInst = "RAM">   --->   Core 82 'RAM' <Latency = 1> <II = 1> <Delay = 1.35> <Storage> <Opcode : 'load' 'store'> <Ports = 2> <Width = 32> <Depth = 416> <RAM>
ST_12 : Operation 646 [2/2] (1.35ns)   --->   "%p_ZZ10top_kernelPKfS0_S0_PfE9equalized_0_0_load_7 = load i9 %p_ZZ10top_kernelPKfS0_S0_PfE9equalized_0_0_addr_3" [top.cpp:91]   --->   Operation 646 'load' 'p_ZZ10top_kernelPKfS0_S0_PfE9equalized_0_0_load_7' <Predicate = (!trunc_ln86 & trunc_ln85 == 1)> <Delay = 1.35> <CoreInst = "RAM">   --->   Core 82 'RAM' <Latency = 1> <II = 1> <Delay = 1.35> <Storage> <Opcode : 'load' 'store'> <Ports = 2> <Width = 32> <Depth = 416> <RAM>
ST_12 : Operation 647 [2/2] (1.35ns)   --->   "%p_ZZ10top_kernelPKfS0_S0_PfE9equalized_0_1_load_7 = load i9 %p_ZZ10top_kernelPKfS0_S0_PfE9equalized_0_1_addr_3" [top.cpp:91]   --->   Operation 647 'load' 'p_ZZ10top_kernelPKfS0_S0_PfE9equalized_0_1_load_7' <Predicate = (!trunc_ln86 & trunc_ln85 == 2)> <Delay = 1.35> <CoreInst = "RAM">   --->   Core 82 'RAM' <Latency = 1> <II = 1> <Delay = 1.35> <Storage> <Opcode : 'load' 'store'> <Ports = 2> <Width = 32> <Depth = 416> <RAM>
ST_12 : Operation 648 [2/2] (1.35ns)   --->   "%p_ZZ10top_kernelPKfS0_S0_PfE9equalized_0_2_load_7 = load i9 %p_ZZ10top_kernelPKfS0_S0_PfE9equalized_0_2_addr_3" [top.cpp:91]   --->   Operation 648 'load' 'p_ZZ10top_kernelPKfS0_S0_PfE9equalized_0_2_load_7' <Predicate = (!trunc_ln86 & trunc_ln85 == 3)> <Delay = 1.35> <CoreInst = "RAM">   --->   Core 82 'RAM' <Latency = 1> <II = 1> <Delay = 1.35> <Storage> <Opcode : 'load' 'store'> <Ports = 2> <Width = 32> <Depth = 416> <RAM>
ST_12 : Operation 649 [2/2] (1.35ns)   --->   "%p_ZZ10top_kernelPKfS0_S0_PfE9equalized_0_3_load_7 = load i9 %p_ZZ10top_kernelPKfS0_S0_PfE9equalized_0_3_addr_3" [top.cpp:91]   --->   Operation 649 'load' 'p_ZZ10top_kernelPKfS0_S0_PfE9equalized_0_3_load_7' <Predicate = (!trunc_ln86 & trunc_ln85 == 4)> <Delay = 1.35> <CoreInst = "RAM">   --->   Core 82 'RAM' <Latency = 1> <II = 1> <Delay = 1.35> <Storage> <Opcode : 'load' 'store'> <Ports = 2> <Width = 32> <Depth = 416> <RAM>
ST_12 : Operation 650 [2/2] (1.35ns)   --->   "%p_ZZ10top_kernelPKfS0_S0_PfE9equalized_0_4_load_7 = load i9 %p_ZZ10top_kernelPKfS0_S0_PfE9equalized_0_4_addr_3" [top.cpp:91]   --->   Operation 650 'load' 'p_ZZ10top_kernelPKfS0_S0_PfE9equalized_0_4_load_7' <Predicate = (!trunc_ln86 & trunc_ln85 == 0)> <Delay = 1.35> <CoreInst = "RAM">   --->   Core 82 'RAM' <Latency = 1> <II = 1> <Delay = 1.35> <Storage> <Opcode : 'load' 'store'> <Ports = 2> <Width = 32> <Depth = 416> <RAM>
ST_12 : Operation 651 [2/2] (1.35ns)   --->   "%p_ZZ10top_kernelPKfS0_S0_PfE9equalized_1_0_load_7 = load i9 %p_ZZ10top_kernelPKfS0_S0_PfE9equalized_1_0_addr_3" [top.cpp:91]   --->   Operation 651 'load' 'p_ZZ10top_kernelPKfS0_S0_PfE9equalized_1_0_load_7' <Predicate = (trunc_ln86 & trunc_ln85 == 1)> <Delay = 1.35> <CoreInst = "RAM">   --->   Core 82 'RAM' <Latency = 1> <II = 1> <Delay = 1.35> <Storage> <Opcode : 'load' 'store'> <Ports = 2> <Width = 32> <Depth = 416> <RAM>
ST_12 : Operation 652 [2/2] (1.35ns)   --->   "%p_ZZ10top_kernelPKfS0_S0_PfE9equalized_1_1_load_7 = load i9 %p_ZZ10top_kernelPKfS0_S0_PfE9equalized_1_1_addr_3" [top.cpp:91]   --->   Operation 652 'load' 'p_ZZ10top_kernelPKfS0_S0_PfE9equalized_1_1_load_7' <Predicate = (trunc_ln86 & trunc_ln85 == 2)> <Delay = 1.35> <CoreInst = "RAM">   --->   Core 82 'RAM' <Latency = 1> <II = 1> <Delay = 1.35> <Storage> <Opcode : 'load' 'store'> <Ports = 2> <Width = 32> <Depth = 416> <RAM>
ST_12 : Operation 653 [2/2] (1.35ns)   --->   "%p_ZZ10top_kernelPKfS0_S0_PfE9equalized_1_2_load_7 = load i9 %p_ZZ10top_kernelPKfS0_S0_PfE9equalized_1_2_addr_3" [top.cpp:91]   --->   Operation 653 'load' 'p_ZZ10top_kernelPKfS0_S0_PfE9equalized_1_2_load_7' <Predicate = (trunc_ln86 & trunc_ln85 == 3)> <Delay = 1.35> <CoreInst = "RAM">   --->   Core 82 'RAM' <Latency = 1> <II = 1> <Delay = 1.35> <Storage> <Opcode : 'load' 'store'> <Ports = 2> <Width = 32> <Depth = 416> <RAM>
ST_12 : Operation 654 [2/2] (1.35ns)   --->   "%p_ZZ10top_kernelPKfS0_S0_PfE9equalized_1_3_load_7 = load i9 %p_ZZ10top_kernelPKfS0_S0_PfE9equalized_1_3_addr_3" [top.cpp:91]   --->   Operation 654 'load' 'p_ZZ10top_kernelPKfS0_S0_PfE9equalized_1_3_load_7' <Predicate = (trunc_ln86 & trunc_ln85 == 4)> <Delay = 1.35> <CoreInst = "RAM">   --->   Core 82 'RAM' <Latency = 1> <II = 1> <Delay = 1.35> <Storage> <Opcode : 'load' 'store'> <Ports = 2> <Width = 32> <Depth = 416> <RAM>
ST_12 : Operation 655 [2/2] (1.35ns)   --->   "%p_ZZ10top_kernelPKfS0_S0_PfE9equalized_1_4_load_7 = load i9 %p_ZZ10top_kernelPKfS0_S0_PfE9equalized_1_4_addr_3" [top.cpp:91]   --->   Operation 655 'load' 'p_ZZ10top_kernelPKfS0_S0_PfE9equalized_1_4_load_7' <Predicate = (trunc_ln86 & trunc_ln85 == 0)> <Delay = 1.35> <CoreInst = "RAM">   --->   Core 82 'RAM' <Latency = 1> <II = 1> <Delay = 1.35> <Storage> <Opcode : 'load' 'store'> <Ports = 2> <Width = 32> <Depth = 416> <RAM>
ST_12 : Operation 656 [2/2] (1.35ns)   --->   "%p_ZZ10top_kernelPKfS0_S0_PfE9equalized_0_0_load_8 = load i9 %p_ZZ10top_kernelPKfS0_S0_PfE9equalized_0_0_addr_9" [top.cpp:91]   --->   Operation 656 'load' 'p_ZZ10top_kernelPKfS0_S0_PfE9equalized_0_0_load_8' <Predicate = (trunc_ln86 & trunc_ln85 == 1)> <Delay = 1.35> <CoreInst = "RAM">   --->   Core 82 'RAM' <Latency = 1> <II = 1> <Delay = 1.35> <Storage> <Opcode : 'load' 'store'> <Ports = 2> <Width = 32> <Depth = 416> <RAM>
ST_12 : Operation 657 [2/2] (1.35ns)   --->   "%p_ZZ10top_kernelPKfS0_S0_PfE9equalized_0_1_load_8 = load i9 %p_ZZ10top_kernelPKfS0_S0_PfE9equalized_0_1_addr_9" [top.cpp:91]   --->   Operation 657 'load' 'p_ZZ10top_kernelPKfS0_S0_PfE9equalized_0_1_load_8' <Predicate = (trunc_ln86 & trunc_ln85 == 2)> <Delay = 1.35> <CoreInst = "RAM">   --->   Core 82 'RAM' <Latency = 1> <II = 1> <Delay = 1.35> <Storage> <Opcode : 'load' 'store'> <Ports = 2> <Width = 32> <Depth = 416> <RAM>
ST_12 : Operation 658 [2/2] (1.35ns)   --->   "%p_ZZ10top_kernelPKfS0_S0_PfE9equalized_0_2_load_8 = load i9 %p_ZZ10top_kernelPKfS0_S0_PfE9equalized_0_2_addr_9" [top.cpp:91]   --->   Operation 658 'load' 'p_ZZ10top_kernelPKfS0_S0_PfE9equalized_0_2_load_8' <Predicate = (trunc_ln86 & trunc_ln85 == 3)> <Delay = 1.35> <CoreInst = "RAM">   --->   Core 82 'RAM' <Latency = 1> <II = 1> <Delay = 1.35> <Storage> <Opcode : 'load' 'store'> <Ports = 2> <Width = 32> <Depth = 416> <RAM>
ST_12 : Operation 659 [2/2] (1.35ns)   --->   "%p_ZZ10top_kernelPKfS0_S0_PfE9equalized_0_3_load_8 = load i9 %p_ZZ10top_kernelPKfS0_S0_PfE9equalized_0_3_addr_9" [top.cpp:91]   --->   Operation 659 'load' 'p_ZZ10top_kernelPKfS0_S0_PfE9equalized_0_3_load_8' <Predicate = (trunc_ln86 & trunc_ln85 == 4)> <Delay = 1.35> <CoreInst = "RAM">   --->   Core 82 'RAM' <Latency = 1> <II = 1> <Delay = 1.35> <Storage> <Opcode : 'load' 'store'> <Ports = 2> <Width = 32> <Depth = 416> <RAM>
ST_12 : Operation 660 [2/2] (1.35ns)   --->   "%p_ZZ10top_kernelPKfS0_S0_PfE9equalized_0_4_load_8 = load i9 %p_ZZ10top_kernelPKfS0_S0_PfE9equalized_0_4_addr_9" [top.cpp:91]   --->   Operation 660 'load' 'p_ZZ10top_kernelPKfS0_S0_PfE9equalized_0_4_load_8' <Predicate = (trunc_ln86 & trunc_ln85 == 0)> <Delay = 1.35> <CoreInst = "RAM">   --->   Core 82 'RAM' <Latency = 1> <II = 1> <Delay = 1.35> <Storage> <Opcode : 'load' 'store'> <Ports = 2> <Width = 32> <Depth = 416> <RAM>
ST_12 : Operation 661 [2/2] (1.35ns)   --->   "%p_ZZ10top_kernelPKfS0_S0_PfE9equalized_1_0_load_8 = load i9 %p_ZZ10top_kernelPKfS0_S0_PfE9equalized_1_0_addr_9" [top.cpp:91]   --->   Operation 661 'load' 'p_ZZ10top_kernelPKfS0_S0_PfE9equalized_1_0_load_8' <Predicate = (!trunc_ln86 & trunc_ln85 == 1)> <Delay = 1.35> <CoreInst = "RAM">   --->   Core 82 'RAM' <Latency = 1> <II = 1> <Delay = 1.35> <Storage> <Opcode : 'load' 'store'> <Ports = 2> <Width = 32> <Depth = 416> <RAM>
ST_12 : Operation 662 [2/2] (1.35ns)   --->   "%p_ZZ10top_kernelPKfS0_S0_PfE9equalized_1_1_load_8 = load i9 %p_ZZ10top_kernelPKfS0_S0_PfE9equalized_1_1_addr_9" [top.cpp:91]   --->   Operation 662 'load' 'p_ZZ10top_kernelPKfS0_S0_PfE9equalized_1_1_load_8' <Predicate = (!trunc_ln86 & trunc_ln85 == 2)> <Delay = 1.35> <CoreInst = "RAM">   --->   Core 82 'RAM' <Latency = 1> <II = 1> <Delay = 1.35> <Storage> <Opcode : 'load' 'store'> <Ports = 2> <Width = 32> <Depth = 416> <RAM>
ST_12 : Operation 663 [2/2] (1.35ns)   --->   "%p_ZZ10top_kernelPKfS0_S0_PfE9equalized_1_2_load_8 = load i9 %p_ZZ10top_kernelPKfS0_S0_PfE9equalized_1_2_addr_9" [top.cpp:91]   --->   Operation 663 'load' 'p_ZZ10top_kernelPKfS0_S0_PfE9equalized_1_2_load_8' <Predicate = (!trunc_ln86 & trunc_ln85 == 3)> <Delay = 1.35> <CoreInst = "RAM">   --->   Core 82 'RAM' <Latency = 1> <II = 1> <Delay = 1.35> <Storage> <Opcode : 'load' 'store'> <Ports = 2> <Width = 32> <Depth = 416> <RAM>
ST_12 : Operation 664 [2/2] (1.35ns)   --->   "%p_ZZ10top_kernelPKfS0_S0_PfE9equalized_1_3_load_8 = load i9 %p_ZZ10top_kernelPKfS0_S0_PfE9equalized_1_3_addr_9" [top.cpp:91]   --->   Operation 664 'load' 'p_ZZ10top_kernelPKfS0_S0_PfE9equalized_1_3_load_8' <Predicate = (!trunc_ln86 & trunc_ln85 == 4)> <Delay = 1.35> <CoreInst = "RAM">   --->   Core 82 'RAM' <Latency = 1> <II = 1> <Delay = 1.35> <Storage> <Opcode : 'load' 'store'> <Ports = 2> <Width = 32> <Depth = 416> <RAM>
ST_12 : Operation 665 [2/2] (1.35ns)   --->   "%p_ZZ10top_kernelPKfS0_S0_PfE9equalized_1_4_load_8 = load i9 %p_ZZ10top_kernelPKfS0_S0_PfE9equalized_1_4_addr_9" [top.cpp:91]   --->   Operation 665 'load' 'p_ZZ10top_kernelPKfS0_S0_PfE9equalized_1_4_load_8' <Predicate = (!trunc_ln86 & trunc_ln85 == 0)> <Delay = 1.35> <CoreInst = "RAM">   --->   Core 82 'RAM' <Latency = 1> <II = 1> <Delay = 1.35> <Storage> <Opcode : 'load' 'store'> <Ports = 2> <Width = 32> <Depth = 416> <RAM>
ST_12 : Operation 666 [2/2] (1.35ns)   --->   "%p_ZZ10top_kernelPKfS0_S0_PfE9equalized_0_0_load_10 = load i9 %p_ZZ10top_kernelPKfS0_S0_PfE9equalized_0_0_addr_11" [top.cpp:91]   --->   Operation 666 'load' 'p_ZZ10top_kernelPKfS0_S0_PfE9equalized_0_0_load_10' <Predicate = (!trunc_ln86 & trunc_ln85 == 0)> <Delay = 1.35> <CoreInst = "RAM">   --->   Core 82 'RAM' <Latency = 1> <II = 1> <Delay = 1.35> <Storage> <Opcode : 'load' 'store'> <Ports = 2> <Width = 32> <Depth = 416> <RAM>
ST_12 : Operation 667 [2/2] (1.35ns)   --->   "%p_ZZ10top_kernelPKfS0_S0_PfE9equalized_0_1_load_10 = load i9 %p_ZZ10top_kernelPKfS0_S0_PfE9equalized_0_1_addr_11" [top.cpp:91]   --->   Operation 667 'load' 'p_ZZ10top_kernelPKfS0_S0_PfE9equalized_0_1_load_10' <Predicate = (!trunc_ln86 & trunc_ln85 == 1)> <Delay = 1.35> <CoreInst = "RAM">   --->   Core 82 'RAM' <Latency = 1> <II = 1> <Delay = 1.35> <Storage> <Opcode : 'load' 'store'> <Ports = 2> <Width = 32> <Depth = 416> <RAM>
ST_12 : Operation 668 [2/2] (1.35ns)   --->   "%p_ZZ10top_kernelPKfS0_S0_PfE9equalized_0_2_load_10 = load i9 %p_ZZ10top_kernelPKfS0_S0_PfE9equalized_0_2_addr_11" [top.cpp:91]   --->   Operation 668 'load' 'p_ZZ10top_kernelPKfS0_S0_PfE9equalized_0_2_load_10' <Predicate = (!trunc_ln86 & trunc_ln85 == 2)> <Delay = 1.35> <CoreInst = "RAM">   --->   Core 82 'RAM' <Latency = 1> <II = 1> <Delay = 1.35> <Storage> <Opcode : 'load' 'store'> <Ports = 2> <Width = 32> <Depth = 416> <RAM>
ST_12 : Operation 669 [2/2] (1.35ns)   --->   "%p_ZZ10top_kernelPKfS0_S0_PfE9equalized_0_3_load_10 = load i9 %p_ZZ10top_kernelPKfS0_S0_PfE9equalized_0_3_addr_11" [top.cpp:91]   --->   Operation 669 'load' 'p_ZZ10top_kernelPKfS0_S0_PfE9equalized_0_3_load_10' <Predicate = (!trunc_ln86 & trunc_ln85 == 3)> <Delay = 1.35> <CoreInst = "RAM">   --->   Core 82 'RAM' <Latency = 1> <II = 1> <Delay = 1.35> <Storage> <Opcode : 'load' 'store'> <Ports = 2> <Width = 32> <Depth = 416> <RAM>
ST_12 : Operation 670 [2/2] (1.35ns)   --->   "%p_ZZ10top_kernelPKfS0_S0_PfE9equalized_0_4_load_10 = load i9 %p_ZZ10top_kernelPKfS0_S0_PfE9equalized_0_4_addr_11" [top.cpp:91]   --->   Operation 670 'load' 'p_ZZ10top_kernelPKfS0_S0_PfE9equalized_0_4_load_10' <Predicate = (!trunc_ln86 & trunc_ln85 == 4)> <Delay = 1.35> <CoreInst = "RAM">   --->   Core 82 'RAM' <Latency = 1> <II = 1> <Delay = 1.35> <Storage> <Opcode : 'load' 'store'> <Ports = 2> <Width = 32> <Depth = 416> <RAM>
ST_12 : Operation 671 [2/2] (1.35ns)   --->   "%p_ZZ10top_kernelPKfS0_S0_PfE9equalized_1_0_load_10 = load i9 %p_ZZ10top_kernelPKfS0_S0_PfE9equalized_1_0_addr_11" [top.cpp:91]   --->   Operation 671 'load' 'p_ZZ10top_kernelPKfS0_S0_PfE9equalized_1_0_load_10' <Predicate = (trunc_ln86 & trunc_ln85 == 0)> <Delay = 1.35> <CoreInst = "RAM">   --->   Core 82 'RAM' <Latency = 1> <II = 1> <Delay = 1.35> <Storage> <Opcode : 'load' 'store'> <Ports = 2> <Width = 32> <Depth = 416> <RAM>
ST_12 : Operation 672 [2/2] (1.35ns)   --->   "%p_ZZ10top_kernelPKfS0_S0_PfE9equalized_1_1_load_10 = load i9 %p_ZZ10top_kernelPKfS0_S0_PfE9equalized_1_1_addr_11" [top.cpp:91]   --->   Operation 672 'load' 'p_ZZ10top_kernelPKfS0_S0_PfE9equalized_1_1_load_10' <Predicate = (trunc_ln86 & trunc_ln85 == 1)> <Delay = 1.35> <CoreInst = "RAM">   --->   Core 82 'RAM' <Latency = 1> <II = 1> <Delay = 1.35> <Storage> <Opcode : 'load' 'store'> <Ports = 2> <Width = 32> <Depth = 416> <RAM>
ST_12 : Operation 673 [2/2] (1.35ns)   --->   "%p_ZZ10top_kernelPKfS0_S0_PfE9equalized_1_2_load_10 = load i9 %p_ZZ10top_kernelPKfS0_S0_PfE9equalized_1_2_addr_11" [top.cpp:91]   --->   Operation 673 'load' 'p_ZZ10top_kernelPKfS0_S0_PfE9equalized_1_2_load_10' <Predicate = (trunc_ln86 & trunc_ln85 == 2)> <Delay = 1.35> <CoreInst = "RAM">   --->   Core 82 'RAM' <Latency = 1> <II = 1> <Delay = 1.35> <Storage> <Opcode : 'load' 'store'> <Ports = 2> <Width = 32> <Depth = 416> <RAM>
ST_12 : Operation 674 [2/2] (1.35ns)   --->   "%p_ZZ10top_kernelPKfS0_S0_PfE9equalized_1_3_load_10 = load i9 %p_ZZ10top_kernelPKfS0_S0_PfE9equalized_1_3_addr_11" [top.cpp:91]   --->   Operation 674 'load' 'p_ZZ10top_kernelPKfS0_S0_PfE9equalized_1_3_load_10' <Predicate = (trunc_ln86 & trunc_ln85 == 3)> <Delay = 1.35> <CoreInst = "RAM">   --->   Core 82 'RAM' <Latency = 1> <II = 1> <Delay = 1.35> <Storage> <Opcode : 'load' 'store'> <Ports = 2> <Width = 32> <Depth = 416> <RAM>
ST_12 : Operation 675 [2/2] (1.35ns)   --->   "%p_ZZ10top_kernelPKfS0_S0_PfE9equalized_1_4_load_10 = load i9 %p_ZZ10top_kernelPKfS0_S0_PfE9equalized_1_4_addr_11" [top.cpp:91]   --->   Operation 675 'load' 'p_ZZ10top_kernelPKfS0_S0_PfE9equalized_1_4_load_10' <Predicate = (trunc_ln86 & trunc_ln85 == 4)> <Delay = 1.35> <CoreInst = "RAM">   --->   Core 82 'RAM' <Latency = 1> <II = 1> <Delay = 1.35> <Storage> <Opcode : 'load' 'store'> <Ports = 2> <Width = 32> <Depth = 416> <RAM>
ST_12 : Operation 676 [2/2] (1.35ns)   --->   "%p_ZZ10top_kernelPKfS0_S0_PfE9equalized_0_0_load_11 = load i9 %p_ZZ10top_kernelPKfS0_S0_PfE9equalized_0_0_addr_12" [top.cpp:91]   --->   Operation 676 'load' 'p_ZZ10top_kernelPKfS0_S0_PfE9equalized_0_0_load_11' <Predicate = (trunc_ln86 & trunc_ln85 == 0)> <Delay = 1.35> <CoreInst = "RAM">   --->   Core 82 'RAM' <Latency = 1> <II = 1> <Delay = 1.35> <Storage> <Opcode : 'load' 'store'> <Ports = 2> <Width = 32> <Depth = 416> <RAM>
ST_12 : Operation 677 [2/2] (1.35ns)   --->   "%p_ZZ10top_kernelPKfS0_S0_PfE9equalized_0_1_load_11 = load i9 %p_ZZ10top_kernelPKfS0_S0_PfE9equalized_0_1_addr_12" [top.cpp:91]   --->   Operation 677 'load' 'p_ZZ10top_kernelPKfS0_S0_PfE9equalized_0_1_load_11' <Predicate = (trunc_ln86 & trunc_ln85 == 1)> <Delay = 1.35> <CoreInst = "RAM">   --->   Core 82 'RAM' <Latency = 1> <II = 1> <Delay = 1.35> <Storage> <Opcode : 'load' 'store'> <Ports = 2> <Width = 32> <Depth = 416> <RAM>
ST_12 : Operation 678 [2/2] (1.35ns)   --->   "%p_ZZ10top_kernelPKfS0_S0_PfE9equalized_0_2_load_11 = load i9 %p_ZZ10top_kernelPKfS0_S0_PfE9equalized_0_2_addr_12" [top.cpp:91]   --->   Operation 678 'load' 'p_ZZ10top_kernelPKfS0_S0_PfE9equalized_0_2_load_11' <Predicate = (trunc_ln86 & trunc_ln85 == 2)> <Delay = 1.35> <CoreInst = "RAM">   --->   Core 82 'RAM' <Latency = 1> <II = 1> <Delay = 1.35> <Storage> <Opcode : 'load' 'store'> <Ports = 2> <Width = 32> <Depth = 416> <RAM>
ST_12 : Operation 679 [2/2] (1.35ns)   --->   "%p_ZZ10top_kernelPKfS0_S0_PfE9equalized_0_3_load_11 = load i9 %p_ZZ10top_kernelPKfS0_S0_PfE9equalized_0_3_addr_12" [top.cpp:91]   --->   Operation 679 'load' 'p_ZZ10top_kernelPKfS0_S0_PfE9equalized_0_3_load_11' <Predicate = (trunc_ln86 & trunc_ln85 == 3)> <Delay = 1.35> <CoreInst = "RAM">   --->   Core 82 'RAM' <Latency = 1> <II = 1> <Delay = 1.35> <Storage> <Opcode : 'load' 'store'> <Ports = 2> <Width = 32> <Depth = 416> <RAM>
ST_12 : Operation 680 [2/2] (1.35ns)   --->   "%p_ZZ10top_kernelPKfS0_S0_PfE9equalized_0_4_load_11 = load i9 %p_ZZ10top_kernelPKfS0_S0_PfE9equalized_0_4_addr_12" [top.cpp:91]   --->   Operation 680 'load' 'p_ZZ10top_kernelPKfS0_S0_PfE9equalized_0_4_load_11' <Predicate = (trunc_ln86 & trunc_ln85 == 4)> <Delay = 1.35> <CoreInst = "RAM">   --->   Core 82 'RAM' <Latency = 1> <II = 1> <Delay = 1.35> <Storage> <Opcode : 'load' 'store'> <Ports = 2> <Width = 32> <Depth = 416> <RAM>
ST_12 : Operation 681 [2/2] (1.35ns)   --->   "%p_ZZ10top_kernelPKfS0_S0_PfE9equalized_1_0_load_11 = load i9 %p_ZZ10top_kernelPKfS0_S0_PfE9equalized_1_0_addr_12" [top.cpp:91]   --->   Operation 681 'load' 'p_ZZ10top_kernelPKfS0_S0_PfE9equalized_1_0_load_11' <Predicate = (!trunc_ln86 & trunc_ln85 == 0)> <Delay = 1.35> <CoreInst = "RAM">   --->   Core 82 'RAM' <Latency = 1> <II = 1> <Delay = 1.35> <Storage> <Opcode : 'load' 'store'> <Ports = 2> <Width = 32> <Depth = 416> <RAM>
ST_12 : Operation 682 [2/2] (1.35ns)   --->   "%p_ZZ10top_kernelPKfS0_S0_PfE9equalized_1_1_load_11 = load i9 %p_ZZ10top_kernelPKfS0_S0_PfE9equalized_1_1_addr_12" [top.cpp:91]   --->   Operation 682 'load' 'p_ZZ10top_kernelPKfS0_S0_PfE9equalized_1_1_load_11' <Predicate = (!trunc_ln86 & trunc_ln85 == 1)> <Delay = 1.35> <CoreInst = "RAM">   --->   Core 82 'RAM' <Latency = 1> <II = 1> <Delay = 1.35> <Storage> <Opcode : 'load' 'store'> <Ports = 2> <Width = 32> <Depth = 416> <RAM>
ST_12 : Operation 683 [2/2] (1.35ns)   --->   "%p_ZZ10top_kernelPKfS0_S0_PfE9equalized_1_2_load_11 = load i9 %p_ZZ10top_kernelPKfS0_S0_PfE9equalized_1_2_addr_12" [top.cpp:91]   --->   Operation 683 'load' 'p_ZZ10top_kernelPKfS0_S0_PfE9equalized_1_2_load_11' <Predicate = (!trunc_ln86 & trunc_ln85 == 2)> <Delay = 1.35> <CoreInst = "RAM">   --->   Core 82 'RAM' <Latency = 1> <II = 1> <Delay = 1.35> <Storage> <Opcode : 'load' 'store'> <Ports = 2> <Width = 32> <Depth = 416> <RAM>
ST_12 : Operation 684 [2/2] (1.35ns)   --->   "%p_ZZ10top_kernelPKfS0_S0_PfE9equalized_1_3_load_11 = load i9 %p_ZZ10top_kernelPKfS0_S0_PfE9equalized_1_3_addr_12" [top.cpp:91]   --->   Operation 684 'load' 'p_ZZ10top_kernelPKfS0_S0_PfE9equalized_1_3_load_11' <Predicate = (!trunc_ln86 & trunc_ln85 == 3)> <Delay = 1.35> <CoreInst = "RAM">   --->   Core 82 'RAM' <Latency = 1> <II = 1> <Delay = 1.35> <Storage> <Opcode : 'load' 'store'> <Ports = 2> <Width = 32> <Depth = 416> <RAM>
ST_12 : Operation 685 [2/2] (1.35ns)   --->   "%p_ZZ10top_kernelPKfS0_S0_PfE9equalized_1_4_load_11 = load i9 %p_ZZ10top_kernelPKfS0_S0_PfE9equalized_1_4_addr_12" [top.cpp:91]   --->   Operation 685 'load' 'p_ZZ10top_kernelPKfS0_S0_PfE9equalized_1_4_load_11' <Predicate = (!trunc_ln86 & trunc_ln85 == 4)> <Delay = 1.35> <CoreInst = "RAM">   --->   Core 82 'RAM' <Latency = 1> <II = 1> <Delay = 1.35> <Storage> <Opcode : 'load' 'store'> <Ports = 2> <Width = 32> <Depth = 416> <RAM>
ST_12 : Operation 686 [2/2] (1.35ns)   --->   "%p_ZZ10top_kernelPKfS0_S0_PfE9equalized_0_0_load_12 = load i9 %p_ZZ10top_kernelPKfS0_S0_PfE9equalized_0_0_addr_8" [top.cpp:91]   --->   Operation 686 'load' 'p_ZZ10top_kernelPKfS0_S0_PfE9equalized_0_0_load_12' <Predicate = (!trunc_ln86 & trunc_ln85 == 0)> <Delay = 1.35> <CoreInst = "RAM">   --->   Core 82 'RAM' <Latency = 1> <II = 1> <Delay = 1.35> <Storage> <Opcode : 'load' 'store'> <Ports = 2> <Width = 32> <Depth = 416> <RAM>
ST_12 : Operation 687 [2/2] (1.35ns)   --->   "%p_ZZ10top_kernelPKfS0_S0_PfE9equalized_0_1_load_12 = load i9 %p_ZZ10top_kernelPKfS0_S0_PfE9equalized_0_1_addr_8" [top.cpp:91]   --->   Operation 687 'load' 'p_ZZ10top_kernelPKfS0_S0_PfE9equalized_0_1_load_12' <Predicate = (!trunc_ln86 & trunc_ln85 == 1)> <Delay = 1.35> <CoreInst = "RAM">   --->   Core 82 'RAM' <Latency = 1> <II = 1> <Delay = 1.35> <Storage> <Opcode : 'load' 'store'> <Ports = 2> <Width = 32> <Depth = 416> <RAM>
ST_12 : Operation 688 [2/2] (1.35ns)   --->   "%p_ZZ10top_kernelPKfS0_S0_PfE9equalized_0_2_load_12 = load i9 %p_ZZ10top_kernelPKfS0_S0_PfE9equalized_0_2_addr_8" [top.cpp:91]   --->   Operation 688 'load' 'p_ZZ10top_kernelPKfS0_S0_PfE9equalized_0_2_load_12' <Predicate = (!trunc_ln86 & trunc_ln85 == 2)> <Delay = 1.35> <CoreInst = "RAM">   --->   Core 82 'RAM' <Latency = 1> <II = 1> <Delay = 1.35> <Storage> <Opcode : 'load' 'store'> <Ports = 2> <Width = 32> <Depth = 416> <RAM>
ST_12 : Operation 689 [2/2] (1.35ns)   --->   "%p_ZZ10top_kernelPKfS0_S0_PfE9equalized_0_3_load_12 = load i9 %p_ZZ10top_kernelPKfS0_S0_PfE9equalized_0_3_addr_8" [top.cpp:91]   --->   Operation 689 'load' 'p_ZZ10top_kernelPKfS0_S0_PfE9equalized_0_3_load_12' <Predicate = (!trunc_ln86 & trunc_ln85 == 3)> <Delay = 1.35> <CoreInst = "RAM">   --->   Core 82 'RAM' <Latency = 1> <II = 1> <Delay = 1.35> <Storage> <Opcode : 'load' 'store'> <Ports = 2> <Width = 32> <Depth = 416> <RAM>
ST_12 : Operation 690 [2/2] (1.35ns)   --->   "%p_ZZ10top_kernelPKfS0_S0_PfE9equalized_0_4_load_12 = load i9 %p_ZZ10top_kernelPKfS0_S0_PfE9equalized_0_4_addr_8" [top.cpp:91]   --->   Operation 690 'load' 'p_ZZ10top_kernelPKfS0_S0_PfE9equalized_0_4_load_12' <Predicate = (!trunc_ln86 & trunc_ln85 == 4)> <Delay = 1.35> <CoreInst = "RAM">   --->   Core 82 'RAM' <Latency = 1> <II = 1> <Delay = 1.35> <Storage> <Opcode : 'load' 'store'> <Ports = 2> <Width = 32> <Depth = 416> <RAM>
ST_12 : Operation 691 [2/2] (1.35ns)   --->   "%p_ZZ10top_kernelPKfS0_S0_PfE9equalized_1_0_load_12 = load i9 %p_ZZ10top_kernelPKfS0_S0_PfE9equalized_1_0_addr_8" [top.cpp:91]   --->   Operation 691 'load' 'p_ZZ10top_kernelPKfS0_S0_PfE9equalized_1_0_load_12' <Predicate = (trunc_ln86 & trunc_ln85 == 0)> <Delay = 1.35> <CoreInst = "RAM">   --->   Core 82 'RAM' <Latency = 1> <II = 1> <Delay = 1.35> <Storage> <Opcode : 'load' 'store'> <Ports = 2> <Width = 32> <Depth = 416> <RAM>
ST_12 : Operation 692 [2/2] (1.35ns)   --->   "%p_ZZ10top_kernelPKfS0_S0_PfE9equalized_1_1_load_12 = load i9 %p_ZZ10top_kernelPKfS0_S0_PfE9equalized_1_1_addr_8" [top.cpp:91]   --->   Operation 692 'load' 'p_ZZ10top_kernelPKfS0_S0_PfE9equalized_1_1_load_12' <Predicate = (trunc_ln86 & trunc_ln85 == 1)> <Delay = 1.35> <CoreInst = "RAM">   --->   Core 82 'RAM' <Latency = 1> <II = 1> <Delay = 1.35> <Storage> <Opcode : 'load' 'store'> <Ports = 2> <Width = 32> <Depth = 416> <RAM>
ST_12 : Operation 693 [2/2] (1.35ns)   --->   "%p_ZZ10top_kernelPKfS0_S0_PfE9equalized_1_2_load_12 = load i9 %p_ZZ10top_kernelPKfS0_S0_PfE9equalized_1_2_addr_8" [top.cpp:91]   --->   Operation 693 'load' 'p_ZZ10top_kernelPKfS0_S0_PfE9equalized_1_2_load_12' <Predicate = (trunc_ln86 & trunc_ln85 == 2)> <Delay = 1.35> <CoreInst = "RAM">   --->   Core 82 'RAM' <Latency = 1> <II = 1> <Delay = 1.35> <Storage> <Opcode : 'load' 'store'> <Ports = 2> <Width = 32> <Depth = 416> <RAM>
ST_12 : Operation 694 [2/2] (1.35ns)   --->   "%p_ZZ10top_kernelPKfS0_S0_PfE9equalized_1_3_load_12 = load i9 %p_ZZ10top_kernelPKfS0_S0_PfE9equalized_1_3_addr_8" [top.cpp:91]   --->   Operation 694 'load' 'p_ZZ10top_kernelPKfS0_S0_PfE9equalized_1_3_load_12' <Predicate = (trunc_ln86 & trunc_ln85 == 3)> <Delay = 1.35> <CoreInst = "RAM">   --->   Core 82 'RAM' <Latency = 1> <II = 1> <Delay = 1.35> <Storage> <Opcode : 'load' 'store'> <Ports = 2> <Width = 32> <Depth = 416> <RAM>
ST_12 : Operation 695 [2/2] (1.35ns)   --->   "%p_ZZ10top_kernelPKfS0_S0_PfE9equalized_1_4_load_12 = load i9 %p_ZZ10top_kernelPKfS0_S0_PfE9equalized_1_4_addr_8" [top.cpp:91]   --->   Operation 695 'load' 'p_ZZ10top_kernelPKfS0_S0_PfE9equalized_1_4_load_12' <Predicate = (trunc_ln86 & trunc_ln85 == 4)> <Delay = 1.35> <CoreInst = "RAM">   --->   Core 82 'RAM' <Latency = 1> <II = 1> <Delay = 1.35> <Storage> <Opcode : 'load' 'store'> <Ports = 2> <Width = 32> <Depth = 416> <RAM>
ST_12 : Operation 696 [2/2] (1.35ns)   --->   "%p_ZZ10top_kernelPKfS0_S0_PfE9equalized_0_0_load_13 = load i9 %p_ZZ10top_kernelPKfS0_S0_PfE9equalized_0_0_addr_14" [top.cpp:91]   --->   Operation 696 'load' 'p_ZZ10top_kernelPKfS0_S0_PfE9equalized_0_0_load_13' <Predicate = (trunc_ln86 & trunc_ln85 == 0)> <Delay = 1.35> <CoreInst = "RAM">   --->   Core 82 'RAM' <Latency = 1> <II = 1> <Delay = 1.35> <Storage> <Opcode : 'load' 'store'> <Ports = 2> <Width = 32> <Depth = 416> <RAM>
ST_12 : Operation 697 [2/2] (1.35ns)   --->   "%p_ZZ10top_kernelPKfS0_S0_PfE9equalized_0_1_load_13 = load i9 %p_ZZ10top_kernelPKfS0_S0_PfE9equalized_0_1_addr_14" [top.cpp:91]   --->   Operation 697 'load' 'p_ZZ10top_kernelPKfS0_S0_PfE9equalized_0_1_load_13' <Predicate = (trunc_ln86 & trunc_ln85 == 1)> <Delay = 1.35> <CoreInst = "RAM">   --->   Core 82 'RAM' <Latency = 1> <II = 1> <Delay = 1.35> <Storage> <Opcode : 'load' 'store'> <Ports = 2> <Width = 32> <Depth = 416> <RAM>
ST_12 : Operation 698 [2/2] (1.35ns)   --->   "%p_ZZ10top_kernelPKfS0_S0_PfE9equalized_0_2_load_13 = load i9 %p_ZZ10top_kernelPKfS0_S0_PfE9equalized_0_2_addr_14" [top.cpp:91]   --->   Operation 698 'load' 'p_ZZ10top_kernelPKfS0_S0_PfE9equalized_0_2_load_13' <Predicate = (trunc_ln86 & trunc_ln85 == 2)> <Delay = 1.35> <CoreInst = "RAM">   --->   Core 82 'RAM' <Latency = 1> <II = 1> <Delay = 1.35> <Storage> <Opcode : 'load' 'store'> <Ports = 2> <Width = 32> <Depth = 416> <RAM>
ST_12 : Operation 699 [2/2] (1.35ns)   --->   "%p_ZZ10top_kernelPKfS0_S0_PfE9equalized_0_3_load_13 = load i9 %p_ZZ10top_kernelPKfS0_S0_PfE9equalized_0_3_addr_14" [top.cpp:91]   --->   Operation 699 'load' 'p_ZZ10top_kernelPKfS0_S0_PfE9equalized_0_3_load_13' <Predicate = (trunc_ln86 & trunc_ln85 == 3)> <Delay = 1.35> <CoreInst = "RAM">   --->   Core 82 'RAM' <Latency = 1> <II = 1> <Delay = 1.35> <Storage> <Opcode : 'load' 'store'> <Ports = 2> <Width = 32> <Depth = 416> <RAM>
ST_12 : Operation 700 [2/2] (1.35ns)   --->   "%p_ZZ10top_kernelPKfS0_S0_PfE9equalized_0_4_load_13 = load i9 %p_ZZ10top_kernelPKfS0_S0_PfE9equalized_0_4_addr_14" [top.cpp:91]   --->   Operation 700 'load' 'p_ZZ10top_kernelPKfS0_S0_PfE9equalized_0_4_load_13' <Predicate = (trunc_ln86 & trunc_ln85 == 4)> <Delay = 1.35> <CoreInst = "RAM">   --->   Core 82 'RAM' <Latency = 1> <II = 1> <Delay = 1.35> <Storage> <Opcode : 'load' 'store'> <Ports = 2> <Width = 32> <Depth = 416> <RAM>
ST_12 : Operation 701 [2/2] (1.35ns)   --->   "%p_ZZ10top_kernelPKfS0_S0_PfE9equalized_1_0_load_13 = load i9 %p_ZZ10top_kernelPKfS0_S0_PfE9equalized_1_0_addr_14" [top.cpp:91]   --->   Operation 701 'load' 'p_ZZ10top_kernelPKfS0_S0_PfE9equalized_1_0_load_13' <Predicate = (!trunc_ln86 & trunc_ln85 == 0)> <Delay = 1.35> <CoreInst = "RAM">   --->   Core 82 'RAM' <Latency = 1> <II = 1> <Delay = 1.35> <Storage> <Opcode : 'load' 'store'> <Ports = 2> <Width = 32> <Depth = 416> <RAM>
ST_12 : Operation 702 [2/2] (1.35ns)   --->   "%p_ZZ10top_kernelPKfS0_S0_PfE9equalized_1_1_load_13 = load i9 %p_ZZ10top_kernelPKfS0_S0_PfE9equalized_1_1_addr_14" [top.cpp:91]   --->   Operation 702 'load' 'p_ZZ10top_kernelPKfS0_S0_PfE9equalized_1_1_load_13' <Predicate = (!trunc_ln86 & trunc_ln85 == 1)> <Delay = 1.35> <CoreInst = "RAM">   --->   Core 82 'RAM' <Latency = 1> <II = 1> <Delay = 1.35> <Storage> <Opcode : 'load' 'store'> <Ports = 2> <Width = 32> <Depth = 416> <RAM>
ST_12 : Operation 703 [2/2] (1.35ns)   --->   "%p_ZZ10top_kernelPKfS0_S0_PfE9equalized_1_2_load_13 = load i9 %p_ZZ10top_kernelPKfS0_S0_PfE9equalized_1_2_addr_14" [top.cpp:91]   --->   Operation 703 'load' 'p_ZZ10top_kernelPKfS0_S0_PfE9equalized_1_2_load_13' <Predicate = (!trunc_ln86 & trunc_ln85 == 2)> <Delay = 1.35> <CoreInst = "RAM">   --->   Core 82 'RAM' <Latency = 1> <II = 1> <Delay = 1.35> <Storage> <Opcode : 'load' 'store'> <Ports = 2> <Width = 32> <Depth = 416> <RAM>
ST_12 : Operation 704 [2/2] (1.35ns)   --->   "%p_ZZ10top_kernelPKfS0_S0_PfE9equalized_1_3_load_13 = load i9 %p_ZZ10top_kernelPKfS0_S0_PfE9equalized_1_3_addr_14" [top.cpp:91]   --->   Operation 704 'load' 'p_ZZ10top_kernelPKfS0_S0_PfE9equalized_1_3_load_13' <Predicate = (!trunc_ln86 & trunc_ln85 == 3)> <Delay = 1.35> <CoreInst = "RAM">   --->   Core 82 'RAM' <Latency = 1> <II = 1> <Delay = 1.35> <Storage> <Opcode : 'load' 'store'> <Ports = 2> <Width = 32> <Depth = 416> <RAM>
ST_12 : Operation 705 [2/2] (1.35ns)   --->   "%p_ZZ10top_kernelPKfS0_S0_PfE9equalized_1_4_load_13 = load i9 %p_ZZ10top_kernelPKfS0_S0_PfE9equalized_1_4_addr_14" [top.cpp:91]   --->   Operation 705 'load' 'p_ZZ10top_kernelPKfS0_S0_PfE9equalized_1_4_load_13' <Predicate = (!trunc_ln86 & trunc_ln85 == 4)> <Delay = 1.35> <CoreInst = "RAM">   --->   Core 82 'RAM' <Latency = 1> <II = 1> <Delay = 1.35> <Storage> <Opcode : 'load' 'store'> <Ports = 2> <Width = 32> <Depth = 416> <RAM>
ST_12 : Operation 706 [2/2] (1.35ns)   --->   "%p_ZZ10top_kernelPKfS0_S0_PfE9equalized_0_0_load_15 = load i9 %p_ZZ10top_kernelPKfS0_S0_PfE9equalized_0_0_addr_16" [top.cpp:91]   --->   Operation 706 'load' 'p_ZZ10top_kernelPKfS0_S0_PfE9equalized_0_0_load_15' <Predicate = (!trunc_ln86 & trunc_ln85 == 4)> <Delay = 1.35> <CoreInst = "RAM">   --->   Core 82 'RAM' <Latency = 1> <II = 1> <Delay = 1.35> <Storage> <Opcode : 'load' 'store'> <Ports = 2> <Width = 32> <Depth = 416> <RAM>
ST_12 : Operation 707 [2/2] (1.35ns)   --->   "%p_ZZ10top_kernelPKfS0_S0_PfE9equalized_0_1_load_15 = load i9 %p_ZZ10top_kernelPKfS0_S0_PfE9equalized_0_1_addr_16" [top.cpp:91]   --->   Operation 707 'load' 'p_ZZ10top_kernelPKfS0_S0_PfE9equalized_0_1_load_15' <Predicate = (!trunc_ln86 & trunc_ln85 == 0)> <Delay = 1.35> <CoreInst = "RAM">   --->   Core 82 'RAM' <Latency = 1> <II = 1> <Delay = 1.35> <Storage> <Opcode : 'load' 'store'> <Ports = 2> <Width = 32> <Depth = 416> <RAM>
ST_12 : Operation 708 [2/2] (1.35ns)   --->   "%p_ZZ10top_kernelPKfS0_S0_PfE9equalized_0_2_load_15 = load i9 %p_ZZ10top_kernelPKfS0_S0_PfE9equalized_0_2_addr_16" [top.cpp:91]   --->   Operation 708 'load' 'p_ZZ10top_kernelPKfS0_S0_PfE9equalized_0_2_load_15' <Predicate = (!trunc_ln86 & trunc_ln85 == 1)> <Delay = 1.35> <CoreInst = "RAM">   --->   Core 82 'RAM' <Latency = 1> <II = 1> <Delay = 1.35> <Storage> <Opcode : 'load' 'store'> <Ports = 2> <Width = 32> <Depth = 416> <RAM>
ST_12 : Operation 709 [2/2] (1.35ns)   --->   "%p_ZZ10top_kernelPKfS0_S0_PfE9equalized_0_3_load_15 = load i9 %p_ZZ10top_kernelPKfS0_S0_PfE9equalized_0_3_addr_16" [top.cpp:91]   --->   Operation 709 'load' 'p_ZZ10top_kernelPKfS0_S0_PfE9equalized_0_3_load_15' <Predicate = (!trunc_ln86 & trunc_ln85 == 2)> <Delay = 1.35> <CoreInst = "RAM">   --->   Core 82 'RAM' <Latency = 1> <II = 1> <Delay = 1.35> <Storage> <Opcode : 'load' 'store'> <Ports = 2> <Width = 32> <Depth = 416> <RAM>
ST_12 : Operation 710 [2/2] (1.35ns)   --->   "%p_ZZ10top_kernelPKfS0_S0_PfE9equalized_0_4_load_15 = load i9 %p_ZZ10top_kernelPKfS0_S0_PfE9equalized_0_4_addr_16" [top.cpp:91]   --->   Operation 710 'load' 'p_ZZ10top_kernelPKfS0_S0_PfE9equalized_0_4_load_15' <Predicate = (!trunc_ln86 & trunc_ln85 == 3)> <Delay = 1.35> <CoreInst = "RAM">   --->   Core 82 'RAM' <Latency = 1> <II = 1> <Delay = 1.35> <Storage> <Opcode : 'load' 'store'> <Ports = 2> <Width = 32> <Depth = 416> <RAM>
ST_12 : Operation 711 [2/2] (1.35ns)   --->   "%p_ZZ10top_kernelPKfS0_S0_PfE9equalized_1_0_load_15 = load i9 %p_ZZ10top_kernelPKfS0_S0_PfE9equalized_1_0_addr_16" [top.cpp:91]   --->   Operation 711 'load' 'p_ZZ10top_kernelPKfS0_S0_PfE9equalized_1_0_load_15' <Predicate = (trunc_ln86 & trunc_ln85 == 4)> <Delay = 1.35> <CoreInst = "RAM">   --->   Core 82 'RAM' <Latency = 1> <II = 1> <Delay = 1.35> <Storage> <Opcode : 'load' 'store'> <Ports = 2> <Width = 32> <Depth = 416> <RAM>
ST_12 : Operation 712 [2/2] (1.35ns)   --->   "%p_ZZ10top_kernelPKfS0_S0_PfE9equalized_1_1_load_15 = load i9 %p_ZZ10top_kernelPKfS0_S0_PfE9equalized_1_1_addr_16" [top.cpp:91]   --->   Operation 712 'load' 'p_ZZ10top_kernelPKfS0_S0_PfE9equalized_1_1_load_15' <Predicate = (trunc_ln86 & trunc_ln85 == 0)> <Delay = 1.35> <CoreInst = "RAM">   --->   Core 82 'RAM' <Latency = 1> <II = 1> <Delay = 1.35> <Storage> <Opcode : 'load' 'store'> <Ports = 2> <Width = 32> <Depth = 416> <RAM>
ST_12 : Operation 713 [2/2] (1.35ns)   --->   "%p_ZZ10top_kernelPKfS0_S0_PfE9equalized_1_2_load_15 = load i9 %p_ZZ10top_kernelPKfS0_S0_PfE9equalized_1_2_addr_16" [top.cpp:91]   --->   Operation 713 'load' 'p_ZZ10top_kernelPKfS0_S0_PfE9equalized_1_2_load_15' <Predicate = (trunc_ln86 & trunc_ln85 == 1)> <Delay = 1.35> <CoreInst = "RAM">   --->   Core 82 'RAM' <Latency = 1> <II = 1> <Delay = 1.35> <Storage> <Opcode : 'load' 'store'> <Ports = 2> <Width = 32> <Depth = 416> <RAM>
ST_12 : Operation 714 [2/2] (1.35ns)   --->   "%p_ZZ10top_kernelPKfS0_S0_PfE9equalized_1_3_load_15 = load i9 %p_ZZ10top_kernelPKfS0_S0_PfE9equalized_1_3_addr_16" [top.cpp:91]   --->   Operation 714 'load' 'p_ZZ10top_kernelPKfS0_S0_PfE9equalized_1_3_load_15' <Predicate = (trunc_ln86 & trunc_ln85 == 2)> <Delay = 1.35> <CoreInst = "RAM">   --->   Core 82 'RAM' <Latency = 1> <II = 1> <Delay = 1.35> <Storage> <Opcode : 'load' 'store'> <Ports = 2> <Width = 32> <Depth = 416> <RAM>
ST_12 : Operation 715 [2/2] (1.35ns)   --->   "%p_ZZ10top_kernelPKfS0_S0_PfE9equalized_1_4_load_15 = load i9 %p_ZZ10top_kernelPKfS0_S0_PfE9equalized_1_4_addr_16" [top.cpp:91]   --->   Operation 715 'load' 'p_ZZ10top_kernelPKfS0_S0_PfE9equalized_1_4_load_15' <Predicate = (trunc_ln86 & trunc_ln85 == 3)> <Delay = 1.35> <CoreInst = "RAM">   --->   Core 82 'RAM' <Latency = 1> <II = 1> <Delay = 1.35> <Storage> <Opcode : 'load' 'store'> <Ports = 2> <Width = 32> <Depth = 416> <RAM>
ST_12 : Operation 716 [2/2] (1.35ns)   --->   "%p_ZZ10top_kernelPKfS0_S0_PfE9equalized_0_0_load_16 = load i9 %p_ZZ10top_kernelPKfS0_S0_PfE9equalized_0_0_addr_17" [top.cpp:91]   --->   Operation 716 'load' 'p_ZZ10top_kernelPKfS0_S0_PfE9equalized_0_0_load_16' <Predicate = (trunc_ln86 & trunc_ln85 == 4)> <Delay = 1.35> <CoreInst = "RAM">   --->   Core 82 'RAM' <Latency = 1> <II = 1> <Delay = 1.35> <Storage> <Opcode : 'load' 'store'> <Ports = 2> <Width = 32> <Depth = 416> <RAM>
ST_12 : Operation 717 [2/2] (1.35ns)   --->   "%p_ZZ10top_kernelPKfS0_S0_PfE9equalized_0_1_load_16 = load i9 %p_ZZ10top_kernelPKfS0_S0_PfE9equalized_0_1_addr_17" [top.cpp:91]   --->   Operation 717 'load' 'p_ZZ10top_kernelPKfS0_S0_PfE9equalized_0_1_load_16' <Predicate = (trunc_ln86 & trunc_ln85 == 0)> <Delay = 1.35> <CoreInst = "RAM">   --->   Core 82 'RAM' <Latency = 1> <II = 1> <Delay = 1.35> <Storage> <Opcode : 'load' 'store'> <Ports = 2> <Width = 32> <Depth = 416> <RAM>
ST_12 : Operation 718 [2/2] (1.35ns)   --->   "%p_ZZ10top_kernelPKfS0_S0_PfE9equalized_0_2_load_16 = load i9 %p_ZZ10top_kernelPKfS0_S0_PfE9equalized_0_2_addr_17" [top.cpp:91]   --->   Operation 718 'load' 'p_ZZ10top_kernelPKfS0_S0_PfE9equalized_0_2_load_16' <Predicate = (trunc_ln86 & trunc_ln85 == 1)> <Delay = 1.35> <CoreInst = "RAM">   --->   Core 82 'RAM' <Latency = 1> <II = 1> <Delay = 1.35> <Storage> <Opcode : 'load' 'store'> <Ports = 2> <Width = 32> <Depth = 416> <RAM>
ST_12 : Operation 719 [2/2] (1.35ns)   --->   "%p_ZZ10top_kernelPKfS0_S0_PfE9equalized_0_3_load_16 = load i9 %p_ZZ10top_kernelPKfS0_S0_PfE9equalized_0_3_addr_17" [top.cpp:91]   --->   Operation 719 'load' 'p_ZZ10top_kernelPKfS0_S0_PfE9equalized_0_3_load_16' <Predicate = (trunc_ln86 & trunc_ln85 == 2)> <Delay = 1.35> <CoreInst = "RAM">   --->   Core 82 'RAM' <Latency = 1> <II = 1> <Delay = 1.35> <Storage> <Opcode : 'load' 'store'> <Ports = 2> <Width = 32> <Depth = 416> <RAM>
ST_12 : Operation 720 [2/2] (1.35ns)   --->   "%p_ZZ10top_kernelPKfS0_S0_PfE9equalized_0_4_load_16 = load i9 %p_ZZ10top_kernelPKfS0_S0_PfE9equalized_0_4_addr_17" [top.cpp:91]   --->   Operation 720 'load' 'p_ZZ10top_kernelPKfS0_S0_PfE9equalized_0_4_load_16' <Predicate = (trunc_ln86 & trunc_ln85 == 3)> <Delay = 1.35> <CoreInst = "RAM">   --->   Core 82 'RAM' <Latency = 1> <II = 1> <Delay = 1.35> <Storage> <Opcode : 'load' 'store'> <Ports = 2> <Width = 32> <Depth = 416> <RAM>
ST_12 : Operation 721 [2/2] (1.35ns)   --->   "%p_ZZ10top_kernelPKfS0_S0_PfE9equalized_1_0_load_16 = load i9 %p_ZZ10top_kernelPKfS0_S0_PfE9equalized_1_0_addr_17" [top.cpp:91]   --->   Operation 721 'load' 'p_ZZ10top_kernelPKfS0_S0_PfE9equalized_1_0_load_16' <Predicate = (!trunc_ln86 & trunc_ln85 == 4)> <Delay = 1.35> <CoreInst = "RAM">   --->   Core 82 'RAM' <Latency = 1> <II = 1> <Delay = 1.35> <Storage> <Opcode : 'load' 'store'> <Ports = 2> <Width = 32> <Depth = 416> <RAM>
ST_12 : Operation 722 [2/2] (1.35ns)   --->   "%p_ZZ10top_kernelPKfS0_S0_PfE9equalized_1_1_load_16 = load i9 %p_ZZ10top_kernelPKfS0_S0_PfE9equalized_1_1_addr_17" [top.cpp:91]   --->   Operation 722 'load' 'p_ZZ10top_kernelPKfS0_S0_PfE9equalized_1_1_load_16' <Predicate = (!trunc_ln86 & trunc_ln85 == 0)> <Delay = 1.35> <CoreInst = "RAM">   --->   Core 82 'RAM' <Latency = 1> <II = 1> <Delay = 1.35> <Storage> <Opcode : 'load' 'store'> <Ports = 2> <Width = 32> <Depth = 416> <RAM>
ST_12 : Operation 723 [2/2] (1.35ns)   --->   "%p_ZZ10top_kernelPKfS0_S0_PfE9equalized_1_2_load_16 = load i9 %p_ZZ10top_kernelPKfS0_S0_PfE9equalized_1_2_addr_17" [top.cpp:91]   --->   Operation 723 'load' 'p_ZZ10top_kernelPKfS0_S0_PfE9equalized_1_2_load_16' <Predicate = (!trunc_ln86 & trunc_ln85 == 1)> <Delay = 1.35> <CoreInst = "RAM">   --->   Core 82 'RAM' <Latency = 1> <II = 1> <Delay = 1.35> <Storage> <Opcode : 'load' 'store'> <Ports = 2> <Width = 32> <Depth = 416> <RAM>
ST_12 : Operation 724 [2/2] (1.35ns)   --->   "%p_ZZ10top_kernelPKfS0_S0_PfE9equalized_1_3_load_16 = load i9 %p_ZZ10top_kernelPKfS0_S0_PfE9equalized_1_3_addr_17" [top.cpp:91]   --->   Operation 724 'load' 'p_ZZ10top_kernelPKfS0_S0_PfE9equalized_1_3_load_16' <Predicate = (!trunc_ln86 & trunc_ln85 == 2)> <Delay = 1.35> <CoreInst = "RAM">   --->   Core 82 'RAM' <Latency = 1> <II = 1> <Delay = 1.35> <Storage> <Opcode : 'load' 'store'> <Ports = 2> <Width = 32> <Depth = 416> <RAM>
ST_12 : Operation 725 [2/2] (1.35ns)   --->   "%p_ZZ10top_kernelPKfS0_S0_PfE9equalized_1_4_load_16 = load i9 %p_ZZ10top_kernelPKfS0_S0_PfE9equalized_1_4_addr_17" [top.cpp:91]   --->   Operation 725 'load' 'p_ZZ10top_kernelPKfS0_S0_PfE9equalized_1_4_load_16' <Predicate = (!trunc_ln86 & trunc_ln85 == 3)> <Delay = 1.35> <CoreInst = "RAM">   --->   Core 82 'RAM' <Latency = 1> <II = 1> <Delay = 1.35> <Storage> <Opcode : 'load' 'store'> <Ports = 2> <Width = 32> <Depth = 416> <RAM>
ST_12 : Operation 726 [2/2] (1.35ns)   --->   "%p_ZZ10top_kernelPKfS0_S0_PfE9equalized_0_0_load_17 = load i9 %p_ZZ10top_kernelPKfS0_S0_PfE9equalized_0_0_addr_13" [top.cpp:91]   --->   Operation 726 'load' 'p_ZZ10top_kernelPKfS0_S0_PfE9equalized_0_0_load_17' <Predicate = (!trunc_ln86 & trunc_ln85 == 4)> <Delay = 1.35> <CoreInst = "RAM">   --->   Core 82 'RAM' <Latency = 1> <II = 1> <Delay = 1.35> <Storage> <Opcode : 'load' 'store'> <Ports = 2> <Width = 32> <Depth = 416> <RAM>
ST_12 : Operation 727 [2/2] (1.35ns)   --->   "%p_ZZ10top_kernelPKfS0_S0_PfE9equalized_0_1_load_17 = load i9 %p_ZZ10top_kernelPKfS0_S0_PfE9equalized_0_1_addr_13" [top.cpp:91]   --->   Operation 727 'load' 'p_ZZ10top_kernelPKfS0_S0_PfE9equalized_0_1_load_17' <Predicate = (!trunc_ln86 & trunc_ln85 == 0)> <Delay = 1.35> <CoreInst = "RAM">   --->   Core 82 'RAM' <Latency = 1> <II = 1> <Delay = 1.35> <Storage> <Opcode : 'load' 'store'> <Ports = 2> <Width = 32> <Depth = 416> <RAM>
ST_12 : Operation 728 [2/2] (1.35ns)   --->   "%p_ZZ10top_kernelPKfS0_S0_PfE9equalized_0_2_load_17 = load i9 %p_ZZ10top_kernelPKfS0_S0_PfE9equalized_0_2_addr_13" [top.cpp:91]   --->   Operation 728 'load' 'p_ZZ10top_kernelPKfS0_S0_PfE9equalized_0_2_load_17' <Predicate = (!trunc_ln86 & trunc_ln85 == 1)> <Delay = 1.35> <CoreInst = "RAM">   --->   Core 82 'RAM' <Latency = 1> <II = 1> <Delay = 1.35> <Storage> <Opcode : 'load' 'store'> <Ports = 2> <Width = 32> <Depth = 416> <RAM>
ST_12 : Operation 729 [2/2] (1.35ns)   --->   "%p_ZZ10top_kernelPKfS0_S0_PfE9equalized_0_3_load_17 = load i9 %p_ZZ10top_kernelPKfS0_S0_PfE9equalized_0_3_addr_13" [top.cpp:91]   --->   Operation 729 'load' 'p_ZZ10top_kernelPKfS0_S0_PfE9equalized_0_3_load_17' <Predicate = (!trunc_ln86 & trunc_ln85 == 2)> <Delay = 1.35> <CoreInst = "RAM">   --->   Core 82 'RAM' <Latency = 1> <II = 1> <Delay = 1.35> <Storage> <Opcode : 'load' 'store'> <Ports = 2> <Width = 32> <Depth = 416> <RAM>
ST_12 : Operation 730 [2/2] (1.35ns)   --->   "%p_ZZ10top_kernelPKfS0_S0_PfE9equalized_0_4_load_17 = load i9 %p_ZZ10top_kernelPKfS0_S0_PfE9equalized_0_4_addr_13" [top.cpp:91]   --->   Operation 730 'load' 'p_ZZ10top_kernelPKfS0_S0_PfE9equalized_0_4_load_17' <Predicate = (!trunc_ln86 & trunc_ln85 == 3)> <Delay = 1.35> <CoreInst = "RAM">   --->   Core 82 'RAM' <Latency = 1> <II = 1> <Delay = 1.35> <Storage> <Opcode : 'load' 'store'> <Ports = 2> <Width = 32> <Depth = 416> <RAM>
ST_12 : Operation 731 [2/2] (1.35ns)   --->   "%p_ZZ10top_kernelPKfS0_S0_PfE9equalized_1_0_load_17 = load i9 %p_ZZ10top_kernelPKfS0_S0_PfE9equalized_1_0_addr_13" [top.cpp:91]   --->   Operation 731 'load' 'p_ZZ10top_kernelPKfS0_S0_PfE9equalized_1_0_load_17' <Predicate = (trunc_ln86 & trunc_ln85 == 4)> <Delay = 1.35> <CoreInst = "RAM">   --->   Core 82 'RAM' <Latency = 1> <II = 1> <Delay = 1.35> <Storage> <Opcode : 'load' 'store'> <Ports = 2> <Width = 32> <Depth = 416> <RAM>
ST_12 : Operation 732 [2/2] (1.35ns)   --->   "%p_ZZ10top_kernelPKfS0_S0_PfE9equalized_1_1_load_17 = load i9 %p_ZZ10top_kernelPKfS0_S0_PfE9equalized_1_1_addr_13" [top.cpp:91]   --->   Operation 732 'load' 'p_ZZ10top_kernelPKfS0_S0_PfE9equalized_1_1_load_17' <Predicate = (trunc_ln86 & trunc_ln85 == 0)> <Delay = 1.35> <CoreInst = "RAM">   --->   Core 82 'RAM' <Latency = 1> <II = 1> <Delay = 1.35> <Storage> <Opcode : 'load' 'store'> <Ports = 2> <Width = 32> <Depth = 416> <RAM>
ST_12 : Operation 733 [2/2] (1.35ns)   --->   "%p_ZZ10top_kernelPKfS0_S0_PfE9equalized_1_2_load_17 = load i9 %p_ZZ10top_kernelPKfS0_S0_PfE9equalized_1_2_addr_13" [top.cpp:91]   --->   Operation 733 'load' 'p_ZZ10top_kernelPKfS0_S0_PfE9equalized_1_2_load_17' <Predicate = (trunc_ln86 & trunc_ln85 == 1)> <Delay = 1.35> <CoreInst = "RAM">   --->   Core 82 'RAM' <Latency = 1> <II = 1> <Delay = 1.35> <Storage> <Opcode : 'load' 'store'> <Ports = 2> <Width = 32> <Depth = 416> <RAM>
ST_12 : Operation 734 [2/2] (1.35ns)   --->   "%p_ZZ10top_kernelPKfS0_S0_PfE9equalized_1_3_load_17 = load i9 %p_ZZ10top_kernelPKfS0_S0_PfE9equalized_1_3_addr_13" [top.cpp:91]   --->   Operation 734 'load' 'p_ZZ10top_kernelPKfS0_S0_PfE9equalized_1_3_load_17' <Predicate = (trunc_ln86 & trunc_ln85 == 2)> <Delay = 1.35> <CoreInst = "RAM">   --->   Core 82 'RAM' <Latency = 1> <II = 1> <Delay = 1.35> <Storage> <Opcode : 'load' 'store'> <Ports = 2> <Width = 32> <Depth = 416> <RAM>
ST_12 : Operation 735 [2/2] (1.35ns)   --->   "%p_ZZ10top_kernelPKfS0_S0_PfE9equalized_1_4_load_17 = load i9 %p_ZZ10top_kernelPKfS0_S0_PfE9equalized_1_4_addr_13" [top.cpp:91]   --->   Operation 735 'load' 'p_ZZ10top_kernelPKfS0_S0_PfE9equalized_1_4_load_17' <Predicate = (trunc_ln86 & trunc_ln85 == 3)> <Delay = 1.35> <CoreInst = "RAM">   --->   Core 82 'RAM' <Latency = 1> <II = 1> <Delay = 1.35> <Storage> <Opcode : 'load' 'store'> <Ports = 2> <Width = 32> <Depth = 416> <RAM>
ST_12 : Operation 736 [2/2] (1.35ns)   --->   "%p_ZZ10top_kernelPKfS0_S0_PfE9equalized_0_0_load_18 = load i9 %p_ZZ10top_kernelPKfS0_S0_PfE9equalized_0_0_addr_19" [top.cpp:91]   --->   Operation 736 'load' 'p_ZZ10top_kernelPKfS0_S0_PfE9equalized_0_0_load_18' <Predicate = (trunc_ln86 & trunc_ln85 == 4)> <Delay = 1.35> <CoreInst = "RAM">   --->   Core 82 'RAM' <Latency = 1> <II = 1> <Delay = 1.35> <Storage> <Opcode : 'load' 'store'> <Ports = 2> <Width = 32> <Depth = 416> <RAM>
ST_12 : Operation 737 [2/2] (1.35ns)   --->   "%p_ZZ10top_kernelPKfS0_S0_PfE9equalized_0_1_load_18 = load i9 %p_ZZ10top_kernelPKfS0_S0_PfE9equalized_0_1_addr_19" [top.cpp:91]   --->   Operation 737 'load' 'p_ZZ10top_kernelPKfS0_S0_PfE9equalized_0_1_load_18' <Predicate = (trunc_ln86 & trunc_ln85 == 0)> <Delay = 1.35> <CoreInst = "RAM">   --->   Core 82 'RAM' <Latency = 1> <II = 1> <Delay = 1.35> <Storage> <Opcode : 'load' 'store'> <Ports = 2> <Width = 32> <Depth = 416> <RAM>
ST_12 : Operation 738 [2/2] (1.35ns)   --->   "%p_ZZ10top_kernelPKfS0_S0_PfE9equalized_0_2_load_18 = load i9 %p_ZZ10top_kernelPKfS0_S0_PfE9equalized_0_2_addr_19" [top.cpp:91]   --->   Operation 738 'load' 'p_ZZ10top_kernelPKfS0_S0_PfE9equalized_0_2_load_18' <Predicate = (trunc_ln86 & trunc_ln85 == 1)> <Delay = 1.35> <CoreInst = "RAM">   --->   Core 82 'RAM' <Latency = 1> <II = 1> <Delay = 1.35> <Storage> <Opcode : 'load' 'store'> <Ports = 2> <Width = 32> <Depth = 416> <RAM>
ST_12 : Operation 739 [2/2] (1.35ns)   --->   "%p_ZZ10top_kernelPKfS0_S0_PfE9equalized_0_3_load_18 = load i9 %p_ZZ10top_kernelPKfS0_S0_PfE9equalized_0_3_addr_19" [top.cpp:91]   --->   Operation 739 'load' 'p_ZZ10top_kernelPKfS0_S0_PfE9equalized_0_3_load_18' <Predicate = (trunc_ln86 & trunc_ln85 == 2)> <Delay = 1.35> <CoreInst = "RAM">   --->   Core 82 'RAM' <Latency = 1> <II = 1> <Delay = 1.35> <Storage> <Opcode : 'load' 'store'> <Ports = 2> <Width = 32> <Depth = 416> <RAM>
ST_12 : Operation 740 [2/2] (1.35ns)   --->   "%p_ZZ10top_kernelPKfS0_S0_PfE9equalized_0_4_load_18 = load i9 %p_ZZ10top_kernelPKfS0_S0_PfE9equalized_0_4_addr_19" [top.cpp:91]   --->   Operation 740 'load' 'p_ZZ10top_kernelPKfS0_S0_PfE9equalized_0_4_load_18' <Predicate = (trunc_ln86 & trunc_ln85 == 3)> <Delay = 1.35> <CoreInst = "RAM">   --->   Core 82 'RAM' <Latency = 1> <II = 1> <Delay = 1.35> <Storage> <Opcode : 'load' 'store'> <Ports = 2> <Width = 32> <Depth = 416> <RAM>
ST_12 : Operation 741 [2/2] (1.35ns)   --->   "%p_ZZ10top_kernelPKfS0_S0_PfE9equalized_1_0_load_18 = load i9 %p_ZZ10top_kernelPKfS0_S0_PfE9equalized_1_0_addr_19" [top.cpp:91]   --->   Operation 741 'load' 'p_ZZ10top_kernelPKfS0_S0_PfE9equalized_1_0_load_18' <Predicate = (!trunc_ln86 & trunc_ln85 == 4)> <Delay = 1.35> <CoreInst = "RAM">   --->   Core 82 'RAM' <Latency = 1> <II = 1> <Delay = 1.35> <Storage> <Opcode : 'load' 'store'> <Ports = 2> <Width = 32> <Depth = 416> <RAM>
ST_12 : Operation 742 [2/2] (1.35ns)   --->   "%p_ZZ10top_kernelPKfS0_S0_PfE9equalized_1_1_load_18 = load i9 %p_ZZ10top_kernelPKfS0_S0_PfE9equalized_1_1_addr_19" [top.cpp:91]   --->   Operation 742 'load' 'p_ZZ10top_kernelPKfS0_S0_PfE9equalized_1_1_load_18' <Predicate = (!trunc_ln86 & trunc_ln85 == 0)> <Delay = 1.35> <CoreInst = "RAM">   --->   Core 82 'RAM' <Latency = 1> <II = 1> <Delay = 1.35> <Storage> <Opcode : 'load' 'store'> <Ports = 2> <Width = 32> <Depth = 416> <RAM>
ST_12 : Operation 743 [2/2] (1.35ns)   --->   "%p_ZZ10top_kernelPKfS0_S0_PfE9equalized_1_2_load_18 = load i9 %p_ZZ10top_kernelPKfS0_S0_PfE9equalized_1_2_addr_19" [top.cpp:91]   --->   Operation 743 'load' 'p_ZZ10top_kernelPKfS0_S0_PfE9equalized_1_2_load_18' <Predicate = (!trunc_ln86 & trunc_ln85 == 1)> <Delay = 1.35> <CoreInst = "RAM">   --->   Core 82 'RAM' <Latency = 1> <II = 1> <Delay = 1.35> <Storage> <Opcode : 'load' 'store'> <Ports = 2> <Width = 32> <Depth = 416> <RAM>
ST_12 : Operation 744 [2/2] (1.35ns)   --->   "%p_ZZ10top_kernelPKfS0_S0_PfE9equalized_1_3_load_18 = load i9 %p_ZZ10top_kernelPKfS0_S0_PfE9equalized_1_3_addr_19" [top.cpp:91]   --->   Operation 744 'load' 'p_ZZ10top_kernelPKfS0_S0_PfE9equalized_1_3_load_18' <Predicate = (!trunc_ln86 & trunc_ln85 == 2)> <Delay = 1.35> <CoreInst = "RAM">   --->   Core 82 'RAM' <Latency = 1> <II = 1> <Delay = 1.35> <Storage> <Opcode : 'load' 'store'> <Ports = 2> <Width = 32> <Depth = 416> <RAM>
ST_12 : Operation 745 [2/2] (1.35ns)   --->   "%p_ZZ10top_kernelPKfS0_S0_PfE9equalized_1_4_load_18 = load i9 %p_ZZ10top_kernelPKfS0_S0_PfE9equalized_1_4_addr_19" [top.cpp:91]   --->   Operation 745 'load' 'p_ZZ10top_kernelPKfS0_S0_PfE9equalized_1_4_load_18' <Predicate = (!trunc_ln86 & trunc_ln85 == 3)> <Delay = 1.35> <CoreInst = "RAM">   --->   Core 82 'RAM' <Latency = 1> <II = 1> <Delay = 1.35> <Storage> <Opcode : 'load' 'store'> <Ports = 2> <Width = 32> <Depth = 416> <RAM>
ST_12 : Operation 746 [2/2] (1.35ns)   --->   "%p_ZZ10top_kernelPKfS0_S0_PfE9equalized_0_0_load_20 = load i9 %p_ZZ10top_kernelPKfS0_S0_PfE9equalized_0_0_addr_21" [top.cpp:91]   --->   Operation 746 'load' 'p_ZZ10top_kernelPKfS0_S0_PfE9equalized_0_0_load_20' <Predicate = (!trunc_ln86 & trunc_ln85 == 3)> <Delay = 1.35> <CoreInst = "RAM">   --->   Core 82 'RAM' <Latency = 1> <II = 1> <Delay = 1.35> <Storage> <Opcode : 'load' 'store'> <Ports = 2> <Width = 32> <Depth = 416> <RAM>
ST_12 : Operation 747 [2/2] (1.35ns)   --->   "%p_ZZ10top_kernelPKfS0_S0_PfE9equalized_0_1_load_20 = load i9 %p_ZZ10top_kernelPKfS0_S0_PfE9equalized_0_1_addr_21" [top.cpp:91]   --->   Operation 747 'load' 'p_ZZ10top_kernelPKfS0_S0_PfE9equalized_0_1_load_20' <Predicate = (!trunc_ln86 & trunc_ln85 == 4)> <Delay = 1.35> <CoreInst = "RAM">   --->   Core 82 'RAM' <Latency = 1> <II = 1> <Delay = 1.35> <Storage> <Opcode : 'load' 'store'> <Ports = 2> <Width = 32> <Depth = 416> <RAM>
ST_12 : Operation 748 [2/2] (1.35ns)   --->   "%p_ZZ10top_kernelPKfS0_S0_PfE9equalized_0_2_load_20 = load i9 %p_ZZ10top_kernelPKfS0_S0_PfE9equalized_0_2_addr_21" [top.cpp:91]   --->   Operation 748 'load' 'p_ZZ10top_kernelPKfS0_S0_PfE9equalized_0_2_load_20' <Predicate = (!trunc_ln86 & trunc_ln85 == 0)> <Delay = 1.35> <CoreInst = "RAM">   --->   Core 82 'RAM' <Latency = 1> <II = 1> <Delay = 1.35> <Storage> <Opcode : 'load' 'store'> <Ports = 2> <Width = 32> <Depth = 416> <RAM>
ST_12 : Operation 749 [2/2] (1.35ns)   --->   "%p_ZZ10top_kernelPKfS0_S0_PfE9equalized_0_3_load_20 = load i9 %p_ZZ10top_kernelPKfS0_S0_PfE9equalized_0_3_addr_21" [top.cpp:91]   --->   Operation 749 'load' 'p_ZZ10top_kernelPKfS0_S0_PfE9equalized_0_3_load_20' <Predicate = (!trunc_ln86 & trunc_ln85 == 1)> <Delay = 1.35> <CoreInst = "RAM">   --->   Core 82 'RAM' <Latency = 1> <II = 1> <Delay = 1.35> <Storage> <Opcode : 'load' 'store'> <Ports = 2> <Width = 32> <Depth = 416> <RAM>
ST_12 : Operation 750 [2/2] (1.35ns)   --->   "%p_ZZ10top_kernelPKfS0_S0_PfE9equalized_0_4_load_20 = load i9 %p_ZZ10top_kernelPKfS0_S0_PfE9equalized_0_4_addr_21" [top.cpp:91]   --->   Operation 750 'load' 'p_ZZ10top_kernelPKfS0_S0_PfE9equalized_0_4_load_20' <Predicate = (!trunc_ln86 & trunc_ln85 == 2)> <Delay = 1.35> <CoreInst = "RAM">   --->   Core 82 'RAM' <Latency = 1> <II = 1> <Delay = 1.35> <Storage> <Opcode : 'load' 'store'> <Ports = 2> <Width = 32> <Depth = 416> <RAM>
ST_12 : Operation 751 [2/2] (1.35ns)   --->   "%p_ZZ10top_kernelPKfS0_S0_PfE9equalized_1_0_load_20 = load i9 %p_ZZ10top_kernelPKfS0_S0_PfE9equalized_1_0_addr_21" [top.cpp:91]   --->   Operation 751 'load' 'p_ZZ10top_kernelPKfS0_S0_PfE9equalized_1_0_load_20' <Predicate = (trunc_ln86 & trunc_ln85 == 3)> <Delay = 1.35> <CoreInst = "RAM">   --->   Core 82 'RAM' <Latency = 1> <II = 1> <Delay = 1.35> <Storage> <Opcode : 'load' 'store'> <Ports = 2> <Width = 32> <Depth = 416> <RAM>
ST_12 : Operation 752 [2/2] (1.35ns)   --->   "%p_ZZ10top_kernelPKfS0_S0_PfE9equalized_1_1_load_20 = load i9 %p_ZZ10top_kernelPKfS0_S0_PfE9equalized_1_1_addr_21" [top.cpp:91]   --->   Operation 752 'load' 'p_ZZ10top_kernelPKfS0_S0_PfE9equalized_1_1_load_20' <Predicate = (trunc_ln86 & trunc_ln85 == 4)> <Delay = 1.35> <CoreInst = "RAM">   --->   Core 82 'RAM' <Latency = 1> <II = 1> <Delay = 1.35> <Storage> <Opcode : 'load' 'store'> <Ports = 2> <Width = 32> <Depth = 416> <RAM>
ST_12 : Operation 753 [2/2] (1.35ns)   --->   "%p_ZZ10top_kernelPKfS0_S0_PfE9equalized_1_2_load_20 = load i9 %p_ZZ10top_kernelPKfS0_S0_PfE9equalized_1_2_addr_21" [top.cpp:91]   --->   Operation 753 'load' 'p_ZZ10top_kernelPKfS0_S0_PfE9equalized_1_2_load_20' <Predicate = (trunc_ln86 & trunc_ln85 == 0)> <Delay = 1.35> <CoreInst = "RAM">   --->   Core 82 'RAM' <Latency = 1> <II = 1> <Delay = 1.35> <Storage> <Opcode : 'load' 'store'> <Ports = 2> <Width = 32> <Depth = 416> <RAM>
ST_12 : Operation 754 [2/2] (1.35ns)   --->   "%p_ZZ10top_kernelPKfS0_S0_PfE9equalized_1_3_load_20 = load i9 %p_ZZ10top_kernelPKfS0_S0_PfE9equalized_1_3_addr_21" [top.cpp:91]   --->   Operation 754 'load' 'p_ZZ10top_kernelPKfS0_S0_PfE9equalized_1_3_load_20' <Predicate = (trunc_ln86 & trunc_ln85 == 1)> <Delay = 1.35> <CoreInst = "RAM">   --->   Core 82 'RAM' <Latency = 1> <II = 1> <Delay = 1.35> <Storage> <Opcode : 'load' 'store'> <Ports = 2> <Width = 32> <Depth = 416> <RAM>
ST_12 : Operation 755 [2/2] (1.35ns)   --->   "%p_ZZ10top_kernelPKfS0_S0_PfE9equalized_1_4_load_20 = load i9 %p_ZZ10top_kernelPKfS0_S0_PfE9equalized_1_4_addr_21" [top.cpp:91]   --->   Operation 755 'load' 'p_ZZ10top_kernelPKfS0_S0_PfE9equalized_1_4_load_20' <Predicate = (trunc_ln86 & trunc_ln85 == 2)> <Delay = 1.35> <CoreInst = "RAM">   --->   Core 82 'RAM' <Latency = 1> <II = 1> <Delay = 1.35> <Storage> <Opcode : 'load' 'store'> <Ports = 2> <Width = 32> <Depth = 416> <RAM>
ST_12 : Operation 756 [2/2] (1.35ns)   --->   "%p_ZZ10top_kernelPKfS0_S0_PfE9equalized_0_0_load_21 = load i9 %p_ZZ10top_kernelPKfS0_S0_PfE9equalized_0_0_addr_22" [top.cpp:91]   --->   Operation 756 'load' 'p_ZZ10top_kernelPKfS0_S0_PfE9equalized_0_0_load_21' <Predicate = (trunc_ln86 & trunc_ln85 == 3)> <Delay = 1.35> <CoreInst = "RAM">   --->   Core 82 'RAM' <Latency = 1> <II = 1> <Delay = 1.35> <Storage> <Opcode : 'load' 'store'> <Ports = 2> <Width = 32> <Depth = 416> <RAM>
ST_12 : Operation 757 [2/2] (1.35ns)   --->   "%p_ZZ10top_kernelPKfS0_S0_PfE9equalized_0_1_load_21 = load i9 %p_ZZ10top_kernelPKfS0_S0_PfE9equalized_0_1_addr_22" [top.cpp:91]   --->   Operation 757 'load' 'p_ZZ10top_kernelPKfS0_S0_PfE9equalized_0_1_load_21' <Predicate = (trunc_ln86 & trunc_ln85 == 4)> <Delay = 1.35> <CoreInst = "RAM">   --->   Core 82 'RAM' <Latency = 1> <II = 1> <Delay = 1.35> <Storage> <Opcode : 'load' 'store'> <Ports = 2> <Width = 32> <Depth = 416> <RAM>
ST_12 : Operation 758 [2/2] (1.35ns)   --->   "%p_ZZ10top_kernelPKfS0_S0_PfE9equalized_0_2_load_21 = load i9 %p_ZZ10top_kernelPKfS0_S0_PfE9equalized_0_2_addr_22" [top.cpp:91]   --->   Operation 758 'load' 'p_ZZ10top_kernelPKfS0_S0_PfE9equalized_0_2_load_21' <Predicate = (trunc_ln86 & trunc_ln85 == 0)> <Delay = 1.35> <CoreInst = "RAM">   --->   Core 82 'RAM' <Latency = 1> <II = 1> <Delay = 1.35> <Storage> <Opcode : 'load' 'store'> <Ports = 2> <Width = 32> <Depth = 416> <RAM>
ST_12 : Operation 759 [2/2] (1.35ns)   --->   "%p_ZZ10top_kernelPKfS0_S0_PfE9equalized_0_3_load_21 = load i9 %p_ZZ10top_kernelPKfS0_S0_PfE9equalized_0_3_addr_22" [top.cpp:91]   --->   Operation 759 'load' 'p_ZZ10top_kernelPKfS0_S0_PfE9equalized_0_3_load_21' <Predicate = (trunc_ln86 & trunc_ln85 == 1)> <Delay = 1.35> <CoreInst = "RAM">   --->   Core 82 'RAM' <Latency = 1> <II = 1> <Delay = 1.35> <Storage> <Opcode : 'load' 'store'> <Ports = 2> <Width = 32> <Depth = 416> <RAM>
ST_12 : Operation 760 [2/2] (1.35ns)   --->   "%p_ZZ10top_kernelPKfS0_S0_PfE9equalized_0_4_load_21 = load i9 %p_ZZ10top_kernelPKfS0_S0_PfE9equalized_0_4_addr_22" [top.cpp:91]   --->   Operation 760 'load' 'p_ZZ10top_kernelPKfS0_S0_PfE9equalized_0_4_load_21' <Predicate = (trunc_ln86 & trunc_ln85 == 2)> <Delay = 1.35> <CoreInst = "RAM">   --->   Core 82 'RAM' <Latency = 1> <II = 1> <Delay = 1.35> <Storage> <Opcode : 'load' 'store'> <Ports = 2> <Width = 32> <Depth = 416> <RAM>
ST_12 : Operation 761 [2/2] (1.35ns)   --->   "%p_ZZ10top_kernelPKfS0_S0_PfE9equalized_1_0_load_21 = load i9 %p_ZZ10top_kernelPKfS0_S0_PfE9equalized_1_0_addr_22" [top.cpp:91]   --->   Operation 761 'load' 'p_ZZ10top_kernelPKfS0_S0_PfE9equalized_1_0_load_21' <Predicate = (!trunc_ln86 & trunc_ln85 == 3)> <Delay = 1.35> <CoreInst = "RAM">   --->   Core 82 'RAM' <Latency = 1> <II = 1> <Delay = 1.35> <Storage> <Opcode : 'load' 'store'> <Ports = 2> <Width = 32> <Depth = 416> <RAM>
ST_12 : Operation 762 [2/2] (1.35ns)   --->   "%p_ZZ10top_kernelPKfS0_S0_PfE9equalized_1_1_load_21 = load i9 %p_ZZ10top_kernelPKfS0_S0_PfE9equalized_1_1_addr_22" [top.cpp:91]   --->   Operation 762 'load' 'p_ZZ10top_kernelPKfS0_S0_PfE9equalized_1_1_load_21' <Predicate = (!trunc_ln86 & trunc_ln85 == 4)> <Delay = 1.35> <CoreInst = "RAM">   --->   Core 82 'RAM' <Latency = 1> <II = 1> <Delay = 1.35> <Storage> <Opcode : 'load' 'store'> <Ports = 2> <Width = 32> <Depth = 416> <RAM>
ST_12 : Operation 763 [2/2] (1.35ns)   --->   "%p_ZZ10top_kernelPKfS0_S0_PfE9equalized_1_2_load_21 = load i9 %p_ZZ10top_kernelPKfS0_S0_PfE9equalized_1_2_addr_22" [top.cpp:91]   --->   Operation 763 'load' 'p_ZZ10top_kernelPKfS0_S0_PfE9equalized_1_2_load_21' <Predicate = (!trunc_ln86 & trunc_ln85 == 0)> <Delay = 1.35> <CoreInst = "RAM">   --->   Core 82 'RAM' <Latency = 1> <II = 1> <Delay = 1.35> <Storage> <Opcode : 'load' 'store'> <Ports = 2> <Width = 32> <Depth = 416> <RAM>
ST_12 : Operation 764 [2/2] (1.35ns)   --->   "%p_ZZ10top_kernelPKfS0_S0_PfE9equalized_1_3_load_21 = load i9 %p_ZZ10top_kernelPKfS0_S0_PfE9equalized_1_3_addr_22" [top.cpp:91]   --->   Operation 764 'load' 'p_ZZ10top_kernelPKfS0_S0_PfE9equalized_1_3_load_21' <Predicate = (!trunc_ln86 & trunc_ln85 == 1)> <Delay = 1.35> <CoreInst = "RAM">   --->   Core 82 'RAM' <Latency = 1> <II = 1> <Delay = 1.35> <Storage> <Opcode : 'load' 'store'> <Ports = 2> <Width = 32> <Depth = 416> <RAM>
ST_12 : Operation 765 [2/2] (1.35ns)   --->   "%p_ZZ10top_kernelPKfS0_S0_PfE9equalized_1_4_load_21 = load i9 %p_ZZ10top_kernelPKfS0_S0_PfE9equalized_1_4_addr_22" [top.cpp:91]   --->   Operation 765 'load' 'p_ZZ10top_kernelPKfS0_S0_PfE9equalized_1_4_load_21' <Predicate = (!trunc_ln86 & trunc_ln85 == 2)> <Delay = 1.35> <CoreInst = "RAM">   --->   Core 82 'RAM' <Latency = 1> <II = 1> <Delay = 1.35> <Storage> <Opcode : 'load' 'store'> <Ports = 2> <Width = 32> <Depth = 416> <RAM>
ST_12 : Operation 766 [2/2] (1.35ns)   --->   "%p_ZZ10top_kernelPKfS0_S0_PfE9equalized_0_0_load_22 = load i9 %p_ZZ10top_kernelPKfS0_S0_PfE9equalized_0_0_addr_18" [top.cpp:91]   --->   Operation 766 'load' 'p_ZZ10top_kernelPKfS0_S0_PfE9equalized_0_0_load_22' <Predicate = (!trunc_ln86 & trunc_ln85 == 3)> <Delay = 1.35> <CoreInst = "RAM">   --->   Core 82 'RAM' <Latency = 1> <II = 1> <Delay = 1.35> <Storage> <Opcode : 'load' 'store'> <Ports = 2> <Width = 32> <Depth = 416> <RAM>
ST_12 : Operation 767 [2/2] (1.35ns)   --->   "%p_ZZ10top_kernelPKfS0_S0_PfE9equalized_0_1_load_22 = load i9 %p_ZZ10top_kernelPKfS0_S0_PfE9equalized_0_1_addr_18" [top.cpp:91]   --->   Operation 767 'load' 'p_ZZ10top_kernelPKfS0_S0_PfE9equalized_0_1_load_22' <Predicate = (!trunc_ln86 & trunc_ln85 == 4)> <Delay = 1.35> <CoreInst = "RAM">   --->   Core 82 'RAM' <Latency = 1> <II = 1> <Delay = 1.35> <Storage> <Opcode : 'load' 'store'> <Ports = 2> <Width = 32> <Depth = 416> <RAM>
ST_12 : Operation 768 [2/2] (1.35ns)   --->   "%p_ZZ10top_kernelPKfS0_S0_PfE9equalized_0_2_load_22 = load i9 %p_ZZ10top_kernelPKfS0_S0_PfE9equalized_0_2_addr_18" [top.cpp:91]   --->   Operation 768 'load' 'p_ZZ10top_kernelPKfS0_S0_PfE9equalized_0_2_load_22' <Predicate = (!trunc_ln86 & trunc_ln85 == 0)> <Delay = 1.35> <CoreInst = "RAM">   --->   Core 82 'RAM' <Latency = 1> <II = 1> <Delay = 1.35> <Storage> <Opcode : 'load' 'store'> <Ports = 2> <Width = 32> <Depth = 416> <RAM>
ST_12 : Operation 769 [2/2] (1.35ns)   --->   "%p_ZZ10top_kernelPKfS0_S0_PfE9equalized_0_3_load_22 = load i9 %p_ZZ10top_kernelPKfS0_S0_PfE9equalized_0_3_addr_18" [top.cpp:91]   --->   Operation 769 'load' 'p_ZZ10top_kernelPKfS0_S0_PfE9equalized_0_3_load_22' <Predicate = (!trunc_ln86 & trunc_ln85 == 1)> <Delay = 1.35> <CoreInst = "RAM">   --->   Core 82 'RAM' <Latency = 1> <II = 1> <Delay = 1.35> <Storage> <Opcode : 'load' 'store'> <Ports = 2> <Width = 32> <Depth = 416> <RAM>
ST_12 : Operation 770 [2/2] (1.35ns)   --->   "%p_ZZ10top_kernelPKfS0_S0_PfE9equalized_0_4_load_22 = load i9 %p_ZZ10top_kernelPKfS0_S0_PfE9equalized_0_4_addr_18" [top.cpp:91]   --->   Operation 770 'load' 'p_ZZ10top_kernelPKfS0_S0_PfE9equalized_0_4_load_22' <Predicate = (!trunc_ln86 & trunc_ln85 == 2)> <Delay = 1.35> <CoreInst = "RAM">   --->   Core 82 'RAM' <Latency = 1> <II = 1> <Delay = 1.35> <Storage> <Opcode : 'load' 'store'> <Ports = 2> <Width = 32> <Depth = 416> <RAM>
ST_12 : Operation 771 [2/2] (1.35ns)   --->   "%p_ZZ10top_kernelPKfS0_S0_PfE9equalized_1_0_load_22 = load i9 %p_ZZ10top_kernelPKfS0_S0_PfE9equalized_1_0_addr_18" [top.cpp:91]   --->   Operation 771 'load' 'p_ZZ10top_kernelPKfS0_S0_PfE9equalized_1_0_load_22' <Predicate = (trunc_ln86 & trunc_ln85 == 3)> <Delay = 1.35> <CoreInst = "RAM">   --->   Core 82 'RAM' <Latency = 1> <II = 1> <Delay = 1.35> <Storage> <Opcode : 'load' 'store'> <Ports = 2> <Width = 32> <Depth = 416> <RAM>
ST_12 : Operation 772 [2/2] (1.35ns)   --->   "%p_ZZ10top_kernelPKfS0_S0_PfE9equalized_1_1_load_22 = load i9 %p_ZZ10top_kernelPKfS0_S0_PfE9equalized_1_1_addr_18" [top.cpp:91]   --->   Operation 772 'load' 'p_ZZ10top_kernelPKfS0_S0_PfE9equalized_1_1_load_22' <Predicate = (trunc_ln86 & trunc_ln85 == 4)> <Delay = 1.35> <CoreInst = "RAM">   --->   Core 82 'RAM' <Latency = 1> <II = 1> <Delay = 1.35> <Storage> <Opcode : 'load' 'store'> <Ports = 2> <Width = 32> <Depth = 416> <RAM>
ST_12 : Operation 773 [2/2] (1.35ns)   --->   "%p_ZZ10top_kernelPKfS0_S0_PfE9equalized_1_2_load_22 = load i9 %p_ZZ10top_kernelPKfS0_S0_PfE9equalized_1_2_addr_18" [top.cpp:91]   --->   Operation 773 'load' 'p_ZZ10top_kernelPKfS0_S0_PfE9equalized_1_2_load_22' <Predicate = (trunc_ln86 & trunc_ln85 == 0)> <Delay = 1.35> <CoreInst = "RAM">   --->   Core 82 'RAM' <Latency = 1> <II = 1> <Delay = 1.35> <Storage> <Opcode : 'load' 'store'> <Ports = 2> <Width = 32> <Depth = 416> <RAM>
ST_12 : Operation 774 [2/2] (1.35ns)   --->   "%p_ZZ10top_kernelPKfS0_S0_PfE9equalized_1_3_load_22 = load i9 %p_ZZ10top_kernelPKfS0_S0_PfE9equalized_1_3_addr_18" [top.cpp:91]   --->   Operation 774 'load' 'p_ZZ10top_kernelPKfS0_S0_PfE9equalized_1_3_load_22' <Predicate = (trunc_ln86 & trunc_ln85 == 1)> <Delay = 1.35> <CoreInst = "RAM">   --->   Core 82 'RAM' <Latency = 1> <II = 1> <Delay = 1.35> <Storage> <Opcode : 'load' 'store'> <Ports = 2> <Width = 32> <Depth = 416> <RAM>
ST_12 : Operation 775 [2/2] (1.35ns)   --->   "%p_ZZ10top_kernelPKfS0_S0_PfE9equalized_1_4_load_22 = load i9 %p_ZZ10top_kernelPKfS0_S0_PfE9equalized_1_4_addr_18" [top.cpp:91]   --->   Operation 775 'load' 'p_ZZ10top_kernelPKfS0_S0_PfE9equalized_1_4_load_22' <Predicate = (trunc_ln86 & trunc_ln85 == 2)> <Delay = 1.35> <CoreInst = "RAM">   --->   Core 82 'RAM' <Latency = 1> <II = 1> <Delay = 1.35> <Storage> <Opcode : 'load' 'store'> <Ports = 2> <Width = 32> <Depth = 416> <RAM>
ST_12 : Operation 776 [2/2] (1.35ns)   --->   "%p_ZZ10top_kernelPKfS0_S0_PfE9equalized_0_0_load_23 = load i9 %p_ZZ10top_kernelPKfS0_S0_PfE9equalized_0_0_addr_23" [top.cpp:91]   --->   Operation 776 'load' 'p_ZZ10top_kernelPKfS0_S0_PfE9equalized_0_0_load_23' <Predicate = (trunc_ln86 & trunc_ln85 == 3)> <Delay = 1.35> <CoreInst = "RAM">   --->   Core 82 'RAM' <Latency = 1> <II = 1> <Delay = 1.35> <Storage> <Opcode : 'load' 'store'> <Ports = 2> <Width = 32> <Depth = 416> <RAM>
ST_12 : Operation 777 [2/2] (1.35ns)   --->   "%p_ZZ10top_kernelPKfS0_S0_PfE9equalized_0_1_load_23 = load i9 %p_ZZ10top_kernelPKfS0_S0_PfE9equalized_0_1_addr_23" [top.cpp:91]   --->   Operation 777 'load' 'p_ZZ10top_kernelPKfS0_S0_PfE9equalized_0_1_load_23' <Predicate = (trunc_ln86 & trunc_ln85 == 4)> <Delay = 1.35> <CoreInst = "RAM">   --->   Core 82 'RAM' <Latency = 1> <II = 1> <Delay = 1.35> <Storage> <Opcode : 'load' 'store'> <Ports = 2> <Width = 32> <Depth = 416> <RAM>
ST_12 : Operation 778 [2/2] (1.35ns)   --->   "%p_ZZ10top_kernelPKfS0_S0_PfE9equalized_0_2_load_23 = load i9 %p_ZZ10top_kernelPKfS0_S0_PfE9equalized_0_2_addr_23" [top.cpp:91]   --->   Operation 778 'load' 'p_ZZ10top_kernelPKfS0_S0_PfE9equalized_0_2_load_23' <Predicate = (trunc_ln86 & trunc_ln85 == 0)> <Delay = 1.35> <CoreInst = "RAM">   --->   Core 82 'RAM' <Latency = 1> <II = 1> <Delay = 1.35> <Storage> <Opcode : 'load' 'store'> <Ports = 2> <Width = 32> <Depth = 416> <RAM>
ST_12 : Operation 779 [2/2] (1.35ns)   --->   "%p_ZZ10top_kernelPKfS0_S0_PfE9equalized_0_3_load_23 = load i9 %p_ZZ10top_kernelPKfS0_S0_PfE9equalized_0_3_addr_23" [top.cpp:91]   --->   Operation 779 'load' 'p_ZZ10top_kernelPKfS0_S0_PfE9equalized_0_3_load_23' <Predicate = (trunc_ln86 & trunc_ln85 == 1)> <Delay = 1.35> <CoreInst = "RAM">   --->   Core 82 'RAM' <Latency = 1> <II = 1> <Delay = 1.35> <Storage> <Opcode : 'load' 'store'> <Ports = 2> <Width = 32> <Depth = 416> <RAM>
ST_12 : Operation 780 [2/2] (1.35ns)   --->   "%p_ZZ10top_kernelPKfS0_S0_PfE9equalized_0_4_load_23 = load i9 %p_ZZ10top_kernelPKfS0_S0_PfE9equalized_0_4_addr_23" [top.cpp:91]   --->   Operation 780 'load' 'p_ZZ10top_kernelPKfS0_S0_PfE9equalized_0_4_load_23' <Predicate = (trunc_ln86 & trunc_ln85 == 2)> <Delay = 1.35> <CoreInst = "RAM">   --->   Core 82 'RAM' <Latency = 1> <II = 1> <Delay = 1.35> <Storage> <Opcode : 'load' 'store'> <Ports = 2> <Width = 32> <Depth = 416> <RAM>
ST_12 : Operation 781 [2/2] (1.35ns)   --->   "%p_ZZ10top_kernelPKfS0_S0_PfE9equalized_1_0_load_23 = load i9 %p_ZZ10top_kernelPKfS0_S0_PfE9equalized_1_0_addr_23" [top.cpp:91]   --->   Operation 781 'load' 'p_ZZ10top_kernelPKfS0_S0_PfE9equalized_1_0_load_23' <Predicate = (!trunc_ln86 & trunc_ln85 == 3)> <Delay = 1.35> <CoreInst = "RAM">   --->   Core 82 'RAM' <Latency = 1> <II = 1> <Delay = 1.35> <Storage> <Opcode : 'load' 'store'> <Ports = 2> <Width = 32> <Depth = 416> <RAM>
ST_12 : Operation 782 [2/2] (1.35ns)   --->   "%p_ZZ10top_kernelPKfS0_S0_PfE9equalized_1_1_load_23 = load i9 %p_ZZ10top_kernelPKfS0_S0_PfE9equalized_1_1_addr_23" [top.cpp:91]   --->   Operation 782 'load' 'p_ZZ10top_kernelPKfS0_S0_PfE9equalized_1_1_load_23' <Predicate = (!trunc_ln86 & trunc_ln85 == 4)> <Delay = 1.35> <CoreInst = "RAM">   --->   Core 82 'RAM' <Latency = 1> <II = 1> <Delay = 1.35> <Storage> <Opcode : 'load' 'store'> <Ports = 2> <Width = 32> <Depth = 416> <RAM>
ST_12 : Operation 783 [2/2] (1.35ns)   --->   "%p_ZZ10top_kernelPKfS0_S0_PfE9equalized_1_2_load_23 = load i9 %p_ZZ10top_kernelPKfS0_S0_PfE9equalized_1_2_addr_23" [top.cpp:91]   --->   Operation 783 'load' 'p_ZZ10top_kernelPKfS0_S0_PfE9equalized_1_2_load_23' <Predicate = (!trunc_ln86 & trunc_ln85 == 0)> <Delay = 1.35> <CoreInst = "RAM">   --->   Core 82 'RAM' <Latency = 1> <II = 1> <Delay = 1.35> <Storage> <Opcode : 'load' 'store'> <Ports = 2> <Width = 32> <Depth = 416> <RAM>
ST_12 : Operation 784 [2/2] (1.35ns)   --->   "%p_ZZ10top_kernelPKfS0_S0_PfE9equalized_1_3_load_23 = load i9 %p_ZZ10top_kernelPKfS0_S0_PfE9equalized_1_3_addr_23" [top.cpp:91]   --->   Operation 784 'load' 'p_ZZ10top_kernelPKfS0_S0_PfE9equalized_1_3_load_23' <Predicate = (!trunc_ln86 & trunc_ln85 == 1)> <Delay = 1.35> <CoreInst = "RAM">   --->   Core 82 'RAM' <Latency = 1> <II = 1> <Delay = 1.35> <Storage> <Opcode : 'load' 'store'> <Ports = 2> <Width = 32> <Depth = 416> <RAM>
ST_12 : Operation 785 [2/2] (1.35ns)   --->   "%p_ZZ10top_kernelPKfS0_S0_PfE9equalized_1_4_load_23 = load i9 %p_ZZ10top_kernelPKfS0_S0_PfE9equalized_1_4_addr_23" [top.cpp:91]   --->   Operation 785 'load' 'p_ZZ10top_kernelPKfS0_S0_PfE9equalized_1_4_load_23' <Predicate = (!trunc_ln86 & trunc_ln85 == 2)> <Delay = 1.35> <CoreInst = "RAM">   --->   Core 82 'RAM' <Latency = 1> <II = 1> <Delay = 1.35> <Storage> <Opcode : 'load' 'store'> <Ports = 2> <Width = 32> <Depth = 416> <RAM>
ST_12 : Operation 786 [1/1] (0.62ns)   --->   "%switch_ln94 = switch i2 %trunc_ln86_1, void %arrayidx15025.case.2, i2 0, void %arrayidx15025.case.0, i2 1, void %arrayidx15025.case.1" [top.cpp:94]   --->   Operation 786 'switch' 'switch_ln94' <Predicate = true> <Delay = 0.62>

State 13 <SV = 12> <Delay = 2.54>
ST_13 : Operation 787 [1/2] ( I:1.35ns O:1.35ns )   --->   "%p_ZZ10top_kernelPKfS0_S0_PfE9equalized_0_0_load = load i9 %p_ZZ10top_kernelPKfS0_S0_PfE9equalized_0_0_addr_1" [top.cpp:91]   --->   Operation 787 'load' 'p_ZZ10top_kernelPKfS0_S0_PfE9equalized_0_0_load' <Predicate = (!trunc_ln86 & trunc_ln85 == 2)> <Delay = 1.35> <CoreInst = "RAM">   --->   Core 82 'RAM' <Latency = 1> <II = 1> <Delay = 1.35> <Storage> <Opcode : 'load' 'store'> <Ports = 2> <Width = 32> <Depth = 416> <RAM>
ST_13 : Operation 788 [1/2] ( I:1.35ns O:1.35ns )   --->   "%p_ZZ10top_kernelPKfS0_S0_PfE9equalized_0_1_load = load i9 %p_ZZ10top_kernelPKfS0_S0_PfE9equalized_0_1_addr_1" [top.cpp:91]   --->   Operation 788 'load' 'p_ZZ10top_kernelPKfS0_S0_PfE9equalized_0_1_load' <Predicate = (!trunc_ln86 & trunc_ln85 == 3)> <Delay = 1.35> <CoreInst = "RAM">   --->   Core 82 'RAM' <Latency = 1> <II = 1> <Delay = 1.35> <Storage> <Opcode : 'load' 'store'> <Ports = 2> <Width = 32> <Depth = 416> <RAM>
ST_13 : Operation 789 [1/2] ( I:1.35ns O:1.35ns )   --->   "%p_ZZ10top_kernelPKfS0_S0_PfE9equalized_0_2_load = load i9 %p_ZZ10top_kernelPKfS0_S0_PfE9equalized_0_2_addr_1" [top.cpp:91]   --->   Operation 789 'load' 'p_ZZ10top_kernelPKfS0_S0_PfE9equalized_0_2_load' <Predicate = (!trunc_ln86 & trunc_ln85 == 4)> <Delay = 1.35> <CoreInst = "RAM">   --->   Core 82 'RAM' <Latency = 1> <II = 1> <Delay = 1.35> <Storage> <Opcode : 'load' 'store'> <Ports = 2> <Width = 32> <Depth = 416> <RAM>
ST_13 : Operation 790 [1/2] ( I:1.35ns O:1.35ns )   --->   "%p_ZZ10top_kernelPKfS0_S0_PfE9equalized_0_3_load = load i9 %p_ZZ10top_kernelPKfS0_S0_PfE9equalized_0_3_addr_1" [top.cpp:91]   --->   Operation 790 'load' 'p_ZZ10top_kernelPKfS0_S0_PfE9equalized_0_3_load' <Predicate = (!trunc_ln86 & trunc_ln85 == 0)> <Delay = 1.35> <CoreInst = "RAM">   --->   Core 82 'RAM' <Latency = 1> <II = 1> <Delay = 1.35> <Storage> <Opcode : 'load' 'store'> <Ports = 2> <Width = 32> <Depth = 416> <RAM>
ST_13 : Operation 791 [1/2] ( I:1.35ns O:1.35ns )   --->   "%p_ZZ10top_kernelPKfS0_S0_PfE9equalized_0_4_load = load i9 %p_ZZ10top_kernelPKfS0_S0_PfE9equalized_0_4_addr_1" [top.cpp:91]   --->   Operation 791 'load' 'p_ZZ10top_kernelPKfS0_S0_PfE9equalized_0_4_load' <Predicate = (!trunc_ln86 & trunc_ln85 == 1)> <Delay = 1.35> <CoreInst = "RAM">   --->   Core 82 'RAM' <Latency = 1> <II = 1> <Delay = 1.35> <Storage> <Opcode : 'load' 'store'> <Ports = 2> <Width = 32> <Depth = 416> <RAM>
ST_13 : Operation 792 [1/1] (0.66ns)   --->   "%tmp_2 = sparsemux i32 @_ssdm_op_SparseMux.ap_auto.5float.float.i3, i3 2, i32 %p_ZZ10top_kernelPKfS0_S0_PfE9equalized_0_0_load, i3 3, i32 %p_ZZ10top_kernelPKfS0_S0_PfE9equalized_0_1_load, i3 4, i32 %p_ZZ10top_kernelPKfS0_S0_PfE9equalized_0_2_load, i3 0, i32 %p_ZZ10top_kernelPKfS0_S0_PfE9equalized_0_3_load, i3 1, i32 %p_ZZ10top_kernelPKfS0_S0_PfE9equalized_0_4_load, i32 <undef>, i3 %trunc_ln85" [top.cpp:91]   --->   Operation 792 'sparsemux' 'tmp_2' <Predicate = (!trunc_ln86)> <Delay = 0.66> <CoreInst = "BinarySparseMux_DontCare">   --->   Core 149 'BinarySparseMux_DontCare' <Latency = 0> <II = 1> <Delay = 0.66> <FuncUnit> <Opcode : 'sparsemux'> <InPorts = 2> <OutPorts = 1>
ST_13 : Operation 793 [1/2] ( I:1.35ns O:1.35ns )   --->   "%p_ZZ10top_kernelPKfS0_S0_PfE9equalized_1_0_load = load i9 %p_ZZ10top_kernelPKfS0_S0_PfE9equalized_1_0_addr_1" [top.cpp:91]   --->   Operation 793 'load' 'p_ZZ10top_kernelPKfS0_S0_PfE9equalized_1_0_load' <Predicate = (trunc_ln86 & trunc_ln85 == 2)> <Delay = 1.35> <CoreInst = "RAM">   --->   Core 82 'RAM' <Latency = 1> <II = 1> <Delay = 1.35> <Storage> <Opcode : 'load' 'store'> <Ports = 2> <Width = 32> <Depth = 416> <RAM>
ST_13 : Operation 794 [1/2] ( I:1.35ns O:1.35ns )   --->   "%p_ZZ10top_kernelPKfS0_S0_PfE9equalized_1_1_load = load i9 %p_ZZ10top_kernelPKfS0_S0_PfE9equalized_1_1_addr_1" [top.cpp:91]   --->   Operation 794 'load' 'p_ZZ10top_kernelPKfS0_S0_PfE9equalized_1_1_load' <Predicate = (trunc_ln86 & trunc_ln85 == 3)> <Delay = 1.35> <CoreInst = "RAM">   --->   Core 82 'RAM' <Latency = 1> <II = 1> <Delay = 1.35> <Storage> <Opcode : 'load' 'store'> <Ports = 2> <Width = 32> <Depth = 416> <RAM>
ST_13 : Operation 795 [1/2] ( I:1.35ns O:1.35ns )   --->   "%p_ZZ10top_kernelPKfS0_S0_PfE9equalized_1_2_load = load i9 %p_ZZ10top_kernelPKfS0_S0_PfE9equalized_1_2_addr_1" [top.cpp:91]   --->   Operation 795 'load' 'p_ZZ10top_kernelPKfS0_S0_PfE9equalized_1_2_load' <Predicate = (trunc_ln86 & trunc_ln85 == 4)> <Delay = 1.35> <CoreInst = "RAM">   --->   Core 82 'RAM' <Latency = 1> <II = 1> <Delay = 1.35> <Storage> <Opcode : 'load' 'store'> <Ports = 2> <Width = 32> <Depth = 416> <RAM>
ST_13 : Operation 796 [1/2] ( I:1.35ns O:1.35ns )   --->   "%p_ZZ10top_kernelPKfS0_S0_PfE9equalized_1_3_load = load i9 %p_ZZ10top_kernelPKfS0_S0_PfE9equalized_1_3_addr_1" [top.cpp:91]   --->   Operation 796 'load' 'p_ZZ10top_kernelPKfS0_S0_PfE9equalized_1_3_load' <Predicate = (trunc_ln86 & trunc_ln85 == 0)> <Delay = 1.35> <CoreInst = "RAM">   --->   Core 82 'RAM' <Latency = 1> <II = 1> <Delay = 1.35> <Storage> <Opcode : 'load' 'store'> <Ports = 2> <Width = 32> <Depth = 416> <RAM>
ST_13 : Operation 797 [1/2] ( I:1.35ns O:1.35ns )   --->   "%p_ZZ10top_kernelPKfS0_S0_PfE9equalized_1_4_load = load i9 %p_ZZ10top_kernelPKfS0_S0_PfE9equalized_1_4_addr_1" [top.cpp:91]   --->   Operation 797 'load' 'p_ZZ10top_kernelPKfS0_S0_PfE9equalized_1_4_load' <Predicate = (trunc_ln86 & trunc_ln85 == 1)> <Delay = 1.35> <CoreInst = "RAM">   --->   Core 82 'RAM' <Latency = 1> <II = 1> <Delay = 1.35> <Storage> <Opcode : 'load' 'store'> <Ports = 2> <Width = 32> <Depth = 416> <RAM>
ST_13 : Operation 798 [1/1] (0.66ns)   --->   "%tmp_3 = sparsemux i32 @_ssdm_op_SparseMux.ap_auto.5float.float.i3, i3 2, i32 %p_ZZ10top_kernelPKfS0_S0_PfE9equalized_1_0_load, i3 3, i32 %p_ZZ10top_kernelPKfS0_S0_PfE9equalized_1_1_load, i3 4, i32 %p_ZZ10top_kernelPKfS0_S0_PfE9equalized_1_2_load, i3 0, i32 %p_ZZ10top_kernelPKfS0_S0_PfE9equalized_1_3_load, i3 1, i32 %p_ZZ10top_kernelPKfS0_S0_PfE9equalized_1_4_load, i32 <undef>, i3 %trunc_ln85" [top.cpp:91]   --->   Operation 798 'sparsemux' 'tmp_3' <Predicate = (trunc_ln86)> <Delay = 0.66> <CoreInst = "BinarySparseMux_DontCare">   --->   Core 149 'BinarySparseMux_DontCare' <Latency = 0> <II = 1> <Delay = 0.66> <FuncUnit> <Opcode : 'sparsemux'> <InPorts = 2> <OutPorts = 1>
ST_13 : Operation 799 [1/1] (0.52ns)   --->   "%select_ln91 = select i1 %trunc_ln86, i32 %tmp_3, i32 %tmp_2" [top.cpp:91]   --->   Operation 799 'select' 'select_ln91' <Predicate = true> <Delay = 0.52> <CoreInst = "Sel">   --->   Core 73 'Sel' <Latency = 0> <II = 1> <Delay = 0.52> <FuncUnit> <Opcode : 'select'> <InPorts = 3> <OutPorts = 1>
ST_13 : Operation 800 [1/2] ( I:1.35ns O:1.35ns )   --->   "%p_ZZ10top_kernelPKfS0_S0_PfE9equalized_0_0_load_1 = load i9 %p_ZZ10top_kernelPKfS0_S0_PfE9equalized_0_0_addr_2" [top.cpp:91]   --->   Operation 800 'load' 'p_ZZ10top_kernelPKfS0_S0_PfE9equalized_0_0_load_1' <Predicate = (trunc_ln86 & trunc_ln85 == 2)> <Delay = 1.35> <CoreInst = "RAM">   --->   Core 82 'RAM' <Latency = 1> <II = 1> <Delay = 1.35> <Storage> <Opcode : 'load' 'store'> <Ports = 2> <Width = 32> <Depth = 416> <RAM>
ST_13 : Operation 801 [1/2] ( I:1.35ns O:1.35ns )   --->   "%p_ZZ10top_kernelPKfS0_S0_PfE9equalized_0_1_load_1 = load i9 %p_ZZ10top_kernelPKfS0_S0_PfE9equalized_0_1_addr_2" [top.cpp:91]   --->   Operation 801 'load' 'p_ZZ10top_kernelPKfS0_S0_PfE9equalized_0_1_load_1' <Predicate = (trunc_ln86 & trunc_ln85 == 3)> <Delay = 1.35> <CoreInst = "RAM">   --->   Core 82 'RAM' <Latency = 1> <II = 1> <Delay = 1.35> <Storage> <Opcode : 'load' 'store'> <Ports = 2> <Width = 32> <Depth = 416> <RAM>
ST_13 : Operation 802 [1/2] ( I:1.35ns O:1.35ns )   --->   "%p_ZZ10top_kernelPKfS0_S0_PfE9equalized_0_2_load_1 = load i9 %p_ZZ10top_kernelPKfS0_S0_PfE9equalized_0_2_addr_2" [top.cpp:91]   --->   Operation 802 'load' 'p_ZZ10top_kernelPKfS0_S0_PfE9equalized_0_2_load_1' <Predicate = (trunc_ln86 & trunc_ln85 == 4)> <Delay = 1.35> <CoreInst = "RAM">   --->   Core 82 'RAM' <Latency = 1> <II = 1> <Delay = 1.35> <Storage> <Opcode : 'load' 'store'> <Ports = 2> <Width = 32> <Depth = 416> <RAM>
ST_13 : Operation 803 [1/2] ( I:1.35ns O:1.35ns )   --->   "%p_ZZ10top_kernelPKfS0_S0_PfE9equalized_0_3_load_1 = load i9 %p_ZZ10top_kernelPKfS0_S0_PfE9equalized_0_3_addr_2" [top.cpp:91]   --->   Operation 803 'load' 'p_ZZ10top_kernelPKfS0_S0_PfE9equalized_0_3_load_1' <Predicate = (trunc_ln86 & trunc_ln85 == 0)> <Delay = 1.35> <CoreInst = "RAM">   --->   Core 82 'RAM' <Latency = 1> <II = 1> <Delay = 1.35> <Storage> <Opcode : 'load' 'store'> <Ports = 2> <Width = 32> <Depth = 416> <RAM>
ST_13 : Operation 804 [1/2] ( I:1.35ns O:1.35ns )   --->   "%p_ZZ10top_kernelPKfS0_S0_PfE9equalized_0_4_load_1 = load i9 %p_ZZ10top_kernelPKfS0_S0_PfE9equalized_0_4_addr_2" [top.cpp:91]   --->   Operation 804 'load' 'p_ZZ10top_kernelPKfS0_S0_PfE9equalized_0_4_load_1' <Predicate = (trunc_ln86 & trunc_ln85 == 1)> <Delay = 1.35> <CoreInst = "RAM">   --->   Core 82 'RAM' <Latency = 1> <II = 1> <Delay = 1.35> <Storage> <Opcode : 'load' 'store'> <Ports = 2> <Width = 32> <Depth = 416> <RAM>
ST_13 : Operation 805 [1/1] (0.66ns)   --->   "%tmp_6 = sparsemux i32 @_ssdm_op_SparseMux.ap_auto.5float.float.i3, i3 2, i32 %p_ZZ10top_kernelPKfS0_S0_PfE9equalized_0_0_load_1, i3 3, i32 %p_ZZ10top_kernelPKfS0_S0_PfE9equalized_0_1_load_1, i3 4, i32 %p_ZZ10top_kernelPKfS0_S0_PfE9equalized_0_2_load_1, i3 0, i32 %p_ZZ10top_kernelPKfS0_S0_PfE9equalized_0_3_load_1, i3 1, i32 %p_ZZ10top_kernelPKfS0_S0_PfE9equalized_0_4_load_1, i32 <undef>, i3 %trunc_ln85" [top.cpp:91]   --->   Operation 805 'sparsemux' 'tmp_6' <Predicate = (trunc_ln86)> <Delay = 0.66> <CoreInst = "BinarySparseMux_DontCare">   --->   Core 149 'BinarySparseMux_DontCare' <Latency = 0> <II = 1> <Delay = 0.66> <FuncUnit> <Opcode : 'sparsemux'> <InPorts = 2> <OutPorts = 1>
ST_13 : Operation 806 [1/2] ( I:1.35ns O:1.35ns )   --->   "%p_ZZ10top_kernelPKfS0_S0_PfE9equalized_1_0_load_1 = load i9 %p_ZZ10top_kernelPKfS0_S0_PfE9equalized_1_0_addr_2" [top.cpp:91]   --->   Operation 806 'load' 'p_ZZ10top_kernelPKfS0_S0_PfE9equalized_1_0_load_1' <Predicate = (!trunc_ln86 & trunc_ln85 == 2)> <Delay = 1.35> <CoreInst = "RAM">   --->   Core 82 'RAM' <Latency = 1> <II = 1> <Delay = 1.35> <Storage> <Opcode : 'load' 'store'> <Ports = 2> <Width = 32> <Depth = 416> <RAM>
ST_13 : Operation 807 [1/2] ( I:1.35ns O:1.35ns )   --->   "%p_ZZ10top_kernelPKfS0_S0_PfE9equalized_1_1_load_1 = load i9 %p_ZZ10top_kernelPKfS0_S0_PfE9equalized_1_1_addr_2" [top.cpp:91]   --->   Operation 807 'load' 'p_ZZ10top_kernelPKfS0_S0_PfE9equalized_1_1_load_1' <Predicate = (!trunc_ln86 & trunc_ln85 == 3)> <Delay = 1.35> <CoreInst = "RAM">   --->   Core 82 'RAM' <Latency = 1> <II = 1> <Delay = 1.35> <Storage> <Opcode : 'load' 'store'> <Ports = 2> <Width = 32> <Depth = 416> <RAM>
ST_13 : Operation 808 [1/2] ( I:1.35ns O:1.35ns )   --->   "%p_ZZ10top_kernelPKfS0_S0_PfE9equalized_1_2_load_1 = load i9 %p_ZZ10top_kernelPKfS0_S0_PfE9equalized_1_2_addr_2" [top.cpp:91]   --->   Operation 808 'load' 'p_ZZ10top_kernelPKfS0_S0_PfE9equalized_1_2_load_1' <Predicate = (!trunc_ln86 & trunc_ln85 == 4)> <Delay = 1.35> <CoreInst = "RAM">   --->   Core 82 'RAM' <Latency = 1> <II = 1> <Delay = 1.35> <Storage> <Opcode : 'load' 'store'> <Ports = 2> <Width = 32> <Depth = 416> <RAM>
ST_13 : Operation 809 [1/2] ( I:1.35ns O:1.35ns )   --->   "%p_ZZ10top_kernelPKfS0_S0_PfE9equalized_1_3_load_1 = load i9 %p_ZZ10top_kernelPKfS0_S0_PfE9equalized_1_3_addr_2" [top.cpp:91]   --->   Operation 809 'load' 'p_ZZ10top_kernelPKfS0_S0_PfE9equalized_1_3_load_1' <Predicate = (!trunc_ln86 & trunc_ln85 == 0)> <Delay = 1.35> <CoreInst = "RAM">   --->   Core 82 'RAM' <Latency = 1> <II = 1> <Delay = 1.35> <Storage> <Opcode : 'load' 'store'> <Ports = 2> <Width = 32> <Depth = 416> <RAM>
ST_13 : Operation 810 [1/2] ( I:1.35ns O:1.35ns )   --->   "%p_ZZ10top_kernelPKfS0_S0_PfE9equalized_1_4_load_1 = load i9 %p_ZZ10top_kernelPKfS0_S0_PfE9equalized_1_4_addr_2" [top.cpp:91]   --->   Operation 810 'load' 'p_ZZ10top_kernelPKfS0_S0_PfE9equalized_1_4_load_1' <Predicate = (!trunc_ln86 & trunc_ln85 == 1)> <Delay = 1.35> <CoreInst = "RAM">   --->   Core 82 'RAM' <Latency = 1> <II = 1> <Delay = 1.35> <Storage> <Opcode : 'load' 'store'> <Ports = 2> <Width = 32> <Depth = 416> <RAM>
ST_13 : Operation 811 [1/1] (0.66ns)   --->   "%tmp_7 = sparsemux i32 @_ssdm_op_SparseMux.ap_auto.5float.float.i3, i3 2, i32 %p_ZZ10top_kernelPKfS0_S0_PfE9equalized_1_0_load_1, i3 3, i32 %p_ZZ10top_kernelPKfS0_S0_PfE9equalized_1_1_load_1, i3 4, i32 %p_ZZ10top_kernelPKfS0_S0_PfE9equalized_1_2_load_1, i3 0, i32 %p_ZZ10top_kernelPKfS0_S0_PfE9equalized_1_3_load_1, i3 1, i32 %p_ZZ10top_kernelPKfS0_S0_PfE9equalized_1_4_load_1, i32 <undef>, i3 %trunc_ln85" [top.cpp:91]   --->   Operation 811 'sparsemux' 'tmp_7' <Predicate = (!trunc_ln86)> <Delay = 0.66> <CoreInst = "BinarySparseMux_DontCare">   --->   Core 149 'BinarySparseMux_DontCare' <Latency = 0> <II = 1> <Delay = 0.66> <FuncUnit> <Opcode : 'sparsemux'> <InPorts = 2> <OutPorts = 1>
ST_13 : Operation 812 [1/1] (0.52ns)   --->   "%select_ln91_1 = select i1 %trunc_ln86, i32 %tmp_6, i32 %tmp_7" [top.cpp:91]   --->   Operation 812 'select' 'select_ln91_1' <Predicate = true> <Delay = 0.52> <CoreInst = "Sel">   --->   Core 73 'Sel' <Latency = 0> <II = 1> <Delay = 0.52> <FuncUnit> <Opcode : 'select'> <InPorts = 3> <OutPorts = 1>
ST_13 : Operation 813 [1/2] ( I:1.35ns O:1.35ns )   --->   "%p_ZZ10top_kernelPKfS0_S0_PfE9equalized_0_0_load_2 = load i9 %p_ZZ10top_kernelPKfS0_S0_PfE9equalized_0_0_addr" [top.cpp:91]   --->   Operation 813 'load' 'p_ZZ10top_kernelPKfS0_S0_PfE9equalized_0_0_load_2' <Predicate = (!trunc_ln86 & trunc_ln85 == 2)> <Delay = 1.35> <CoreInst = "RAM">   --->   Core 82 'RAM' <Latency = 1> <II = 1> <Delay = 1.35> <Storage> <Opcode : 'load' 'store'> <Ports = 2> <Width = 32> <Depth = 416> <RAM>
ST_13 : Operation 814 [1/2] ( I:1.35ns O:1.35ns )   --->   "%p_ZZ10top_kernelPKfS0_S0_PfE9equalized_0_1_load_2 = load i9 %p_ZZ10top_kernelPKfS0_S0_PfE9equalized_0_1_addr" [top.cpp:91]   --->   Operation 814 'load' 'p_ZZ10top_kernelPKfS0_S0_PfE9equalized_0_1_load_2' <Predicate = (!trunc_ln86 & trunc_ln85 == 3)> <Delay = 1.35> <CoreInst = "RAM">   --->   Core 82 'RAM' <Latency = 1> <II = 1> <Delay = 1.35> <Storage> <Opcode : 'load' 'store'> <Ports = 2> <Width = 32> <Depth = 416> <RAM>
ST_13 : Operation 815 [1/2] ( I:1.35ns O:1.35ns )   --->   "%p_ZZ10top_kernelPKfS0_S0_PfE9equalized_0_2_load_2 = load i9 %p_ZZ10top_kernelPKfS0_S0_PfE9equalized_0_2_addr" [top.cpp:91]   --->   Operation 815 'load' 'p_ZZ10top_kernelPKfS0_S0_PfE9equalized_0_2_load_2' <Predicate = (!trunc_ln86 & trunc_ln85 == 4)> <Delay = 1.35> <CoreInst = "RAM">   --->   Core 82 'RAM' <Latency = 1> <II = 1> <Delay = 1.35> <Storage> <Opcode : 'load' 'store'> <Ports = 2> <Width = 32> <Depth = 416> <RAM>
ST_13 : Operation 816 [1/2] ( I:1.35ns O:1.35ns )   --->   "%p_ZZ10top_kernelPKfS0_S0_PfE9equalized_0_3_load_2 = load i9 %p_ZZ10top_kernelPKfS0_S0_PfE9equalized_0_3_addr" [top.cpp:91]   --->   Operation 816 'load' 'p_ZZ10top_kernelPKfS0_S0_PfE9equalized_0_3_load_2' <Predicate = (!trunc_ln86 & trunc_ln85 == 0)> <Delay = 1.35> <CoreInst = "RAM">   --->   Core 82 'RAM' <Latency = 1> <II = 1> <Delay = 1.35> <Storage> <Opcode : 'load' 'store'> <Ports = 2> <Width = 32> <Depth = 416> <RAM>
ST_13 : Operation 817 [1/2] ( I:1.35ns O:1.35ns )   --->   "%p_ZZ10top_kernelPKfS0_S0_PfE9equalized_0_4_load_2 = load i9 %p_ZZ10top_kernelPKfS0_S0_PfE9equalized_0_4_addr" [top.cpp:91]   --->   Operation 817 'load' 'p_ZZ10top_kernelPKfS0_S0_PfE9equalized_0_4_load_2' <Predicate = (!trunc_ln86 & trunc_ln85 == 1)> <Delay = 1.35> <CoreInst = "RAM">   --->   Core 82 'RAM' <Latency = 1> <II = 1> <Delay = 1.35> <Storage> <Opcode : 'load' 'store'> <Ports = 2> <Width = 32> <Depth = 416> <RAM>
ST_13 : Operation 818 [1/1] (0.66ns)   --->   "%tmp_4 = sparsemux i32 @_ssdm_op_SparseMux.ap_auto.5float.float.i3, i3 2, i32 %p_ZZ10top_kernelPKfS0_S0_PfE9equalized_0_0_load_2, i3 3, i32 %p_ZZ10top_kernelPKfS0_S0_PfE9equalized_0_1_load_2, i3 4, i32 %p_ZZ10top_kernelPKfS0_S0_PfE9equalized_0_2_load_2, i3 0, i32 %p_ZZ10top_kernelPKfS0_S0_PfE9equalized_0_3_load_2, i3 1, i32 %p_ZZ10top_kernelPKfS0_S0_PfE9equalized_0_4_load_2, i32 <undef>, i3 %trunc_ln85" [top.cpp:91]   --->   Operation 818 'sparsemux' 'tmp_4' <Predicate = (!trunc_ln86)> <Delay = 0.66> <CoreInst = "BinarySparseMux_DontCare">   --->   Core 149 'BinarySparseMux_DontCare' <Latency = 0> <II = 1> <Delay = 0.66> <FuncUnit> <Opcode : 'sparsemux'> <InPorts = 2> <OutPorts = 1>
ST_13 : Operation 819 [1/2] ( I:1.35ns O:1.35ns )   --->   "%p_ZZ10top_kernelPKfS0_S0_PfE9equalized_1_0_load_2 = load i9 %p_ZZ10top_kernelPKfS0_S0_PfE9equalized_1_0_addr" [top.cpp:91]   --->   Operation 819 'load' 'p_ZZ10top_kernelPKfS0_S0_PfE9equalized_1_0_load_2' <Predicate = (trunc_ln86 & trunc_ln85 == 2)> <Delay = 1.35> <CoreInst = "RAM">   --->   Core 82 'RAM' <Latency = 1> <II = 1> <Delay = 1.35> <Storage> <Opcode : 'load' 'store'> <Ports = 2> <Width = 32> <Depth = 416> <RAM>
ST_13 : Operation 820 [1/2] ( I:1.35ns O:1.35ns )   --->   "%p_ZZ10top_kernelPKfS0_S0_PfE9equalized_1_1_load_2 = load i9 %p_ZZ10top_kernelPKfS0_S0_PfE9equalized_1_1_addr" [top.cpp:91]   --->   Operation 820 'load' 'p_ZZ10top_kernelPKfS0_S0_PfE9equalized_1_1_load_2' <Predicate = (trunc_ln86 & trunc_ln85 == 3)> <Delay = 1.35> <CoreInst = "RAM">   --->   Core 82 'RAM' <Latency = 1> <II = 1> <Delay = 1.35> <Storage> <Opcode : 'load' 'store'> <Ports = 2> <Width = 32> <Depth = 416> <RAM>
ST_13 : Operation 821 [1/2] ( I:1.35ns O:1.35ns )   --->   "%p_ZZ10top_kernelPKfS0_S0_PfE9equalized_1_2_load_2 = load i9 %p_ZZ10top_kernelPKfS0_S0_PfE9equalized_1_2_addr" [top.cpp:91]   --->   Operation 821 'load' 'p_ZZ10top_kernelPKfS0_S0_PfE9equalized_1_2_load_2' <Predicate = (trunc_ln86 & trunc_ln85 == 4)> <Delay = 1.35> <CoreInst = "RAM">   --->   Core 82 'RAM' <Latency = 1> <II = 1> <Delay = 1.35> <Storage> <Opcode : 'load' 'store'> <Ports = 2> <Width = 32> <Depth = 416> <RAM>
ST_13 : Operation 822 [1/2] ( I:1.35ns O:1.35ns )   --->   "%p_ZZ10top_kernelPKfS0_S0_PfE9equalized_1_3_load_2 = load i9 %p_ZZ10top_kernelPKfS0_S0_PfE9equalized_1_3_addr" [top.cpp:91]   --->   Operation 822 'load' 'p_ZZ10top_kernelPKfS0_S0_PfE9equalized_1_3_load_2' <Predicate = (trunc_ln86 & trunc_ln85 == 0)> <Delay = 1.35> <CoreInst = "RAM">   --->   Core 82 'RAM' <Latency = 1> <II = 1> <Delay = 1.35> <Storage> <Opcode : 'load' 'store'> <Ports = 2> <Width = 32> <Depth = 416> <RAM>
ST_13 : Operation 823 [1/2] ( I:1.35ns O:1.35ns )   --->   "%p_ZZ10top_kernelPKfS0_S0_PfE9equalized_1_4_load_2 = load i9 %p_ZZ10top_kernelPKfS0_S0_PfE9equalized_1_4_addr" [top.cpp:91]   --->   Operation 823 'load' 'p_ZZ10top_kernelPKfS0_S0_PfE9equalized_1_4_load_2' <Predicate = (trunc_ln86 & trunc_ln85 == 1)> <Delay = 1.35> <CoreInst = "RAM">   --->   Core 82 'RAM' <Latency = 1> <II = 1> <Delay = 1.35> <Storage> <Opcode : 'load' 'store'> <Ports = 2> <Width = 32> <Depth = 416> <RAM>
ST_13 : Operation 824 [1/1] (0.66ns)   --->   "%tmp_9 = sparsemux i32 @_ssdm_op_SparseMux.ap_auto.5float.float.i3, i3 2, i32 %p_ZZ10top_kernelPKfS0_S0_PfE9equalized_1_0_load_2, i3 3, i32 %p_ZZ10top_kernelPKfS0_S0_PfE9equalized_1_1_load_2, i3 4, i32 %p_ZZ10top_kernelPKfS0_S0_PfE9equalized_1_2_load_2, i3 0, i32 %p_ZZ10top_kernelPKfS0_S0_PfE9equalized_1_3_load_2, i3 1, i32 %p_ZZ10top_kernelPKfS0_S0_PfE9equalized_1_4_load_2, i32 <undef>, i3 %trunc_ln85" [top.cpp:91]   --->   Operation 824 'sparsemux' 'tmp_9' <Predicate = (trunc_ln86)> <Delay = 0.66> <CoreInst = "BinarySparseMux_DontCare">   --->   Core 149 'BinarySparseMux_DontCare' <Latency = 0> <II = 1> <Delay = 0.66> <FuncUnit> <Opcode : 'sparsemux'> <InPorts = 2> <OutPorts = 1>
ST_13 : Operation 825 [1/1] (0.52ns)   --->   "%select_ln91_2 = select i1 %trunc_ln86, i32 %tmp_9, i32 %tmp_4" [top.cpp:91]   --->   Operation 825 'select' 'select_ln91_2' <Predicate = true> <Delay = 0.52> <CoreInst = "Sel">   --->   Core 73 'Sel' <Latency = 0> <II = 1> <Delay = 0.52> <FuncUnit> <Opcode : 'select'> <InPorts = 3> <OutPorts = 1>
ST_13 : Operation 826 [1/2] ( I:1.35ns O:1.35ns )   --->   "%p_ZZ10top_kernelPKfS0_S0_PfE9equalized_0_0_load_3 = load i9 %p_ZZ10top_kernelPKfS0_S0_PfE9equalized_0_0_addr_4" [top.cpp:91]   --->   Operation 826 'load' 'p_ZZ10top_kernelPKfS0_S0_PfE9equalized_0_0_load_3' <Predicate = (trunc_ln86 & trunc_ln85 == 2)> <Delay = 1.35> <CoreInst = "RAM">   --->   Core 82 'RAM' <Latency = 1> <II = 1> <Delay = 1.35> <Storage> <Opcode : 'load' 'store'> <Ports = 2> <Width = 32> <Depth = 416> <RAM>
ST_13 : Operation 827 [1/2] ( I:1.35ns O:1.35ns )   --->   "%p_ZZ10top_kernelPKfS0_S0_PfE9equalized_0_1_load_3 = load i9 %p_ZZ10top_kernelPKfS0_S0_PfE9equalized_0_1_addr_4" [top.cpp:91]   --->   Operation 827 'load' 'p_ZZ10top_kernelPKfS0_S0_PfE9equalized_0_1_load_3' <Predicate = (trunc_ln86 & trunc_ln85 == 3)> <Delay = 1.35> <CoreInst = "RAM">   --->   Core 82 'RAM' <Latency = 1> <II = 1> <Delay = 1.35> <Storage> <Opcode : 'load' 'store'> <Ports = 2> <Width = 32> <Depth = 416> <RAM>
ST_13 : Operation 828 [1/2] ( I:1.35ns O:1.35ns )   --->   "%p_ZZ10top_kernelPKfS0_S0_PfE9equalized_0_2_load_3 = load i9 %p_ZZ10top_kernelPKfS0_S0_PfE9equalized_0_2_addr_4" [top.cpp:91]   --->   Operation 828 'load' 'p_ZZ10top_kernelPKfS0_S0_PfE9equalized_0_2_load_3' <Predicate = (trunc_ln86 & trunc_ln85 == 4)> <Delay = 1.35> <CoreInst = "RAM">   --->   Core 82 'RAM' <Latency = 1> <II = 1> <Delay = 1.35> <Storage> <Opcode : 'load' 'store'> <Ports = 2> <Width = 32> <Depth = 416> <RAM>
ST_13 : Operation 829 [1/2] ( I:1.35ns O:1.35ns )   --->   "%p_ZZ10top_kernelPKfS0_S0_PfE9equalized_0_3_load_3 = load i9 %p_ZZ10top_kernelPKfS0_S0_PfE9equalized_0_3_addr_4" [top.cpp:91]   --->   Operation 829 'load' 'p_ZZ10top_kernelPKfS0_S0_PfE9equalized_0_3_load_3' <Predicate = (trunc_ln86 & trunc_ln85 == 0)> <Delay = 1.35> <CoreInst = "RAM">   --->   Core 82 'RAM' <Latency = 1> <II = 1> <Delay = 1.35> <Storage> <Opcode : 'load' 'store'> <Ports = 2> <Width = 32> <Depth = 416> <RAM>
ST_13 : Operation 830 [1/2] ( I:1.35ns O:1.35ns )   --->   "%p_ZZ10top_kernelPKfS0_S0_PfE9equalized_0_4_load_3 = load i9 %p_ZZ10top_kernelPKfS0_S0_PfE9equalized_0_4_addr_4" [top.cpp:91]   --->   Operation 830 'load' 'p_ZZ10top_kernelPKfS0_S0_PfE9equalized_0_4_load_3' <Predicate = (trunc_ln86 & trunc_ln85 == 1)> <Delay = 1.35> <CoreInst = "RAM">   --->   Core 82 'RAM' <Latency = 1> <II = 1> <Delay = 1.35> <Storage> <Opcode : 'load' 'store'> <Ports = 2> <Width = 32> <Depth = 416> <RAM>
ST_13 : Operation 831 [1/1] (0.66ns)   --->   "%tmp_10 = sparsemux i32 @_ssdm_op_SparseMux.ap_auto.5float.float.i3, i3 2, i32 %p_ZZ10top_kernelPKfS0_S0_PfE9equalized_0_0_load_3, i3 3, i32 %p_ZZ10top_kernelPKfS0_S0_PfE9equalized_0_1_load_3, i3 4, i32 %p_ZZ10top_kernelPKfS0_S0_PfE9equalized_0_2_load_3, i3 0, i32 %p_ZZ10top_kernelPKfS0_S0_PfE9equalized_0_3_load_3, i3 1, i32 %p_ZZ10top_kernelPKfS0_S0_PfE9equalized_0_4_load_3, i32 <undef>, i3 %trunc_ln85" [top.cpp:91]   --->   Operation 831 'sparsemux' 'tmp_10' <Predicate = (trunc_ln86)> <Delay = 0.66> <CoreInst = "BinarySparseMux_DontCare">   --->   Core 149 'BinarySparseMux_DontCare' <Latency = 0> <II = 1> <Delay = 0.66> <FuncUnit> <Opcode : 'sparsemux'> <InPorts = 2> <OutPorts = 1>
ST_13 : Operation 832 [1/2] ( I:1.35ns O:1.35ns )   --->   "%p_ZZ10top_kernelPKfS0_S0_PfE9equalized_1_0_load_3 = load i9 %p_ZZ10top_kernelPKfS0_S0_PfE9equalized_1_0_addr_4" [top.cpp:91]   --->   Operation 832 'load' 'p_ZZ10top_kernelPKfS0_S0_PfE9equalized_1_0_load_3' <Predicate = (!trunc_ln86 & trunc_ln85 == 2)> <Delay = 1.35> <CoreInst = "RAM">   --->   Core 82 'RAM' <Latency = 1> <II = 1> <Delay = 1.35> <Storage> <Opcode : 'load' 'store'> <Ports = 2> <Width = 32> <Depth = 416> <RAM>
ST_13 : Operation 833 [1/2] ( I:1.35ns O:1.35ns )   --->   "%p_ZZ10top_kernelPKfS0_S0_PfE9equalized_1_1_load_3 = load i9 %p_ZZ10top_kernelPKfS0_S0_PfE9equalized_1_1_addr_4" [top.cpp:91]   --->   Operation 833 'load' 'p_ZZ10top_kernelPKfS0_S0_PfE9equalized_1_1_load_3' <Predicate = (!trunc_ln86 & trunc_ln85 == 3)> <Delay = 1.35> <CoreInst = "RAM">   --->   Core 82 'RAM' <Latency = 1> <II = 1> <Delay = 1.35> <Storage> <Opcode : 'load' 'store'> <Ports = 2> <Width = 32> <Depth = 416> <RAM>
ST_13 : Operation 834 [1/2] ( I:1.35ns O:1.35ns )   --->   "%p_ZZ10top_kernelPKfS0_S0_PfE9equalized_1_2_load_3 = load i9 %p_ZZ10top_kernelPKfS0_S0_PfE9equalized_1_2_addr_4" [top.cpp:91]   --->   Operation 834 'load' 'p_ZZ10top_kernelPKfS0_S0_PfE9equalized_1_2_load_3' <Predicate = (!trunc_ln86 & trunc_ln85 == 4)> <Delay = 1.35> <CoreInst = "RAM">   --->   Core 82 'RAM' <Latency = 1> <II = 1> <Delay = 1.35> <Storage> <Opcode : 'load' 'store'> <Ports = 2> <Width = 32> <Depth = 416> <RAM>
ST_13 : Operation 835 [1/2] ( I:1.35ns O:1.35ns )   --->   "%p_ZZ10top_kernelPKfS0_S0_PfE9equalized_1_3_load_3 = load i9 %p_ZZ10top_kernelPKfS0_S0_PfE9equalized_1_3_addr_4" [top.cpp:91]   --->   Operation 835 'load' 'p_ZZ10top_kernelPKfS0_S0_PfE9equalized_1_3_load_3' <Predicate = (!trunc_ln86 & trunc_ln85 == 0)> <Delay = 1.35> <CoreInst = "RAM">   --->   Core 82 'RAM' <Latency = 1> <II = 1> <Delay = 1.35> <Storage> <Opcode : 'load' 'store'> <Ports = 2> <Width = 32> <Depth = 416> <RAM>
ST_13 : Operation 836 [1/2] ( I:1.35ns O:1.35ns )   --->   "%p_ZZ10top_kernelPKfS0_S0_PfE9equalized_1_4_load_3 = load i9 %p_ZZ10top_kernelPKfS0_S0_PfE9equalized_1_4_addr_4" [top.cpp:91]   --->   Operation 836 'load' 'p_ZZ10top_kernelPKfS0_S0_PfE9equalized_1_4_load_3' <Predicate = (!trunc_ln86 & trunc_ln85 == 1)> <Delay = 1.35> <CoreInst = "RAM">   --->   Core 82 'RAM' <Latency = 1> <II = 1> <Delay = 1.35> <Storage> <Opcode : 'load' 'store'> <Ports = 2> <Width = 32> <Depth = 416> <RAM>
ST_13 : Operation 837 [1/1] (0.66ns)   --->   "%tmp_11 = sparsemux i32 @_ssdm_op_SparseMux.ap_auto.5float.float.i3, i3 2, i32 %p_ZZ10top_kernelPKfS0_S0_PfE9equalized_1_0_load_3, i3 3, i32 %p_ZZ10top_kernelPKfS0_S0_PfE9equalized_1_1_load_3, i3 4, i32 %p_ZZ10top_kernelPKfS0_S0_PfE9equalized_1_2_load_3, i3 0, i32 %p_ZZ10top_kernelPKfS0_S0_PfE9equalized_1_3_load_3, i3 1, i32 %p_ZZ10top_kernelPKfS0_S0_PfE9equalized_1_4_load_3, i32 <undef>, i3 %trunc_ln85" [top.cpp:91]   --->   Operation 837 'sparsemux' 'tmp_11' <Predicate = (!trunc_ln86)> <Delay = 0.66> <CoreInst = "BinarySparseMux_DontCare">   --->   Core 149 'BinarySparseMux_DontCare' <Latency = 0> <II = 1> <Delay = 0.66> <FuncUnit> <Opcode : 'sparsemux'> <InPorts = 2> <OutPorts = 1>
ST_13 : Operation 838 [1/1] (0.52ns)   --->   "%select_ln91_3 = select i1 %trunc_ln86, i32 %tmp_10, i32 %tmp_11" [top.cpp:91]   --->   Operation 838 'select' 'select_ln91_3' <Predicate = true> <Delay = 0.52> <CoreInst = "Sel">   --->   Core 73 'Sel' <Latency = 0> <II = 1> <Delay = 0.52> <FuncUnit> <Opcode : 'select'> <InPorts = 3> <OutPorts = 1>
ST_13 : Operation 839 [1/1] (0.87ns)   --->   "%add_ln91_3 = add i5 %lshr_ln3, i5 1" [top.cpp:91]   --->   Operation 839 'add' 'add_ln91_3' <Predicate = true> <Delay = 0.87> <CoreInst = "Adder">   --->   Core 1 'Adder' <Latency = 0> <II = 1> <Delay = 0.87> <FuncUnit> <Opcode : 'add' 'sub'> <InPorts = 2> <OutPorts = 1>
ST_13 : Operation 840 [1/1] (0.00ns)   --->   "%tmp_80 = bitconcatenate i9 @_ssdm_op_BitConcatenate.i9.i4.i5, i4 %tmp_122_cast, i5 %add_ln91_3" [top.cpp:91]   --->   Operation 840 'bitconcatenate' 'tmp_80' <Predicate = true> <Delay = 0.00>
ST_13 : Operation 841 [1/1] (0.00ns)   --->   "%zext_ln91_20 = zext i9 %tmp_80" [top.cpp:91]   --->   Operation 841 'zext' 'zext_ln91_20' <Predicate = true> <Delay = 0.00>
ST_13 : Operation 842 [1/1] (0.00ns)   --->   "%p_ZZ10top_kernelPKfS0_S0_PfE9equalized_0_0_addr_5 = getelementptr i32 %p_ZZ10top_kernelPKfS0_S0_PfE9equalized_0_0, i64 0, i64 %zext_ln91_20" [top.cpp:91]   --->   Operation 842 'getelementptr' 'p_ZZ10top_kernelPKfS0_S0_PfE9equalized_0_0_addr_5' <Predicate = (!trunc_ln86 & trunc_ln85 == 2)> <Delay = 0.00>
ST_13 : Operation 843 [1/1] (0.00ns)   --->   "%tmp_81 = bitconcatenate i9 @_ssdm_op_BitConcatenate.i9.i4.i5, i4 %tmp_123_cast, i5 %add_ln91_3" [top.cpp:91]   --->   Operation 843 'bitconcatenate' 'tmp_81' <Predicate = true> <Delay = 0.00>
ST_13 : Operation 844 [1/1] (0.00ns)   --->   "%zext_ln91_21 = zext i9 %tmp_81" [top.cpp:91]   --->   Operation 844 'zext' 'zext_ln91_21' <Predicate = true> <Delay = 0.00>
ST_13 : Operation 845 [1/1] (0.00ns)   --->   "%p_ZZ10top_kernelPKfS0_S0_PfE9equalized_0_0_addr_10 = getelementptr i32 %p_ZZ10top_kernelPKfS0_S0_PfE9equalized_0_0, i64 0, i64 %zext_ln91_21" [top.cpp:91]   --->   Operation 845 'getelementptr' 'p_ZZ10top_kernelPKfS0_S0_PfE9equalized_0_0_addr_10' <Predicate = (!trunc_ln86 & trunc_ln85 == 1)> <Delay = 0.00>
ST_13 : Operation 846 [1/1] (0.00ns)   --->   "%tmp_82 = bitconcatenate i9 @_ssdm_op_BitConcatenate.i9.i4.i5, i4 %tmp_120_cast, i5 %add_ln91_3" [top.cpp:91]   --->   Operation 846 'bitconcatenate' 'tmp_82' <Predicate = true> <Delay = 0.00>
ST_13 : Operation 847 [1/1] (0.00ns)   --->   "%zext_ln91_22 = zext i9 %tmp_82" [top.cpp:91]   --->   Operation 847 'zext' 'zext_ln91_22' <Predicate = true> <Delay = 0.00>
ST_13 : Operation 848 [1/1] (0.00ns)   --->   "%p_ZZ10top_kernelPKfS0_S0_PfE9equalized_0_0_addr_15 = getelementptr i32 %p_ZZ10top_kernelPKfS0_S0_PfE9equalized_0_0, i64 0, i64 %zext_ln91_22" [top.cpp:91]   --->   Operation 848 'getelementptr' 'p_ZZ10top_kernelPKfS0_S0_PfE9equalized_0_0_addr_15' <Predicate = (!trunc_ln86 & trunc_ln85 == 0)> <Delay = 0.00>
ST_13 : Operation 849 [1/1] (0.00ns)   --->   "%tmp_83 = bitconcatenate i9 @_ssdm_op_BitConcatenate.i9.i4.i5, i4 %tmp_121_cast, i5 %add_ln91_3" [top.cpp:91]   --->   Operation 849 'bitconcatenate' 'tmp_83' <Predicate = true> <Delay = 0.00>
ST_13 : Operation 850 [1/1] (0.00ns)   --->   "%zext_ln91_23 = zext i9 %tmp_83" [top.cpp:91]   --->   Operation 850 'zext' 'zext_ln91_23' <Predicate = true> <Delay = 0.00>
ST_13 : Operation 851 [1/1] (0.00ns)   --->   "%p_ZZ10top_kernelPKfS0_S0_PfE9equalized_0_0_addr_20 = getelementptr i32 %p_ZZ10top_kernelPKfS0_S0_PfE9equalized_0_0, i64 0, i64 %zext_ln91_23" [top.cpp:91]   --->   Operation 851 'getelementptr' 'p_ZZ10top_kernelPKfS0_S0_PfE9equalized_0_0_addr_20' <Predicate = (!trunc_ln86 & trunc_ln85 == 4)> <Delay = 0.00>
ST_13 : Operation 852 [1/1] (0.00ns)   --->   "%tmp_84 = bitconcatenate i9 @_ssdm_op_BitConcatenate.i9.i4.i5, i4 %tmp_124_cast, i5 %add_ln91_3" [top.cpp:91]   --->   Operation 852 'bitconcatenate' 'tmp_84' <Predicate = true> <Delay = 0.00>
ST_13 : Operation 853 [1/1] (0.00ns)   --->   "%zext_ln91_24 = zext i9 %tmp_84" [top.cpp:91]   --->   Operation 853 'zext' 'zext_ln91_24' <Predicate = true> <Delay = 0.00>
ST_13 : Operation 854 [1/1] (0.00ns)   --->   "%p_ZZ10top_kernelPKfS0_S0_PfE9equalized_0_0_addr_24 = getelementptr i32 %p_ZZ10top_kernelPKfS0_S0_PfE9equalized_0_0, i64 0, i64 %zext_ln91_24" [top.cpp:91]   --->   Operation 854 'getelementptr' 'p_ZZ10top_kernelPKfS0_S0_PfE9equalized_0_0_addr_24' <Predicate = (!trunc_ln86 & trunc_ln85 == 3)> <Delay = 0.00>
ST_13 : Operation 855 [1/1] (0.00ns)   --->   "%p_ZZ10top_kernelPKfS0_S0_PfE9equalized_0_1_addr_5 = getelementptr i32 %p_ZZ10top_kernelPKfS0_S0_PfE9equalized_0_1, i64 0, i64 %zext_ln91_20" [top.cpp:91]   --->   Operation 855 'getelementptr' 'p_ZZ10top_kernelPKfS0_S0_PfE9equalized_0_1_addr_5' <Predicate = (!trunc_ln86 & trunc_ln85 == 3)> <Delay = 0.00>
ST_13 : Operation 856 [1/1] (0.00ns)   --->   "%p_ZZ10top_kernelPKfS0_S0_PfE9equalized_0_1_addr_10 = getelementptr i32 %p_ZZ10top_kernelPKfS0_S0_PfE9equalized_0_1, i64 0, i64 %zext_ln91_21" [top.cpp:91]   --->   Operation 856 'getelementptr' 'p_ZZ10top_kernelPKfS0_S0_PfE9equalized_0_1_addr_10' <Predicate = (!trunc_ln86 & trunc_ln85 == 2)> <Delay = 0.00>
ST_13 : Operation 857 [1/1] (0.00ns)   --->   "%p_ZZ10top_kernelPKfS0_S0_PfE9equalized_0_1_addr_15 = getelementptr i32 %p_ZZ10top_kernelPKfS0_S0_PfE9equalized_0_1, i64 0, i64 %zext_ln91_22" [top.cpp:91]   --->   Operation 857 'getelementptr' 'p_ZZ10top_kernelPKfS0_S0_PfE9equalized_0_1_addr_15' <Predicate = (!trunc_ln86 & trunc_ln85 == 1)> <Delay = 0.00>
ST_13 : Operation 858 [1/1] (0.00ns)   --->   "%p_ZZ10top_kernelPKfS0_S0_PfE9equalized_0_1_addr_20 = getelementptr i32 %p_ZZ10top_kernelPKfS0_S0_PfE9equalized_0_1, i64 0, i64 %zext_ln91_23" [top.cpp:91]   --->   Operation 858 'getelementptr' 'p_ZZ10top_kernelPKfS0_S0_PfE9equalized_0_1_addr_20' <Predicate = (!trunc_ln86 & trunc_ln85 == 0)> <Delay = 0.00>
ST_13 : Operation 859 [1/1] (0.00ns)   --->   "%p_ZZ10top_kernelPKfS0_S0_PfE9equalized_0_1_addr_24 = getelementptr i32 %p_ZZ10top_kernelPKfS0_S0_PfE9equalized_0_1, i64 0, i64 %zext_ln91_24" [top.cpp:91]   --->   Operation 859 'getelementptr' 'p_ZZ10top_kernelPKfS0_S0_PfE9equalized_0_1_addr_24' <Predicate = (!trunc_ln86 & trunc_ln85 == 4)> <Delay = 0.00>
ST_13 : Operation 860 [1/1] (0.00ns)   --->   "%p_ZZ10top_kernelPKfS0_S0_PfE9equalized_0_2_addr_5 = getelementptr i32 %p_ZZ10top_kernelPKfS0_S0_PfE9equalized_0_2, i64 0, i64 %zext_ln91_20" [top.cpp:91]   --->   Operation 860 'getelementptr' 'p_ZZ10top_kernelPKfS0_S0_PfE9equalized_0_2_addr_5' <Predicate = (!trunc_ln86 & trunc_ln85 == 4)> <Delay = 0.00>
ST_13 : Operation 861 [1/1] (0.00ns)   --->   "%p_ZZ10top_kernelPKfS0_S0_PfE9equalized_0_2_addr_10 = getelementptr i32 %p_ZZ10top_kernelPKfS0_S0_PfE9equalized_0_2, i64 0, i64 %zext_ln91_21" [top.cpp:91]   --->   Operation 861 'getelementptr' 'p_ZZ10top_kernelPKfS0_S0_PfE9equalized_0_2_addr_10' <Predicate = (!trunc_ln86 & trunc_ln85 == 3)> <Delay = 0.00>
ST_13 : Operation 862 [1/1] (0.00ns)   --->   "%p_ZZ10top_kernelPKfS0_S0_PfE9equalized_0_2_addr_15 = getelementptr i32 %p_ZZ10top_kernelPKfS0_S0_PfE9equalized_0_2, i64 0, i64 %zext_ln91_22" [top.cpp:91]   --->   Operation 862 'getelementptr' 'p_ZZ10top_kernelPKfS0_S0_PfE9equalized_0_2_addr_15' <Predicate = (!trunc_ln86 & trunc_ln85 == 2)> <Delay = 0.00>
ST_13 : Operation 863 [1/1] (0.00ns)   --->   "%p_ZZ10top_kernelPKfS0_S0_PfE9equalized_0_2_addr_20 = getelementptr i32 %p_ZZ10top_kernelPKfS0_S0_PfE9equalized_0_2, i64 0, i64 %zext_ln91_23" [top.cpp:91]   --->   Operation 863 'getelementptr' 'p_ZZ10top_kernelPKfS0_S0_PfE9equalized_0_2_addr_20' <Predicate = (!trunc_ln86 & trunc_ln85 == 1)> <Delay = 0.00>
ST_13 : Operation 864 [1/1] (0.00ns)   --->   "%p_ZZ10top_kernelPKfS0_S0_PfE9equalized_0_2_addr_24 = getelementptr i32 %p_ZZ10top_kernelPKfS0_S0_PfE9equalized_0_2, i64 0, i64 %zext_ln91_24" [top.cpp:91]   --->   Operation 864 'getelementptr' 'p_ZZ10top_kernelPKfS0_S0_PfE9equalized_0_2_addr_24' <Predicate = (!trunc_ln86 & trunc_ln85 == 0)> <Delay = 0.00>
ST_13 : Operation 865 [1/1] (0.00ns)   --->   "%p_ZZ10top_kernelPKfS0_S0_PfE9equalized_0_3_addr_5 = getelementptr i32 %p_ZZ10top_kernelPKfS0_S0_PfE9equalized_0_3, i64 0, i64 %zext_ln91_20" [top.cpp:91]   --->   Operation 865 'getelementptr' 'p_ZZ10top_kernelPKfS0_S0_PfE9equalized_0_3_addr_5' <Predicate = (!trunc_ln86 & trunc_ln85 == 0)> <Delay = 0.00>
ST_13 : Operation 866 [1/1] (0.00ns)   --->   "%p_ZZ10top_kernelPKfS0_S0_PfE9equalized_0_3_addr_10 = getelementptr i32 %p_ZZ10top_kernelPKfS0_S0_PfE9equalized_0_3, i64 0, i64 %zext_ln91_21" [top.cpp:91]   --->   Operation 866 'getelementptr' 'p_ZZ10top_kernelPKfS0_S0_PfE9equalized_0_3_addr_10' <Predicate = (!trunc_ln86 & trunc_ln85 == 4)> <Delay = 0.00>
ST_13 : Operation 867 [1/1] (0.00ns)   --->   "%p_ZZ10top_kernelPKfS0_S0_PfE9equalized_0_3_addr_15 = getelementptr i32 %p_ZZ10top_kernelPKfS0_S0_PfE9equalized_0_3, i64 0, i64 %zext_ln91_22" [top.cpp:91]   --->   Operation 867 'getelementptr' 'p_ZZ10top_kernelPKfS0_S0_PfE9equalized_0_3_addr_15' <Predicate = (!trunc_ln86 & trunc_ln85 == 3)> <Delay = 0.00>
ST_13 : Operation 868 [1/1] (0.00ns)   --->   "%p_ZZ10top_kernelPKfS0_S0_PfE9equalized_0_3_addr_20 = getelementptr i32 %p_ZZ10top_kernelPKfS0_S0_PfE9equalized_0_3, i64 0, i64 %zext_ln91_23" [top.cpp:91]   --->   Operation 868 'getelementptr' 'p_ZZ10top_kernelPKfS0_S0_PfE9equalized_0_3_addr_20' <Predicate = (!trunc_ln86 & trunc_ln85 == 2)> <Delay = 0.00>
ST_13 : Operation 869 [1/1] (0.00ns)   --->   "%p_ZZ10top_kernelPKfS0_S0_PfE9equalized_0_3_addr_24 = getelementptr i32 %p_ZZ10top_kernelPKfS0_S0_PfE9equalized_0_3, i64 0, i64 %zext_ln91_24" [top.cpp:91]   --->   Operation 869 'getelementptr' 'p_ZZ10top_kernelPKfS0_S0_PfE9equalized_0_3_addr_24' <Predicate = (!trunc_ln86 & trunc_ln85 == 1)> <Delay = 0.00>
ST_13 : Operation 870 [1/1] (0.00ns)   --->   "%p_ZZ10top_kernelPKfS0_S0_PfE9equalized_0_4_addr_5 = getelementptr i32 %p_ZZ10top_kernelPKfS0_S0_PfE9equalized_0_4, i64 0, i64 %zext_ln91_20" [top.cpp:91]   --->   Operation 870 'getelementptr' 'p_ZZ10top_kernelPKfS0_S0_PfE9equalized_0_4_addr_5' <Predicate = (!trunc_ln86 & trunc_ln85 == 1)> <Delay = 0.00>
ST_13 : Operation 871 [1/1] (0.00ns)   --->   "%p_ZZ10top_kernelPKfS0_S0_PfE9equalized_0_4_addr_10 = getelementptr i32 %p_ZZ10top_kernelPKfS0_S0_PfE9equalized_0_4, i64 0, i64 %zext_ln91_21" [top.cpp:91]   --->   Operation 871 'getelementptr' 'p_ZZ10top_kernelPKfS0_S0_PfE9equalized_0_4_addr_10' <Predicate = (!trunc_ln86 & trunc_ln85 == 0)> <Delay = 0.00>
ST_13 : Operation 872 [1/1] (0.00ns)   --->   "%p_ZZ10top_kernelPKfS0_S0_PfE9equalized_0_4_addr_15 = getelementptr i32 %p_ZZ10top_kernelPKfS0_S0_PfE9equalized_0_4, i64 0, i64 %zext_ln91_22" [top.cpp:91]   --->   Operation 872 'getelementptr' 'p_ZZ10top_kernelPKfS0_S0_PfE9equalized_0_4_addr_15' <Predicate = (!trunc_ln86 & trunc_ln85 == 4)> <Delay = 0.00>
ST_13 : Operation 873 [1/1] (0.00ns)   --->   "%p_ZZ10top_kernelPKfS0_S0_PfE9equalized_0_4_addr_20 = getelementptr i32 %p_ZZ10top_kernelPKfS0_S0_PfE9equalized_0_4, i64 0, i64 %zext_ln91_23" [top.cpp:91]   --->   Operation 873 'getelementptr' 'p_ZZ10top_kernelPKfS0_S0_PfE9equalized_0_4_addr_20' <Predicate = (!trunc_ln86 & trunc_ln85 == 3)> <Delay = 0.00>
ST_13 : Operation 874 [1/1] (0.00ns)   --->   "%p_ZZ10top_kernelPKfS0_S0_PfE9equalized_0_4_addr_24 = getelementptr i32 %p_ZZ10top_kernelPKfS0_S0_PfE9equalized_0_4, i64 0, i64 %zext_ln91_24" [top.cpp:91]   --->   Operation 874 'getelementptr' 'p_ZZ10top_kernelPKfS0_S0_PfE9equalized_0_4_addr_24' <Predicate = (!trunc_ln86 & trunc_ln85 == 2)> <Delay = 0.00>
ST_13 : Operation 875 [1/1] (0.00ns)   --->   "%p_ZZ10top_kernelPKfS0_S0_PfE9equalized_1_0_addr_5 = getelementptr i32 %p_ZZ10top_kernelPKfS0_S0_PfE9equalized_1_0, i64 0, i64 %zext_ln91_20" [top.cpp:91]   --->   Operation 875 'getelementptr' 'p_ZZ10top_kernelPKfS0_S0_PfE9equalized_1_0_addr_5' <Predicate = (trunc_ln86 & trunc_ln85 == 2)> <Delay = 0.00>
ST_13 : Operation 876 [1/1] (0.00ns)   --->   "%p_ZZ10top_kernelPKfS0_S0_PfE9equalized_1_0_addr_10 = getelementptr i32 %p_ZZ10top_kernelPKfS0_S0_PfE9equalized_1_0, i64 0, i64 %zext_ln91_21" [top.cpp:91]   --->   Operation 876 'getelementptr' 'p_ZZ10top_kernelPKfS0_S0_PfE9equalized_1_0_addr_10' <Predicate = (trunc_ln86 & trunc_ln85 == 1)> <Delay = 0.00>
ST_13 : Operation 877 [1/1] (0.00ns)   --->   "%p_ZZ10top_kernelPKfS0_S0_PfE9equalized_1_0_addr_15 = getelementptr i32 %p_ZZ10top_kernelPKfS0_S0_PfE9equalized_1_0, i64 0, i64 %zext_ln91_22" [top.cpp:91]   --->   Operation 877 'getelementptr' 'p_ZZ10top_kernelPKfS0_S0_PfE9equalized_1_0_addr_15' <Predicate = (trunc_ln86 & trunc_ln85 == 0)> <Delay = 0.00>
ST_13 : Operation 878 [1/1] (0.00ns)   --->   "%p_ZZ10top_kernelPKfS0_S0_PfE9equalized_1_0_addr_20 = getelementptr i32 %p_ZZ10top_kernelPKfS0_S0_PfE9equalized_1_0, i64 0, i64 %zext_ln91_23" [top.cpp:91]   --->   Operation 878 'getelementptr' 'p_ZZ10top_kernelPKfS0_S0_PfE9equalized_1_0_addr_20' <Predicate = (trunc_ln86 & trunc_ln85 == 4)> <Delay = 0.00>
ST_13 : Operation 879 [1/1] (0.00ns)   --->   "%p_ZZ10top_kernelPKfS0_S0_PfE9equalized_1_0_addr_24 = getelementptr i32 %p_ZZ10top_kernelPKfS0_S0_PfE9equalized_1_0, i64 0, i64 %zext_ln91_24" [top.cpp:91]   --->   Operation 879 'getelementptr' 'p_ZZ10top_kernelPKfS0_S0_PfE9equalized_1_0_addr_24' <Predicate = (trunc_ln86 & trunc_ln85 == 3)> <Delay = 0.00>
ST_13 : Operation 880 [1/1] (0.00ns)   --->   "%p_ZZ10top_kernelPKfS0_S0_PfE9equalized_1_1_addr_5 = getelementptr i32 %p_ZZ10top_kernelPKfS0_S0_PfE9equalized_1_1, i64 0, i64 %zext_ln91_20" [top.cpp:91]   --->   Operation 880 'getelementptr' 'p_ZZ10top_kernelPKfS0_S0_PfE9equalized_1_1_addr_5' <Predicate = (trunc_ln86 & trunc_ln85 == 3)> <Delay = 0.00>
ST_13 : Operation 881 [1/1] (0.00ns)   --->   "%p_ZZ10top_kernelPKfS0_S0_PfE9equalized_1_1_addr_10 = getelementptr i32 %p_ZZ10top_kernelPKfS0_S0_PfE9equalized_1_1, i64 0, i64 %zext_ln91_21" [top.cpp:91]   --->   Operation 881 'getelementptr' 'p_ZZ10top_kernelPKfS0_S0_PfE9equalized_1_1_addr_10' <Predicate = (trunc_ln86 & trunc_ln85 == 2)> <Delay = 0.00>
ST_13 : Operation 882 [1/1] (0.00ns)   --->   "%p_ZZ10top_kernelPKfS0_S0_PfE9equalized_1_1_addr_15 = getelementptr i32 %p_ZZ10top_kernelPKfS0_S0_PfE9equalized_1_1, i64 0, i64 %zext_ln91_22" [top.cpp:91]   --->   Operation 882 'getelementptr' 'p_ZZ10top_kernelPKfS0_S0_PfE9equalized_1_1_addr_15' <Predicate = (trunc_ln86 & trunc_ln85 == 1)> <Delay = 0.00>
ST_13 : Operation 883 [1/1] (0.00ns)   --->   "%p_ZZ10top_kernelPKfS0_S0_PfE9equalized_1_1_addr_20 = getelementptr i32 %p_ZZ10top_kernelPKfS0_S0_PfE9equalized_1_1, i64 0, i64 %zext_ln91_23" [top.cpp:91]   --->   Operation 883 'getelementptr' 'p_ZZ10top_kernelPKfS0_S0_PfE9equalized_1_1_addr_20' <Predicate = (trunc_ln86 & trunc_ln85 == 0)> <Delay = 0.00>
ST_13 : Operation 884 [1/1] (0.00ns)   --->   "%p_ZZ10top_kernelPKfS0_S0_PfE9equalized_1_1_addr_24 = getelementptr i32 %p_ZZ10top_kernelPKfS0_S0_PfE9equalized_1_1, i64 0, i64 %zext_ln91_24" [top.cpp:91]   --->   Operation 884 'getelementptr' 'p_ZZ10top_kernelPKfS0_S0_PfE9equalized_1_1_addr_24' <Predicate = (trunc_ln86 & trunc_ln85 == 4)> <Delay = 0.00>
ST_13 : Operation 885 [1/1] (0.00ns)   --->   "%p_ZZ10top_kernelPKfS0_S0_PfE9equalized_1_2_addr_5 = getelementptr i32 %p_ZZ10top_kernelPKfS0_S0_PfE9equalized_1_2, i64 0, i64 %zext_ln91_20" [top.cpp:91]   --->   Operation 885 'getelementptr' 'p_ZZ10top_kernelPKfS0_S0_PfE9equalized_1_2_addr_5' <Predicate = (trunc_ln86 & trunc_ln85 == 4)> <Delay = 0.00>
ST_13 : Operation 886 [1/1] (0.00ns)   --->   "%p_ZZ10top_kernelPKfS0_S0_PfE9equalized_1_2_addr_10 = getelementptr i32 %p_ZZ10top_kernelPKfS0_S0_PfE9equalized_1_2, i64 0, i64 %zext_ln91_21" [top.cpp:91]   --->   Operation 886 'getelementptr' 'p_ZZ10top_kernelPKfS0_S0_PfE9equalized_1_2_addr_10' <Predicate = (trunc_ln86 & trunc_ln85 == 3)> <Delay = 0.00>
ST_13 : Operation 887 [1/1] (0.00ns)   --->   "%p_ZZ10top_kernelPKfS0_S0_PfE9equalized_1_2_addr_15 = getelementptr i32 %p_ZZ10top_kernelPKfS0_S0_PfE9equalized_1_2, i64 0, i64 %zext_ln91_22" [top.cpp:91]   --->   Operation 887 'getelementptr' 'p_ZZ10top_kernelPKfS0_S0_PfE9equalized_1_2_addr_15' <Predicate = (trunc_ln86 & trunc_ln85 == 2)> <Delay = 0.00>
ST_13 : Operation 888 [1/1] (0.00ns)   --->   "%p_ZZ10top_kernelPKfS0_S0_PfE9equalized_1_2_addr_20 = getelementptr i32 %p_ZZ10top_kernelPKfS0_S0_PfE9equalized_1_2, i64 0, i64 %zext_ln91_23" [top.cpp:91]   --->   Operation 888 'getelementptr' 'p_ZZ10top_kernelPKfS0_S0_PfE9equalized_1_2_addr_20' <Predicate = (trunc_ln86 & trunc_ln85 == 1)> <Delay = 0.00>
ST_13 : Operation 889 [1/1] (0.00ns)   --->   "%p_ZZ10top_kernelPKfS0_S0_PfE9equalized_1_2_addr_24 = getelementptr i32 %p_ZZ10top_kernelPKfS0_S0_PfE9equalized_1_2, i64 0, i64 %zext_ln91_24" [top.cpp:91]   --->   Operation 889 'getelementptr' 'p_ZZ10top_kernelPKfS0_S0_PfE9equalized_1_2_addr_24' <Predicate = (trunc_ln86 & trunc_ln85 == 0)> <Delay = 0.00>
ST_13 : Operation 890 [1/1] (0.00ns)   --->   "%p_ZZ10top_kernelPKfS0_S0_PfE9equalized_1_3_addr_5 = getelementptr i32 %p_ZZ10top_kernelPKfS0_S0_PfE9equalized_1_3, i64 0, i64 %zext_ln91_20" [top.cpp:91]   --->   Operation 890 'getelementptr' 'p_ZZ10top_kernelPKfS0_S0_PfE9equalized_1_3_addr_5' <Predicate = (trunc_ln86 & trunc_ln85 == 0)> <Delay = 0.00>
ST_13 : Operation 891 [1/1] (0.00ns)   --->   "%p_ZZ10top_kernelPKfS0_S0_PfE9equalized_1_3_addr_10 = getelementptr i32 %p_ZZ10top_kernelPKfS0_S0_PfE9equalized_1_3, i64 0, i64 %zext_ln91_21" [top.cpp:91]   --->   Operation 891 'getelementptr' 'p_ZZ10top_kernelPKfS0_S0_PfE9equalized_1_3_addr_10' <Predicate = (trunc_ln86 & trunc_ln85 == 4)> <Delay = 0.00>
ST_13 : Operation 892 [1/1] (0.00ns)   --->   "%p_ZZ10top_kernelPKfS0_S0_PfE9equalized_1_3_addr_15 = getelementptr i32 %p_ZZ10top_kernelPKfS0_S0_PfE9equalized_1_3, i64 0, i64 %zext_ln91_22" [top.cpp:91]   --->   Operation 892 'getelementptr' 'p_ZZ10top_kernelPKfS0_S0_PfE9equalized_1_3_addr_15' <Predicate = (trunc_ln86 & trunc_ln85 == 3)> <Delay = 0.00>
ST_13 : Operation 893 [1/1] (0.00ns)   --->   "%p_ZZ10top_kernelPKfS0_S0_PfE9equalized_1_3_addr_20 = getelementptr i32 %p_ZZ10top_kernelPKfS0_S0_PfE9equalized_1_3, i64 0, i64 %zext_ln91_23" [top.cpp:91]   --->   Operation 893 'getelementptr' 'p_ZZ10top_kernelPKfS0_S0_PfE9equalized_1_3_addr_20' <Predicate = (trunc_ln86 & trunc_ln85 == 2)> <Delay = 0.00>
ST_13 : Operation 894 [1/1] (0.00ns)   --->   "%p_ZZ10top_kernelPKfS0_S0_PfE9equalized_1_3_addr_24 = getelementptr i32 %p_ZZ10top_kernelPKfS0_S0_PfE9equalized_1_3, i64 0, i64 %zext_ln91_24" [top.cpp:91]   --->   Operation 894 'getelementptr' 'p_ZZ10top_kernelPKfS0_S0_PfE9equalized_1_3_addr_24' <Predicate = (trunc_ln86 & trunc_ln85 == 1)> <Delay = 0.00>
ST_13 : Operation 895 [1/1] (0.00ns)   --->   "%p_ZZ10top_kernelPKfS0_S0_PfE9equalized_1_4_addr_5 = getelementptr i32 %p_ZZ10top_kernelPKfS0_S0_PfE9equalized_1_4, i64 0, i64 %zext_ln91_20" [top.cpp:91]   --->   Operation 895 'getelementptr' 'p_ZZ10top_kernelPKfS0_S0_PfE9equalized_1_4_addr_5' <Predicate = (trunc_ln86 & trunc_ln85 == 1)> <Delay = 0.00>
ST_13 : Operation 896 [1/1] (0.00ns)   --->   "%p_ZZ10top_kernelPKfS0_S0_PfE9equalized_1_4_addr_10 = getelementptr i32 %p_ZZ10top_kernelPKfS0_S0_PfE9equalized_1_4, i64 0, i64 %zext_ln91_21" [top.cpp:91]   --->   Operation 896 'getelementptr' 'p_ZZ10top_kernelPKfS0_S0_PfE9equalized_1_4_addr_10' <Predicate = (trunc_ln86 & trunc_ln85 == 0)> <Delay = 0.00>
ST_13 : Operation 897 [1/1] (0.00ns)   --->   "%p_ZZ10top_kernelPKfS0_S0_PfE9equalized_1_4_addr_15 = getelementptr i32 %p_ZZ10top_kernelPKfS0_S0_PfE9equalized_1_4, i64 0, i64 %zext_ln91_22" [top.cpp:91]   --->   Operation 897 'getelementptr' 'p_ZZ10top_kernelPKfS0_S0_PfE9equalized_1_4_addr_15' <Predicate = (trunc_ln86 & trunc_ln85 == 4)> <Delay = 0.00>
ST_13 : Operation 898 [1/1] (0.00ns)   --->   "%p_ZZ10top_kernelPKfS0_S0_PfE9equalized_1_4_addr_20 = getelementptr i32 %p_ZZ10top_kernelPKfS0_S0_PfE9equalized_1_4, i64 0, i64 %zext_ln91_23" [top.cpp:91]   --->   Operation 898 'getelementptr' 'p_ZZ10top_kernelPKfS0_S0_PfE9equalized_1_4_addr_20' <Predicate = (trunc_ln86 & trunc_ln85 == 3)> <Delay = 0.00>
ST_13 : Operation 899 [1/1] (0.00ns)   --->   "%p_ZZ10top_kernelPKfS0_S0_PfE9equalized_1_4_addr_24 = getelementptr i32 %p_ZZ10top_kernelPKfS0_S0_PfE9equalized_1_4, i64 0, i64 %zext_ln91_24" [top.cpp:91]   --->   Operation 899 'getelementptr' 'p_ZZ10top_kernelPKfS0_S0_PfE9equalized_1_4_addr_24' <Predicate = (trunc_ln86 & trunc_ln85 == 2)> <Delay = 0.00>
ST_13 : Operation 900 [2/2] (1.35ns)   --->   "%p_ZZ10top_kernelPKfS0_S0_PfE9equalized_0_0_load_4 = load i9 %p_ZZ10top_kernelPKfS0_S0_PfE9equalized_0_0_addr_5" [top.cpp:91]   --->   Operation 900 'load' 'p_ZZ10top_kernelPKfS0_S0_PfE9equalized_0_0_load_4' <Predicate = (!trunc_ln86 & trunc_ln85 == 2)> <Delay = 1.35> <CoreInst = "RAM">   --->   Core 82 'RAM' <Latency = 1> <II = 1> <Delay = 1.35> <Storage> <Opcode : 'load' 'store'> <Ports = 2> <Width = 32> <Depth = 416> <RAM>
ST_13 : Operation 901 [2/2] (1.35ns)   --->   "%p_ZZ10top_kernelPKfS0_S0_PfE9equalized_0_1_load_4 = load i9 %p_ZZ10top_kernelPKfS0_S0_PfE9equalized_0_1_addr_5" [top.cpp:91]   --->   Operation 901 'load' 'p_ZZ10top_kernelPKfS0_S0_PfE9equalized_0_1_load_4' <Predicate = (!trunc_ln86 & trunc_ln85 == 3)> <Delay = 1.35> <CoreInst = "RAM">   --->   Core 82 'RAM' <Latency = 1> <II = 1> <Delay = 1.35> <Storage> <Opcode : 'load' 'store'> <Ports = 2> <Width = 32> <Depth = 416> <RAM>
ST_13 : Operation 902 [2/2] (1.35ns)   --->   "%p_ZZ10top_kernelPKfS0_S0_PfE9equalized_0_2_load_4 = load i9 %p_ZZ10top_kernelPKfS0_S0_PfE9equalized_0_2_addr_5" [top.cpp:91]   --->   Operation 902 'load' 'p_ZZ10top_kernelPKfS0_S0_PfE9equalized_0_2_load_4' <Predicate = (!trunc_ln86 & trunc_ln85 == 4)> <Delay = 1.35> <CoreInst = "RAM">   --->   Core 82 'RAM' <Latency = 1> <II = 1> <Delay = 1.35> <Storage> <Opcode : 'load' 'store'> <Ports = 2> <Width = 32> <Depth = 416> <RAM>
ST_13 : Operation 903 [2/2] (1.35ns)   --->   "%p_ZZ10top_kernelPKfS0_S0_PfE9equalized_0_3_load_4 = load i9 %p_ZZ10top_kernelPKfS0_S0_PfE9equalized_0_3_addr_5" [top.cpp:91]   --->   Operation 903 'load' 'p_ZZ10top_kernelPKfS0_S0_PfE9equalized_0_3_load_4' <Predicate = (!trunc_ln86 & trunc_ln85 == 0)> <Delay = 1.35> <CoreInst = "RAM">   --->   Core 82 'RAM' <Latency = 1> <II = 1> <Delay = 1.35> <Storage> <Opcode : 'load' 'store'> <Ports = 2> <Width = 32> <Depth = 416> <RAM>
ST_13 : Operation 904 [2/2] (1.35ns)   --->   "%p_ZZ10top_kernelPKfS0_S0_PfE9equalized_0_4_load_4 = load i9 %p_ZZ10top_kernelPKfS0_S0_PfE9equalized_0_4_addr_5" [top.cpp:91]   --->   Operation 904 'load' 'p_ZZ10top_kernelPKfS0_S0_PfE9equalized_0_4_load_4' <Predicate = (!trunc_ln86 & trunc_ln85 == 1)> <Delay = 1.35> <CoreInst = "RAM">   --->   Core 82 'RAM' <Latency = 1> <II = 1> <Delay = 1.35> <Storage> <Opcode : 'load' 'store'> <Ports = 2> <Width = 32> <Depth = 416> <RAM>
ST_13 : Operation 905 [2/2] (1.35ns)   --->   "%p_ZZ10top_kernelPKfS0_S0_PfE9equalized_1_0_load_4 = load i9 %p_ZZ10top_kernelPKfS0_S0_PfE9equalized_1_0_addr_5" [top.cpp:91]   --->   Operation 905 'load' 'p_ZZ10top_kernelPKfS0_S0_PfE9equalized_1_0_load_4' <Predicate = (trunc_ln86 & trunc_ln85 == 2)> <Delay = 1.35> <CoreInst = "RAM">   --->   Core 82 'RAM' <Latency = 1> <II = 1> <Delay = 1.35> <Storage> <Opcode : 'load' 'store'> <Ports = 2> <Width = 32> <Depth = 416> <RAM>
ST_13 : Operation 906 [2/2] (1.35ns)   --->   "%p_ZZ10top_kernelPKfS0_S0_PfE9equalized_1_1_load_4 = load i9 %p_ZZ10top_kernelPKfS0_S0_PfE9equalized_1_1_addr_5" [top.cpp:91]   --->   Operation 906 'load' 'p_ZZ10top_kernelPKfS0_S0_PfE9equalized_1_1_load_4' <Predicate = (trunc_ln86 & trunc_ln85 == 3)> <Delay = 1.35> <CoreInst = "RAM">   --->   Core 82 'RAM' <Latency = 1> <II = 1> <Delay = 1.35> <Storage> <Opcode : 'load' 'store'> <Ports = 2> <Width = 32> <Depth = 416> <RAM>
ST_13 : Operation 907 [2/2] (1.35ns)   --->   "%p_ZZ10top_kernelPKfS0_S0_PfE9equalized_1_2_load_4 = load i9 %p_ZZ10top_kernelPKfS0_S0_PfE9equalized_1_2_addr_5" [top.cpp:91]   --->   Operation 907 'load' 'p_ZZ10top_kernelPKfS0_S0_PfE9equalized_1_2_load_4' <Predicate = (trunc_ln86 & trunc_ln85 == 4)> <Delay = 1.35> <CoreInst = "RAM">   --->   Core 82 'RAM' <Latency = 1> <II = 1> <Delay = 1.35> <Storage> <Opcode : 'load' 'store'> <Ports = 2> <Width = 32> <Depth = 416> <RAM>
ST_13 : Operation 908 [2/2] (1.35ns)   --->   "%p_ZZ10top_kernelPKfS0_S0_PfE9equalized_1_3_load_4 = load i9 %p_ZZ10top_kernelPKfS0_S0_PfE9equalized_1_3_addr_5" [top.cpp:91]   --->   Operation 908 'load' 'p_ZZ10top_kernelPKfS0_S0_PfE9equalized_1_3_load_4' <Predicate = (trunc_ln86 & trunc_ln85 == 0)> <Delay = 1.35> <CoreInst = "RAM">   --->   Core 82 'RAM' <Latency = 1> <II = 1> <Delay = 1.35> <Storage> <Opcode : 'load' 'store'> <Ports = 2> <Width = 32> <Depth = 416> <RAM>
ST_13 : Operation 909 [2/2] (1.35ns)   --->   "%p_ZZ10top_kernelPKfS0_S0_PfE9equalized_1_4_load_4 = load i9 %p_ZZ10top_kernelPKfS0_S0_PfE9equalized_1_4_addr_5" [top.cpp:91]   --->   Operation 909 'load' 'p_ZZ10top_kernelPKfS0_S0_PfE9equalized_1_4_load_4' <Predicate = (trunc_ln86 & trunc_ln85 == 1)> <Delay = 1.35> <CoreInst = "RAM">   --->   Core 82 'RAM' <Latency = 1> <II = 1> <Delay = 1.35> <Storage> <Opcode : 'load' 'store'> <Ports = 2> <Width = 32> <Depth = 416> <RAM>
ST_13 : Operation 910 [1/2] ( I:1.35ns O:1.35ns )   --->   "%p_ZZ10top_kernelPKfS0_S0_PfE9equalized_0_0_load_5 = load i9 %p_ZZ10top_kernelPKfS0_S0_PfE9equalized_0_0_addr_6" [top.cpp:91]   --->   Operation 910 'load' 'p_ZZ10top_kernelPKfS0_S0_PfE9equalized_0_0_load_5' <Predicate = (!trunc_ln86 & trunc_ln85 == 1)> <Delay = 1.35> <CoreInst = "RAM">   --->   Core 82 'RAM' <Latency = 1> <II = 1> <Delay = 1.35> <Storage> <Opcode : 'load' 'store'> <Ports = 2> <Width = 32> <Depth = 416> <RAM>
ST_13 : Operation 911 [1/2] ( I:1.35ns O:1.35ns )   --->   "%p_ZZ10top_kernelPKfS0_S0_PfE9equalized_0_1_load_5 = load i9 %p_ZZ10top_kernelPKfS0_S0_PfE9equalized_0_1_addr_6" [top.cpp:91]   --->   Operation 911 'load' 'p_ZZ10top_kernelPKfS0_S0_PfE9equalized_0_1_load_5' <Predicate = (!trunc_ln86 & trunc_ln85 == 2)> <Delay = 1.35> <CoreInst = "RAM">   --->   Core 82 'RAM' <Latency = 1> <II = 1> <Delay = 1.35> <Storage> <Opcode : 'load' 'store'> <Ports = 2> <Width = 32> <Depth = 416> <RAM>
ST_13 : Operation 912 [1/2] ( I:1.35ns O:1.35ns )   --->   "%p_ZZ10top_kernelPKfS0_S0_PfE9equalized_0_2_load_5 = load i9 %p_ZZ10top_kernelPKfS0_S0_PfE9equalized_0_2_addr_6" [top.cpp:91]   --->   Operation 912 'load' 'p_ZZ10top_kernelPKfS0_S0_PfE9equalized_0_2_load_5' <Predicate = (!trunc_ln86 & trunc_ln85 == 3)> <Delay = 1.35> <CoreInst = "RAM">   --->   Core 82 'RAM' <Latency = 1> <II = 1> <Delay = 1.35> <Storage> <Opcode : 'load' 'store'> <Ports = 2> <Width = 32> <Depth = 416> <RAM>
ST_13 : Operation 913 [1/2] ( I:1.35ns O:1.35ns )   --->   "%p_ZZ10top_kernelPKfS0_S0_PfE9equalized_0_3_load_5 = load i9 %p_ZZ10top_kernelPKfS0_S0_PfE9equalized_0_3_addr_6" [top.cpp:91]   --->   Operation 913 'load' 'p_ZZ10top_kernelPKfS0_S0_PfE9equalized_0_3_load_5' <Predicate = (!trunc_ln86 & trunc_ln85 == 4)> <Delay = 1.35> <CoreInst = "RAM">   --->   Core 82 'RAM' <Latency = 1> <II = 1> <Delay = 1.35> <Storage> <Opcode : 'load' 'store'> <Ports = 2> <Width = 32> <Depth = 416> <RAM>
ST_13 : Operation 914 [1/2] ( I:1.35ns O:1.35ns )   --->   "%p_ZZ10top_kernelPKfS0_S0_PfE9equalized_0_4_load_5 = load i9 %p_ZZ10top_kernelPKfS0_S0_PfE9equalized_0_4_addr_6" [top.cpp:91]   --->   Operation 914 'load' 'p_ZZ10top_kernelPKfS0_S0_PfE9equalized_0_4_load_5' <Predicate = (!trunc_ln86 & trunc_ln85 == 0)> <Delay = 1.35> <CoreInst = "RAM">   --->   Core 82 'RAM' <Latency = 1> <II = 1> <Delay = 1.35> <Storage> <Opcode : 'load' 'store'> <Ports = 2> <Width = 32> <Depth = 416> <RAM>
ST_13 : Operation 915 [1/1] (0.66ns)   --->   "%tmp_14 = sparsemux i32 @_ssdm_op_SparseMux.ap_auto.5float.float.i3, i3 1, i32 %p_ZZ10top_kernelPKfS0_S0_PfE9equalized_0_0_load_5, i3 2, i32 %p_ZZ10top_kernelPKfS0_S0_PfE9equalized_0_1_load_5, i3 3, i32 %p_ZZ10top_kernelPKfS0_S0_PfE9equalized_0_2_load_5, i3 4, i32 %p_ZZ10top_kernelPKfS0_S0_PfE9equalized_0_3_load_5, i3 0, i32 %p_ZZ10top_kernelPKfS0_S0_PfE9equalized_0_4_load_5, i32 <undef>, i3 %trunc_ln85" [top.cpp:91]   --->   Operation 915 'sparsemux' 'tmp_14' <Predicate = (!trunc_ln86)> <Delay = 0.66> <CoreInst = "BinarySparseMux_DontCare">   --->   Core 149 'BinarySparseMux_DontCare' <Latency = 0> <II = 1> <Delay = 0.66> <FuncUnit> <Opcode : 'sparsemux'> <InPorts = 2> <OutPorts = 1>
ST_13 : Operation 916 [1/2] ( I:1.35ns O:1.35ns )   --->   "%p_ZZ10top_kernelPKfS0_S0_PfE9equalized_1_0_load_5 = load i9 %p_ZZ10top_kernelPKfS0_S0_PfE9equalized_1_0_addr_6" [top.cpp:91]   --->   Operation 916 'load' 'p_ZZ10top_kernelPKfS0_S0_PfE9equalized_1_0_load_5' <Predicate = (trunc_ln86 & trunc_ln85 == 1)> <Delay = 1.35> <CoreInst = "RAM">   --->   Core 82 'RAM' <Latency = 1> <II = 1> <Delay = 1.35> <Storage> <Opcode : 'load' 'store'> <Ports = 2> <Width = 32> <Depth = 416> <RAM>
ST_13 : Operation 917 [1/2] ( I:1.35ns O:1.35ns )   --->   "%p_ZZ10top_kernelPKfS0_S0_PfE9equalized_1_1_load_5 = load i9 %p_ZZ10top_kernelPKfS0_S0_PfE9equalized_1_1_addr_6" [top.cpp:91]   --->   Operation 917 'load' 'p_ZZ10top_kernelPKfS0_S0_PfE9equalized_1_1_load_5' <Predicate = (trunc_ln86 & trunc_ln85 == 2)> <Delay = 1.35> <CoreInst = "RAM">   --->   Core 82 'RAM' <Latency = 1> <II = 1> <Delay = 1.35> <Storage> <Opcode : 'load' 'store'> <Ports = 2> <Width = 32> <Depth = 416> <RAM>
ST_13 : Operation 918 [1/2] ( I:1.35ns O:1.35ns )   --->   "%p_ZZ10top_kernelPKfS0_S0_PfE9equalized_1_2_load_5 = load i9 %p_ZZ10top_kernelPKfS0_S0_PfE9equalized_1_2_addr_6" [top.cpp:91]   --->   Operation 918 'load' 'p_ZZ10top_kernelPKfS0_S0_PfE9equalized_1_2_load_5' <Predicate = (trunc_ln86 & trunc_ln85 == 3)> <Delay = 1.35> <CoreInst = "RAM">   --->   Core 82 'RAM' <Latency = 1> <II = 1> <Delay = 1.35> <Storage> <Opcode : 'load' 'store'> <Ports = 2> <Width = 32> <Depth = 416> <RAM>
ST_13 : Operation 919 [1/2] ( I:1.35ns O:1.35ns )   --->   "%p_ZZ10top_kernelPKfS0_S0_PfE9equalized_1_3_load_5 = load i9 %p_ZZ10top_kernelPKfS0_S0_PfE9equalized_1_3_addr_6" [top.cpp:91]   --->   Operation 919 'load' 'p_ZZ10top_kernelPKfS0_S0_PfE9equalized_1_3_load_5' <Predicate = (trunc_ln86 & trunc_ln85 == 4)> <Delay = 1.35> <CoreInst = "RAM">   --->   Core 82 'RAM' <Latency = 1> <II = 1> <Delay = 1.35> <Storage> <Opcode : 'load' 'store'> <Ports = 2> <Width = 32> <Depth = 416> <RAM>
ST_13 : Operation 920 [1/2] ( I:1.35ns O:1.35ns )   --->   "%p_ZZ10top_kernelPKfS0_S0_PfE9equalized_1_4_load_5 = load i9 %p_ZZ10top_kernelPKfS0_S0_PfE9equalized_1_4_addr_6" [top.cpp:91]   --->   Operation 920 'load' 'p_ZZ10top_kernelPKfS0_S0_PfE9equalized_1_4_load_5' <Predicate = (trunc_ln86 & trunc_ln85 == 0)> <Delay = 1.35> <CoreInst = "RAM">   --->   Core 82 'RAM' <Latency = 1> <II = 1> <Delay = 1.35> <Storage> <Opcode : 'load' 'store'> <Ports = 2> <Width = 32> <Depth = 416> <RAM>
ST_13 : Operation 921 [1/1] (0.66ns)   --->   "%tmp_15 = sparsemux i32 @_ssdm_op_SparseMux.ap_auto.5float.float.i3, i3 1, i32 %p_ZZ10top_kernelPKfS0_S0_PfE9equalized_1_0_load_5, i3 2, i32 %p_ZZ10top_kernelPKfS0_S0_PfE9equalized_1_1_load_5, i3 3, i32 %p_ZZ10top_kernelPKfS0_S0_PfE9equalized_1_2_load_5, i3 4, i32 %p_ZZ10top_kernelPKfS0_S0_PfE9equalized_1_3_load_5, i3 0, i32 %p_ZZ10top_kernelPKfS0_S0_PfE9equalized_1_4_load_5, i32 <undef>, i3 %trunc_ln85" [top.cpp:91]   --->   Operation 921 'sparsemux' 'tmp_15' <Predicate = (trunc_ln86)> <Delay = 0.66> <CoreInst = "BinarySparseMux_DontCare">   --->   Core 149 'BinarySparseMux_DontCare' <Latency = 0> <II = 1> <Delay = 0.66> <FuncUnit> <Opcode : 'sparsemux'> <InPorts = 2> <OutPorts = 1>
ST_13 : Operation 922 [1/1] (0.52ns)   --->   "%select_ln91_5 = select i1 %trunc_ln86, i32 %tmp_15, i32 %tmp_14" [top.cpp:91]   --->   Operation 922 'select' 'select_ln91_5' <Predicate = true> <Delay = 0.52> <CoreInst = "Sel">   --->   Core 73 'Sel' <Latency = 0> <II = 1> <Delay = 0.52> <FuncUnit> <Opcode : 'select'> <InPorts = 3> <OutPorts = 1>
ST_13 : Operation 923 [1/2] ( I:1.35ns O:1.35ns )   --->   "%p_ZZ10top_kernelPKfS0_S0_PfE9equalized_0_0_load_6 = load i9 %p_ZZ10top_kernelPKfS0_S0_PfE9equalized_0_0_addr_7" [top.cpp:91]   --->   Operation 923 'load' 'p_ZZ10top_kernelPKfS0_S0_PfE9equalized_0_0_load_6' <Predicate = (trunc_ln86 & trunc_ln85 == 1)> <Delay = 1.35> <CoreInst = "RAM">   --->   Core 82 'RAM' <Latency = 1> <II = 1> <Delay = 1.35> <Storage> <Opcode : 'load' 'store'> <Ports = 2> <Width = 32> <Depth = 416> <RAM>
ST_13 : Operation 924 [1/2] ( I:1.35ns O:1.35ns )   --->   "%p_ZZ10top_kernelPKfS0_S0_PfE9equalized_0_1_load_6 = load i9 %p_ZZ10top_kernelPKfS0_S0_PfE9equalized_0_1_addr_7" [top.cpp:91]   --->   Operation 924 'load' 'p_ZZ10top_kernelPKfS0_S0_PfE9equalized_0_1_load_6' <Predicate = (trunc_ln86 & trunc_ln85 == 2)> <Delay = 1.35> <CoreInst = "RAM">   --->   Core 82 'RAM' <Latency = 1> <II = 1> <Delay = 1.35> <Storage> <Opcode : 'load' 'store'> <Ports = 2> <Width = 32> <Depth = 416> <RAM>
ST_13 : Operation 925 [1/2] ( I:1.35ns O:1.35ns )   --->   "%p_ZZ10top_kernelPKfS0_S0_PfE9equalized_0_2_load_6 = load i9 %p_ZZ10top_kernelPKfS0_S0_PfE9equalized_0_2_addr_7" [top.cpp:91]   --->   Operation 925 'load' 'p_ZZ10top_kernelPKfS0_S0_PfE9equalized_0_2_load_6' <Predicate = (trunc_ln86 & trunc_ln85 == 3)> <Delay = 1.35> <CoreInst = "RAM">   --->   Core 82 'RAM' <Latency = 1> <II = 1> <Delay = 1.35> <Storage> <Opcode : 'load' 'store'> <Ports = 2> <Width = 32> <Depth = 416> <RAM>
ST_13 : Operation 926 [1/2] ( I:1.35ns O:1.35ns )   --->   "%p_ZZ10top_kernelPKfS0_S0_PfE9equalized_0_3_load_6 = load i9 %p_ZZ10top_kernelPKfS0_S0_PfE9equalized_0_3_addr_7" [top.cpp:91]   --->   Operation 926 'load' 'p_ZZ10top_kernelPKfS0_S0_PfE9equalized_0_3_load_6' <Predicate = (trunc_ln86 & trunc_ln85 == 4)> <Delay = 1.35> <CoreInst = "RAM">   --->   Core 82 'RAM' <Latency = 1> <II = 1> <Delay = 1.35> <Storage> <Opcode : 'load' 'store'> <Ports = 2> <Width = 32> <Depth = 416> <RAM>
ST_13 : Operation 927 [1/2] ( I:1.35ns O:1.35ns )   --->   "%p_ZZ10top_kernelPKfS0_S0_PfE9equalized_0_4_load_6 = load i9 %p_ZZ10top_kernelPKfS0_S0_PfE9equalized_0_4_addr_7" [top.cpp:91]   --->   Operation 927 'load' 'p_ZZ10top_kernelPKfS0_S0_PfE9equalized_0_4_load_6' <Predicate = (trunc_ln86 & trunc_ln85 == 0)> <Delay = 1.35> <CoreInst = "RAM">   --->   Core 82 'RAM' <Latency = 1> <II = 1> <Delay = 1.35> <Storage> <Opcode : 'load' 'store'> <Ports = 2> <Width = 32> <Depth = 416> <RAM>
ST_13 : Operation 928 [1/1] (0.66ns)   --->   "%tmp_16 = sparsemux i32 @_ssdm_op_SparseMux.ap_auto.5float.float.i3, i3 1, i32 %p_ZZ10top_kernelPKfS0_S0_PfE9equalized_0_0_load_6, i3 2, i32 %p_ZZ10top_kernelPKfS0_S0_PfE9equalized_0_1_load_6, i3 3, i32 %p_ZZ10top_kernelPKfS0_S0_PfE9equalized_0_2_load_6, i3 4, i32 %p_ZZ10top_kernelPKfS0_S0_PfE9equalized_0_3_load_6, i3 0, i32 %p_ZZ10top_kernelPKfS0_S0_PfE9equalized_0_4_load_6, i32 <undef>, i3 %trunc_ln85" [top.cpp:91]   --->   Operation 928 'sparsemux' 'tmp_16' <Predicate = (trunc_ln86)> <Delay = 0.66> <CoreInst = "BinarySparseMux_DontCare">   --->   Core 149 'BinarySparseMux_DontCare' <Latency = 0> <II = 1> <Delay = 0.66> <FuncUnit> <Opcode : 'sparsemux'> <InPorts = 2> <OutPorts = 1>
ST_13 : Operation 929 [1/2] ( I:1.35ns O:1.35ns )   --->   "%p_ZZ10top_kernelPKfS0_S0_PfE9equalized_1_0_load_6 = load i9 %p_ZZ10top_kernelPKfS0_S0_PfE9equalized_1_0_addr_7" [top.cpp:91]   --->   Operation 929 'load' 'p_ZZ10top_kernelPKfS0_S0_PfE9equalized_1_0_load_6' <Predicate = (!trunc_ln86 & trunc_ln85 == 1)> <Delay = 1.35> <CoreInst = "RAM">   --->   Core 82 'RAM' <Latency = 1> <II = 1> <Delay = 1.35> <Storage> <Opcode : 'load' 'store'> <Ports = 2> <Width = 32> <Depth = 416> <RAM>
ST_13 : Operation 930 [1/2] ( I:1.35ns O:1.35ns )   --->   "%p_ZZ10top_kernelPKfS0_S0_PfE9equalized_1_1_load_6 = load i9 %p_ZZ10top_kernelPKfS0_S0_PfE9equalized_1_1_addr_7" [top.cpp:91]   --->   Operation 930 'load' 'p_ZZ10top_kernelPKfS0_S0_PfE9equalized_1_1_load_6' <Predicate = (!trunc_ln86 & trunc_ln85 == 2)> <Delay = 1.35> <CoreInst = "RAM">   --->   Core 82 'RAM' <Latency = 1> <II = 1> <Delay = 1.35> <Storage> <Opcode : 'load' 'store'> <Ports = 2> <Width = 32> <Depth = 416> <RAM>
ST_13 : Operation 931 [1/2] ( I:1.35ns O:1.35ns )   --->   "%p_ZZ10top_kernelPKfS0_S0_PfE9equalized_1_2_load_6 = load i9 %p_ZZ10top_kernelPKfS0_S0_PfE9equalized_1_2_addr_7" [top.cpp:91]   --->   Operation 931 'load' 'p_ZZ10top_kernelPKfS0_S0_PfE9equalized_1_2_load_6' <Predicate = (!trunc_ln86 & trunc_ln85 == 3)> <Delay = 1.35> <CoreInst = "RAM">   --->   Core 82 'RAM' <Latency = 1> <II = 1> <Delay = 1.35> <Storage> <Opcode : 'load' 'store'> <Ports = 2> <Width = 32> <Depth = 416> <RAM>
ST_13 : Operation 932 [1/2] ( I:1.35ns O:1.35ns )   --->   "%p_ZZ10top_kernelPKfS0_S0_PfE9equalized_1_3_load_6 = load i9 %p_ZZ10top_kernelPKfS0_S0_PfE9equalized_1_3_addr_7" [top.cpp:91]   --->   Operation 932 'load' 'p_ZZ10top_kernelPKfS0_S0_PfE9equalized_1_3_load_6' <Predicate = (!trunc_ln86 & trunc_ln85 == 4)> <Delay = 1.35> <CoreInst = "RAM">   --->   Core 82 'RAM' <Latency = 1> <II = 1> <Delay = 1.35> <Storage> <Opcode : 'load' 'store'> <Ports = 2> <Width = 32> <Depth = 416> <RAM>
ST_13 : Operation 933 [1/2] ( I:1.35ns O:1.35ns )   --->   "%p_ZZ10top_kernelPKfS0_S0_PfE9equalized_1_4_load_6 = load i9 %p_ZZ10top_kernelPKfS0_S0_PfE9equalized_1_4_addr_7" [top.cpp:91]   --->   Operation 933 'load' 'p_ZZ10top_kernelPKfS0_S0_PfE9equalized_1_4_load_6' <Predicate = (!trunc_ln86 & trunc_ln85 == 0)> <Delay = 1.35> <CoreInst = "RAM">   --->   Core 82 'RAM' <Latency = 1> <II = 1> <Delay = 1.35> <Storage> <Opcode : 'load' 'store'> <Ports = 2> <Width = 32> <Depth = 416> <RAM>
ST_13 : Operation 934 [1/1] (0.66ns)   --->   "%tmp_17 = sparsemux i32 @_ssdm_op_SparseMux.ap_auto.5float.float.i3, i3 1, i32 %p_ZZ10top_kernelPKfS0_S0_PfE9equalized_1_0_load_6, i3 2, i32 %p_ZZ10top_kernelPKfS0_S0_PfE9equalized_1_1_load_6, i3 3, i32 %p_ZZ10top_kernelPKfS0_S0_PfE9equalized_1_2_load_6, i3 4, i32 %p_ZZ10top_kernelPKfS0_S0_PfE9equalized_1_3_load_6, i3 0, i32 %p_ZZ10top_kernelPKfS0_S0_PfE9equalized_1_4_load_6, i32 <undef>, i3 %trunc_ln85" [top.cpp:91]   --->   Operation 934 'sparsemux' 'tmp_17' <Predicate = (!trunc_ln86)> <Delay = 0.66> <CoreInst = "BinarySparseMux_DontCare">   --->   Core 149 'BinarySparseMux_DontCare' <Latency = 0> <II = 1> <Delay = 0.66> <FuncUnit> <Opcode : 'sparsemux'> <InPorts = 2> <OutPorts = 1>
ST_13 : Operation 935 [1/1] (0.52ns)   --->   "%select_ln91_6 = select i1 %trunc_ln86, i32 %tmp_16, i32 %tmp_17" [top.cpp:91]   --->   Operation 935 'select' 'select_ln91_6' <Predicate = true> <Delay = 0.52> <CoreInst = "Sel">   --->   Core 73 'Sel' <Latency = 0> <II = 1> <Delay = 0.52> <FuncUnit> <Opcode : 'select'> <InPorts = 3> <OutPorts = 1>
ST_13 : Operation 936 [1/2] ( I:1.35ns O:1.35ns )   --->   "%p_ZZ10top_kernelPKfS0_S0_PfE9equalized_0_0_load_7 = load i9 %p_ZZ10top_kernelPKfS0_S0_PfE9equalized_0_0_addr_3" [top.cpp:91]   --->   Operation 936 'load' 'p_ZZ10top_kernelPKfS0_S0_PfE9equalized_0_0_load_7' <Predicate = (!trunc_ln86 & trunc_ln85 == 1)> <Delay = 1.35> <CoreInst = "RAM">   --->   Core 82 'RAM' <Latency = 1> <II = 1> <Delay = 1.35> <Storage> <Opcode : 'load' 'store'> <Ports = 2> <Width = 32> <Depth = 416> <RAM>
ST_13 : Operation 937 [1/2] ( I:1.35ns O:1.35ns )   --->   "%p_ZZ10top_kernelPKfS0_S0_PfE9equalized_0_1_load_7 = load i9 %p_ZZ10top_kernelPKfS0_S0_PfE9equalized_0_1_addr_3" [top.cpp:91]   --->   Operation 937 'load' 'p_ZZ10top_kernelPKfS0_S0_PfE9equalized_0_1_load_7' <Predicate = (!trunc_ln86 & trunc_ln85 == 2)> <Delay = 1.35> <CoreInst = "RAM">   --->   Core 82 'RAM' <Latency = 1> <II = 1> <Delay = 1.35> <Storage> <Opcode : 'load' 'store'> <Ports = 2> <Width = 32> <Depth = 416> <RAM>
ST_13 : Operation 938 [1/2] ( I:1.35ns O:1.35ns )   --->   "%p_ZZ10top_kernelPKfS0_S0_PfE9equalized_0_2_load_7 = load i9 %p_ZZ10top_kernelPKfS0_S0_PfE9equalized_0_2_addr_3" [top.cpp:91]   --->   Operation 938 'load' 'p_ZZ10top_kernelPKfS0_S0_PfE9equalized_0_2_load_7' <Predicate = (!trunc_ln86 & trunc_ln85 == 3)> <Delay = 1.35> <CoreInst = "RAM">   --->   Core 82 'RAM' <Latency = 1> <II = 1> <Delay = 1.35> <Storage> <Opcode : 'load' 'store'> <Ports = 2> <Width = 32> <Depth = 416> <RAM>
ST_13 : Operation 939 [1/2] ( I:1.35ns O:1.35ns )   --->   "%p_ZZ10top_kernelPKfS0_S0_PfE9equalized_0_3_load_7 = load i9 %p_ZZ10top_kernelPKfS0_S0_PfE9equalized_0_3_addr_3" [top.cpp:91]   --->   Operation 939 'load' 'p_ZZ10top_kernelPKfS0_S0_PfE9equalized_0_3_load_7' <Predicate = (!trunc_ln86 & trunc_ln85 == 4)> <Delay = 1.35> <CoreInst = "RAM">   --->   Core 82 'RAM' <Latency = 1> <II = 1> <Delay = 1.35> <Storage> <Opcode : 'load' 'store'> <Ports = 2> <Width = 32> <Depth = 416> <RAM>
ST_13 : Operation 940 [1/2] ( I:1.35ns O:1.35ns )   --->   "%p_ZZ10top_kernelPKfS0_S0_PfE9equalized_0_4_load_7 = load i9 %p_ZZ10top_kernelPKfS0_S0_PfE9equalized_0_4_addr_3" [top.cpp:91]   --->   Operation 940 'load' 'p_ZZ10top_kernelPKfS0_S0_PfE9equalized_0_4_load_7' <Predicate = (!trunc_ln86 & trunc_ln85 == 0)> <Delay = 1.35> <CoreInst = "RAM">   --->   Core 82 'RAM' <Latency = 1> <II = 1> <Delay = 1.35> <Storage> <Opcode : 'load' 'store'> <Ports = 2> <Width = 32> <Depth = 416> <RAM>
ST_13 : Operation 941 [1/1] (0.66ns)   --->   "%tmp_18 = sparsemux i32 @_ssdm_op_SparseMux.ap_auto.5float.float.i3, i3 1, i32 %p_ZZ10top_kernelPKfS0_S0_PfE9equalized_0_0_load_7, i3 2, i32 %p_ZZ10top_kernelPKfS0_S0_PfE9equalized_0_1_load_7, i3 3, i32 %p_ZZ10top_kernelPKfS0_S0_PfE9equalized_0_2_load_7, i3 4, i32 %p_ZZ10top_kernelPKfS0_S0_PfE9equalized_0_3_load_7, i3 0, i32 %p_ZZ10top_kernelPKfS0_S0_PfE9equalized_0_4_load_7, i32 <undef>, i3 %trunc_ln85" [top.cpp:91]   --->   Operation 941 'sparsemux' 'tmp_18' <Predicate = (!trunc_ln86)> <Delay = 0.66> <CoreInst = "BinarySparseMux_DontCare">   --->   Core 149 'BinarySparseMux_DontCare' <Latency = 0> <II = 1> <Delay = 0.66> <FuncUnit> <Opcode : 'sparsemux'> <InPorts = 2> <OutPorts = 1>
ST_13 : Operation 942 [1/2] ( I:1.35ns O:1.35ns )   --->   "%p_ZZ10top_kernelPKfS0_S0_PfE9equalized_1_0_load_7 = load i9 %p_ZZ10top_kernelPKfS0_S0_PfE9equalized_1_0_addr_3" [top.cpp:91]   --->   Operation 942 'load' 'p_ZZ10top_kernelPKfS0_S0_PfE9equalized_1_0_load_7' <Predicate = (trunc_ln86 & trunc_ln85 == 1)> <Delay = 1.35> <CoreInst = "RAM">   --->   Core 82 'RAM' <Latency = 1> <II = 1> <Delay = 1.35> <Storage> <Opcode : 'load' 'store'> <Ports = 2> <Width = 32> <Depth = 416> <RAM>
ST_13 : Operation 943 [1/2] ( I:1.35ns O:1.35ns )   --->   "%p_ZZ10top_kernelPKfS0_S0_PfE9equalized_1_1_load_7 = load i9 %p_ZZ10top_kernelPKfS0_S0_PfE9equalized_1_1_addr_3" [top.cpp:91]   --->   Operation 943 'load' 'p_ZZ10top_kernelPKfS0_S0_PfE9equalized_1_1_load_7' <Predicate = (trunc_ln86 & trunc_ln85 == 2)> <Delay = 1.35> <CoreInst = "RAM">   --->   Core 82 'RAM' <Latency = 1> <II = 1> <Delay = 1.35> <Storage> <Opcode : 'load' 'store'> <Ports = 2> <Width = 32> <Depth = 416> <RAM>
ST_13 : Operation 944 [1/2] ( I:1.35ns O:1.35ns )   --->   "%p_ZZ10top_kernelPKfS0_S0_PfE9equalized_1_2_load_7 = load i9 %p_ZZ10top_kernelPKfS0_S0_PfE9equalized_1_2_addr_3" [top.cpp:91]   --->   Operation 944 'load' 'p_ZZ10top_kernelPKfS0_S0_PfE9equalized_1_2_load_7' <Predicate = (trunc_ln86 & trunc_ln85 == 3)> <Delay = 1.35> <CoreInst = "RAM">   --->   Core 82 'RAM' <Latency = 1> <II = 1> <Delay = 1.35> <Storage> <Opcode : 'load' 'store'> <Ports = 2> <Width = 32> <Depth = 416> <RAM>
ST_13 : Operation 945 [1/2] ( I:1.35ns O:1.35ns )   --->   "%p_ZZ10top_kernelPKfS0_S0_PfE9equalized_1_3_load_7 = load i9 %p_ZZ10top_kernelPKfS0_S0_PfE9equalized_1_3_addr_3" [top.cpp:91]   --->   Operation 945 'load' 'p_ZZ10top_kernelPKfS0_S0_PfE9equalized_1_3_load_7' <Predicate = (trunc_ln86 & trunc_ln85 == 4)> <Delay = 1.35> <CoreInst = "RAM">   --->   Core 82 'RAM' <Latency = 1> <II = 1> <Delay = 1.35> <Storage> <Opcode : 'load' 'store'> <Ports = 2> <Width = 32> <Depth = 416> <RAM>
ST_13 : Operation 946 [1/2] ( I:1.35ns O:1.35ns )   --->   "%p_ZZ10top_kernelPKfS0_S0_PfE9equalized_1_4_load_7 = load i9 %p_ZZ10top_kernelPKfS0_S0_PfE9equalized_1_4_addr_3" [top.cpp:91]   --->   Operation 946 'load' 'p_ZZ10top_kernelPKfS0_S0_PfE9equalized_1_4_load_7' <Predicate = (trunc_ln86 & trunc_ln85 == 0)> <Delay = 1.35> <CoreInst = "RAM">   --->   Core 82 'RAM' <Latency = 1> <II = 1> <Delay = 1.35> <Storage> <Opcode : 'load' 'store'> <Ports = 2> <Width = 32> <Depth = 416> <RAM>
ST_13 : Operation 947 [1/1] (0.66ns)   --->   "%tmp_19 = sparsemux i32 @_ssdm_op_SparseMux.ap_auto.5float.float.i3, i3 1, i32 %p_ZZ10top_kernelPKfS0_S0_PfE9equalized_1_0_load_7, i3 2, i32 %p_ZZ10top_kernelPKfS0_S0_PfE9equalized_1_1_load_7, i3 3, i32 %p_ZZ10top_kernelPKfS0_S0_PfE9equalized_1_2_load_7, i3 4, i32 %p_ZZ10top_kernelPKfS0_S0_PfE9equalized_1_3_load_7, i3 0, i32 %p_ZZ10top_kernelPKfS0_S0_PfE9equalized_1_4_load_7, i32 <undef>, i3 %trunc_ln85" [top.cpp:91]   --->   Operation 947 'sparsemux' 'tmp_19' <Predicate = (trunc_ln86)> <Delay = 0.66> <CoreInst = "BinarySparseMux_DontCare">   --->   Core 149 'BinarySparseMux_DontCare' <Latency = 0> <II = 1> <Delay = 0.66> <FuncUnit> <Opcode : 'sparsemux'> <InPorts = 2> <OutPorts = 1>
ST_13 : Operation 948 [1/1] (0.52ns)   --->   "%select_ln91_7 = select i1 %trunc_ln86, i32 %tmp_19, i32 %tmp_18" [top.cpp:91]   --->   Operation 948 'select' 'select_ln91_7' <Predicate = true> <Delay = 0.52> <CoreInst = "Sel">   --->   Core 73 'Sel' <Latency = 0> <II = 1> <Delay = 0.52> <FuncUnit> <Opcode : 'select'> <InPorts = 3> <OutPorts = 1>
ST_13 : Operation 949 [1/2] ( I:1.35ns O:1.35ns )   --->   "%p_ZZ10top_kernelPKfS0_S0_PfE9equalized_0_0_load_8 = load i9 %p_ZZ10top_kernelPKfS0_S0_PfE9equalized_0_0_addr_9" [top.cpp:91]   --->   Operation 949 'load' 'p_ZZ10top_kernelPKfS0_S0_PfE9equalized_0_0_load_8' <Predicate = (trunc_ln86 & trunc_ln85 == 1)> <Delay = 1.35> <CoreInst = "RAM">   --->   Core 82 'RAM' <Latency = 1> <II = 1> <Delay = 1.35> <Storage> <Opcode : 'load' 'store'> <Ports = 2> <Width = 32> <Depth = 416> <RAM>
ST_13 : Operation 950 [1/2] ( I:1.35ns O:1.35ns )   --->   "%p_ZZ10top_kernelPKfS0_S0_PfE9equalized_0_1_load_8 = load i9 %p_ZZ10top_kernelPKfS0_S0_PfE9equalized_0_1_addr_9" [top.cpp:91]   --->   Operation 950 'load' 'p_ZZ10top_kernelPKfS0_S0_PfE9equalized_0_1_load_8' <Predicate = (trunc_ln86 & trunc_ln85 == 2)> <Delay = 1.35> <CoreInst = "RAM">   --->   Core 82 'RAM' <Latency = 1> <II = 1> <Delay = 1.35> <Storage> <Opcode : 'load' 'store'> <Ports = 2> <Width = 32> <Depth = 416> <RAM>
ST_13 : Operation 951 [1/2] ( I:1.35ns O:1.35ns )   --->   "%p_ZZ10top_kernelPKfS0_S0_PfE9equalized_0_2_load_8 = load i9 %p_ZZ10top_kernelPKfS0_S0_PfE9equalized_0_2_addr_9" [top.cpp:91]   --->   Operation 951 'load' 'p_ZZ10top_kernelPKfS0_S0_PfE9equalized_0_2_load_8' <Predicate = (trunc_ln86 & trunc_ln85 == 3)> <Delay = 1.35> <CoreInst = "RAM">   --->   Core 82 'RAM' <Latency = 1> <II = 1> <Delay = 1.35> <Storage> <Opcode : 'load' 'store'> <Ports = 2> <Width = 32> <Depth = 416> <RAM>
ST_13 : Operation 952 [1/2] ( I:1.35ns O:1.35ns )   --->   "%p_ZZ10top_kernelPKfS0_S0_PfE9equalized_0_3_load_8 = load i9 %p_ZZ10top_kernelPKfS0_S0_PfE9equalized_0_3_addr_9" [top.cpp:91]   --->   Operation 952 'load' 'p_ZZ10top_kernelPKfS0_S0_PfE9equalized_0_3_load_8' <Predicate = (trunc_ln86 & trunc_ln85 == 4)> <Delay = 1.35> <CoreInst = "RAM">   --->   Core 82 'RAM' <Latency = 1> <II = 1> <Delay = 1.35> <Storage> <Opcode : 'load' 'store'> <Ports = 2> <Width = 32> <Depth = 416> <RAM>
ST_13 : Operation 953 [1/2] ( I:1.35ns O:1.35ns )   --->   "%p_ZZ10top_kernelPKfS0_S0_PfE9equalized_0_4_load_8 = load i9 %p_ZZ10top_kernelPKfS0_S0_PfE9equalized_0_4_addr_9" [top.cpp:91]   --->   Operation 953 'load' 'p_ZZ10top_kernelPKfS0_S0_PfE9equalized_0_4_load_8' <Predicate = (trunc_ln86 & trunc_ln85 == 0)> <Delay = 1.35> <CoreInst = "RAM">   --->   Core 82 'RAM' <Latency = 1> <II = 1> <Delay = 1.35> <Storage> <Opcode : 'load' 'store'> <Ports = 2> <Width = 32> <Depth = 416> <RAM>
ST_13 : Operation 954 [1/1] (0.66ns)   --->   "%tmp_20 = sparsemux i32 @_ssdm_op_SparseMux.ap_auto.5float.float.i3, i3 1, i32 %p_ZZ10top_kernelPKfS0_S0_PfE9equalized_0_0_load_8, i3 2, i32 %p_ZZ10top_kernelPKfS0_S0_PfE9equalized_0_1_load_8, i3 3, i32 %p_ZZ10top_kernelPKfS0_S0_PfE9equalized_0_2_load_8, i3 4, i32 %p_ZZ10top_kernelPKfS0_S0_PfE9equalized_0_3_load_8, i3 0, i32 %p_ZZ10top_kernelPKfS0_S0_PfE9equalized_0_4_load_8, i32 <undef>, i3 %trunc_ln85" [top.cpp:91]   --->   Operation 954 'sparsemux' 'tmp_20' <Predicate = (trunc_ln86)> <Delay = 0.66> <CoreInst = "BinarySparseMux_DontCare">   --->   Core 149 'BinarySparseMux_DontCare' <Latency = 0> <II = 1> <Delay = 0.66> <FuncUnit> <Opcode : 'sparsemux'> <InPorts = 2> <OutPorts = 1>
ST_13 : Operation 955 [1/2] ( I:1.35ns O:1.35ns )   --->   "%p_ZZ10top_kernelPKfS0_S0_PfE9equalized_1_0_load_8 = load i9 %p_ZZ10top_kernelPKfS0_S0_PfE9equalized_1_0_addr_9" [top.cpp:91]   --->   Operation 955 'load' 'p_ZZ10top_kernelPKfS0_S0_PfE9equalized_1_0_load_8' <Predicate = (!trunc_ln86 & trunc_ln85 == 1)> <Delay = 1.35> <CoreInst = "RAM">   --->   Core 82 'RAM' <Latency = 1> <II = 1> <Delay = 1.35> <Storage> <Opcode : 'load' 'store'> <Ports = 2> <Width = 32> <Depth = 416> <RAM>
ST_13 : Operation 956 [1/2] ( I:1.35ns O:1.35ns )   --->   "%p_ZZ10top_kernelPKfS0_S0_PfE9equalized_1_1_load_8 = load i9 %p_ZZ10top_kernelPKfS0_S0_PfE9equalized_1_1_addr_9" [top.cpp:91]   --->   Operation 956 'load' 'p_ZZ10top_kernelPKfS0_S0_PfE9equalized_1_1_load_8' <Predicate = (!trunc_ln86 & trunc_ln85 == 2)> <Delay = 1.35> <CoreInst = "RAM">   --->   Core 82 'RAM' <Latency = 1> <II = 1> <Delay = 1.35> <Storage> <Opcode : 'load' 'store'> <Ports = 2> <Width = 32> <Depth = 416> <RAM>
ST_13 : Operation 957 [1/2] ( I:1.35ns O:1.35ns )   --->   "%p_ZZ10top_kernelPKfS0_S0_PfE9equalized_1_2_load_8 = load i9 %p_ZZ10top_kernelPKfS0_S0_PfE9equalized_1_2_addr_9" [top.cpp:91]   --->   Operation 957 'load' 'p_ZZ10top_kernelPKfS0_S0_PfE9equalized_1_2_load_8' <Predicate = (!trunc_ln86 & trunc_ln85 == 3)> <Delay = 1.35> <CoreInst = "RAM">   --->   Core 82 'RAM' <Latency = 1> <II = 1> <Delay = 1.35> <Storage> <Opcode : 'load' 'store'> <Ports = 2> <Width = 32> <Depth = 416> <RAM>
ST_13 : Operation 958 [1/2] ( I:1.35ns O:1.35ns )   --->   "%p_ZZ10top_kernelPKfS0_S0_PfE9equalized_1_3_load_8 = load i9 %p_ZZ10top_kernelPKfS0_S0_PfE9equalized_1_3_addr_9" [top.cpp:91]   --->   Operation 958 'load' 'p_ZZ10top_kernelPKfS0_S0_PfE9equalized_1_3_load_8' <Predicate = (!trunc_ln86 & trunc_ln85 == 4)> <Delay = 1.35> <CoreInst = "RAM">   --->   Core 82 'RAM' <Latency = 1> <II = 1> <Delay = 1.35> <Storage> <Opcode : 'load' 'store'> <Ports = 2> <Width = 32> <Depth = 416> <RAM>
ST_13 : Operation 959 [1/2] ( I:1.35ns O:1.35ns )   --->   "%p_ZZ10top_kernelPKfS0_S0_PfE9equalized_1_4_load_8 = load i9 %p_ZZ10top_kernelPKfS0_S0_PfE9equalized_1_4_addr_9" [top.cpp:91]   --->   Operation 959 'load' 'p_ZZ10top_kernelPKfS0_S0_PfE9equalized_1_4_load_8' <Predicate = (!trunc_ln86 & trunc_ln85 == 0)> <Delay = 1.35> <CoreInst = "RAM">   --->   Core 82 'RAM' <Latency = 1> <II = 1> <Delay = 1.35> <Storage> <Opcode : 'load' 'store'> <Ports = 2> <Width = 32> <Depth = 416> <RAM>
ST_13 : Operation 960 [1/1] (0.66ns)   --->   "%tmp_21 = sparsemux i32 @_ssdm_op_SparseMux.ap_auto.5float.float.i3, i3 1, i32 %p_ZZ10top_kernelPKfS0_S0_PfE9equalized_1_0_load_8, i3 2, i32 %p_ZZ10top_kernelPKfS0_S0_PfE9equalized_1_1_load_8, i3 3, i32 %p_ZZ10top_kernelPKfS0_S0_PfE9equalized_1_2_load_8, i3 4, i32 %p_ZZ10top_kernelPKfS0_S0_PfE9equalized_1_3_load_8, i3 0, i32 %p_ZZ10top_kernelPKfS0_S0_PfE9equalized_1_4_load_8, i32 <undef>, i3 %trunc_ln85" [top.cpp:91]   --->   Operation 960 'sparsemux' 'tmp_21' <Predicate = (!trunc_ln86)> <Delay = 0.66> <CoreInst = "BinarySparseMux_DontCare">   --->   Core 149 'BinarySparseMux_DontCare' <Latency = 0> <II = 1> <Delay = 0.66> <FuncUnit> <Opcode : 'sparsemux'> <InPorts = 2> <OutPorts = 1>
ST_13 : Operation 961 [1/1] (0.52ns)   --->   "%select_ln91_8 = select i1 %trunc_ln86, i32 %tmp_20, i32 %tmp_21" [top.cpp:91]   --->   Operation 961 'select' 'select_ln91_8' <Predicate = true> <Delay = 0.52> <CoreInst = "Sel">   --->   Core 73 'Sel' <Latency = 0> <II = 1> <Delay = 0.52> <FuncUnit> <Opcode : 'select'> <InPorts = 3> <OutPorts = 1>
ST_13 : Operation 962 [2/2] (1.35ns)   --->   "%p_ZZ10top_kernelPKfS0_S0_PfE9equalized_0_0_load_9 = load i9 %p_ZZ10top_kernelPKfS0_S0_PfE9equalized_0_0_addr_10" [top.cpp:91]   --->   Operation 962 'load' 'p_ZZ10top_kernelPKfS0_S0_PfE9equalized_0_0_load_9' <Predicate = (!trunc_ln86 & trunc_ln85 == 1)> <Delay = 1.35> <CoreInst = "RAM">   --->   Core 82 'RAM' <Latency = 1> <II = 1> <Delay = 1.35> <Storage> <Opcode : 'load' 'store'> <Ports = 2> <Width = 32> <Depth = 416> <RAM>
ST_13 : Operation 963 [2/2] (1.35ns)   --->   "%p_ZZ10top_kernelPKfS0_S0_PfE9equalized_0_1_load_9 = load i9 %p_ZZ10top_kernelPKfS0_S0_PfE9equalized_0_1_addr_10" [top.cpp:91]   --->   Operation 963 'load' 'p_ZZ10top_kernelPKfS0_S0_PfE9equalized_0_1_load_9' <Predicate = (!trunc_ln86 & trunc_ln85 == 2)> <Delay = 1.35> <CoreInst = "RAM">   --->   Core 82 'RAM' <Latency = 1> <II = 1> <Delay = 1.35> <Storage> <Opcode : 'load' 'store'> <Ports = 2> <Width = 32> <Depth = 416> <RAM>
ST_13 : Operation 964 [2/2] (1.35ns)   --->   "%p_ZZ10top_kernelPKfS0_S0_PfE9equalized_0_2_load_9 = load i9 %p_ZZ10top_kernelPKfS0_S0_PfE9equalized_0_2_addr_10" [top.cpp:91]   --->   Operation 964 'load' 'p_ZZ10top_kernelPKfS0_S0_PfE9equalized_0_2_load_9' <Predicate = (!trunc_ln86 & trunc_ln85 == 3)> <Delay = 1.35> <CoreInst = "RAM">   --->   Core 82 'RAM' <Latency = 1> <II = 1> <Delay = 1.35> <Storage> <Opcode : 'load' 'store'> <Ports = 2> <Width = 32> <Depth = 416> <RAM>
ST_13 : Operation 965 [2/2] (1.35ns)   --->   "%p_ZZ10top_kernelPKfS0_S0_PfE9equalized_0_3_load_9 = load i9 %p_ZZ10top_kernelPKfS0_S0_PfE9equalized_0_3_addr_10" [top.cpp:91]   --->   Operation 965 'load' 'p_ZZ10top_kernelPKfS0_S0_PfE9equalized_0_3_load_9' <Predicate = (!trunc_ln86 & trunc_ln85 == 4)> <Delay = 1.35> <CoreInst = "RAM">   --->   Core 82 'RAM' <Latency = 1> <II = 1> <Delay = 1.35> <Storage> <Opcode : 'load' 'store'> <Ports = 2> <Width = 32> <Depth = 416> <RAM>
ST_13 : Operation 966 [2/2] (1.35ns)   --->   "%p_ZZ10top_kernelPKfS0_S0_PfE9equalized_0_4_load_9 = load i9 %p_ZZ10top_kernelPKfS0_S0_PfE9equalized_0_4_addr_10" [top.cpp:91]   --->   Operation 966 'load' 'p_ZZ10top_kernelPKfS0_S0_PfE9equalized_0_4_load_9' <Predicate = (!trunc_ln86 & trunc_ln85 == 0)> <Delay = 1.35> <CoreInst = "RAM">   --->   Core 82 'RAM' <Latency = 1> <II = 1> <Delay = 1.35> <Storage> <Opcode : 'load' 'store'> <Ports = 2> <Width = 32> <Depth = 416> <RAM>
ST_13 : Operation 967 [2/2] (1.35ns)   --->   "%p_ZZ10top_kernelPKfS0_S0_PfE9equalized_1_0_load_9 = load i9 %p_ZZ10top_kernelPKfS0_S0_PfE9equalized_1_0_addr_10" [top.cpp:91]   --->   Operation 967 'load' 'p_ZZ10top_kernelPKfS0_S0_PfE9equalized_1_0_load_9' <Predicate = (trunc_ln86 & trunc_ln85 == 1)> <Delay = 1.35> <CoreInst = "RAM">   --->   Core 82 'RAM' <Latency = 1> <II = 1> <Delay = 1.35> <Storage> <Opcode : 'load' 'store'> <Ports = 2> <Width = 32> <Depth = 416> <RAM>
ST_13 : Operation 968 [2/2] (1.35ns)   --->   "%p_ZZ10top_kernelPKfS0_S0_PfE9equalized_1_1_load_9 = load i9 %p_ZZ10top_kernelPKfS0_S0_PfE9equalized_1_1_addr_10" [top.cpp:91]   --->   Operation 968 'load' 'p_ZZ10top_kernelPKfS0_S0_PfE9equalized_1_1_load_9' <Predicate = (trunc_ln86 & trunc_ln85 == 2)> <Delay = 1.35> <CoreInst = "RAM">   --->   Core 82 'RAM' <Latency = 1> <II = 1> <Delay = 1.35> <Storage> <Opcode : 'load' 'store'> <Ports = 2> <Width = 32> <Depth = 416> <RAM>
ST_13 : Operation 969 [2/2] (1.35ns)   --->   "%p_ZZ10top_kernelPKfS0_S0_PfE9equalized_1_2_load_9 = load i9 %p_ZZ10top_kernelPKfS0_S0_PfE9equalized_1_2_addr_10" [top.cpp:91]   --->   Operation 969 'load' 'p_ZZ10top_kernelPKfS0_S0_PfE9equalized_1_2_load_9' <Predicate = (trunc_ln86 & trunc_ln85 == 3)> <Delay = 1.35> <CoreInst = "RAM">   --->   Core 82 'RAM' <Latency = 1> <II = 1> <Delay = 1.35> <Storage> <Opcode : 'load' 'store'> <Ports = 2> <Width = 32> <Depth = 416> <RAM>
ST_13 : Operation 970 [2/2] (1.35ns)   --->   "%p_ZZ10top_kernelPKfS0_S0_PfE9equalized_1_3_load_9 = load i9 %p_ZZ10top_kernelPKfS0_S0_PfE9equalized_1_3_addr_10" [top.cpp:91]   --->   Operation 970 'load' 'p_ZZ10top_kernelPKfS0_S0_PfE9equalized_1_3_load_9' <Predicate = (trunc_ln86 & trunc_ln85 == 4)> <Delay = 1.35> <CoreInst = "RAM">   --->   Core 82 'RAM' <Latency = 1> <II = 1> <Delay = 1.35> <Storage> <Opcode : 'load' 'store'> <Ports = 2> <Width = 32> <Depth = 416> <RAM>
ST_13 : Operation 971 [2/2] (1.35ns)   --->   "%p_ZZ10top_kernelPKfS0_S0_PfE9equalized_1_4_load_9 = load i9 %p_ZZ10top_kernelPKfS0_S0_PfE9equalized_1_4_addr_10" [top.cpp:91]   --->   Operation 971 'load' 'p_ZZ10top_kernelPKfS0_S0_PfE9equalized_1_4_load_9' <Predicate = (trunc_ln86 & trunc_ln85 == 0)> <Delay = 1.35> <CoreInst = "RAM">   --->   Core 82 'RAM' <Latency = 1> <II = 1> <Delay = 1.35> <Storage> <Opcode : 'load' 'store'> <Ports = 2> <Width = 32> <Depth = 416> <RAM>
ST_13 : Operation 972 [1/2] ( I:1.35ns O:1.35ns )   --->   "%p_ZZ10top_kernelPKfS0_S0_PfE9equalized_0_0_load_10 = load i9 %p_ZZ10top_kernelPKfS0_S0_PfE9equalized_0_0_addr_11" [top.cpp:91]   --->   Operation 972 'load' 'p_ZZ10top_kernelPKfS0_S0_PfE9equalized_0_0_load_10' <Predicate = (!trunc_ln86 & trunc_ln85 == 0)> <Delay = 1.35> <CoreInst = "RAM">   --->   Core 82 'RAM' <Latency = 1> <II = 1> <Delay = 1.35> <Storage> <Opcode : 'load' 'store'> <Ports = 2> <Width = 32> <Depth = 416> <RAM>
ST_13 : Operation 973 [1/2] ( I:1.35ns O:1.35ns )   --->   "%p_ZZ10top_kernelPKfS0_S0_PfE9equalized_0_1_load_10 = load i9 %p_ZZ10top_kernelPKfS0_S0_PfE9equalized_0_1_addr_11" [top.cpp:91]   --->   Operation 973 'load' 'p_ZZ10top_kernelPKfS0_S0_PfE9equalized_0_1_load_10' <Predicate = (!trunc_ln86 & trunc_ln85 == 1)> <Delay = 1.35> <CoreInst = "RAM">   --->   Core 82 'RAM' <Latency = 1> <II = 1> <Delay = 1.35> <Storage> <Opcode : 'load' 'store'> <Ports = 2> <Width = 32> <Depth = 416> <RAM>
ST_13 : Operation 974 [1/2] ( I:1.35ns O:1.35ns )   --->   "%p_ZZ10top_kernelPKfS0_S0_PfE9equalized_0_2_load_10 = load i9 %p_ZZ10top_kernelPKfS0_S0_PfE9equalized_0_2_addr_11" [top.cpp:91]   --->   Operation 974 'load' 'p_ZZ10top_kernelPKfS0_S0_PfE9equalized_0_2_load_10' <Predicate = (!trunc_ln86 & trunc_ln85 == 2)> <Delay = 1.35> <CoreInst = "RAM">   --->   Core 82 'RAM' <Latency = 1> <II = 1> <Delay = 1.35> <Storage> <Opcode : 'load' 'store'> <Ports = 2> <Width = 32> <Depth = 416> <RAM>
ST_13 : Operation 975 [1/2] ( I:1.35ns O:1.35ns )   --->   "%p_ZZ10top_kernelPKfS0_S0_PfE9equalized_0_3_load_10 = load i9 %p_ZZ10top_kernelPKfS0_S0_PfE9equalized_0_3_addr_11" [top.cpp:91]   --->   Operation 975 'load' 'p_ZZ10top_kernelPKfS0_S0_PfE9equalized_0_3_load_10' <Predicate = (!trunc_ln86 & trunc_ln85 == 3)> <Delay = 1.35> <CoreInst = "RAM">   --->   Core 82 'RAM' <Latency = 1> <II = 1> <Delay = 1.35> <Storage> <Opcode : 'load' 'store'> <Ports = 2> <Width = 32> <Depth = 416> <RAM>
ST_13 : Operation 976 [1/2] ( I:1.35ns O:1.35ns )   --->   "%p_ZZ10top_kernelPKfS0_S0_PfE9equalized_0_4_load_10 = load i9 %p_ZZ10top_kernelPKfS0_S0_PfE9equalized_0_4_addr_11" [top.cpp:91]   --->   Operation 976 'load' 'p_ZZ10top_kernelPKfS0_S0_PfE9equalized_0_4_load_10' <Predicate = (!trunc_ln86 & trunc_ln85 == 4)> <Delay = 1.35> <CoreInst = "RAM">   --->   Core 82 'RAM' <Latency = 1> <II = 1> <Delay = 1.35> <Storage> <Opcode : 'load' 'store'> <Ports = 2> <Width = 32> <Depth = 416> <RAM>
ST_13 : Operation 977 [1/1] (0.66ns)   --->   "%tmp_24 = sparsemux i32 @_ssdm_op_SparseMux.ap_auto.5float.float.i3, i3 0, i32 %p_ZZ10top_kernelPKfS0_S0_PfE9equalized_0_0_load_10, i3 1, i32 %p_ZZ10top_kernelPKfS0_S0_PfE9equalized_0_1_load_10, i3 2, i32 %p_ZZ10top_kernelPKfS0_S0_PfE9equalized_0_2_load_10, i3 3, i32 %p_ZZ10top_kernelPKfS0_S0_PfE9equalized_0_3_load_10, i3 4, i32 %p_ZZ10top_kernelPKfS0_S0_PfE9equalized_0_4_load_10, i32 <undef>, i3 %trunc_ln85" [top.cpp:91]   --->   Operation 977 'sparsemux' 'tmp_24' <Predicate = (!trunc_ln86)> <Delay = 0.66> <CoreInst = "BinarySparseMux_DontCare">   --->   Core 149 'BinarySparseMux_DontCare' <Latency = 0> <II = 1> <Delay = 0.66> <FuncUnit> <Opcode : 'sparsemux'> <InPorts = 2> <OutPorts = 1>
ST_13 : Operation 978 [1/2] ( I:1.35ns O:1.35ns )   --->   "%p_ZZ10top_kernelPKfS0_S0_PfE9equalized_1_0_load_10 = load i9 %p_ZZ10top_kernelPKfS0_S0_PfE9equalized_1_0_addr_11" [top.cpp:91]   --->   Operation 978 'load' 'p_ZZ10top_kernelPKfS0_S0_PfE9equalized_1_0_load_10' <Predicate = (trunc_ln86 & trunc_ln85 == 0)> <Delay = 1.35> <CoreInst = "RAM">   --->   Core 82 'RAM' <Latency = 1> <II = 1> <Delay = 1.35> <Storage> <Opcode : 'load' 'store'> <Ports = 2> <Width = 32> <Depth = 416> <RAM>
ST_13 : Operation 979 [1/2] ( I:1.35ns O:1.35ns )   --->   "%p_ZZ10top_kernelPKfS0_S0_PfE9equalized_1_1_load_10 = load i9 %p_ZZ10top_kernelPKfS0_S0_PfE9equalized_1_1_addr_11" [top.cpp:91]   --->   Operation 979 'load' 'p_ZZ10top_kernelPKfS0_S0_PfE9equalized_1_1_load_10' <Predicate = (trunc_ln86 & trunc_ln85 == 1)> <Delay = 1.35> <CoreInst = "RAM">   --->   Core 82 'RAM' <Latency = 1> <II = 1> <Delay = 1.35> <Storage> <Opcode : 'load' 'store'> <Ports = 2> <Width = 32> <Depth = 416> <RAM>
ST_13 : Operation 980 [1/2] ( I:1.35ns O:1.35ns )   --->   "%p_ZZ10top_kernelPKfS0_S0_PfE9equalized_1_2_load_10 = load i9 %p_ZZ10top_kernelPKfS0_S0_PfE9equalized_1_2_addr_11" [top.cpp:91]   --->   Operation 980 'load' 'p_ZZ10top_kernelPKfS0_S0_PfE9equalized_1_2_load_10' <Predicate = (trunc_ln86 & trunc_ln85 == 2)> <Delay = 1.35> <CoreInst = "RAM">   --->   Core 82 'RAM' <Latency = 1> <II = 1> <Delay = 1.35> <Storage> <Opcode : 'load' 'store'> <Ports = 2> <Width = 32> <Depth = 416> <RAM>
ST_13 : Operation 981 [1/2] ( I:1.35ns O:1.35ns )   --->   "%p_ZZ10top_kernelPKfS0_S0_PfE9equalized_1_3_load_10 = load i9 %p_ZZ10top_kernelPKfS0_S0_PfE9equalized_1_3_addr_11" [top.cpp:91]   --->   Operation 981 'load' 'p_ZZ10top_kernelPKfS0_S0_PfE9equalized_1_3_load_10' <Predicate = (trunc_ln86 & trunc_ln85 == 3)> <Delay = 1.35> <CoreInst = "RAM">   --->   Core 82 'RAM' <Latency = 1> <II = 1> <Delay = 1.35> <Storage> <Opcode : 'load' 'store'> <Ports = 2> <Width = 32> <Depth = 416> <RAM>
ST_13 : Operation 982 [1/2] ( I:1.35ns O:1.35ns )   --->   "%p_ZZ10top_kernelPKfS0_S0_PfE9equalized_1_4_load_10 = load i9 %p_ZZ10top_kernelPKfS0_S0_PfE9equalized_1_4_addr_11" [top.cpp:91]   --->   Operation 982 'load' 'p_ZZ10top_kernelPKfS0_S0_PfE9equalized_1_4_load_10' <Predicate = (trunc_ln86 & trunc_ln85 == 4)> <Delay = 1.35> <CoreInst = "RAM">   --->   Core 82 'RAM' <Latency = 1> <II = 1> <Delay = 1.35> <Storage> <Opcode : 'load' 'store'> <Ports = 2> <Width = 32> <Depth = 416> <RAM>
ST_13 : Operation 983 [1/1] (0.66ns)   --->   "%tmp_25 = sparsemux i32 @_ssdm_op_SparseMux.ap_auto.5float.float.i3, i3 0, i32 %p_ZZ10top_kernelPKfS0_S0_PfE9equalized_1_0_load_10, i3 1, i32 %p_ZZ10top_kernelPKfS0_S0_PfE9equalized_1_1_load_10, i3 2, i32 %p_ZZ10top_kernelPKfS0_S0_PfE9equalized_1_2_load_10, i3 3, i32 %p_ZZ10top_kernelPKfS0_S0_PfE9equalized_1_3_load_10, i3 4, i32 %p_ZZ10top_kernelPKfS0_S0_PfE9equalized_1_4_load_10, i32 <undef>, i3 %trunc_ln85" [top.cpp:91]   --->   Operation 983 'sparsemux' 'tmp_25' <Predicate = (trunc_ln86)> <Delay = 0.66> <CoreInst = "BinarySparseMux_DontCare">   --->   Core 149 'BinarySparseMux_DontCare' <Latency = 0> <II = 1> <Delay = 0.66> <FuncUnit> <Opcode : 'sparsemux'> <InPorts = 2> <OutPorts = 1>
ST_13 : Operation 984 [1/1] (0.52ns)   --->   "%select_ln91_10 = select i1 %trunc_ln86, i32 %tmp_25, i32 %tmp_24" [top.cpp:91]   --->   Operation 984 'select' 'select_ln91_10' <Predicate = true> <Delay = 0.52> <CoreInst = "Sel">   --->   Core 73 'Sel' <Latency = 0> <II = 1> <Delay = 0.52> <FuncUnit> <Opcode : 'select'> <InPorts = 3> <OutPorts = 1>
ST_13 : Operation 985 [1/2] ( I:1.35ns O:1.35ns )   --->   "%p_ZZ10top_kernelPKfS0_S0_PfE9equalized_0_0_load_11 = load i9 %p_ZZ10top_kernelPKfS0_S0_PfE9equalized_0_0_addr_12" [top.cpp:91]   --->   Operation 985 'load' 'p_ZZ10top_kernelPKfS0_S0_PfE9equalized_0_0_load_11' <Predicate = (trunc_ln86 & trunc_ln85 == 0)> <Delay = 1.35> <CoreInst = "RAM">   --->   Core 82 'RAM' <Latency = 1> <II = 1> <Delay = 1.35> <Storage> <Opcode : 'load' 'store'> <Ports = 2> <Width = 32> <Depth = 416> <RAM>
ST_13 : Operation 986 [1/2] ( I:1.35ns O:1.35ns )   --->   "%p_ZZ10top_kernelPKfS0_S0_PfE9equalized_0_1_load_11 = load i9 %p_ZZ10top_kernelPKfS0_S0_PfE9equalized_0_1_addr_12" [top.cpp:91]   --->   Operation 986 'load' 'p_ZZ10top_kernelPKfS0_S0_PfE9equalized_0_1_load_11' <Predicate = (trunc_ln86 & trunc_ln85 == 1)> <Delay = 1.35> <CoreInst = "RAM">   --->   Core 82 'RAM' <Latency = 1> <II = 1> <Delay = 1.35> <Storage> <Opcode : 'load' 'store'> <Ports = 2> <Width = 32> <Depth = 416> <RAM>
ST_13 : Operation 987 [1/2] ( I:1.35ns O:1.35ns )   --->   "%p_ZZ10top_kernelPKfS0_S0_PfE9equalized_0_2_load_11 = load i9 %p_ZZ10top_kernelPKfS0_S0_PfE9equalized_0_2_addr_12" [top.cpp:91]   --->   Operation 987 'load' 'p_ZZ10top_kernelPKfS0_S0_PfE9equalized_0_2_load_11' <Predicate = (trunc_ln86 & trunc_ln85 == 2)> <Delay = 1.35> <CoreInst = "RAM">   --->   Core 82 'RAM' <Latency = 1> <II = 1> <Delay = 1.35> <Storage> <Opcode : 'load' 'store'> <Ports = 2> <Width = 32> <Depth = 416> <RAM>
ST_13 : Operation 988 [1/2] ( I:1.35ns O:1.35ns )   --->   "%p_ZZ10top_kernelPKfS0_S0_PfE9equalized_0_3_load_11 = load i9 %p_ZZ10top_kernelPKfS0_S0_PfE9equalized_0_3_addr_12" [top.cpp:91]   --->   Operation 988 'load' 'p_ZZ10top_kernelPKfS0_S0_PfE9equalized_0_3_load_11' <Predicate = (trunc_ln86 & trunc_ln85 == 3)> <Delay = 1.35> <CoreInst = "RAM">   --->   Core 82 'RAM' <Latency = 1> <II = 1> <Delay = 1.35> <Storage> <Opcode : 'load' 'store'> <Ports = 2> <Width = 32> <Depth = 416> <RAM>
ST_13 : Operation 989 [1/2] ( I:1.35ns O:1.35ns )   --->   "%p_ZZ10top_kernelPKfS0_S0_PfE9equalized_0_4_load_11 = load i9 %p_ZZ10top_kernelPKfS0_S0_PfE9equalized_0_4_addr_12" [top.cpp:91]   --->   Operation 989 'load' 'p_ZZ10top_kernelPKfS0_S0_PfE9equalized_0_4_load_11' <Predicate = (trunc_ln86 & trunc_ln85 == 4)> <Delay = 1.35> <CoreInst = "RAM">   --->   Core 82 'RAM' <Latency = 1> <II = 1> <Delay = 1.35> <Storage> <Opcode : 'load' 'store'> <Ports = 2> <Width = 32> <Depth = 416> <RAM>
ST_13 : Operation 990 [1/1] (0.66ns)   --->   "%tmp_26 = sparsemux i32 @_ssdm_op_SparseMux.ap_auto.5float.float.i3, i3 0, i32 %p_ZZ10top_kernelPKfS0_S0_PfE9equalized_0_0_load_11, i3 1, i32 %p_ZZ10top_kernelPKfS0_S0_PfE9equalized_0_1_load_11, i3 2, i32 %p_ZZ10top_kernelPKfS0_S0_PfE9equalized_0_2_load_11, i3 3, i32 %p_ZZ10top_kernelPKfS0_S0_PfE9equalized_0_3_load_11, i3 4, i32 %p_ZZ10top_kernelPKfS0_S0_PfE9equalized_0_4_load_11, i32 <undef>, i3 %trunc_ln85" [top.cpp:91]   --->   Operation 990 'sparsemux' 'tmp_26' <Predicate = (trunc_ln86)> <Delay = 0.66> <CoreInst = "BinarySparseMux_DontCare">   --->   Core 149 'BinarySparseMux_DontCare' <Latency = 0> <II = 1> <Delay = 0.66> <FuncUnit> <Opcode : 'sparsemux'> <InPorts = 2> <OutPorts = 1>
ST_13 : Operation 991 [1/2] ( I:1.35ns O:1.35ns )   --->   "%p_ZZ10top_kernelPKfS0_S0_PfE9equalized_1_0_load_11 = load i9 %p_ZZ10top_kernelPKfS0_S0_PfE9equalized_1_0_addr_12" [top.cpp:91]   --->   Operation 991 'load' 'p_ZZ10top_kernelPKfS0_S0_PfE9equalized_1_0_load_11' <Predicate = (!trunc_ln86 & trunc_ln85 == 0)> <Delay = 1.35> <CoreInst = "RAM">   --->   Core 82 'RAM' <Latency = 1> <II = 1> <Delay = 1.35> <Storage> <Opcode : 'load' 'store'> <Ports = 2> <Width = 32> <Depth = 416> <RAM>
ST_13 : Operation 992 [1/2] ( I:1.35ns O:1.35ns )   --->   "%p_ZZ10top_kernelPKfS0_S0_PfE9equalized_1_1_load_11 = load i9 %p_ZZ10top_kernelPKfS0_S0_PfE9equalized_1_1_addr_12" [top.cpp:91]   --->   Operation 992 'load' 'p_ZZ10top_kernelPKfS0_S0_PfE9equalized_1_1_load_11' <Predicate = (!trunc_ln86 & trunc_ln85 == 1)> <Delay = 1.35> <CoreInst = "RAM">   --->   Core 82 'RAM' <Latency = 1> <II = 1> <Delay = 1.35> <Storage> <Opcode : 'load' 'store'> <Ports = 2> <Width = 32> <Depth = 416> <RAM>
ST_13 : Operation 993 [1/2] ( I:1.35ns O:1.35ns )   --->   "%p_ZZ10top_kernelPKfS0_S0_PfE9equalized_1_2_load_11 = load i9 %p_ZZ10top_kernelPKfS0_S0_PfE9equalized_1_2_addr_12" [top.cpp:91]   --->   Operation 993 'load' 'p_ZZ10top_kernelPKfS0_S0_PfE9equalized_1_2_load_11' <Predicate = (!trunc_ln86 & trunc_ln85 == 2)> <Delay = 1.35> <CoreInst = "RAM">   --->   Core 82 'RAM' <Latency = 1> <II = 1> <Delay = 1.35> <Storage> <Opcode : 'load' 'store'> <Ports = 2> <Width = 32> <Depth = 416> <RAM>
ST_13 : Operation 994 [1/2] ( I:1.35ns O:1.35ns )   --->   "%p_ZZ10top_kernelPKfS0_S0_PfE9equalized_1_3_load_11 = load i9 %p_ZZ10top_kernelPKfS0_S0_PfE9equalized_1_3_addr_12" [top.cpp:91]   --->   Operation 994 'load' 'p_ZZ10top_kernelPKfS0_S0_PfE9equalized_1_3_load_11' <Predicate = (!trunc_ln86 & trunc_ln85 == 3)> <Delay = 1.35> <CoreInst = "RAM">   --->   Core 82 'RAM' <Latency = 1> <II = 1> <Delay = 1.35> <Storage> <Opcode : 'load' 'store'> <Ports = 2> <Width = 32> <Depth = 416> <RAM>
ST_13 : Operation 995 [1/2] ( I:1.35ns O:1.35ns )   --->   "%p_ZZ10top_kernelPKfS0_S0_PfE9equalized_1_4_load_11 = load i9 %p_ZZ10top_kernelPKfS0_S0_PfE9equalized_1_4_addr_12" [top.cpp:91]   --->   Operation 995 'load' 'p_ZZ10top_kernelPKfS0_S0_PfE9equalized_1_4_load_11' <Predicate = (!trunc_ln86 & trunc_ln85 == 4)> <Delay = 1.35> <CoreInst = "RAM">   --->   Core 82 'RAM' <Latency = 1> <II = 1> <Delay = 1.35> <Storage> <Opcode : 'load' 'store'> <Ports = 2> <Width = 32> <Depth = 416> <RAM>
ST_13 : Operation 996 [1/1] (0.66ns)   --->   "%tmp_27 = sparsemux i32 @_ssdm_op_SparseMux.ap_auto.5float.float.i3, i3 0, i32 %p_ZZ10top_kernelPKfS0_S0_PfE9equalized_1_0_load_11, i3 1, i32 %p_ZZ10top_kernelPKfS0_S0_PfE9equalized_1_1_load_11, i3 2, i32 %p_ZZ10top_kernelPKfS0_S0_PfE9equalized_1_2_load_11, i3 3, i32 %p_ZZ10top_kernelPKfS0_S0_PfE9equalized_1_3_load_11, i3 4, i32 %p_ZZ10top_kernelPKfS0_S0_PfE9equalized_1_4_load_11, i32 <undef>, i3 %trunc_ln85" [top.cpp:91]   --->   Operation 996 'sparsemux' 'tmp_27' <Predicate = (!trunc_ln86)> <Delay = 0.66> <CoreInst = "BinarySparseMux_DontCare">   --->   Core 149 'BinarySparseMux_DontCare' <Latency = 0> <II = 1> <Delay = 0.66> <FuncUnit> <Opcode : 'sparsemux'> <InPorts = 2> <OutPorts = 1>
ST_13 : Operation 997 [1/1] (0.52ns)   --->   "%select_ln91_11 = select i1 %trunc_ln86, i32 %tmp_26, i32 %tmp_27" [top.cpp:91]   --->   Operation 997 'select' 'select_ln91_11' <Predicate = true> <Delay = 0.52> <CoreInst = "Sel">   --->   Core 73 'Sel' <Latency = 0> <II = 1> <Delay = 0.52> <FuncUnit> <Opcode : 'select'> <InPorts = 3> <OutPorts = 1>
ST_13 : Operation 998 [1/2] ( I:1.35ns O:1.35ns )   --->   "%p_ZZ10top_kernelPKfS0_S0_PfE9equalized_0_0_load_12 = load i9 %p_ZZ10top_kernelPKfS0_S0_PfE9equalized_0_0_addr_8" [top.cpp:91]   --->   Operation 998 'load' 'p_ZZ10top_kernelPKfS0_S0_PfE9equalized_0_0_load_12' <Predicate = (!trunc_ln86 & trunc_ln85 == 0)> <Delay = 1.35> <CoreInst = "RAM">   --->   Core 82 'RAM' <Latency = 1> <II = 1> <Delay = 1.35> <Storage> <Opcode : 'load' 'store'> <Ports = 2> <Width = 32> <Depth = 416> <RAM>
ST_13 : Operation 999 [1/2] ( I:1.35ns O:1.35ns )   --->   "%p_ZZ10top_kernelPKfS0_S0_PfE9equalized_0_1_load_12 = load i9 %p_ZZ10top_kernelPKfS0_S0_PfE9equalized_0_1_addr_8" [top.cpp:91]   --->   Operation 999 'load' 'p_ZZ10top_kernelPKfS0_S0_PfE9equalized_0_1_load_12' <Predicate = (!trunc_ln86 & trunc_ln85 == 1)> <Delay = 1.35> <CoreInst = "RAM">   --->   Core 82 'RAM' <Latency = 1> <II = 1> <Delay = 1.35> <Storage> <Opcode : 'load' 'store'> <Ports = 2> <Width = 32> <Depth = 416> <RAM>
ST_13 : Operation 1000 [1/2] ( I:1.35ns O:1.35ns )   --->   "%p_ZZ10top_kernelPKfS0_S0_PfE9equalized_0_2_load_12 = load i9 %p_ZZ10top_kernelPKfS0_S0_PfE9equalized_0_2_addr_8" [top.cpp:91]   --->   Operation 1000 'load' 'p_ZZ10top_kernelPKfS0_S0_PfE9equalized_0_2_load_12' <Predicate = (!trunc_ln86 & trunc_ln85 == 2)> <Delay = 1.35> <CoreInst = "RAM">   --->   Core 82 'RAM' <Latency = 1> <II = 1> <Delay = 1.35> <Storage> <Opcode : 'load' 'store'> <Ports = 2> <Width = 32> <Depth = 416> <RAM>
ST_13 : Operation 1001 [1/2] ( I:1.35ns O:1.35ns )   --->   "%p_ZZ10top_kernelPKfS0_S0_PfE9equalized_0_3_load_12 = load i9 %p_ZZ10top_kernelPKfS0_S0_PfE9equalized_0_3_addr_8" [top.cpp:91]   --->   Operation 1001 'load' 'p_ZZ10top_kernelPKfS0_S0_PfE9equalized_0_3_load_12' <Predicate = (!trunc_ln86 & trunc_ln85 == 3)> <Delay = 1.35> <CoreInst = "RAM">   --->   Core 82 'RAM' <Latency = 1> <II = 1> <Delay = 1.35> <Storage> <Opcode : 'load' 'store'> <Ports = 2> <Width = 32> <Depth = 416> <RAM>
ST_13 : Operation 1002 [1/2] ( I:1.35ns O:1.35ns )   --->   "%p_ZZ10top_kernelPKfS0_S0_PfE9equalized_0_4_load_12 = load i9 %p_ZZ10top_kernelPKfS0_S0_PfE9equalized_0_4_addr_8" [top.cpp:91]   --->   Operation 1002 'load' 'p_ZZ10top_kernelPKfS0_S0_PfE9equalized_0_4_load_12' <Predicate = (!trunc_ln86 & trunc_ln85 == 4)> <Delay = 1.35> <CoreInst = "RAM">   --->   Core 82 'RAM' <Latency = 1> <II = 1> <Delay = 1.35> <Storage> <Opcode : 'load' 'store'> <Ports = 2> <Width = 32> <Depth = 416> <RAM>
ST_13 : Operation 1003 [1/1] (0.66ns)   --->   "%tmp_28 = sparsemux i32 @_ssdm_op_SparseMux.ap_auto.5float.float.i3, i3 0, i32 %p_ZZ10top_kernelPKfS0_S0_PfE9equalized_0_0_load_12, i3 1, i32 %p_ZZ10top_kernelPKfS0_S0_PfE9equalized_0_1_load_12, i3 2, i32 %p_ZZ10top_kernelPKfS0_S0_PfE9equalized_0_2_load_12, i3 3, i32 %p_ZZ10top_kernelPKfS0_S0_PfE9equalized_0_3_load_12, i3 4, i32 %p_ZZ10top_kernelPKfS0_S0_PfE9equalized_0_4_load_12, i32 <undef>, i3 %trunc_ln85" [top.cpp:91]   --->   Operation 1003 'sparsemux' 'tmp_28' <Predicate = (!trunc_ln86)> <Delay = 0.66> <CoreInst = "BinarySparseMux_DontCare">   --->   Core 149 'BinarySparseMux_DontCare' <Latency = 0> <II = 1> <Delay = 0.66> <FuncUnit> <Opcode : 'sparsemux'> <InPorts = 2> <OutPorts = 1>
ST_13 : Operation 1004 [1/2] ( I:1.35ns O:1.35ns )   --->   "%p_ZZ10top_kernelPKfS0_S0_PfE9equalized_1_0_load_12 = load i9 %p_ZZ10top_kernelPKfS0_S0_PfE9equalized_1_0_addr_8" [top.cpp:91]   --->   Operation 1004 'load' 'p_ZZ10top_kernelPKfS0_S0_PfE9equalized_1_0_load_12' <Predicate = (trunc_ln86 & trunc_ln85 == 0)> <Delay = 1.35> <CoreInst = "RAM">   --->   Core 82 'RAM' <Latency = 1> <II = 1> <Delay = 1.35> <Storage> <Opcode : 'load' 'store'> <Ports = 2> <Width = 32> <Depth = 416> <RAM>
ST_13 : Operation 1005 [1/2] ( I:1.35ns O:1.35ns )   --->   "%p_ZZ10top_kernelPKfS0_S0_PfE9equalized_1_1_load_12 = load i9 %p_ZZ10top_kernelPKfS0_S0_PfE9equalized_1_1_addr_8" [top.cpp:91]   --->   Operation 1005 'load' 'p_ZZ10top_kernelPKfS0_S0_PfE9equalized_1_1_load_12' <Predicate = (trunc_ln86 & trunc_ln85 == 1)> <Delay = 1.35> <CoreInst = "RAM">   --->   Core 82 'RAM' <Latency = 1> <II = 1> <Delay = 1.35> <Storage> <Opcode : 'load' 'store'> <Ports = 2> <Width = 32> <Depth = 416> <RAM>
ST_13 : Operation 1006 [1/2] ( I:1.35ns O:1.35ns )   --->   "%p_ZZ10top_kernelPKfS0_S0_PfE9equalized_1_2_load_12 = load i9 %p_ZZ10top_kernelPKfS0_S0_PfE9equalized_1_2_addr_8" [top.cpp:91]   --->   Operation 1006 'load' 'p_ZZ10top_kernelPKfS0_S0_PfE9equalized_1_2_load_12' <Predicate = (trunc_ln86 & trunc_ln85 == 2)> <Delay = 1.35> <CoreInst = "RAM">   --->   Core 82 'RAM' <Latency = 1> <II = 1> <Delay = 1.35> <Storage> <Opcode : 'load' 'store'> <Ports = 2> <Width = 32> <Depth = 416> <RAM>
ST_13 : Operation 1007 [1/2] ( I:1.35ns O:1.35ns )   --->   "%p_ZZ10top_kernelPKfS0_S0_PfE9equalized_1_3_load_12 = load i9 %p_ZZ10top_kernelPKfS0_S0_PfE9equalized_1_3_addr_8" [top.cpp:91]   --->   Operation 1007 'load' 'p_ZZ10top_kernelPKfS0_S0_PfE9equalized_1_3_load_12' <Predicate = (trunc_ln86 & trunc_ln85 == 3)> <Delay = 1.35> <CoreInst = "RAM">   --->   Core 82 'RAM' <Latency = 1> <II = 1> <Delay = 1.35> <Storage> <Opcode : 'load' 'store'> <Ports = 2> <Width = 32> <Depth = 416> <RAM>
ST_13 : Operation 1008 [1/2] ( I:1.35ns O:1.35ns )   --->   "%p_ZZ10top_kernelPKfS0_S0_PfE9equalized_1_4_load_12 = load i9 %p_ZZ10top_kernelPKfS0_S0_PfE9equalized_1_4_addr_8" [top.cpp:91]   --->   Operation 1008 'load' 'p_ZZ10top_kernelPKfS0_S0_PfE9equalized_1_4_load_12' <Predicate = (trunc_ln86 & trunc_ln85 == 4)> <Delay = 1.35> <CoreInst = "RAM">   --->   Core 82 'RAM' <Latency = 1> <II = 1> <Delay = 1.35> <Storage> <Opcode : 'load' 'store'> <Ports = 2> <Width = 32> <Depth = 416> <RAM>
ST_13 : Operation 1009 [1/1] (0.66ns)   --->   "%tmp_29 = sparsemux i32 @_ssdm_op_SparseMux.ap_auto.5float.float.i3, i3 0, i32 %p_ZZ10top_kernelPKfS0_S0_PfE9equalized_1_0_load_12, i3 1, i32 %p_ZZ10top_kernelPKfS0_S0_PfE9equalized_1_1_load_12, i3 2, i32 %p_ZZ10top_kernelPKfS0_S0_PfE9equalized_1_2_load_12, i3 3, i32 %p_ZZ10top_kernelPKfS0_S0_PfE9equalized_1_3_load_12, i3 4, i32 %p_ZZ10top_kernelPKfS0_S0_PfE9equalized_1_4_load_12, i32 <undef>, i3 %trunc_ln85" [top.cpp:91]   --->   Operation 1009 'sparsemux' 'tmp_29' <Predicate = (trunc_ln86)> <Delay = 0.66> <CoreInst = "BinarySparseMux_DontCare">   --->   Core 149 'BinarySparseMux_DontCare' <Latency = 0> <II = 1> <Delay = 0.66> <FuncUnit> <Opcode : 'sparsemux'> <InPorts = 2> <OutPorts = 1>
ST_13 : Operation 1010 [1/1] (0.52ns)   --->   "%select_ln91_12 = select i1 %trunc_ln86, i32 %tmp_29, i32 %tmp_28" [top.cpp:91]   --->   Operation 1010 'select' 'select_ln91_12' <Predicate = true> <Delay = 0.52> <CoreInst = "Sel">   --->   Core 73 'Sel' <Latency = 0> <II = 1> <Delay = 0.52> <FuncUnit> <Opcode : 'select'> <InPorts = 3> <OutPorts = 1>
ST_13 : Operation 1011 [1/2] ( I:1.35ns O:1.35ns )   --->   "%p_ZZ10top_kernelPKfS0_S0_PfE9equalized_0_0_load_13 = load i9 %p_ZZ10top_kernelPKfS0_S0_PfE9equalized_0_0_addr_14" [top.cpp:91]   --->   Operation 1011 'load' 'p_ZZ10top_kernelPKfS0_S0_PfE9equalized_0_0_load_13' <Predicate = (trunc_ln86 & trunc_ln85 == 0)> <Delay = 1.35> <CoreInst = "RAM">   --->   Core 82 'RAM' <Latency = 1> <II = 1> <Delay = 1.35> <Storage> <Opcode : 'load' 'store'> <Ports = 2> <Width = 32> <Depth = 416> <RAM>
ST_13 : Operation 1012 [1/2] ( I:1.35ns O:1.35ns )   --->   "%p_ZZ10top_kernelPKfS0_S0_PfE9equalized_0_1_load_13 = load i9 %p_ZZ10top_kernelPKfS0_S0_PfE9equalized_0_1_addr_14" [top.cpp:91]   --->   Operation 1012 'load' 'p_ZZ10top_kernelPKfS0_S0_PfE9equalized_0_1_load_13' <Predicate = (trunc_ln86 & trunc_ln85 == 1)> <Delay = 1.35> <CoreInst = "RAM">   --->   Core 82 'RAM' <Latency = 1> <II = 1> <Delay = 1.35> <Storage> <Opcode : 'load' 'store'> <Ports = 2> <Width = 32> <Depth = 416> <RAM>
ST_13 : Operation 1013 [1/2] ( I:1.35ns O:1.35ns )   --->   "%p_ZZ10top_kernelPKfS0_S0_PfE9equalized_0_2_load_13 = load i9 %p_ZZ10top_kernelPKfS0_S0_PfE9equalized_0_2_addr_14" [top.cpp:91]   --->   Operation 1013 'load' 'p_ZZ10top_kernelPKfS0_S0_PfE9equalized_0_2_load_13' <Predicate = (trunc_ln86 & trunc_ln85 == 2)> <Delay = 1.35> <CoreInst = "RAM">   --->   Core 82 'RAM' <Latency = 1> <II = 1> <Delay = 1.35> <Storage> <Opcode : 'load' 'store'> <Ports = 2> <Width = 32> <Depth = 416> <RAM>
ST_13 : Operation 1014 [1/2] ( I:1.35ns O:1.35ns )   --->   "%p_ZZ10top_kernelPKfS0_S0_PfE9equalized_0_3_load_13 = load i9 %p_ZZ10top_kernelPKfS0_S0_PfE9equalized_0_3_addr_14" [top.cpp:91]   --->   Operation 1014 'load' 'p_ZZ10top_kernelPKfS0_S0_PfE9equalized_0_3_load_13' <Predicate = (trunc_ln86 & trunc_ln85 == 3)> <Delay = 1.35> <CoreInst = "RAM">   --->   Core 82 'RAM' <Latency = 1> <II = 1> <Delay = 1.35> <Storage> <Opcode : 'load' 'store'> <Ports = 2> <Width = 32> <Depth = 416> <RAM>
ST_13 : Operation 1015 [1/2] ( I:1.35ns O:1.35ns )   --->   "%p_ZZ10top_kernelPKfS0_S0_PfE9equalized_0_4_load_13 = load i9 %p_ZZ10top_kernelPKfS0_S0_PfE9equalized_0_4_addr_14" [top.cpp:91]   --->   Operation 1015 'load' 'p_ZZ10top_kernelPKfS0_S0_PfE9equalized_0_4_load_13' <Predicate = (trunc_ln86 & trunc_ln85 == 4)> <Delay = 1.35> <CoreInst = "RAM">   --->   Core 82 'RAM' <Latency = 1> <II = 1> <Delay = 1.35> <Storage> <Opcode : 'load' 'store'> <Ports = 2> <Width = 32> <Depth = 416> <RAM>
ST_13 : Operation 1016 [1/1] (0.66ns)   --->   "%tmp_30 = sparsemux i32 @_ssdm_op_SparseMux.ap_auto.5float.float.i3, i3 0, i32 %p_ZZ10top_kernelPKfS0_S0_PfE9equalized_0_0_load_13, i3 1, i32 %p_ZZ10top_kernelPKfS0_S0_PfE9equalized_0_1_load_13, i3 2, i32 %p_ZZ10top_kernelPKfS0_S0_PfE9equalized_0_2_load_13, i3 3, i32 %p_ZZ10top_kernelPKfS0_S0_PfE9equalized_0_3_load_13, i3 4, i32 %p_ZZ10top_kernelPKfS0_S0_PfE9equalized_0_4_load_13, i32 <undef>, i3 %trunc_ln85" [top.cpp:91]   --->   Operation 1016 'sparsemux' 'tmp_30' <Predicate = (trunc_ln86)> <Delay = 0.66> <CoreInst = "BinarySparseMux_DontCare">   --->   Core 149 'BinarySparseMux_DontCare' <Latency = 0> <II = 1> <Delay = 0.66> <FuncUnit> <Opcode : 'sparsemux'> <InPorts = 2> <OutPorts = 1>
ST_13 : Operation 1017 [1/2] ( I:1.35ns O:1.35ns )   --->   "%p_ZZ10top_kernelPKfS0_S0_PfE9equalized_1_0_load_13 = load i9 %p_ZZ10top_kernelPKfS0_S0_PfE9equalized_1_0_addr_14" [top.cpp:91]   --->   Operation 1017 'load' 'p_ZZ10top_kernelPKfS0_S0_PfE9equalized_1_0_load_13' <Predicate = (!trunc_ln86 & trunc_ln85 == 0)> <Delay = 1.35> <CoreInst = "RAM">   --->   Core 82 'RAM' <Latency = 1> <II = 1> <Delay = 1.35> <Storage> <Opcode : 'load' 'store'> <Ports = 2> <Width = 32> <Depth = 416> <RAM>
ST_13 : Operation 1018 [1/2] ( I:1.35ns O:1.35ns )   --->   "%p_ZZ10top_kernelPKfS0_S0_PfE9equalized_1_1_load_13 = load i9 %p_ZZ10top_kernelPKfS0_S0_PfE9equalized_1_1_addr_14" [top.cpp:91]   --->   Operation 1018 'load' 'p_ZZ10top_kernelPKfS0_S0_PfE9equalized_1_1_load_13' <Predicate = (!trunc_ln86 & trunc_ln85 == 1)> <Delay = 1.35> <CoreInst = "RAM">   --->   Core 82 'RAM' <Latency = 1> <II = 1> <Delay = 1.35> <Storage> <Opcode : 'load' 'store'> <Ports = 2> <Width = 32> <Depth = 416> <RAM>
ST_13 : Operation 1019 [1/2] ( I:1.35ns O:1.35ns )   --->   "%p_ZZ10top_kernelPKfS0_S0_PfE9equalized_1_2_load_13 = load i9 %p_ZZ10top_kernelPKfS0_S0_PfE9equalized_1_2_addr_14" [top.cpp:91]   --->   Operation 1019 'load' 'p_ZZ10top_kernelPKfS0_S0_PfE9equalized_1_2_load_13' <Predicate = (!trunc_ln86 & trunc_ln85 == 2)> <Delay = 1.35> <CoreInst = "RAM">   --->   Core 82 'RAM' <Latency = 1> <II = 1> <Delay = 1.35> <Storage> <Opcode : 'load' 'store'> <Ports = 2> <Width = 32> <Depth = 416> <RAM>
ST_13 : Operation 1020 [1/2] ( I:1.35ns O:1.35ns )   --->   "%p_ZZ10top_kernelPKfS0_S0_PfE9equalized_1_3_load_13 = load i9 %p_ZZ10top_kernelPKfS0_S0_PfE9equalized_1_3_addr_14" [top.cpp:91]   --->   Operation 1020 'load' 'p_ZZ10top_kernelPKfS0_S0_PfE9equalized_1_3_load_13' <Predicate = (!trunc_ln86 & trunc_ln85 == 3)> <Delay = 1.35> <CoreInst = "RAM">   --->   Core 82 'RAM' <Latency = 1> <II = 1> <Delay = 1.35> <Storage> <Opcode : 'load' 'store'> <Ports = 2> <Width = 32> <Depth = 416> <RAM>
ST_13 : Operation 1021 [1/2] ( I:1.35ns O:1.35ns )   --->   "%p_ZZ10top_kernelPKfS0_S0_PfE9equalized_1_4_load_13 = load i9 %p_ZZ10top_kernelPKfS0_S0_PfE9equalized_1_4_addr_14" [top.cpp:91]   --->   Operation 1021 'load' 'p_ZZ10top_kernelPKfS0_S0_PfE9equalized_1_4_load_13' <Predicate = (!trunc_ln86 & trunc_ln85 == 4)> <Delay = 1.35> <CoreInst = "RAM">   --->   Core 82 'RAM' <Latency = 1> <II = 1> <Delay = 1.35> <Storage> <Opcode : 'load' 'store'> <Ports = 2> <Width = 32> <Depth = 416> <RAM>
ST_13 : Operation 1022 [1/1] (0.66ns)   --->   "%tmp_31 = sparsemux i32 @_ssdm_op_SparseMux.ap_auto.5float.float.i3, i3 0, i32 %p_ZZ10top_kernelPKfS0_S0_PfE9equalized_1_0_load_13, i3 1, i32 %p_ZZ10top_kernelPKfS0_S0_PfE9equalized_1_1_load_13, i3 2, i32 %p_ZZ10top_kernelPKfS0_S0_PfE9equalized_1_2_load_13, i3 3, i32 %p_ZZ10top_kernelPKfS0_S0_PfE9equalized_1_3_load_13, i3 4, i32 %p_ZZ10top_kernelPKfS0_S0_PfE9equalized_1_4_load_13, i32 <undef>, i3 %trunc_ln85" [top.cpp:91]   --->   Operation 1022 'sparsemux' 'tmp_31' <Predicate = (!trunc_ln86)> <Delay = 0.66> <CoreInst = "BinarySparseMux_DontCare">   --->   Core 149 'BinarySparseMux_DontCare' <Latency = 0> <II = 1> <Delay = 0.66> <FuncUnit> <Opcode : 'sparsemux'> <InPorts = 2> <OutPorts = 1>
ST_13 : Operation 1023 [1/1] (0.52ns)   --->   "%select_ln91_13 = select i1 %trunc_ln86, i32 %tmp_30, i32 %tmp_31" [top.cpp:91]   --->   Operation 1023 'select' 'select_ln91_13' <Predicate = true> <Delay = 0.52> <CoreInst = "Sel">   --->   Core 73 'Sel' <Latency = 0> <II = 1> <Delay = 0.52> <FuncUnit> <Opcode : 'select'> <InPorts = 3> <OutPorts = 1>
ST_13 : Operation 1024 [2/2] (1.35ns)   --->   "%p_ZZ10top_kernelPKfS0_S0_PfE9equalized_0_0_load_14 = load i9 %p_ZZ10top_kernelPKfS0_S0_PfE9equalized_0_0_addr_15" [top.cpp:91]   --->   Operation 1024 'load' 'p_ZZ10top_kernelPKfS0_S0_PfE9equalized_0_0_load_14' <Predicate = (!trunc_ln86 & trunc_ln85 == 0)> <Delay = 1.35> <CoreInst = "RAM">   --->   Core 82 'RAM' <Latency = 1> <II = 1> <Delay = 1.35> <Storage> <Opcode : 'load' 'store'> <Ports = 2> <Width = 32> <Depth = 416> <RAM>
ST_13 : Operation 1025 [2/2] (1.35ns)   --->   "%p_ZZ10top_kernelPKfS0_S0_PfE9equalized_0_1_load_14 = load i9 %p_ZZ10top_kernelPKfS0_S0_PfE9equalized_0_1_addr_15" [top.cpp:91]   --->   Operation 1025 'load' 'p_ZZ10top_kernelPKfS0_S0_PfE9equalized_0_1_load_14' <Predicate = (!trunc_ln86 & trunc_ln85 == 1)> <Delay = 1.35> <CoreInst = "RAM">   --->   Core 82 'RAM' <Latency = 1> <II = 1> <Delay = 1.35> <Storage> <Opcode : 'load' 'store'> <Ports = 2> <Width = 32> <Depth = 416> <RAM>
ST_13 : Operation 1026 [2/2] (1.35ns)   --->   "%p_ZZ10top_kernelPKfS0_S0_PfE9equalized_0_2_load_14 = load i9 %p_ZZ10top_kernelPKfS0_S0_PfE9equalized_0_2_addr_15" [top.cpp:91]   --->   Operation 1026 'load' 'p_ZZ10top_kernelPKfS0_S0_PfE9equalized_0_2_load_14' <Predicate = (!trunc_ln86 & trunc_ln85 == 2)> <Delay = 1.35> <CoreInst = "RAM">   --->   Core 82 'RAM' <Latency = 1> <II = 1> <Delay = 1.35> <Storage> <Opcode : 'load' 'store'> <Ports = 2> <Width = 32> <Depth = 416> <RAM>
ST_13 : Operation 1027 [2/2] (1.35ns)   --->   "%p_ZZ10top_kernelPKfS0_S0_PfE9equalized_0_3_load_14 = load i9 %p_ZZ10top_kernelPKfS0_S0_PfE9equalized_0_3_addr_15" [top.cpp:91]   --->   Operation 1027 'load' 'p_ZZ10top_kernelPKfS0_S0_PfE9equalized_0_3_load_14' <Predicate = (!trunc_ln86 & trunc_ln85 == 3)> <Delay = 1.35> <CoreInst = "RAM">   --->   Core 82 'RAM' <Latency = 1> <II = 1> <Delay = 1.35> <Storage> <Opcode : 'load' 'store'> <Ports = 2> <Width = 32> <Depth = 416> <RAM>
ST_13 : Operation 1028 [2/2] (1.35ns)   --->   "%p_ZZ10top_kernelPKfS0_S0_PfE9equalized_0_4_load_14 = load i9 %p_ZZ10top_kernelPKfS0_S0_PfE9equalized_0_4_addr_15" [top.cpp:91]   --->   Operation 1028 'load' 'p_ZZ10top_kernelPKfS0_S0_PfE9equalized_0_4_load_14' <Predicate = (!trunc_ln86 & trunc_ln85 == 4)> <Delay = 1.35> <CoreInst = "RAM">   --->   Core 82 'RAM' <Latency = 1> <II = 1> <Delay = 1.35> <Storage> <Opcode : 'load' 'store'> <Ports = 2> <Width = 32> <Depth = 416> <RAM>
ST_13 : Operation 1029 [2/2] (1.35ns)   --->   "%p_ZZ10top_kernelPKfS0_S0_PfE9equalized_1_0_load_14 = load i9 %p_ZZ10top_kernelPKfS0_S0_PfE9equalized_1_0_addr_15" [top.cpp:91]   --->   Operation 1029 'load' 'p_ZZ10top_kernelPKfS0_S0_PfE9equalized_1_0_load_14' <Predicate = (trunc_ln86 & trunc_ln85 == 0)> <Delay = 1.35> <CoreInst = "RAM">   --->   Core 82 'RAM' <Latency = 1> <II = 1> <Delay = 1.35> <Storage> <Opcode : 'load' 'store'> <Ports = 2> <Width = 32> <Depth = 416> <RAM>
ST_13 : Operation 1030 [2/2] (1.35ns)   --->   "%p_ZZ10top_kernelPKfS0_S0_PfE9equalized_1_1_load_14 = load i9 %p_ZZ10top_kernelPKfS0_S0_PfE9equalized_1_1_addr_15" [top.cpp:91]   --->   Operation 1030 'load' 'p_ZZ10top_kernelPKfS0_S0_PfE9equalized_1_1_load_14' <Predicate = (trunc_ln86 & trunc_ln85 == 1)> <Delay = 1.35> <CoreInst = "RAM">   --->   Core 82 'RAM' <Latency = 1> <II = 1> <Delay = 1.35> <Storage> <Opcode : 'load' 'store'> <Ports = 2> <Width = 32> <Depth = 416> <RAM>
ST_13 : Operation 1031 [2/2] (1.35ns)   --->   "%p_ZZ10top_kernelPKfS0_S0_PfE9equalized_1_2_load_14 = load i9 %p_ZZ10top_kernelPKfS0_S0_PfE9equalized_1_2_addr_15" [top.cpp:91]   --->   Operation 1031 'load' 'p_ZZ10top_kernelPKfS0_S0_PfE9equalized_1_2_load_14' <Predicate = (trunc_ln86 & trunc_ln85 == 2)> <Delay = 1.35> <CoreInst = "RAM">   --->   Core 82 'RAM' <Latency = 1> <II = 1> <Delay = 1.35> <Storage> <Opcode : 'load' 'store'> <Ports = 2> <Width = 32> <Depth = 416> <RAM>
ST_13 : Operation 1032 [2/2] (1.35ns)   --->   "%p_ZZ10top_kernelPKfS0_S0_PfE9equalized_1_3_load_14 = load i9 %p_ZZ10top_kernelPKfS0_S0_PfE9equalized_1_3_addr_15" [top.cpp:91]   --->   Operation 1032 'load' 'p_ZZ10top_kernelPKfS0_S0_PfE9equalized_1_3_load_14' <Predicate = (trunc_ln86 & trunc_ln85 == 3)> <Delay = 1.35> <CoreInst = "RAM">   --->   Core 82 'RAM' <Latency = 1> <II = 1> <Delay = 1.35> <Storage> <Opcode : 'load' 'store'> <Ports = 2> <Width = 32> <Depth = 416> <RAM>
ST_13 : Operation 1033 [2/2] (1.35ns)   --->   "%p_ZZ10top_kernelPKfS0_S0_PfE9equalized_1_4_load_14 = load i9 %p_ZZ10top_kernelPKfS0_S0_PfE9equalized_1_4_addr_15" [top.cpp:91]   --->   Operation 1033 'load' 'p_ZZ10top_kernelPKfS0_S0_PfE9equalized_1_4_load_14' <Predicate = (trunc_ln86 & trunc_ln85 == 4)> <Delay = 1.35> <CoreInst = "RAM">   --->   Core 82 'RAM' <Latency = 1> <II = 1> <Delay = 1.35> <Storage> <Opcode : 'load' 'store'> <Ports = 2> <Width = 32> <Depth = 416> <RAM>
ST_13 : Operation 1034 [1/2] ( I:1.35ns O:1.35ns )   --->   "%p_ZZ10top_kernelPKfS0_S0_PfE9equalized_0_0_load_15 = load i9 %p_ZZ10top_kernelPKfS0_S0_PfE9equalized_0_0_addr_16" [top.cpp:91]   --->   Operation 1034 'load' 'p_ZZ10top_kernelPKfS0_S0_PfE9equalized_0_0_load_15' <Predicate = (!trunc_ln86 & trunc_ln85 == 4)> <Delay = 1.35> <CoreInst = "RAM">   --->   Core 82 'RAM' <Latency = 1> <II = 1> <Delay = 1.35> <Storage> <Opcode : 'load' 'store'> <Ports = 2> <Width = 32> <Depth = 416> <RAM>
ST_13 : Operation 1035 [1/2] ( I:1.35ns O:1.35ns )   --->   "%p_ZZ10top_kernelPKfS0_S0_PfE9equalized_0_1_load_15 = load i9 %p_ZZ10top_kernelPKfS0_S0_PfE9equalized_0_1_addr_16" [top.cpp:91]   --->   Operation 1035 'load' 'p_ZZ10top_kernelPKfS0_S0_PfE9equalized_0_1_load_15' <Predicate = (!trunc_ln86 & trunc_ln85 == 0)> <Delay = 1.35> <CoreInst = "RAM">   --->   Core 82 'RAM' <Latency = 1> <II = 1> <Delay = 1.35> <Storage> <Opcode : 'load' 'store'> <Ports = 2> <Width = 32> <Depth = 416> <RAM>
ST_13 : Operation 1036 [1/2] ( I:1.35ns O:1.35ns )   --->   "%p_ZZ10top_kernelPKfS0_S0_PfE9equalized_0_2_load_15 = load i9 %p_ZZ10top_kernelPKfS0_S0_PfE9equalized_0_2_addr_16" [top.cpp:91]   --->   Operation 1036 'load' 'p_ZZ10top_kernelPKfS0_S0_PfE9equalized_0_2_load_15' <Predicate = (!trunc_ln86 & trunc_ln85 == 1)> <Delay = 1.35> <CoreInst = "RAM">   --->   Core 82 'RAM' <Latency = 1> <II = 1> <Delay = 1.35> <Storage> <Opcode : 'load' 'store'> <Ports = 2> <Width = 32> <Depth = 416> <RAM>
ST_13 : Operation 1037 [1/2] ( I:1.35ns O:1.35ns )   --->   "%p_ZZ10top_kernelPKfS0_S0_PfE9equalized_0_3_load_15 = load i9 %p_ZZ10top_kernelPKfS0_S0_PfE9equalized_0_3_addr_16" [top.cpp:91]   --->   Operation 1037 'load' 'p_ZZ10top_kernelPKfS0_S0_PfE9equalized_0_3_load_15' <Predicate = (!trunc_ln86 & trunc_ln85 == 2)> <Delay = 1.35> <CoreInst = "RAM">   --->   Core 82 'RAM' <Latency = 1> <II = 1> <Delay = 1.35> <Storage> <Opcode : 'load' 'store'> <Ports = 2> <Width = 32> <Depth = 416> <RAM>
ST_13 : Operation 1038 [1/2] ( I:1.35ns O:1.35ns )   --->   "%p_ZZ10top_kernelPKfS0_S0_PfE9equalized_0_4_load_15 = load i9 %p_ZZ10top_kernelPKfS0_S0_PfE9equalized_0_4_addr_16" [top.cpp:91]   --->   Operation 1038 'load' 'p_ZZ10top_kernelPKfS0_S0_PfE9equalized_0_4_load_15' <Predicate = (!trunc_ln86 & trunc_ln85 == 3)> <Delay = 1.35> <CoreInst = "RAM">   --->   Core 82 'RAM' <Latency = 1> <II = 1> <Delay = 1.35> <Storage> <Opcode : 'load' 'store'> <Ports = 2> <Width = 32> <Depth = 416> <RAM>
ST_13 : Operation 1039 [1/1] (0.66ns)   --->   "%tmp_34 = sparsemux i32 @_ssdm_op_SparseMux.ap_auto.5float.float.i3, i3 4, i32 %p_ZZ10top_kernelPKfS0_S0_PfE9equalized_0_0_load_15, i3 0, i32 %p_ZZ10top_kernelPKfS0_S0_PfE9equalized_0_1_load_15, i3 1, i32 %p_ZZ10top_kernelPKfS0_S0_PfE9equalized_0_2_load_15, i3 2, i32 %p_ZZ10top_kernelPKfS0_S0_PfE9equalized_0_3_load_15, i3 3, i32 %p_ZZ10top_kernelPKfS0_S0_PfE9equalized_0_4_load_15, i32 <undef>, i3 %trunc_ln85" [top.cpp:91]   --->   Operation 1039 'sparsemux' 'tmp_34' <Predicate = (!trunc_ln86)> <Delay = 0.66> <CoreInst = "BinarySparseMux_DontCare">   --->   Core 149 'BinarySparseMux_DontCare' <Latency = 0> <II = 1> <Delay = 0.66> <FuncUnit> <Opcode : 'sparsemux'> <InPorts = 2> <OutPorts = 1>
ST_13 : Operation 1040 [1/2] ( I:1.35ns O:1.35ns )   --->   "%p_ZZ10top_kernelPKfS0_S0_PfE9equalized_1_0_load_15 = load i9 %p_ZZ10top_kernelPKfS0_S0_PfE9equalized_1_0_addr_16" [top.cpp:91]   --->   Operation 1040 'load' 'p_ZZ10top_kernelPKfS0_S0_PfE9equalized_1_0_load_15' <Predicate = (trunc_ln86 & trunc_ln85 == 4)> <Delay = 1.35> <CoreInst = "RAM">   --->   Core 82 'RAM' <Latency = 1> <II = 1> <Delay = 1.35> <Storage> <Opcode : 'load' 'store'> <Ports = 2> <Width = 32> <Depth = 416> <RAM>
ST_13 : Operation 1041 [1/2] ( I:1.35ns O:1.35ns )   --->   "%p_ZZ10top_kernelPKfS0_S0_PfE9equalized_1_1_load_15 = load i9 %p_ZZ10top_kernelPKfS0_S0_PfE9equalized_1_1_addr_16" [top.cpp:91]   --->   Operation 1041 'load' 'p_ZZ10top_kernelPKfS0_S0_PfE9equalized_1_1_load_15' <Predicate = (trunc_ln86 & trunc_ln85 == 0)> <Delay = 1.35> <CoreInst = "RAM">   --->   Core 82 'RAM' <Latency = 1> <II = 1> <Delay = 1.35> <Storage> <Opcode : 'load' 'store'> <Ports = 2> <Width = 32> <Depth = 416> <RAM>
ST_13 : Operation 1042 [1/2] ( I:1.35ns O:1.35ns )   --->   "%p_ZZ10top_kernelPKfS0_S0_PfE9equalized_1_2_load_15 = load i9 %p_ZZ10top_kernelPKfS0_S0_PfE9equalized_1_2_addr_16" [top.cpp:91]   --->   Operation 1042 'load' 'p_ZZ10top_kernelPKfS0_S0_PfE9equalized_1_2_load_15' <Predicate = (trunc_ln86 & trunc_ln85 == 1)> <Delay = 1.35> <CoreInst = "RAM">   --->   Core 82 'RAM' <Latency = 1> <II = 1> <Delay = 1.35> <Storage> <Opcode : 'load' 'store'> <Ports = 2> <Width = 32> <Depth = 416> <RAM>
ST_13 : Operation 1043 [1/2] ( I:1.35ns O:1.35ns )   --->   "%p_ZZ10top_kernelPKfS0_S0_PfE9equalized_1_3_load_15 = load i9 %p_ZZ10top_kernelPKfS0_S0_PfE9equalized_1_3_addr_16" [top.cpp:91]   --->   Operation 1043 'load' 'p_ZZ10top_kernelPKfS0_S0_PfE9equalized_1_3_load_15' <Predicate = (trunc_ln86 & trunc_ln85 == 2)> <Delay = 1.35> <CoreInst = "RAM">   --->   Core 82 'RAM' <Latency = 1> <II = 1> <Delay = 1.35> <Storage> <Opcode : 'load' 'store'> <Ports = 2> <Width = 32> <Depth = 416> <RAM>
ST_13 : Operation 1044 [1/2] ( I:1.35ns O:1.35ns )   --->   "%p_ZZ10top_kernelPKfS0_S0_PfE9equalized_1_4_load_15 = load i9 %p_ZZ10top_kernelPKfS0_S0_PfE9equalized_1_4_addr_16" [top.cpp:91]   --->   Operation 1044 'load' 'p_ZZ10top_kernelPKfS0_S0_PfE9equalized_1_4_load_15' <Predicate = (trunc_ln86 & trunc_ln85 == 3)> <Delay = 1.35> <CoreInst = "RAM">   --->   Core 82 'RAM' <Latency = 1> <II = 1> <Delay = 1.35> <Storage> <Opcode : 'load' 'store'> <Ports = 2> <Width = 32> <Depth = 416> <RAM>
ST_13 : Operation 1045 [1/1] (0.66ns)   --->   "%tmp_35 = sparsemux i32 @_ssdm_op_SparseMux.ap_auto.5float.float.i3, i3 4, i32 %p_ZZ10top_kernelPKfS0_S0_PfE9equalized_1_0_load_15, i3 0, i32 %p_ZZ10top_kernelPKfS0_S0_PfE9equalized_1_1_load_15, i3 1, i32 %p_ZZ10top_kernelPKfS0_S0_PfE9equalized_1_2_load_15, i3 2, i32 %p_ZZ10top_kernelPKfS0_S0_PfE9equalized_1_3_load_15, i3 3, i32 %p_ZZ10top_kernelPKfS0_S0_PfE9equalized_1_4_load_15, i32 <undef>, i3 %trunc_ln85" [top.cpp:91]   --->   Operation 1045 'sparsemux' 'tmp_35' <Predicate = (trunc_ln86)> <Delay = 0.66> <CoreInst = "BinarySparseMux_DontCare">   --->   Core 149 'BinarySparseMux_DontCare' <Latency = 0> <II = 1> <Delay = 0.66> <FuncUnit> <Opcode : 'sparsemux'> <InPorts = 2> <OutPorts = 1>
ST_13 : Operation 1046 [1/1] (0.52ns)   --->   "%select_ln91_15 = select i1 %trunc_ln86, i32 %tmp_35, i32 %tmp_34" [top.cpp:91]   --->   Operation 1046 'select' 'select_ln91_15' <Predicate = true> <Delay = 0.52> <CoreInst = "Sel">   --->   Core 73 'Sel' <Latency = 0> <II = 1> <Delay = 0.52> <FuncUnit> <Opcode : 'select'> <InPorts = 3> <OutPorts = 1>
ST_13 : Operation 1047 [1/2] ( I:1.35ns O:1.35ns )   --->   "%p_ZZ10top_kernelPKfS0_S0_PfE9equalized_0_0_load_16 = load i9 %p_ZZ10top_kernelPKfS0_S0_PfE9equalized_0_0_addr_17" [top.cpp:91]   --->   Operation 1047 'load' 'p_ZZ10top_kernelPKfS0_S0_PfE9equalized_0_0_load_16' <Predicate = (trunc_ln86 & trunc_ln85 == 4)> <Delay = 1.35> <CoreInst = "RAM">   --->   Core 82 'RAM' <Latency = 1> <II = 1> <Delay = 1.35> <Storage> <Opcode : 'load' 'store'> <Ports = 2> <Width = 32> <Depth = 416> <RAM>
ST_13 : Operation 1048 [1/2] ( I:1.35ns O:1.35ns )   --->   "%p_ZZ10top_kernelPKfS0_S0_PfE9equalized_0_1_load_16 = load i9 %p_ZZ10top_kernelPKfS0_S0_PfE9equalized_0_1_addr_17" [top.cpp:91]   --->   Operation 1048 'load' 'p_ZZ10top_kernelPKfS0_S0_PfE9equalized_0_1_load_16' <Predicate = (trunc_ln86 & trunc_ln85 == 0)> <Delay = 1.35> <CoreInst = "RAM">   --->   Core 82 'RAM' <Latency = 1> <II = 1> <Delay = 1.35> <Storage> <Opcode : 'load' 'store'> <Ports = 2> <Width = 32> <Depth = 416> <RAM>
ST_13 : Operation 1049 [1/2] ( I:1.35ns O:1.35ns )   --->   "%p_ZZ10top_kernelPKfS0_S0_PfE9equalized_0_2_load_16 = load i9 %p_ZZ10top_kernelPKfS0_S0_PfE9equalized_0_2_addr_17" [top.cpp:91]   --->   Operation 1049 'load' 'p_ZZ10top_kernelPKfS0_S0_PfE9equalized_0_2_load_16' <Predicate = (trunc_ln86 & trunc_ln85 == 1)> <Delay = 1.35> <CoreInst = "RAM">   --->   Core 82 'RAM' <Latency = 1> <II = 1> <Delay = 1.35> <Storage> <Opcode : 'load' 'store'> <Ports = 2> <Width = 32> <Depth = 416> <RAM>
ST_13 : Operation 1050 [1/2] ( I:1.35ns O:1.35ns )   --->   "%p_ZZ10top_kernelPKfS0_S0_PfE9equalized_0_3_load_16 = load i9 %p_ZZ10top_kernelPKfS0_S0_PfE9equalized_0_3_addr_17" [top.cpp:91]   --->   Operation 1050 'load' 'p_ZZ10top_kernelPKfS0_S0_PfE9equalized_0_3_load_16' <Predicate = (trunc_ln86 & trunc_ln85 == 2)> <Delay = 1.35> <CoreInst = "RAM">   --->   Core 82 'RAM' <Latency = 1> <II = 1> <Delay = 1.35> <Storage> <Opcode : 'load' 'store'> <Ports = 2> <Width = 32> <Depth = 416> <RAM>
ST_13 : Operation 1051 [1/2] ( I:1.35ns O:1.35ns )   --->   "%p_ZZ10top_kernelPKfS0_S0_PfE9equalized_0_4_load_16 = load i9 %p_ZZ10top_kernelPKfS0_S0_PfE9equalized_0_4_addr_17" [top.cpp:91]   --->   Operation 1051 'load' 'p_ZZ10top_kernelPKfS0_S0_PfE9equalized_0_4_load_16' <Predicate = (trunc_ln86 & trunc_ln85 == 3)> <Delay = 1.35> <CoreInst = "RAM">   --->   Core 82 'RAM' <Latency = 1> <II = 1> <Delay = 1.35> <Storage> <Opcode : 'load' 'store'> <Ports = 2> <Width = 32> <Depth = 416> <RAM>
ST_13 : Operation 1052 [1/1] (0.66ns)   --->   "%tmp_36 = sparsemux i32 @_ssdm_op_SparseMux.ap_auto.5float.float.i3, i3 4, i32 %p_ZZ10top_kernelPKfS0_S0_PfE9equalized_0_0_load_16, i3 0, i32 %p_ZZ10top_kernelPKfS0_S0_PfE9equalized_0_1_load_16, i3 1, i32 %p_ZZ10top_kernelPKfS0_S0_PfE9equalized_0_2_load_16, i3 2, i32 %p_ZZ10top_kernelPKfS0_S0_PfE9equalized_0_3_load_16, i3 3, i32 %p_ZZ10top_kernelPKfS0_S0_PfE9equalized_0_4_load_16, i32 <undef>, i3 %trunc_ln85" [top.cpp:91]   --->   Operation 1052 'sparsemux' 'tmp_36' <Predicate = (trunc_ln86)> <Delay = 0.66> <CoreInst = "BinarySparseMux_DontCare">   --->   Core 149 'BinarySparseMux_DontCare' <Latency = 0> <II = 1> <Delay = 0.66> <FuncUnit> <Opcode : 'sparsemux'> <InPorts = 2> <OutPorts = 1>
ST_13 : Operation 1053 [1/2] ( I:1.35ns O:1.35ns )   --->   "%p_ZZ10top_kernelPKfS0_S0_PfE9equalized_1_0_load_16 = load i9 %p_ZZ10top_kernelPKfS0_S0_PfE9equalized_1_0_addr_17" [top.cpp:91]   --->   Operation 1053 'load' 'p_ZZ10top_kernelPKfS0_S0_PfE9equalized_1_0_load_16' <Predicate = (!trunc_ln86 & trunc_ln85 == 4)> <Delay = 1.35> <CoreInst = "RAM">   --->   Core 82 'RAM' <Latency = 1> <II = 1> <Delay = 1.35> <Storage> <Opcode : 'load' 'store'> <Ports = 2> <Width = 32> <Depth = 416> <RAM>
ST_13 : Operation 1054 [1/2] ( I:1.35ns O:1.35ns )   --->   "%p_ZZ10top_kernelPKfS0_S0_PfE9equalized_1_1_load_16 = load i9 %p_ZZ10top_kernelPKfS0_S0_PfE9equalized_1_1_addr_17" [top.cpp:91]   --->   Operation 1054 'load' 'p_ZZ10top_kernelPKfS0_S0_PfE9equalized_1_1_load_16' <Predicate = (!trunc_ln86 & trunc_ln85 == 0)> <Delay = 1.35> <CoreInst = "RAM">   --->   Core 82 'RAM' <Latency = 1> <II = 1> <Delay = 1.35> <Storage> <Opcode : 'load' 'store'> <Ports = 2> <Width = 32> <Depth = 416> <RAM>
ST_13 : Operation 1055 [1/2] ( I:1.35ns O:1.35ns )   --->   "%p_ZZ10top_kernelPKfS0_S0_PfE9equalized_1_2_load_16 = load i9 %p_ZZ10top_kernelPKfS0_S0_PfE9equalized_1_2_addr_17" [top.cpp:91]   --->   Operation 1055 'load' 'p_ZZ10top_kernelPKfS0_S0_PfE9equalized_1_2_load_16' <Predicate = (!trunc_ln86 & trunc_ln85 == 1)> <Delay = 1.35> <CoreInst = "RAM">   --->   Core 82 'RAM' <Latency = 1> <II = 1> <Delay = 1.35> <Storage> <Opcode : 'load' 'store'> <Ports = 2> <Width = 32> <Depth = 416> <RAM>
ST_13 : Operation 1056 [1/2] ( I:1.35ns O:1.35ns )   --->   "%p_ZZ10top_kernelPKfS0_S0_PfE9equalized_1_3_load_16 = load i9 %p_ZZ10top_kernelPKfS0_S0_PfE9equalized_1_3_addr_17" [top.cpp:91]   --->   Operation 1056 'load' 'p_ZZ10top_kernelPKfS0_S0_PfE9equalized_1_3_load_16' <Predicate = (!trunc_ln86 & trunc_ln85 == 2)> <Delay = 1.35> <CoreInst = "RAM">   --->   Core 82 'RAM' <Latency = 1> <II = 1> <Delay = 1.35> <Storage> <Opcode : 'load' 'store'> <Ports = 2> <Width = 32> <Depth = 416> <RAM>
ST_13 : Operation 1057 [1/2] ( I:1.35ns O:1.35ns )   --->   "%p_ZZ10top_kernelPKfS0_S0_PfE9equalized_1_4_load_16 = load i9 %p_ZZ10top_kernelPKfS0_S0_PfE9equalized_1_4_addr_17" [top.cpp:91]   --->   Operation 1057 'load' 'p_ZZ10top_kernelPKfS0_S0_PfE9equalized_1_4_load_16' <Predicate = (!trunc_ln86 & trunc_ln85 == 3)> <Delay = 1.35> <CoreInst = "RAM">   --->   Core 82 'RAM' <Latency = 1> <II = 1> <Delay = 1.35> <Storage> <Opcode : 'load' 'store'> <Ports = 2> <Width = 32> <Depth = 416> <RAM>
ST_13 : Operation 1058 [1/1] (0.66ns)   --->   "%tmp_37 = sparsemux i32 @_ssdm_op_SparseMux.ap_auto.5float.float.i3, i3 4, i32 %p_ZZ10top_kernelPKfS0_S0_PfE9equalized_1_0_load_16, i3 0, i32 %p_ZZ10top_kernelPKfS0_S0_PfE9equalized_1_1_load_16, i3 1, i32 %p_ZZ10top_kernelPKfS0_S0_PfE9equalized_1_2_load_16, i3 2, i32 %p_ZZ10top_kernelPKfS0_S0_PfE9equalized_1_3_load_16, i3 3, i32 %p_ZZ10top_kernelPKfS0_S0_PfE9equalized_1_4_load_16, i32 <undef>, i3 %trunc_ln85" [top.cpp:91]   --->   Operation 1058 'sparsemux' 'tmp_37' <Predicate = (!trunc_ln86)> <Delay = 0.66> <CoreInst = "BinarySparseMux_DontCare">   --->   Core 149 'BinarySparseMux_DontCare' <Latency = 0> <II = 1> <Delay = 0.66> <FuncUnit> <Opcode : 'sparsemux'> <InPorts = 2> <OutPorts = 1>
ST_13 : Operation 1059 [1/1] (0.52ns)   --->   "%select_ln91_16 = select i1 %trunc_ln86, i32 %tmp_36, i32 %tmp_37" [top.cpp:91]   --->   Operation 1059 'select' 'select_ln91_16' <Predicate = true> <Delay = 0.52> <CoreInst = "Sel">   --->   Core 73 'Sel' <Latency = 0> <II = 1> <Delay = 0.52> <FuncUnit> <Opcode : 'select'> <InPorts = 3> <OutPorts = 1>
ST_13 : Operation 1060 [1/2] ( I:1.35ns O:1.35ns )   --->   "%p_ZZ10top_kernelPKfS0_S0_PfE9equalized_0_0_load_17 = load i9 %p_ZZ10top_kernelPKfS0_S0_PfE9equalized_0_0_addr_13" [top.cpp:91]   --->   Operation 1060 'load' 'p_ZZ10top_kernelPKfS0_S0_PfE9equalized_0_0_load_17' <Predicate = (!trunc_ln86 & trunc_ln85 == 4)> <Delay = 1.35> <CoreInst = "RAM">   --->   Core 82 'RAM' <Latency = 1> <II = 1> <Delay = 1.35> <Storage> <Opcode : 'load' 'store'> <Ports = 2> <Width = 32> <Depth = 416> <RAM>
ST_13 : Operation 1061 [1/2] ( I:1.35ns O:1.35ns )   --->   "%p_ZZ10top_kernelPKfS0_S0_PfE9equalized_0_1_load_17 = load i9 %p_ZZ10top_kernelPKfS0_S0_PfE9equalized_0_1_addr_13" [top.cpp:91]   --->   Operation 1061 'load' 'p_ZZ10top_kernelPKfS0_S0_PfE9equalized_0_1_load_17' <Predicate = (!trunc_ln86 & trunc_ln85 == 0)> <Delay = 1.35> <CoreInst = "RAM">   --->   Core 82 'RAM' <Latency = 1> <II = 1> <Delay = 1.35> <Storage> <Opcode : 'load' 'store'> <Ports = 2> <Width = 32> <Depth = 416> <RAM>
ST_13 : Operation 1062 [1/2] ( I:1.35ns O:1.35ns )   --->   "%p_ZZ10top_kernelPKfS0_S0_PfE9equalized_0_2_load_17 = load i9 %p_ZZ10top_kernelPKfS0_S0_PfE9equalized_0_2_addr_13" [top.cpp:91]   --->   Operation 1062 'load' 'p_ZZ10top_kernelPKfS0_S0_PfE9equalized_0_2_load_17' <Predicate = (!trunc_ln86 & trunc_ln85 == 1)> <Delay = 1.35> <CoreInst = "RAM">   --->   Core 82 'RAM' <Latency = 1> <II = 1> <Delay = 1.35> <Storage> <Opcode : 'load' 'store'> <Ports = 2> <Width = 32> <Depth = 416> <RAM>
ST_13 : Operation 1063 [1/2] ( I:1.35ns O:1.35ns )   --->   "%p_ZZ10top_kernelPKfS0_S0_PfE9equalized_0_3_load_17 = load i9 %p_ZZ10top_kernelPKfS0_S0_PfE9equalized_0_3_addr_13" [top.cpp:91]   --->   Operation 1063 'load' 'p_ZZ10top_kernelPKfS0_S0_PfE9equalized_0_3_load_17' <Predicate = (!trunc_ln86 & trunc_ln85 == 2)> <Delay = 1.35> <CoreInst = "RAM">   --->   Core 82 'RAM' <Latency = 1> <II = 1> <Delay = 1.35> <Storage> <Opcode : 'load' 'store'> <Ports = 2> <Width = 32> <Depth = 416> <RAM>
ST_13 : Operation 1064 [1/2] ( I:1.35ns O:1.35ns )   --->   "%p_ZZ10top_kernelPKfS0_S0_PfE9equalized_0_4_load_17 = load i9 %p_ZZ10top_kernelPKfS0_S0_PfE9equalized_0_4_addr_13" [top.cpp:91]   --->   Operation 1064 'load' 'p_ZZ10top_kernelPKfS0_S0_PfE9equalized_0_4_load_17' <Predicate = (!trunc_ln86 & trunc_ln85 == 3)> <Delay = 1.35> <CoreInst = "RAM">   --->   Core 82 'RAM' <Latency = 1> <II = 1> <Delay = 1.35> <Storage> <Opcode : 'load' 'store'> <Ports = 2> <Width = 32> <Depth = 416> <RAM>
ST_13 : Operation 1065 [1/1] (0.66ns)   --->   "%tmp_38 = sparsemux i32 @_ssdm_op_SparseMux.ap_auto.5float.float.i3, i3 4, i32 %p_ZZ10top_kernelPKfS0_S0_PfE9equalized_0_0_load_17, i3 0, i32 %p_ZZ10top_kernelPKfS0_S0_PfE9equalized_0_1_load_17, i3 1, i32 %p_ZZ10top_kernelPKfS0_S0_PfE9equalized_0_2_load_17, i3 2, i32 %p_ZZ10top_kernelPKfS0_S0_PfE9equalized_0_3_load_17, i3 3, i32 %p_ZZ10top_kernelPKfS0_S0_PfE9equalized_0_4_load_17, i32 <undef>, i3 %trunc_ln85" [top.cpp:91]   --->   Operation 1065 'sparsemux' 'tmp_38' <Predicate = (!trunc_ln86)> <Delay = 0.66> <CoreInst = "BinarySparseMux_DontCare">   --->   Core 149 'BinarySparseMux_DontCare' <Latency = 0> <II = 1> <Delay = 0.66> <FuncUnit> <Opcode : 'sparsemux'> <InPorts = 2> <OutPorts = 1>
ST_13 : Operation 1066 [1/2] ( I:1.35ns O:1.35ns )   --->   "%p_ZZ10top_kernelPKfS0_S0_PfE9equalized_1_0_load_17 = load i9 %p_ZZ10top_kernelPKfS0_S0_PfE9equalized_1_0_addr_13" [top.cpp:91]   --->   Operation 1066 'load' 'p_ZZ10top_kernelPKfS0_S0_PfE9equalized_1_0_load_17' <Predicate = (trunc_ln86 & trunc_ln85 == 4)> <Delay = 1.35> <CoreInst = "RAM">   --->   Core 82 'RAM' <Latency = 1> <II = 1> <Delay = 1.35> <Storage> <Opcode : 'load' 'store'> <Ports = 2> <Width = 32> <Depth = 416> <RAM>
ST_13 : Operation 1067 [1/2] ( I:1.35ns O:1.35ns )   --->   "%p_ZZ10top_kernelPKfS0_S0_PfE9equalized_1_1_load_17 = load i9 %p_ZZ10top_kernelPKfS0_S0_PfE9equalized_1_1_addr_13" [top.cpp:91]   --->   Operation 1067 'load' 'p_ZZ10top_kernelPKfS0_S0_PfE9equalized_1_1_load_17' <Predicate = (trunc_ln86 & trunc_ln85 == 0)> <Delay = 1.35> <CoreInst = "RAM">   --->   Core 82 'RAM' <Latency = 1> <II = 1> <Delay = 1.35> <Storage> <Opcode : 'load' 'store'> <Ports = 2> <Width = 32> <Depth = 416> <RAM>
ST_13 : Operation 1068 [1/2] ( I:1.35ns O:1.35ns )   --->   "%p_ZZ10top_kernelPKfS0_S0_PfE9equalized_1_2_load_17 = load i9 %p_ZZ10top_kernelPKfS0_S0_PfE9equalized_1_2_addr_13" [top.cpp:91]   --->   Operation 1068 'load' 'p_ZZ10top_kernelPKfS0_S0_PfE9equalized_1_2_load_17' <Predicate = (trunc_ln86 & trunc_ln85 == 1)> <Delay = 1.35> <CoreInst = "RAM">   --->   Core 82 'RAM' <Latency = 1> <II = 1> <Delay = 1.35> <Storage> <Opcode : 'load' 'store'> <Ports = 2> <Width = 32> <Depth = 416> <RAM>
ST_13 : Operation 1069 [1/2] ( I:1.35ns O:1.35ns )   --->   "%p_ZZ10top_kernelPKfS0_S0_PfE9equalized_1_3_load_17 = load i9 %p_ZZ10top_kernelPKfS0_S0_PfE9equalized_1_3_addr_13" [top.cpp:91]   --->   Operation 1069 'load' 'p_ZZ10top_kernelPKfS0_S0_PfE9equalized_1_3_load_17' <Predicate = (trunc_ln86 & trunc_ln85 == 2)> <Delay = 1.35> <CoreInst = "RAM">   --->   Core 82 'RAM' <Latency = 1> <II = 1> <Delay = 1.35> <Storage> <Opcode : 'load' 'store'> <Ports = 2> <Width = 32> <Depth = 416> <RAM>
ST_13 : Operation 1070 [1/2] ( I:1.35ns O:1.35ns )   --->   "%p_ZZ10top_kernelPKfS0_S0_PfE9equalized_1_4_load_17 = load i9 %p_ZZ10top_kernelPKfS0_S0_PfE9equalized_1_4_addr_13" [top.cpp:91]   --->   Operation 1070 'load' 'p_ZZ10top_kernelPKfS0_S0_PfE9equalized_1_4_load_17' <Predicate = (trunc_ln86 & trunc_ln85 == 3)> <Delay = 1.35> <CoreInst = "RAM">   --->   Core 82 'RAM' <Latency = 1> <II = 1> <Delay = 1.35> <Storage> <Opcode : 'load' 'store'> <Ports = 2> <Width = 32> <Depth = 416> <RAM>
ST_13 : Operation 1071 [1/1] (0.66ns)   --->   "%tmp_39 = sparsemux i32 @_ssdm_op_SparseMux.ap_auto.5float.float.i3, i3 4, i32 %p_ZZ10top_kernelPKfS0_S0_PfE9equalized_1_0_load_17, i3 0, i32 %p_ZZ10top_kernelPKfS0_S0_PfE9equalized_1_1_load_17, i3 1, i32 %p_ZZ10top_kernelPKfS0_S0_PfE9equalized_1_2_load_17, i3 2, i32 %p_ZZ10top_kernelPKfS0_S0_PfE9equalized_1_3_load_17, i3 3, i32 %p_ZZ10top_kernelPKfS0_S0_PfE9equalized_1_4_load_17, i32 <undef>, i3 %trunc_ln85" [top.cpp:91]   --->   Operation 1071 'sparsemux' 'tmp_39' <Predicate = (trunc_ln86)> <Delay = 0.66> <CoreInst = "BinarySparseMux_DontCare">   --->   Core 149 'BinarySparseMux_DontCare' <Latency = 0> <II = 1> <Delay = 0.66> <FuncUnit> <Opcode : 'sparsemux'> <InPorts = 2> <OutPorts = 1>
ST_13 : Operation 1072 [1/1] (0.52ns)   --->   "%select_ln91_17 = select i1 %trunc_ln86, i32 %tmp_39, i32 %tmp_38" [top.cpp:91]   --->   Operation 1072 'select' 'select_ln91_17' <Predicate = true> <Delay = 0.52> <CoreInst = "Sel">   --->   Core 73 'Sel' <Latency = 0> <II = 1> <Delay = 0.52> <FuncUnit> <Opcode : 'select'> <InPorts = 3> <OutPorts = 1>
ST_13 : Operation 1073 [1/2] ( I:1.35ns O:1.35ns )   --->   "%p_ZZ10top_kernelPKfS0_S0_PfE9equalized_0_0_load_18 = load i9 %p_ZZ10top_kernelPKfS0_S0_PfE9equalized_0_0_addr_19" [top.cpp:91]   --->   Operation 1073 'load' 'p_ZZ10top_kernelPKfS0_S0_PfE9equalized_0_0_load_18' <Predicate = (trunc_ln86 & trunc_ln85 == 4)> <Delay = 1.35> <CoreInst = "RAM">   --->   Core 82 'RAM' <Latency = 1> <II = 1> <Delay = 1.35> <Storage> <Opcode : 'load' 'store'> <Ports = 2> <Width = 32> <Depth = 416> <RAM>
ST_13 : Operation 1074 [1/2] ( I:1.35ns O:1.35ns )   --->   "%p_ZZ10top_kernelPKfS0_S0_PfE9equalized_0_1_load_18 = load i9 %p_ZZ10top_kernelPKfS0_S0_PfE9equalized_0_1_addr_19" [top.cpp:91]   --->   Operation 1074 'load' 'p_ZZ10top_kernelPKfS0_S0_PfE9equalized_0_1_load_18' <Predicate = (trunc_ln86 & trunc_ln85 == 0)> <Delay = 1.35> <CoreInst = "RAM">   --->   Core 82 'RAM' <Latency = 1> <II = 1> <Delay = 1.35> <Storage> <Opcode : 'load' 'store'> <Ports = 2> <Width = 32> <Depth = 416> <RAM>
ST_13 : Operation 1075 [1/2] ( I:1.35ns O:1.35ns )   --->   "%p_ZZ10top_kernelPKfS0_S0_PfE9equalized_0_2_load_18 = load i9 %p_ZZ10top_kernelPKfS0_S0_PfE9equalized_0_2_addr_19" [top.cpp:91]   --->   Operation 1075 'load' 'p_ZZ10top_kernelPKfS0_S0_PfE9equalized_0_2_load_18' <Predicate = (trunc_ln86 & trunc_ln85 == 1)> <Delay = 1.35> <CoreInst = "RAM">   --->   Core 82 'RAM' <Latency = 1> <II = 1> <Delay = 1.35> <Storage> <Opcode : 'load' 'store'> <Ports = 2> <Width = 32> <Depth = 416> <RAM>
ST_13 : Operation 1076 [1/2] ( I:1.35ns O:1.35ns )   --->   "%p_ZZ10top_kernelPKfS0_S0_PfE9equalized_0_3_load_18 = load i9 %p_ZZ10top_kernelPKfS0_S0_PfE9equalized_0_3_addr_19" [top.cpp:91]   --->   Operation 1076 'load' 'p_ZZ10top_kernelPKfS0_S0_PfE9equalized_0_3_load_18' <Predicate = (trunc_ln86 & trunc_ln85 == 2)> <Delay = 1.35> <CoreInst = "RAM">   --->   Core 82 'RAM' <Latency = 1> <II = 1> <Delay = 1.35> <Storage> <Opcode : 'load' 'store'> <Ports = 2> <Width = 32> <Depth = 416> <RAM>
ST_13 : Operation 1077 [1/2] ( I:1.35ns O:1.35ns )   --->   "%p_ZZ10top_kernelPKfS0_S0_PfE9equalized_0_4_load_18 = load i9 %p_ZZ10top_kernelPKfS0_S0_PfE9equalized_0_4_addr_19" [top.cpp:91]   --->   Operation 1077 'load' 'p_ZZ10top_kernelPKfS0_S0_PfE9equalized_0_4_load_18' <Predicate = (trunc_ln86 & trunc_ln85 == 3)> <Delay = 1.35> <CoreInst = "RAM">   --->   Core 82 'RAM' <Latency = 1> <II = 1> <Delay = 1.35> <Storage> <Opcode : 'load' 'store'> <Ports = 2> <Width = 32> <Depth = 416> <RAM>
ST_13 : Operation 1078 [1/1] (0.66ns)   --->   "%tmp_40 = sparsemux i32 @_ssdm_op_SparseMux.ap_auto.5float.float.i3, i3 4, i32 %p_ZZ10top_kernelPKfS0_S0_PfE9equalized_0_0_load_18, i3 0, i32 %p_ZZ10top_kernelPKfS0_S0_PfE9equalized_0_1_load_18, i3 1, i32 %p_ZZ10top_kernelPKfS0_S0_PfE9equalized_0_2_load_18, i3 2, i32 %p_ZZ10top_kernelPKfS0_S0_PfE9equalized_0_3_load_18, i3 3, i32 %p_ZZ10top_kernelPKfS0_S0_PfE9equalized_0_4_load_18, i32 <undef>, i3 %trunc_ln85" [top.cpp:91]   --->   Operation 1078 'sparsemux' 'tmp_40' <Predicate = (trunc_ln86)> <Delay = 0.66> <CoreInst = "BinarySparseMux_DontCare">   --->   Core 149 'BinarySparseMux_DontCare' <Latency = 0> <II = 1> <Delay = 0.66> <FuncUnit> <Opcode : 'sparsemux'> <InPorts = 2> <OutPorts = 1>
ST_13 : Operation 1079 [1/2] ( I:1.35ns O:1.35ns )   --->   "%p_ZZ10top_kernelPKfS0_S0_PfE9equalized_1_0_load_18 = load i9 %p_ZZ10top_kernelPKfS0_S0_PfE9equalized_1_0_addr_19" [top.cpp:91]   --->   Operation 1079 'load' 'p_ZZ10top_kernelPKfS0_S0_PfE9equalized_1_0_load_18' <Predicate = (!trunc_ln86 & trunc_ln85 == 4)> <Delay = 1.35> <CoreInst = "RAM">   --->   Core 82 'RAM' <Latency = 1> <II = 1> <Delay = 1.35> <Storage> <Opcode : 'load' 'store'> <Ports = 2> <Width = 32> <Depth = 416> <RAM>
ST_13 : Operation 1080 [1/2] ( I:1.35ns O:1.35ns )   --->   "%p_ZZ10top_kernelPKfS0_S0_PfE9equalized_1_1_load_18 = load i9 %p_ZZ10top_kernelPKfS0_S0_PfE9equalized_1_1_addr_19" [top.cpp:91]   --->   Operation 1080 'load' 'p_ZZ10top_kernelPKfS0_S0_PfE9equalized_1_1_load_18' <Predicate = (!trunc_ln86 & trunc_ln85 == 0)> <Delay = 1.35> <CoreInst = "RAM">   --->   Core 82 'RAM' <Latency = 1> <II = 1> <Delay = 1.35> <Storage> <Opcode : 'load' 'store'> <Ports = 2> <Width = 32> <Depth = 416> <RAM>
ST_13 : Operation 1081 [1/2] ( I:1.35ns O:1.35ns )   --->   "%p_ZZ10top_kernelPKfS0_S0_PfE9equalized_1_2_load_18 = load i9 %p_ZZ10top_kernelPKfS0_S0_PfE9equalized_1_2_addr_19" [top.cpp:91]   --->   Operation 1081 'load' 'p_ZZ10top_kernelPKfS0_S0_PfE9equalized_1_2_load_18' <Predicate = (!trunc_ln86 & trunc_ln85 == 1)> <Delay = 1.35> <CoreInst = "RAM">   --->   Core 82 'RAM' <Latency = 1> <II = 1> <Delay = 1.35> <Storage> <Opcode : 'load' 'store'> <Ports = 2> <Width = 32> <Depth = 416> <RAM>
ST_13 : Operation 1082 [1/2] ( I:1.35ns O:1.35ns )   --->   "%p_ZZ10top_kernelPKfS0_S0_PfE9equalized_1_3_load_18 = load i9 %p_ZZ10top_kernelPKfS0_S0_PfE9equalized_1_3_addr_19" [top.cpp:91]   --->   Operation 1082 'load' 'p_ZZ10top_kernelPKfS0_S0_PfE9equalized_1_3_load_18' <Predicate = (!trunc_ln86 & trunc_ln85 == 2)> <Delay = 1.35> <CoreInst = "RAM">   --->   Core 82 'RAM' <Latency = 1> <II = 1> <Delay = 1.35> <Storage> <Opcode : 'load' 'store'> <Ports = 2> <Width = 32> <Depth = 416> <RAM>
ST_13 : Operation 1083 [1/2] ( I:1.35ns O:1.35ns )   --->   "%p_ZZ10top_kernelPKfS0_S0_PfE9equalized_1_4_load_18 = load i9 %p_ZZ10top_kernelPKfS0_S0_PfE9equalized_1_4_addr_19" [top.cpp:91]   --->   Operation 1083 'load' 'p_ZZ10top_kernelPKfS0_S0_PfE9equalized_1_4_load_18' <Predicate = (!trunc_ln86 & trunc_ln85 == 3)> <Delay = 1.35> <CoreInst = "RAM">   --->   Core 82 'RAM' <Latency = 1> <II = 1> <Delay = 1.35> <Storage> <Opcode : 'load' 'store'> <Ports = 2> <Width = 32> <Depth = 416> <RAM>
ST_13 : Operation 1084 [1/1] (0.66ns)   --->   "%tmp_41 = sparsemux i32 @_ssdm_op_SparseMux.ap_auto.5float.float.i3, i3 4, i32 %p_ZZ10top_kernelPKfS0_S0_PfE9equalized_1_0_load_18, i3 0, i32 %p_ZZ10top_kernelPKfS0_S0_PfE9equalized_1_1_load_18, i3 1, i32 %p_ZZ10top_kernelPKfS0_S0_PfE9equalized_1_2_load_18, i3 2, i32 %p_ZZ10top_kernelPKfS0_S0_PfE9equalized_1_3_load_18, i3 3, i32 %p_ZZ10top_kernelPKfS0_S0_PfE9equalized_1_4_load_18, i32 <undef>, i3 %trunc_ln85" [top.cpp:91]   --->   Operation 1084 'sparsemux' 'tmp_41' <Predicate = (!trunc_ln86)> <Delay = 0.66> <CoreInst = "BinarySparseMux_DontCare">   --->   Core 149 'BinarySparseMux_DontCare' <Latency = 0> <II = 1> <Delay = 0.66> <FuncUnit> <Opcode : 'sparsemux'> <InPorts = 2> <OutPorts = 1>
ST_13 : Operation 1085 [1/1] (0.52ns)   --->   "%select_ln91_18 = select i1 %trunc_ln86, i32 %tmp_40, i32 %tmp_41" [top.cpp:91]   --->   Operation 1085 'select' 'select_ln91_18' <Predicate = true> <Delay = 0.52> <CoreInst = "Sel">   --->   Core 73 'Sel' <Latency = 0> <II = 1> <Delay = 0.52> <FuncUnit> <Opcode : 'select'> <InPorts = 3> <OutPorts = 1>
ST_13 : Operation 1086 [2/2] (1.35ns)   --->   "%p_ZZ10top_kernelPKfS0_S0_PfE9equalized_0_0_load_19 = load i9 %p_ZZ10top_kernelPKfS0_S0_PfE9equalized_0_0_addr_20" [top.cpp:91]   --->   Operation 1086 'load' 'p_ZZ10top_kernelPKfS0_S0_PfE9equalized_0_0_load_19' <Predicate = (!trunc_ln86 & trunc_ln85 == 4)> <Delay = 1.35> <CoreInst = "RAM">   --->   Core 82 'RAM' <Latency = 1> <II = 1> <Delay = 1.35> <Storage> <Opcode : 'load' 'store'> <Ports = 2> <Width = 32> <Depth = 416> <RAM>
ST_13 : Operation 1087 [2/2] (1.35ns)   --->   "%p_ZZ10top_kernelPKfS0_S0_PfE9equalized_0_1_load_19 = load i9 %p_ZZ10top_kernelPKfS0_S0_PfE9equalized_0_1_addr_20" [top.cpp:91]   --->   Operation 1087 'load' 'p_ZZ10top_kernelPKfS0_S0_PfE9equalized_0_1_load_19' <Predicate = (!trunc_ln86 & trunc_ln85 == 0)> <Delay = 1.35> <CoreInst = "RAM">   --->   Core 82 'RAM' <Latency = 1> <II = 1> <Delay = 1.35> <Storage> <Opcode : 'load' 'store'> <Ports = 2> <Width = 32> <Depth = 416> <RAM>
ST_13 : Operation 1088 [2/2] (1.35ns)   --->   "%p_ZZ10top_kernelPKfS0_S0_PfE9equalized_0_2_load_19 = load i9 %p_ZZ10top_kernelPKfS0_S0_PfE9equalized_0_2_addr_20" [top.cpp:91]   --->   Operation 1088 'load' 'p_ZZ10top_kernelPKfS0_S0_PfE9equalized_0_2_load_19' <Predicate = (!trunc_ln86 & trunc_ln85 == 1)> <Delay = 1.35> <CoreInst = "RAM">   --->   Core 82 'RAM' <Latency = 1> <II = 1> <Delay = 1.35> <Storage> <Opcode : 'load' 'store'> <Ports = 2> <Width = 32> <Depth = 416> <RAM>
ST_13 : Operation 1089 [2/2] (1.35ns)   --->   "%p_ZZ10top_kernelPKfS0_S0_PfE9equalized_0_3_load_19 = load i9 %p_ZZ10top_kernelPKfS0_S0_PfE9equalized_0_3_addr_20" [top.cpp:91]   --->   Operation 1089 'load' 'p_ZZ10top_kernelPKfS0_S0_PfE9equalized_0_3_load_19' <Predicate = (!trunc_ln86 & trunc_ln85 == 2)> <Delay = 1.35> <CoreInst = "RAM">   --->   Core 82 'RAM' <Latency = 1> <II = 1> <Delay = 1.35> <Storage> <Opcode : 'load' 'store'> <Ports = 2> <Width = 32> <Depth = 416> <RAM>
ST_13 : Operation 1090 [2/2] (1.35ns)   --->   "%p_ZZ10top_kernelPKfS0_S0_PfE9equalized_0_4_load_19 = load i9 %p_ZZ10top_kernelPKfS0_S0_PfE9equalized_0_4_addr_20" [top.cpp:91]   --->   Operation 1090 'load' 'p_ZZ10top_kernelPKfS0_S0_PfE9equalized_0_4_load_19' <Predicate = (!trunc_ln86 & trunc_ln85 == 3)> <Delay = 1.35> <CoreInst = "RAM">   --->   Core 82 'RAM' <Latency = 1> <II = 1> <Delay = 1.35> <Storage> <Opcode : 'load' 'store'> <Ports = 2> <Width = 32> <Depth = 416> <RAM>
ST_13 : Operation 1091 [2/2] (1.35ns)   --->   "%p_ZZ10top_kernelPKfS0_S0_PfE9equalized_1_0_load_19 = load i9 %p_ZZ10top_kernelPKfS0_S0_PfE9equalized_1_0_addr_20" [top.cpp:91]   --->   Operation 1091 'load' 'p_ZZ10top_kernelPKfS0_S0_PfE9equalized_1_0_load_19' <Predicate = (trunc_ln86 & trunc_ln85 == 4)> <Delay = 1.35> <CoreInst = "RAM">   --->   Core 82 'RAM' <Latency = 1> <II = 1> <Delay = 1.35> <Storage> <Opcode : 'load' 'store'> <Ports = 2> <Width = 32> <Depth = 416> <RAM>
ST_13 : Operation 1092 [2/2] (1.35ns)   --->   "%p_ZZ10top_kernelPKfS0_S0_PfE9equalized_1_1_load_19 = load i9 %p_ZZ10top_kernelPKfS0_S0_PfE9equalized_1_1_addr_20" [top.cpp:91]   --->   Operation 1092 'load' 'p_ZZ10top_kernelPKfS0_S0_PfE9equalized_1_1_load_19' <Predicate = (trunc_ln86 & trunc_ln85 == 0)> <Delay = 1.35> <CoreInst = "RAM">   --->   Core 82 'RAM' <Latency = 1> <II = 1> <Delay = 1.35> <Storage> <Opcode : 'load' 'store'> <Ports = 2> <Width = 32> <Depth = 416> <RAM>
ST_13 : Operation 1093 [2/2] (1.35ns)   --->   "%p_ZZ10top_kernelPKfS0_S0_PfE9equalized_1_2_load_19 = load i9 %p_ZZ10top_kernelPKfS0_S0_PfE9equalized_1_2_addr_20" [top.cpp:91]   --->   Operation 1093 'load' 'p_ZZ10top_kernelPKfS0_S0_PfE9equalized_1_2_load_19' <Predicate = (trunc_ln86 & trunc_ln85 == 1)> <Delay = 1.35> <CoreInst = "RAM">   --->   Core 82 'RAM' <Latency = 1> <II = 1> <Delay = 1.35> <Storage> <Opcode : 'load' 'store'> <Ports = 2> <Width = 32> <Depth = 416> <RAM>
ST_13 : Operation 1094 [2/2] (1.35ns)   --->   "%p_ZZ10top_kernelPKfS0_S0_PfE9equalized_1_3_load_19 = load i9 %p_ZZ10top_kernelPKfS0_S0_PfE9equalized_1_3_addr_20" [top.cpp:91]   --->   Operation 1094 'load' 'p_ZZ10top_kernelPKfS0_S0_PfE9equalized_1_3_load_19' <Predicate = (trunc_ln86 & trunc_ln85 == 2)> <Delay = 1.35> <CoreInst = "RAM">   --->   Core 82 'RAM' <Latency = 1> <II = 1> <Delay = 1.35> <Storage> <Opcode : 'load' 'store'> <Ports = 2> <Width = 32> <Depth = 416> <RAM>
ST_13 : Operation 1095 [2/2] (1.35ns)   --->   "%p_ZZ10top_kernelPKfS0_S0_PfE9equalized_1_4_load_19 = load i9 %p_ZZ10top_kernelPKfS0_S0_PfE9equalized_1_4_addr_20" [top.cpp:91]   --->   Operation 1095 'load' 'p_ZZ10top_kernelPKfS0_S0_PfE9equalized_1_4_load_19' <Predicate = (trunc_ln86 & trunc_ln85 == 3)> <Delay = 1.35> <CoreInst = "RAM">   --->   Core 82 'RAM' <Latency = 1> <II = 1> <Delay = 1.35> <Storage> <Opcode : 'load' 'store'> <Ports = 2> <Width = 32> <Depth = 416> <RAM>
ST_13 : Operation 1096 [1/2] ( I:1.35ns O:1.35ns )   --->   "%p_ZZ10top_kernelPKfS0_S0_PfE9equalized_0_0_load_20 = load i9 %p_ZZ10top_kernelPKfS0_S0_PfE9equalized_0_0_addr_21" [top.cpp:91]   --->   Operation 1096 'load' 'p_ZZ10top_kernelPKfS0_S0_PfE9equalized_0_0_load_20' <Predicate = (!trunc_ln86 & trunc_ln85 == 3)> <Delay = 1.35> <CoreInst = "RAM">   --->   Core 82 'RAM' <Latency = 1> <II = 1> <Delay = 1.35> <Storage> <Opcode : 'load' 'store'> <Ports = 2> <Width = 32> <Depth = 416> <RAM>
ST_13 : Operation 1097 [1/2] ( I:1.35ns O:1.35ns )   --->   "%p_ZZ10top_kernelPKfS0_S0_PfE9equalized_0_1_load_20 = load i9 %p_ZZ10top_kernelPKfS0_S0_PfE9equalized_0_1_addr_21" [top.cpp:91]   --->   Operation 1097 'load' 'p_ZZ10top_kernelPKfS0_S0_PfE9equalized_0_1_load_20' <Predicate = (!trunc_ln86 & trunc_ln85 == 4)> <Delay = 1.35> <CoreInst = "RAM">   --->   Core 82 'RAM' <Latency = 1> <II = 1> <Delay = 1.35> <Storage> <Opcode : 'load' 'store'> <Ports = 2> <Width = 32> <Depth = 416> <RAM>
ST_13 : Operation 1098 [1/2] ( I:1.35ns O:1.35ns )   --->   "%p_ZZ10top_kernelPKfS0_S0_PfE9equalized_0_2_load_20 = load i9 %p_ZZ10top_kernelPKfS0_S0_PfE9equalized_0_2_addr_21" [top.cpp:91]   --->   Operation 1098 'load' 'p_ZZ10top_kernelPKfS0_S0_PfE9equalized_0_2_load_20' <Predicate = (!trunc_ln86 & trunc_ln85 == 0)> <Delay = 1.35> <CoreInst = "RAM">   --->   Core 82 'RAM' <Latency = 1> <II = 1> <Delay = 1.35> <Storage> <Opcode : 'load' 'store'> <Ports = 2> <Width = 32> <Depth = 416> <RAM>
ST_13 : Operation 1099 [1/2] ( I:1.35ns O:1.35ns )   --->   "%p_ZZ10top_kernelPKfS0_S0_PfE9equalized_0_3_load_20 = load i9 %p_ZZ10top_kernelPKfS0_S0_PfE9equalized_0_3_addr_21" [top.cpp:91]   --->   Operation 1099 'load' 'p_ZZ10top_kernelPKfS0_S0_PfE9equalized_0_3_load_20' <Predicate = (!trunc_ln86 & trunc_ln85 == 1)> <Delay = 1.35> <CoreInst = "RAM">   --->   Core 82 'RAM' <Latency = 1> <II = 1> <Delay = 1.35> <Storage> <Opcode : 'load' 'store'> <Ports = 2> <Width = 32> <Depth = 416> <RAM>
ST_13 : Operation 1100 [1/2] ( I:1.35ns O:1.35ns )   --->   "%p_ZZ10top_kernelPKfS0_S0_PfE9equalized_0_4_load_20 = load i9 %p_ZZ10top_kernelPKfS0_S0_PfE9equalized_0_4_addr_21" [top.cpp:91]   --->   Operation 1100 'load' 'p_ZZ10top_kernelPKfS0_S0_PfE9equalized_0_4_load_20' <Predicate = (!trunc_ln86 & trunc_ln85 == 2)> <Delay = 1.35> <CoreInst = "RAM">   --->   Core 82 'RAM' <Latency = 1> <II = 1> <Delay = 1.35> <Storage> <Opcode : 'load' 'store'> <Ports = 2> <Width = 32> <Depth = 416> <RAM>
ST_13 : Operation 1101 [1/1] (0.66ns)   --->   "%tmp_44 = sparsemux i32 @_ssdm_op_SparseMux.ap_auto.5float.float.i3, i3 3, i32 %p_ZZ10top_kernelPKfS0_S0_PfE9equalized_0_0_load_20, i3 4, i32 %p_ZZ10top_kernelPKfS0_S0_PfE9equalized_0_1_load_20, i3 0, i32 %p_ZZ10top_kernelPKfS0_S0_PfE9equalized_0_2_load_20, i3 1, i32 %p_ZZ10top_kernelPKfS0_S0_PfE9equalized_0_3_load_20, i3 2, i32 %p_ZZ10top_kernelPKfS0_S0_PfE9equalized_0_4_load_20, i32 <undef>, i3 %trunc_ln85" [top.cpp:91]   --->   Operation 1101 'sparsemux' 'tmp_44' <Predicate = (!trunc_ln86)> <Delay = 0.66> <CoreInst = "BinarySparseMux_DontCare">   --->   Core 149 'BinarySparseMux_DontCare' <Latency = 0> <II = 1> <Delay = 0.66> <FuncUnit> <Opcode : 'sparsemux'> <InPorts = 2> <OutPorts = 1>
ST_13 : Operation 1102 [1/2] ( I:1.35ns O:1.35ns )   --->   "%p_ZZ10top_kernelPKfS0_S0_PfE9equalized_1_0_load_20 = load i9 %p_ZZ10top_kernelPKfS0_S0_PfE9equalized_1_0_addr_21" [top.cpp:91]   --->   Operation 1102 'load' 'p_ZZ10top_kernelPKfS0_S0_PfE9equalized_1_0_load_20' <Predicate = (trunc_ln86 & trunc_ln85 == 3)> <Delay = 1.35> <CoreInst = "RAM">   --->   Core 82 'RAM' <Latency = 1> <II = 1> <Delay = 1.35> <Storage> <Opcode : 'load' 'store'> <Ports = 2> <Width = 32> <Depth = 416> <RAM>
ST_13 : Operation 1103 [1/2] ( I:1.35ns O:1.35ns )   --->   "%p_ZZ10top_kernelPKfS0_S0_PfE9equalized_1_1_load_20 = load i9 %p_ZZ10top_kernelPKfS0_S0_PfE9equalized_1_1_addr_21" [top.cpp:91]   --->   Operation 1103 'load' 'p_ZZ10top_kernelPKfS0_S0_PfE9equalized_1_1_load_20' <Predicate = (trunc_ln86 & trunc_ln85 == 4)> <Delay = 1.35> <CoreInst = "RAM">   --->   Core 82 'RAM' <Latency = 1> <II = 1> <Delay = 1.35> <Storage> <Opcode : 'load' 'store'> <Ports = 2> <Width = 32> <Depth = 416> <RAM>
ST_13 : Operation 1104 [1/2] ( I:1.35ns O:1.35ns )   --->   "%p_ZZ10top_kernelPKfS0_S0_PfE9equalized_1_2_load_20 = load i9 %p_ZZ10top_kernelPKfS0_S0_PfE9equalized_1_2_addr_21" [top.cpp:91]   --->   Operation 1104 'load' 'p_ZZ10top_kernelPKfS0_S0_PfE9equalized_1_2_load_20' <Predicate = (trunc_ln86 & trunc_ln85 == 0)> <Delay = 1.35> <CoreInst = "RAM">   --->   Core 82 'RAM' <Latency = 1> <II = 1> <Delay = 1.35> <Storage> <Opcode : 'load' 'store'> <Ports = 2> <Width = 32> <Depth = 416> <RAM>
ST_13 : Operation 1105 [1/2] ( I:1.35ns O:1.35ns )   --->   "%p_ZZ10top_kernelPKfS0_S0_PfE9equalized_1_3_load_20 = load i9 %p_ZZ10top_kernelPKfS0_S0_PfE9equalized_1_3_addr_21" [top.cpp:91]   --->   Operation 1105 'load' 'p_ZZ10top_kernelPKfS0_S0_PfE9equalized_1_3_load_20' <Predicate = (trunc_ln86 & trunc_ln85 == 1)> <Delay = 1.35> <CoreInst = "RAM">   --->   Core 82 'RAM' <Latency = 1> <II = 1> <Delay = 1.35> <Storage> <Opcode : 'load' 'store'> <Ports = 2> <Width = 32> <Depth = 416> <RAM>
ST_13 : Operation 1106 [1/2] ( I:1.35ns O:1.35ns )   --->   "%p_ZZ10top_kernelPKfS0_S0_PfE9equalized_1_4_load_20 = load i9 %p_ZZ10top_kernelPKfS0_S0_PfE9equalized_1_4_addr_21" [top.cpp:91]   --->   Operation 1106 'load' 'p_ZZ10top_kernelPKfS0_S0_PfE9equalized_1_4_load_20' <Predicate = (trunc_ln86 & trunc_ln85 == 2)> <Delay = 1.35> <CoreInst = "RAM">   --->   Core 82 'RAM' <Latency = 1> <II = 1> <Delay = 1.35> <Storage> <Opcode : 'load' 'store'> <Ports = 2> <Width = 32> <Depth = 416> <RAM>
ST_13 : Operation 1107 [1/1] (0.66ns)   --->   "%tmp_45 = sparsemux i32 @_ssdm_op_SparseMux.ap_auto.5float.float.i3, i3 3, i32 %p_ZZ10top_kernelPKfS0_S0_PfE9equalized_1_0_load_20, i3 4, i32 %p_ZZ10top_kernelPKfS0_S0_PfE9equalized_1_1_load_20, i3 0, i32 %p_ZZ10top_kernelPKfS0_S0_PfE9equalized_1_2_load_20, i3 1, i32 %p_ZZ10top_kernelPKfS0_S0_PfE9equalized_1_3_load_20, i3 2, i32 %p_ZZ10top_kernelPKfS0_S0_PfE9equalized_1_4_load_20, i32 <undef>, i3 %trunc_ln85" [top.cpp:91]   --->   Operation 1107 'sparsemux' 'tmp_45' <Predicate = (trunc_ln86)> <Delay = 0.66> <CoreInst = "BinarySparseMux_DontCare">   --->   Core 149 'BinarySparseMux_DontCare' <Latency = 0> <II = 1> <Delay = 0.66> <FuncUnit> <Opcode : 'sparsemux'> <InPorts = 2> <OutPorts = 1>
ST_13 : Operation 1108 [1/1] (0.52ns)   --->   "%select_ln91_20 = select i1 %trunc_ln86, i32 %tmp_45, i32 %tmp_44" [top.cpp:91]   --->   Operation 1108 'select' 'select_ln91_20' <Predicate = true> <Delay = 0.52> <CoreInst = "Sel">   --->   Core 73 'Sel' <Latency = 0> <II = 1> <Delay = 0.52> <FuncUnit> <Opcode : 'select'> <InPorts = 3> <OutPorts = 1>
ST_13 : Operation 1109 [1/2] ( I:1.35ns O:1.35ns )   --->   "%p_ZZ10top_kernelPKfS0_S0_PfE9equalized_0_0_load_21 = load i9 %p_ZZ10top_kernelPKfS0_S0_PfE9equalized_0_0_addr_22" [top.cpp:91]   --->   Operation 1109 'load' 'p_ZZ10top_kernelPKfS0_S0_PfE9equalized_0_0_load_21' <Predicate = (trunc_ln86 & trunc_ln85 == 3)> <Delay = 1.35> <CoreInst = "RAM">   --->   Core 82 'RAM' <Latency = 1> <II = 1> <Delay = 1.35> <Storage> <Opcode : 'load' 'store'> <Ports = 2> <Width = 32> <Depth = 416> <RAM>
ST_13 : Operation 1110 [1/2] ( I:1.35ns O:1.35ns )   --->   "%p_ZZ10top_kernelPKfS0_S0_PfE9equalized_0_1_load_21 = load i9 %p_ZZ10top_kernelPKfS0_S0_PfE9equalized_0_1_addr_22" [top.cpp:91]   --->   Operation 1110 'load' 'p_ZZ10top_kernelPKfS0_S0_PfE9equalized_0_1_load_21' <Predicate = (trunc_ln86 & trunc_ln85 == 4)> <Delay = 1.35> <CoreInst = "RAM">   --->   Core 82 'RAM' <Latency = 1> <II = 1> <Delay = 1.35> <Storage> <Opcode : 'load' 'store'> <Ports = 2> <Width = 32> <Depth = 416> <RAM>
ST_13 : Operation 1111 [1/2] ( I:1.35ns O:1.35ns )   --->   "%p_ZZ10top_kernelPKfS0_S0_PfE9equalized_0_2_load_21 = load i9 %p_ZZ10top_kernelPKfS0_S0_PfE9equalized_0_2_addr_22" [top.cpp:91]   --->   Operation 1111 'load' 'p_ZZ10top_kernelPKfS0_S0_PfE9equalized_0_2_load_21' <Predicate = (trunc_ln86 & trunc_ln85 == 0)> <Delay = 1.35> <CoreInst = "RAM">   --->   Core 82 'RAM' <Latency = 1> <II = 1> <Delay = 1.35> <Storage> <Opcode : 'load' 'store'> <Ports = 2> <Width = 32> <Depth = 416> <RAM>
ST_13 : Operation 1112 [1/2] ( I:1.35ns O:1.35ns )   --->   "%p_ZZ10top_kernelPKfS0_S0_PfE9equalized_0_3_load_21 = load i9 %p_ZZ10top_kernelPKfS0_S0_PfE9equalized_0_3_addr_22" [top.cpp:91]   --->   Operation 1112 'load' 'p_ZZ10top_kernelPKfS0_S0_PfE9equalized_0_3_load_21' <Predicate = (trunc_ln86 & trunc_ln85 == 1)> <Delay = 1.35> <CoreInst = "RAM">   --->   Core 82 'RAM' <Latency = 1> <II = 1> <Delay = 1.35> <Storage> <Opcode : 'load' 'store'> <Ports = 2> <Width = 32> <Depth = 416> <RAM>
ST_13 : Operation 1113 [1/2] ( I:1.35ns O:1.35ns )   --->   "%p_ZZ10top_kernelPKfS0_S0_PfE9equalized_0_4_load_21 = load i9 %p_ZZ10top_kernelPKfS0_S0_PfE9equalized_0_4_addr_22" [top.cpp:91]   --->   Operation 1113 'load' 'p_ZZ10top_kernelPKfS0_S0_PfE9equalized_0_4_load_21' <Predicate = (trunc_ln86 & trunc_ln85 == 2)> <Delay = 1.35> <CoreInst = "RAM">   --->   Core 82 'RAM' <Latency = 1> <II = 1> <Delay = 1.35> <Storage> <Opcode : 'load' 'store'> <Ports = 2> <Width = 32> <Depth = 416> <RAM>
ST_13 : Operation 1114 [1/1] (0.66ns)   --->   "%tmp_46 = sparsemux i32 @_ssdm_op_SparseMux.ap_auto.5float.float.i3, i3 3, i32 %p_ZZ10top_kernelPKfS0_S0_PfE9equalized_0_0_load_21, i3 4, i32 %p_ZZ10top_kernelPKfS0_S0_PfE9equalized_0_1_load_21, i3 0, i32 %p_ZZ10top_kernelPKfS0_S0_PfE9equalized_0_2_load_21, i3 1, i32 %p_ZZ10top_kernelPKfS0_S0_PfE9equalized_0_3_load_21, i3 2, i32 %p_ZZ10top_kernelPKfS0_S0_PfE9equalized_0_4_load_21, i32 <undef>, i3 %trunc_ln85" [top.cpp:91]   --->   Operation 1114 'sparsemux' 'tmp_46' <Predicate = (trunc_ln86)> <Delay = 0.66> <CoreInst = "BinarySparseMux_DontCare">   --->   Core 149 'BinarySparseMux_DontCare' <Latency = 0> <II = 1> <Delay = 0.66> <FuncUnit> <Opcode : 'sparsemux'> <InPorts = 2> <OutPorts = 1>
ST_13 : Operation 1115 [1/2] ( I:1.35ns O:1.35ns )   --->   "%p_ZZ10top_kernelPKfS0_S0_PfE9equalized_1_0_load_21 = load i9 %p_ZZ10top_kernelPKfS0_S0_PfE9equalized_1_0_addr_22" [top.cpp:91]   --->   Operation 1115 'load' 'p_ZZ10top_kernelPKfS0_S0_PfE9equalized_1_0_load_21' <Predicate = (!trunc_ln86 & trunc_ln85 == 3)> <Delay = 1.35> <CoreInst = "RAM">   --->   Core 82 'RAM' <Latency = 1> <II = 1> <Delay = 1.35> <Storage> <Opcode : 'load' 'store'> <Ports = 2> <Width = 32> <Depth = 416> <RAM>
ST_13 : Operation 1116 [1/2] ( I:1.35ns O:1.35ns )   --->   "%p_ZZ10top_kernelPKfS0_S0_PfE9equalized_1_1_load_21 = load i9 %p_ZZ10top_kernelPKfS0_S0_PfE9equalized_1_1_addr_22" [top.cpp:91]   --->   Operation 1116 'load' 'p_ZZ10top_kernelPKfS0_S0_PfE9equalized_1_1_load_21' <Predicate = (!trunc_ln86 & trunc_ln85 == 4)> <Delay = 1.35> <CoreInst = "RAM">   --->   Core 82 'RAM' <Latency = 1> <II = 1> <Delay = 1.35> <Storage> <Opcode : 'load' 'store'> <Ports = 2> <Width = 32> <Depth = 416> <RAM>
ST_13 : Operation 1117 [1/2] ( I:1.35ns O:1.35ns )   --->   "%p_ZZ10top_kernelPKfS0_S0_PfE9equalized_1_2_load_21 = load i9 %p_ZZ10top_kernelPKfS0_S0_PfE9equalized_1_2_addr_22" [top.cpp:91]   --->   Operation 1117 'load' 'p_ZZ10top_kernelPKfS0_S0_PfE9equalized_1_2_load_21' <Predicate = (!trunc_ln86 & trunc_ln85 == 0)> <Delay = 1.35> <CoreInst = "RAM">   --->   Core 82 'RAM' <Latency = 1> <II = 1> <Delay = 1.35> <Storage> <Opcode : 'load' 'store'> <Ports = 2> <Width = 32> <Depth = 416> <RAM>
ST_13 : Operation 1118 [1/2] ( I:1.35ns O:1.35ns )   --->   "%p_ZZ10top_kernelPKfS0_S0_PfE9equalized_1_3_load_21 = load i9 %p_ZZ10top_kernelPKfS0_S0_PfE9equalized_1_3_addr_22" [top.cpp:91]   --->   Operation 1118 'load' 'p_ZZ10top_kernelPKfS0_S0_PfE9equalized_1_3_load_21' <Predicate = (!trunc_ln86 & trunc_ln85 == 1)> <Delay = 1.35> <CoreInst = "RAM">   --->   Core 82 'RAM' <Latency = 1> <II = 1> <Delay = 1.35> <Storage> <Opcode : 'load' 'store'> <Ports = 2> <Width = 32> <Depth = 416> <RAM>
ST_13 : Operation 1119 [1/2] ( I:1.35ns O:1.35ns )   --->   "%p_ZZ10top_kernelPKfS0_S0_PfE9equalized_1_4_load_21 = load i9 %p_ZZ10top_kernelPKfS0_S0_PfE9equalized_1_4_addr_22" [top.cpp:91]   --->   Operation 1119 'load' 'p_ZZ10top_kernelPKfS0_S0_PfE9equalized_1_4_load_21' <Predicate = (!trunc_ln86 & trunc_ln85 == 2)> <Delay = 1.35> <CoreInst = "RAM">   --->   Core 82 'RAM' <Latency = 1> <II = 1> <Delay = 1.35> <Storage> <Opcode : 'load' 'store'> <Ports = 2> <Width = 32> <Depth = 416> <RAM>
ST_13 : Operation 1120 [1/1] (0.66ns)   --->   "%tmp_47 = sparsemux i32 @_ssdm_op_SparseMux.ap_auto.5float.float.i3, i3 3, i32 %p_ZZ10top_kernelPKfS0_S0_PfE9equalized_1_0_load_21, i3 4, i32 %p_ZZ10top_kernelPKfS0_S0_PfE9equalized_1_1_load_21, i3 0, i32 %p_ZZ10top_kernelPKfS0_S0_PfE9equalized_1_2_load_21, i3 1, i32 %p_ZZ10top_kernelPKfS0_S0_PfE9equalized_1_3_load_21, i3 2, i32 %p_ZZ10top_kernelPKfS0_S0_PfE9equalized_1_4_load_21, i32 <undef>, i3 %trunc_ln85" [top.cpp:91]   --->   Operation 1120 'sparsemux' 'tmp_47' <Predicate = (!trunc_ln86)> <Delay = 0.66> <CoreInst = "BinarySparseMux_DontCare">   --->   Core 149 'BinarySparseMux_DontCare' <Latency = 0> <II = 1> <Delay = 0.66> <FuncUnit> <Opcode : 'sparsemux'> <InPorts = 2> <OutPorts = 1>
ST_13 : Operation 1121 [1/1] (0.52ns)   --->   "%select_ln91_21 = select i1 %trunc_ln86, i32 %tmp_46, i32 %tmp_47" [top.cpp:91]   --->   Operation 1121 'select' 'select_ln91_21' <Predicate = true> <Delay = 0.52> <CoreInst = "Sel">   --->   Core 73 'Sel' <Latency = 0> <II = 1> <Delay = 0.52> <FuncUnit> <Opcode : 'select'> <InPorts = 3> <OutPorts = 1>
ST_13 : Operation 1122 [1/2] ( I:1.35ns O:1.35ns )   --->   "%p_ZZ10top_kernelPKfS0_S0_PfE9equalized_0_0_load_22 = load i9 %p_ZZ10top_kernelPKfS0_S0_PfE9equalized_0_0_addr_18" [top.cpp:91]   --->   Operation 1122 'load' 'p_ZZ10top_kernelPKfS0_S0_PfE9equalized_0_0_load_22' <Predicate = (!trunc_ln86 & trunc_ln85 == 3)> <Delay = 1.35> <CoreInst = "RAM">   --->   Core 82 'RAM' <Latency = 1> <II = 1> <Delay = 1.35> <Storage> <Opcode : 'load' 'store'> <Ports = 2> <Width = 32> <Depth = 416> <RAM>
ST_13 : Operation 1123 [1/2] ( I:1.35ns O:1.35ns )   --->   "%p_ZZ10top_kernelPKfS0_S0_PfE9equalized_0_1_load_22 = load i9 %p_ZZ10top_kernelPKfS0_S0_PfE9equalized_0_1_addr_18" [top.cpp:91]   --->   Operation 1123 'load' 'p_ZZ10top_kernelPKfS0_S0_PfE9equalized_0_1_load_22' <Predicate = (!trunc_ln86 & trunc_ln85 == 4)> <Delay = 1.35> <CoreInst = "RAM">   --->   Core 82 'RAM' <Latency = 1> <II = 1> <Delay = 1.35> <Storage> <Opcode : 'load' 'store'> <Ports = 2> <Width = 32> <Depth = 416> <RAM>
ST_13 : Operation 1124 [1/2] ( I:1.35ns O:1.35ns )   --->   "%p_ZZ10top_kernelPKfS0_S0_PfE9equalized_0_2_load_22 = load i9 %p_ZZ10top_kernelPKfS0_S0_PfE9equalized_0_2_addr_18" [top.cpp:91]   --->   Operation 1124 'load' 'p_ZZ10top_kernelPKfS0_S0_PfE9equalized_0_2_load_22' <Predicate = (!trunc_ln86 & trunc_ln85 == 0)> <Delay = 1.35> <CoreInst = "RAM">   --->   Core 82 'RAM' <Latency = 1> <II = 1> <Delay = 1.35> <Storage> <Opcode : 'load' 'store'> <Ports = 2> <Width = 32> <Depth = 416> <RAM>
ST_13 : Operation 1125 [1/2] ( I:1.35ns O:1.35ns )   --->   "%p_ZZ10top_kernelPKfS0_S0_PfE9equalized_0_3_load_22 = load i9 %p_ZZ10top_kernelPKfS0_S0_PfE9equalized_0_3_addr_18" [top.cpp:91]   --->   Operation 1125 'load' 'p_ZZ10top_kernelPKfS0_S0_PfE9equalized_0_3_load_22' <Predicate = (!trunc_ln86 & trunc_ln85 == 1)> <Delay = 1.35> <CoreInst = "RAM">   --->   Core 82 'RAM' <Latency = 1> <II = 1> <Delay = 1.35> <Storage> <Opcode : 'load' 'store'> <Ports = 2> <Width = 32> <Depth = 416> <RAM>
ST_13 : Operation 1126 [1/2] ( I:1.35ns O:1.35ns )   --->   "%p_ZZ10top_kernelPKfS0_S0_PfE9equalized_0_4_load_22 = load i9 %p_ZZ10top_kernelPKfS0_S0_PfE9equalized_0_4_addr_18" [top.cpp:91]   --->   Operation 1126 'load' 'p_ZZ10top_kernelPKfS0_S0_PfE9equalized_0_4_load_22' <Predicate = (!trunc_ln86 & trunc_ln85 == 2)> <Delay = 1.35> <CoreInst = "RAM">   --->   Core 82 'RAM' <Latency = 1> <II = 1> <Delay = 1.35> <Storage> <Opcode : 'load' 'store'> <Ports = 2> <Width = 32> <Depth = 416> <RAM>
ST_13 : Operation 1127 [1/1] (0.66ns)   --->   "%tmp_48 = sparsemux i32 @_ssdm_op_SparseMux.ap_auto.5float.float.i3, i3 3, i32 %p_ZZ10top_kernelPKfS0_S0_PfE9equalized_0_0_load_22, i3 4, i32 %p_ZZ10top_kernelPKfS0_S0_PfE9equalized_0_1_load_22, i3 0, i32 %p_ZZ10top_kernelPKfS0_S0_PfE9equalized_0_2_load_22, i3 1, i32 %p_ZZ10top_kernelPKfS0_S0_PfE9equalized_0_3_load_22, i3 2, i32 %p_ZZ10top_kernelPKfS0_S0_PfE9equalized_0_4_load_22, i32 <undef>, i3 %trunc_ln85" [top.cpp:91]   --->   Operation 1127 'sparsemux' 'tmp_48' <Predicate = (!trunc_ln86)> <Delay = 0.66> <CoreInst = "BinarySparseMux_DontCare">   --->   Core 149 'BinarySparseMux_DontCare' <Latency = 0> <II = 1> <Delay = 0.66> <FuncUnit> <Opcode : 'sparsemux'> <InPorts = 2> <OutPorts = 1>
ST_13 : Operation 1128 [1/2] ( I:1.35ns O:1.35ns )   --->   "%p_ZZ10top_kernelPKfS0_S0_PfE9equalized_1_0_load_22 = load i9 %p_ZZ10top_kernelPKfS0_S0_PfE9equalized_1_0_addr_18" [top.cpp:91]   --->   Operation 1128 'load' 'p_ZZ10top_kernelPKfS0_S0_PfE9equalized_1_0_load_22' <Predicate = (trunc_ln86 & trunc_ln85 == 3)> <Delay = 1.35> <CoreInst = "RAM">   --->   Core 82 'RAM' <Latency = 1> <II = 1> <Delay = 1.35> <Storage> <Opcode : 'load' 'store'> <Ports = 2> <Width = 32> <Depth = 416> <RAM>
ST_13 : Operation 1129 [1/2] ( I:1.35ns O:1.35ns )   --->   "%p_ZZ10top_kernelPKfS0_S0_PfE9equalized_1_1_load_22 = load i9 %p_ZZ10top_kernelPKfS0_S0_PfE9equalized_1_1_addr_18" [top.cpp:91]   --->   Operation 1129 'load' 'p_ZZ10top_kernelPKfS0_S0_PfE9equalized_1_1_load_22' <Predicate = (trunc_ln86 & trunc_ln85 == 4)> <Delay = 1.35> <CoreInst = "RAM">   --->   Core 82 'RAM' <Latency = 1> <II = 1> <Delay = 1.35> <Storage> <Opcode : 'load' 'store'> <Ports = 2> <Width = 32> <Depth = 416> <RAM>
ST_13 : Operation 1130 [1/2] ( I:1.35ns O:1.35ns )   --->   "%p_ZZ10top_kernelPKfS0_S0_PfE9equalized_1_2_load_22 = load i9 %p_ZZ10top_kernelPKfS0_S0_PfE9equalized_1_2_addr_18" [top.cpp:91]   --->   Operation 1130 'load' 'p_ZZ10top_kernelPKfS0_S0_PfE9equalized_1_2_load_22' <Predicate = (trunc_ln86 & trunc_ln85 == 0)> <Delay = 1.35> <CoreInst = "RAM">   --->   Core 82 'RAM' <Latency = 1> <II = 1> <Delay = 1.35> <Storage> <Opcode : 'load' 'store'> <Ports = 2> <Width = 32> <Depth = 416> <RAM>
ST_13 : Operation 1131 [1/2] ( I:1.35ns O:1.35ns )   --->   "%p_ZZ10top_kernelPKfS0_S0_PfE9equalized_1_3_load_22 = load i9 %p_ZZ10top_kernelPKfS0_S0_PfE9equalized_1_3_addr_18" [top.cpp:91]   --->   Operation 1131 'load' 'p_ZZ10top_kernelPKfS0_S0_PfE9equalized_1_3_load_22' <Predicate = (trunc_ln86 & trunc_ln85 == 1)> <Delay = 1.35> <CoreInst = "RAM">   --->   Core 82 'RAM' <Latency = 1> <II = 1> <Delay = 1.35> <Storage> <Opcode : 'load' 'store'> <Ports = 2> <Width = 32> <Depth = 416> <RAM>
ST_13 : Operation 1132 [1/2] ( I:1.35ns O:1.35ns )   --->   "%p_ZZ10top_kernelPKfS0_S0_PfE9equalized_1_4_load_22 = load i9 %p_ZZ10top_kernelPKfS0_S0_PfE9equalized_1_4_addr_18" [top.cpp:91]   --->   Operation 1132 'load' 'p_ZZ10top_kernelPKfS0_S0_PfE9equalized_1_4_load_22' <Predicate = (trunc_ln86 & trunc_ln85 == 2)> <Delay = 1.35> <CoreInst = "RAM">   --->   Core 82 'RAM' <Latency = 1> <II = 1> <Delay = 1.35> <Storage> <Opcode : 'load' 'store'> <Ports = 2> <Width = 32> <Depth = 416> <RAM>
ST_13 : Operation 1133 [1/1] (0.66ns)   --->   "%tmp_49 = sparsemux i32 @_ssdm_op_SparseMux.ap_auto.5float.float.i3, i3 3, i32 %p_ZZ10top_kernelPKfS0_S0_PfE9equalized_1_0_load_22, i3 4, i32 %p_ZZ10top_kernelPKfS0_S0_PfE9equalized_1_1_load_22, i3 0, i32 %p_ZZ10top_kernelPKfS0_S0_PfE9equalized_1_2_load_22, i3 1, i32 %p_ZZ10top_kernelPKfS0_S0_PfE9equalized_1_3_load_22, i3 2, i32 %p_ZZ10top_kernelPKfS0_S0_PfE9equalized_1_4_load_22, i32 <undef>, i3 %trunc_ln85" [top.cpp:91]   --->   Operation 1133 'sparsemux' 'tmp_49' <Predicate = (trunc_ln86)> <Delay = 0.66> <CoreInst = "BinarySparseMux_DontCare">   --->   Core 149 'BinarySparseMux_DontCare' <Latency = 0> <II = 1> <Delay = 0.66> <FuncUnit> <Opcode : 'sparsemux'> <InPorts = 2> <OutPorts = 1>
ST_13 : Operation 1134 [1/1] (0.52ns)   --->   "%select_ln91_22 = select i1 %trunc_ln86, i32 %tmp_49, i32 %tmp_48" [top.cpp:91]   --->   Operation 1134 'select' 'select_ln91_22' <Predicate = true> <Delay = 0.52> <CoreInst = "Sel">   --->   Core 73 'Sel' <Latency = 0> <II = 1> <Delay = 0.52> <FuncUnit> <Opcode : 'select'> <InPorts = 3> <OutPorts = 1>
ST_13 : Operation 1135 [1/2] ( I:1.35ns O:1.35ns )   --->   "%p_ZZ10top_kernelPKfS0_S0_PfE9equalized_0_0_load_23 = load i9 %p_ZZ10top_kernelPKfS0_S0_PfE9equalized_0_0_addr_23" [top.cpp:91]   --->   Operation 1135 'load' 'p_ZZ10top_kernelPKfS0_S0_PfE9equalized_0_0_load_23' <Predicate = (trunc_ln86 & trunc_ln85 == 3)> <Delay = 1.35> <CoreInst = "RAM">   --->   Core 82 'RAM' <Latency = 1> <II = 1> <Delay = 1.35> <Storage> <Opcode : 'load' 'store'> <Ports = 2> <Width = 32> <Depth = 416> <RAM>
ST_13 : Operation 1136 [1/2] ( I:1.35ns O:1.35ns )   --->   "%p_ZZ10top_kernelPKfS0_S0_PfE9equalized_0_1_load_23 = load i9 %p_ZZ10top_kernelPKfS0_S0_PfE9equalized_0_1_addr_23" [top.cpp:91]   --->   Operation 1136 'load' 'p_ZZ10top_kernelPKfS0_S0_PfE9equalized_0_1_load_23' <Predicate = (trunc_ln86 & trunc_ln85 == 4)> <Delay = 1.35> <CoreInst = "RAM">   --->   Core 82 'RAM' <Latency = 1> <II = 1> <Delay = 1.35> <Storage> <Opcode : 'load' 'store'> <Ports = 2> <Width = 32> <Depth = 416> <RAM>
ST_13 : Operation 1137 [1/2] ( I:1.35ns O:1.35ns )   --->   "%p_ZZ10top_kernelPKfS0_S0_PfE9equalized_0_2_load_23 = load i9 %p_ZZ10top_kernelPKfS0_S0_PfE9equalized_0_2_addr_23" [top.cpp:91]   --->   Operation 1137 'load' 'p_ZZ10top_kernelPKfS0_S0_PfE9equalized_0_2_load_23' <Predicate = (trunc_ln86 & trunc_ln85 == 0)> <Delay = 1.35> <CoreInst = "RAM">   --->   Core 82 'RAM' <Latency = 1> <II = 1> <Delay = 1.35> <Storage> <Opcode : 'load' 'store'> <Ports = 2> <Width = 32> <Depth = 416> <RAM>
ST_13 : Operation 1138 [1/2] ( I:1.35ns O:1.35ns )   --->   "%p_ZZ10top_kernelPKfS0_S0_PfE9equalized_0_3_load_23 = load i9 %p_ZZ10top_kernelPKfS0_S0_PfE9equalized_0_3_addr_23" [top.cpp:91]   --->   Operation 1138 'load' 'p_ZZ10top_kernelPKfS0_S0_PfE9equalized_0_3_load_23' <Predicate = (trunc_ln86 & trunc_ln85 == 1)> <Delay = 1.35> <CoreInst = "RAM">   --->   Core 82 'RAM' <Latency = 1> <II = 1> <Delay = 1.35> <Storage> <Opcode : 'load' 'store'> <Ports = 2> <Width = 32> <Depth = 416> <RAM>
ST_13 : Operation 1139 [1/2] ( I:1.35ns O:1.35ns )   --->   "%p_ZZ10top_kernelPKfS0_S0_PfE9equalized_0_4_load_23 = load i9 %p_ZZ10top_kernelPKfS0_S0_PfE9equalized_0_4_addr_23" [top.cpp:91]   --->   Operation 1139 'load' 'p_ZZ10top_kernelPKfS0_S0_PfE9equalized_0_4_load_23' <Predicate = (trunc_ln86 & trunc_ln85 == 2)> <Delay = 1.35> <CoreInst = "RAM">   --->   Core 82 'RAM' <Latency = 1> <II = 1> <Delay = 1.35> <Storage> <Opcode : 'load' 'store'> <Ports = 2> <Width = 32> <Depth = 416> <RAM>
ST_13 : Operation 1140 [1/1] (0.66ns)   --->   "%tmp_50 = sparsemux i32 @_ssdm_op_SparseMux.ap_auto.5float.float.i3, i3 3, i32 %p_ZZ10top_kernelPKfS0_S0_PfE9equalized_0_0_load_23, i3 4, i32 %p_ZZ10top_kernelPKfS0_S0_PfE9equalized_0_1_load_23, i3 0, i32 %p_ZZ10top_kernelPKfS0_S0_PfE9equalized_0_2_load_23, i3 1, i32 %p_ZZ10top_kernelPKfS0_S0_PfE9equalized_0_3_load_23, i3 2, i32 %p_ZZ10top_kernelPKfS0_S0_PfE9equalized_0_4_load_23, i32 <undef>, i3 %trunc_ln85" [top.cpp:91]   --->   Operation 1140 'sparsemux' 'tmp_50' <Predicate = (trunc_ln86)> <Delay = 0.66> <CoreInst = "BinarySparseMux_DontCare">   --->   Core 149 'BinarySparseMux_DontCare' <Latency = 0> <II = 1> <Delay = 0.66> <FuncUnit> <Opcode : 'sparsemux'> <InPorts = 2> <OutPorts = 1>
ST_13 : Operation 1141 [1/2] ( I:1.35ns O:1.35ns )   --->   "%p_ZZ10top_kernelPKfS0_S0_PfE9equalized_1_0_load_23 = load i9 %p_ZZ10top_kernelPKfS0_S0_PfE9equalized_1_0_addr_23" [top.cpp:91]   --->   Operation 1141 'load' 'p_ZZ10top_kernelPKfS0_S0_PfE9equalized_1_0_load_23' <Predicate = (!trunc_ln86 & trunc_ln85 == 3)> <Delay = 1.35> <CoreInst = "RAM">   --->   Core 82 'RAM' <Latency = 1> <II = 1> <Delay = 1.35> <Storage> <Opcode : 'load' 'store'> <Ports = 2> <Width = 32> <Depth = 416> <RAM>
ST_13 : Operation 1142 [1/2] ( I:1.35ns O:1.35ns )   --->   "%p_ZZ10top_kernelPKfS0_S0_PfE9equalized_1_1_load_23 = load i9 %p_ZZ10top_kernelPKfS0_S0_PfE9equalized_1_1_addr_23" [top.cpp:91]   --->   Operation 1142 'load' 'p_ZZ10top_kernelPKfS0_S0_PfE9equalized_1_1_load_23' <Predicate = (!trunc_ln86 & trunc_ln85 == 4)> <Delay = 1.35> <CoreInst = "RAM">   --->   Core 82 'RAM' <Latency = 1> <II = 1> <Delay = 1.35> <Storage> <Opcode : 'load' 'store'> <Ports = 2> <Width = 32> <Depth = 416> <RAM>
ST_13 : Operation 1143 [1/2] ( I:1.35ns O:1.35ns )   --->   "%p_ZZ10top_kernelPKfS0_S0_PfE9equalized_1_2_load_23 = load i9 %p_ZZ10top_kernelPKfS0_S0_PfE9equalized_1_2_addr_23" [top.cpp:91]   --->   Operation 1143 'load' 'p_ZZ10top_kernelPKfS0_S0_PfE9equalized_1_2_load_23' <Predicate = (!trunc_ln86 & trunc_ln85 == 0)> <Delay = 1.35> <CoreInst = "RAM">   --->   Core 82 'RAM' <Latency = 1> <II = 1> <Delay = 1.35> <Storage> <Opcode : 'load' 'store'> <Ports = 2> <Width = 32> <Depth = 416> <RAM>
ST_13 : Operation 1144 [1/2] ( I:1.35ns O:1.35ns )   --->   "%p_ZZ10top_kernelPKfS0_S0_PfE9equalized_1_3_load_23 = load i9 %p_ZZ10top_kernelPKfS0_S0_PfE9equalized_1_3_addr_23" [top.cpp:91]   --->   Operation 1144 'load' 'p_ZZ10top_kernelPKfS0_S0_PfE9equalized_1_3_load_23' <Predicate = (!trunc_ln86 & trunc_ln85 == 1)> <Delay = 1.35> <CoreInst = "RAM">   --->   Core 82 'RAM' <Latency = 1> <II = 1> <Delay = 1.35> <Storage> <Opcode : 'load' 'store'> <Ports = 2> <Width = 32> <Depth = 416> <RAM>
ST_13 : Operation 1145 [1/2] ( I:1.35ns O:1.35ns )   --->   "%p_ZZ10top_kernelPKfS0_S0_PfE9equalized_1_4_load_23 = load i9 %p_ZZ10top_kernelPKfS0_S0_PfE9equalized_1_4_addr_23" [top.cpp:91]   --->   Operation 1145 'load' 'p_ZZ10top_kernelPKfS0_S0_PfE9equalized_1_4_load_23' <Predicate = (!trunc_ln86 & trunc_ln85 == 2)> <Delay = 1.35> <CoreInst = "RAM">   --->   Core 82 'RAM' <Latency = 1> <II = 1> <Delay = 1.35> <Storage> <Opcode : 'load' 'store'> <Ports = 2> <Width = 32> <Depth = 416> <RAM>
ST_13 : Operation 1146 [1/1] (0.66ns)   --->   "%tmp_51 = sparsemux i32 @_ssdm_op_SparseMux.ap_auto.5float.float.i3, i3 3, i32 %p_ZZ10top_kernelPKfS0_S0_PfE9equalized_1_0_load_23, i3 4, i32 %p_ZZ10top_kernelPKfS0_S0_PfE9equalized_1_1_load_23, i3 0, i32 %p_ZZ10top_kernelPKfS0_S0_PfE9equalized_1_2_load_23, i3 1, i32 %p_ZZ10top_kernelPKfS0_S0_PfE9equalized_1_3_load_23, i3 2, i32 %p_ZZ10top_kernelPKfS0_S0_PfE9equalized_1_4_load_23, i32 <undef>, i3 %trunc_ln85" [top.cpp:91]   --->   Operation 1146 'sparsemux' 'tmp_51' <Predicate = (!trunc_ln86)> <Delay = 0.66> <CoreInst = "BinarySparseMux_DontCare">   --->   Core 149 'BinarySparseMux_DontCare' <Latency = 0> <II = 1> <Delay = 0.66> <FuncUnit> <Opcode : 'sparsemux'> <InPorts = 2> <OutPorts = 1>
ST_13 : Operation 1147 [1/1] (0.52ns)   --->   "%select_ln91_23 = select i1 %trunc_ln86, i32 %tmp_50, i32 %tmp_51" [top.cpp:91]   --->   Operation 1147 'select' 'select_ln91_23' <Predicate = true> <Delay = 0.52> <CoreInst = "Sel">   --->   Core 73 'Sel' <Latency = 0> <II = 1> <Delay = 0.52> <FuncUnit> <Opcode : 'select'> <InPorts = 3> <OutPorts = 1>
ST_13 : Operation 1148 [2/2] (1.35ns)   --->   "%p_ZZ10top_kernelPKfS0_S0_PfE9equalized_0_0_load_24 = load i9 %p_ZZ10top_kernelPKfS0_S0_PfE9equalized_0_0_addr_24" [top.cpp:91]   --->   Operation 1148 'load' 'p_ZZ10top_kernelPKfS0_S0_PfE9equalized_0_0_load_24' <Predicate = (!trunc_ln86 & trunc_ln85 == 3)> <Delay = 1.35> <CoreInst = "RAM">   --->   Core 82 'RAM' <Latency = 1> <II = 1> <Delay = 1.35> <Storage> <Opcode : 'load' 'store'> <Ports = 2> <Width = 32> <Depth = 416> <RAM>
ST_13 : Operation 1149 [2/2] (1.35ns)   --->   "%p_ZZ10top_kernelPKfS0_S0_PfE9equalized_0_1_load_24 = load i9 %p_ZZ10top_kernelPKfS0_S0_PfE9equalized_0_1_addr_24" [top.cpp:91]   --->   Operation 1149 'load' 'p_ZZ10top_kernelPKfS0_S0_PfE9equalized_0_1_load_24' <Predicate = (!trunc_ln86 & trunc_ln85 == 4)> <Delay = 1.35> <CoreInst = "RAM">   --->   Core 82 'RAM' <Latency = 1> <II = 1> <Delay = 1.35> <Storage> <Opcode : 'load' 'store'> <Ports = 2> <Width = 32> <Depth = 416> <RAM>
ST_13 : Operation 1150 [2/2] (1.35ns)   --->   "%p_ZZ10top_kernelPKfS0_S0_PfE9equalized_0_2_load_24 = load i9 %p_ZZ10top_kernelPKfS0_S0_PfE9equalized_0_2_addr_24" [top.cpp:91]   --->   Operation 1150 'load' 'p_ZZ10top_kernelPKfS0_S0_PfE9equalized_0_2_load_24' <Predicate = (!trunc_ln86 & trunc_ln85 == 0)> <Delay = 1.35> <CoreInst = "RAM">   --->   Core 82 'RAM' <Latency = 1> <II = 1> <Delay = 1.35> <Storage> <Opcode : 'load' 'store'> <Ports = 2> <Width = 32> <Depth = 416> <RAM>
ST_13 : Operation 1151 [2/2] (1.35ns)   --->   "%p_ZZ10top_kernelPKfS0_S0_PfE9equalized_0_3_load_24 = load i9 %p_ZZ10top_kernelPKfS0_S0_PfE9equalized_0_3_addr_24" [top.cpp:91]   --->   Operation 1151 'load' 'p_ZZ10top_kernelPKfS0_S0_PfE9equalized_0_3_load_24' <Predicate = (!trunc_ln86 & trunc_ln85 == 1)> <Delay = 1.35> <CoreInst = "RAM">   --->   Core 82 'RAM' <Latency = 1> <II = 1> <Delay = 1.35> <Storage> <Opcode : 'load' 'store'> <Ports = 2> <Width = 32> <Depth = 416> <RAM>
ST_13 : Operation 1152 [2/2] (1.35ns)   --->   "%p_ZZ10top_kernelPKfS0_S0_PfE9equalized_0_4_load_24 = load i9 %p_ZZ10top_kernelPKfS0_S0_PfE9equalized_0_4_addr_24" [top.cpp:91]   --->   Operation 1152 'load' 'p_ZZ10top_kernelPKfS0_S0_PfE9equalized_0_4_load_24' <Predicate = (!trunc_ln86 & trunc_ln85 == 2)> <Delay = 1.35> <CoreInst = "RAM">   --->   Core 82 'RAM' <Latency = 1> <II = 1> <Delay = 1.35> <Storage> <Opcode : 'load' 'store'> <Ports = 2> <Width = 32> <Depth = 416> <RAM>
ST_13 : Operation 1153 [2/2] (1.35ns)   --->   "%p_ZZ10top_kernelPKfS0_S0_PfE9equalized_1_0_load_24 = load i9 %p_ZZ10top_kernelPKfS0_S0_PfE9equalized_1_0_addr_24" [top.cpp:91]   --->   Operation 1153 'load' 'p_ZZ10top_kernelPKfS0_S0_PfE9equalized_1_0_load_24' <Predicate = (trunc_ln86 & trunc_ln85 == 3)> <Delay = 1.35> <CoreInst = "RAM">   --->   Core 82 'RAM' <Latency = 1> <II = 1> <Delay = 1.35> <Storage> <Opcode : 'load' 'store'> <Ports = 2> <Width = 32> <Depth = 416> <RAM>
ST_13 : Operation 1154 [2/2] (1.35ns)   --->   "%p_ZZ10top_kernelPKfS0_S0_PfE9equalized_1_1_load_24 = load i9 %p_ZZ10top_kernelPKfS0_S0_PfE9equalized_1_1_addr_24" [top.cpp:91]   --->   Operation 1154 'load' 'p_ZZ10top_kernelPKfS0_S0_PfE9equalized_1_1_load_24' <Predicate = (trunc_ln86 & trunc_ln85 == 4)> <Delay = 1.35> <CoreInst = "RAM">   --->   Core 82 'RAM' <Latency = 1> <II = 1> <Delay = 1.35> <Storage> <Opcode : 'load' 'store'> <Ports = 2> <Width = 32> <Depth = 416> <RAM>
ST_13 : Operation 1155 [2/2] (1.35ns)   --->   "%p_ZZ10top_kernelPKfS0_S0_PfE9equalized_1_2_load_24 = load i9 %p_ZZ10top_kernelPKfS0_S0_PfE9equalized_1_2_addr_24" [top.cpp:91]   --->   Operation 1155 'load' 'p_ZZ10top_kernelPKfS0_S0_PfE9equalized_1_2_load_24' <Predicate = (trunc_ln86 & trunc_ln85 == 0)> <Delay = 1.35> <CoreInst = "RAM">   --->   Core 82 'RAM' <Latency = 1> <II = 1> <Delay = 1.35> <Storage> <Opcode : 'load' 'store'> <Ports = 2> <Width = 32> <Depth = 416> <RAM>
ST_13 : Operation 1156 [2/2] (1.35ns)   --->   "%p_ZZ10top_kernelPKfS0_S0_PfE9equalized_1_3_load_24 = load i9 %p_ZZ10top_kernelPKfS0_S0_PfE9equalized_1_3_addr_24" [top.cpp:91]   --->   Operation 1156 'load' 'p_ZZ10top_kernelPKfS0_S0_PfE9equalized_1_3_load_24' <Predicate = (trunc_ln86 & trunc_ln85 == 1)> <Delay = 1.35> <CoreInst = "RAM">   --->   Core 82 'RAM' <Latency = 1> <II = 1> <Delay = 1.35> <Storage> <Opcode : 'load' 'store'> <Ports = 2> <Width = 32> <Depth = 416> <RAM>
ST_13 : Operation 1157 [2/2] (1.35ns)   --->   "%p_ZZ10top_kernelPKfS0_S0_PfE9equalized_1_4_load_24 = load i9 %p_ZZ10top_kernelPKfS0_S0_PfE9equalized_1_4_addr_24" [top.cpp:91]   --->   Operation 1157 'load' 'p_ZZ10top_kernelPKfS0_S0_PfE9equalized_1_4_load_24' <Predicate = (trunc_ln86 & trunc_ln85 == 2)> <Delay = 1.35> <CoreInst = "RAM">   --->   Core 82 'RAM' <Latency = 1> <II = 1> <Delay = 1.35> <Storage> <Opcode : 'load' 'store'> <Ports = 2> <Width = 32> <Depth = 416> <RAM>

State 14 <SV = 13> <Delay = 2.65>
ST_14 : Operation 1158 [7/7] (2.65ns)   --->   "%mul = fmul i32 %select_ln91, i32 0.003" [top.cpp:91]   --->   Operation 1158 'fmul' 'mul' <Predicate = true> <Delay = 2.65> <CoreInst = "FMul_maxdsp">   --->   Core 30 'FMul_maxdsp' <Latency = 6> <II = 1> <Delay = 2.65> <FuncUnit> <Opcode : 'fmul'> <InPorts = 2> <OutPorts = 1>
ST_14 : Operation 1159 [7/7] (2.65ns)   --->   "%mul139_s = fmul i32 %select_ln91_1, i32 0.013" [top.cpp:91]   --->   Operation 1159 'fmul' 'mul139_s' <Predicate = true> <Delay = 2.65> <CoreInst = "FMul_maxdsp">   --->   Core 30 'FMul_maxdsp' <Latency = 6> <II = 1> <Delay = 2.65> <FuncUnit> <Opcode : 'fmul'> <InPorts = 2> <OutPorts = 1>
ST_14 : Operation 1160 [7/7] (2.65ns)   --->   "%mul139_5 = fmul i32 %select_ln91_2, i32 0.022" [top.cpp:91]   --->   Operation 1160 'fmul' 'mul139_5' <Predicate = true> <Delay = 2.65> <CoreInst = "FMul_maxdsp">   --->   Core 30 'FMul_maxdsp' <Latency = 6> <II = 1> <Delay = 2.65> <FuncUnit> <Opcode : 'fmul'> <InPorts = 2> <OutPorts = 1>
ST_14 : Operation 1161 [7/7] (2.65ns)   --->   "%mul139_6 = fmul i32 %select_ln91_3, i32 0.013" [top.cpp:91]   --->   Operation 1161 'fmul' 'mul139_6' <Predicate = true> <Delay = 2.65> <CoreInst = "FMul_maxdsp">   --->   Core 30 'FMul_maxdsp' <Latency = 6> <II = 1> <Delay = 2.65> <FuncUnit> <Opcode : 'fmul'> <InPorts = 2> <OutPorts = 1>
ST_14 : Operation 1162 [1/2] ( I:1.35ns O:1.35ns )   --->   "%p_ZZ10top_kernelPKfS0_S0_PfE9equalized_0_0_load_4 = load i9 %p_ZZ10top_kernelPKfS0_S0_PfE9equalized_0_0_addr_5" [top.cpp:91]   --->   Operation 1162 'load' 'p_ZZ10top_kernelPKfS0_S0_PfE9equalized_0_0_load_4' <Predicate = (!trunc_ln86 & trunc_ln85 == 2)> <Delay = 1.35> <CoreInst = "RAM">   --->   Core 82 'RAM' <Latency = 1> <II = 1> <Delay = 1.35> <Storage> <Opcode : 'load' 'store'> <Ports = 2> <Width = 32> <Depth = 416> <RAM>
ST_14 : Operation 1163 [1/2] ( I:1.35ns O:1.35ns )   --->   "%p_ZZ10top_kernelPKfS0_S0_PfE9equalized_0_1_load_4 = load i9 %p_ZZ10top_kernelPKfS0_S0_PfE9equalized_0_1_addr_5" [top.cpp:91]   --->   Operation 1163 'load' 'p_ZZ10top_kernelPKfS0_S0_PfE9equalized_0_1_load_4' <Predicate = (!trunc_ln86 & trunc_ln85 == 3)> <Delay = 1.35> <CoreInst = "RAM">   --->   Core 82 'RAM' <Latency = 1> <II = 1> <Delay = 1.35> <Storage> <Opcode : 'load' 'store'> <Ports = 2> <Width = 32> <Depth = 416> <RAM>
ST_14 : Operation 1164 [1/2] ( I:1.35ns O:1.35ns )   --->   "%p_ZZ10top_kernelPKfS0_S0_PfE9equalized_0_2_load_4 = load i9 %p_ZZ10top_kernelPKfS0_S0_PfE9equalized_0_2_addr_5" [top.cpp:91]   --->   Operation 1164 'load' 'p_ZZ10top_kernelPKfS0_S0_PfE9equalized_0_2_load_4' <Predicate = (!trunc_ln86 & trunc_ln85 == 4)> <Delay = 1.35> <CoreInst = "RAM">   --->   Core 82 'RAM' <Latency = 1> <II = 1> <Delay = 1.35> <Storage> <Opcode : 'load' 'store'> <Ports = 2> <Width = 32> <Depth = 416> <RAM>
ST_14 : Operation 1165 [1/2] ( I:1.35ns O:1.35ns )   --->   "%p_ZZ10top_kernelPKfS0_S0_PfE9equalized_0_3_load_4 = load i9 %p_ZZ10top_kernelPKfS0_S0_PfE9equalized_0_3_addr_5" [top.cpp:91]   --->   Operation 1165 'load' 'p_ZZ10top_kernelPKfS0_S0_PfE9equalized_0_3_load_4' <Predicate = (!trunc_ln86 & trunc_ln85 == 0)> <Delay = 1.35> <CoreInst = "RAM">   --->   Core 82 'RAM' <Latency = 1> <II = 1> <Delay = 1.35> <Storage> <Opcode : 'load' 'store'> <Ports = 2> <Width = 32> <Depth = 416> <RAM>
ST_14 : Operation 1166 [1/2] ( I:1.35ns O:1.35ns )   --->   "%p_ZZ10top_kernelPKfS0_S0_PfE9equalized_0_4_load_4 = load i9 %p_ZZ10top_kernelPKfS0_S0_PfE9equalized_0_4_addr_5" [top.cpp:91]   --->   Operation 1166 'load' 'p_ZZ10top_kernelPKfS0_S0_PfE9equalized_0_4_load_4' <Predicate = (!trunc_ln86 & trunc_ln85 == 1)> <Delay = 1.35> <CoreInst = "RAM">   --->   Core 82 'RAM' <Latency = 1> <II = 1> <Delay = 1.35> <Storage> <Opcode : 'load' 'store'> <Ports = 2> <Width = 32> <Depth = 416> <RAM>
ST_14 : Operation 1167 [1/1] (0.66ns)   --->   "%tmp_12 = sparsemux i32 @_ssdm_op_SparseMux.ap_auto.5float.float.i3, i3 2, i32 %p_ZZ10top_kernelPKfS0_S0_PfE9equalized_0_0_load_4, i3 3, i32 %p_ZZ10top_kernelPKfS0_S0_PfE9equalized_0_1_load_4, i3 4, i32 %p_ZZ10top_kernelPKfS0_S0_PfE9equalized_0_2_load_4, i3 0, i32 %p_ZZ10top_kernelPKfS0_S0_PfE9equalized_0_3_load_4, i3 1, i32 %p_ZZ10top_kernelPKfS0_S0_PfE9equalized_0_4_load_4, i32 <undef>, i3 %trunc_ln85" [top.cpp:91]   --->   Operation 1167 'sparsemux' 'tmp_12' <Predicate = (!trunc_ln86)> <Delay = 0.66> <CoreInst = "BinarySparseMux_DontCare">   --->   Core 149 'BinarySparseMux_DontCare' <Latency = 0> <II = 1> <Delay = 0.66> <FuncUnit> <Opcode : 'sparsemux'> <InPorts = 2> <OutPorts = 1>
ST_14 : Operation 1168 [1/2] ( I:1.35ns O:1.35ns )   --->   "%p_ZZ10top_kernelPKfS0_S0_PfE9equalized_1_0_load_4 = load i9 %p_ZZ10top_kernelPKfS0_S0_PfE9equalized_1_0_addr_5" [top.cpp:91]   --->   Operation 1168 'load' 'p_ZZ10top_kernelPKfS0_S0_PfE9equalized_1_0_load_4' <Predicate = (trunc_ln86 & trunc_ln85 == 2)> <Delay = 1.35> <CoreInst = "RAM">   --->   Core 82 'RAM' <Latency = 1> <II = 1> <Delay = 1.35> <Storage> <Opcode : 'load' 'store'> <Ports = 2> <Width = 32> <Depth = 416> <RAM>
ST_14 : Operation 1169 [1/2] ( I:1.35ns O:1.35ns )   --->   "%p_ZZ10top_kernelPKfS0_S0_PfE9equalized_1_1_load_4 = load i9 %p_ZZ10top_kernelPKfS0_S0_PfE9equalized_1_1_addr_5" [top.cpp:91]   --->   Operation 1169 'load' 'p_ZZ10top_kernelPKfS0_S0_PfE9equalized_1_1_load_4' <Predicate = (trunc_ln86 & trunc_ln85 == 3)> <Delay = 1.35> <CoreInst = "RAM">   --->   Core 82 'RAM' <Latency = 1> <II = 1> <Delay = 1.35> <Storage> <Opcode : 'load' 'store'> <Ports = 2> <Width = 32> <Depth = 416> <RAM>
ST_14 : Operation 1170 [1/2] ( I:1.35ns O:1.35ns )   --->   "%p_ZZ10top_kernelPKfS0_S0_PfE9equalized_1_2_load_4 = load i9 %p_ZZ10top_kernelPKfS0_S0_PfE9equalized_1_2_addr_5" [top.cpp:91]   --->   Operation 1170 'load' 'p_ZZ10top_kernelPKfS0_S0_PfE9equalized_1_2_load_4' <Predicate = (trunc_ln86 & trunc_ln85 == 4)> <Delay = 1.35> <CoreInst = "RAM">   --->   Core 82 'RAM' <Latency = 1> <II = 1> <Delay = 1.35> <Storage> <Opcode : 'load' 'store'> <Ports = 2> <Width = 32> <Depth = 416> <RAM>
ST_14 : Operation 1171 [1/2] ( I:1.35ns O:1.35ns )   --->   "%p_ZZ10top_kernelPKfS0_S0_PfE9equalized_1_3_load_4 = load i9 %p_ZZ10top_kernelPKfS0_S0_PfE9equalized_1_3_addr_5" [top.cpp:91]   --->   Operation 1171 'load' 'p_ZZ10top_kernelPKfS0_S0_PfE9equalized_1_3_load_4' <Predicate = (trunc_ln86 & trunc_ln85 == 0)> <Delay = 1.35> <CoreInst = "RAM">   --->   Core 82 'RAM' <Latency = 1> <II = 1> <Delay = 1.35> <Storage> <Opcode : 'load' 'store'> <Ports = 2> <Width = 32> <Depth = 416> <RAM>
ST_14 : Operation 1172 [1/2] ( I:1.35ns O:1.35ns )   --->   "%p_ZZ10top_kernelPKfS0_S0_PfE9equalized_1_4_load_4 = load i9 %p_ZZ10top_kernelPKfS0_S0_PfE9equalized_1_4_addr_5" [top.cpp:91]   --->   Operation 1172 'load' 'p_ZZ10top_kernelPKfS0_S0_PfE9equalized_1_4_load_4' <Predicate = (trunc_ln86 & trunc_ln85 == 1)> <Delay = 1.35> <CoreInst = "RAM">   --->   Core 82 'RAM' <Latency = 1> <II = 1> <Delay = 1.35> <Storage> <Opcode : 'load' 'store'> <Ports = 2> <Width = 32> <Depth = 416> <RAM>
ST_14 : Operation 1173 [1/1] (0.66ns)   --->   "%tmp_13 = sparsemux i32 @_ssdm_op_SparseMux.ap_auto.5float.float.i3, i3 2, i32 %p_ZZ10top_kernelPKfS0_S0_PfE9equalized_1_0_load_4, i3 3, i32 %p_ZZ10top_kernelPKfS0_S0_PfE9equalized_1_1_load_4, i3 4, i32 %p_ZZ10top_kernelPKfS0_S0_PfE9equalized_1_2_load_4, i3 0, i32 %p_ZZ10top_kernelPKfS0_S0_PfE9equalized_1_3_load_4, i3 1, i32 %p_ZZ10top_kernelPKfS0_S0_PfE9equalized_1_4_load_4, i32 <undef>, i3 %trunc_ln85" [top.cpp:91]   --->   Operation 1173 'sparsemux' 'tmp_13' <Predicate = (trunc_ln86)> <Delay = 0.66> <CoreInst = "BinarySparseMux_DontCare">   --->   Core 149 'BinarySparseMux_DontCare' <Latency = 0> <II = 1> <Delay = 0.66> <FuncUnit> <Opcode : 'sparsemux'> <InPorts = 2> <OutPorts = 1>
ST_14 : Operation 1174 [1/1] (0.52ns)   --->   "%select_ln91_4 = select i1 %trunc_ln86, i32 %tmp_13, i32 %tmp_12" [top.cpp:91]   --->   Operation 1174 'select' 'select_ln91_4' <Predicate = true> <Delay = 0.52> <CoreInst = "Sel">   --->   Core 73 'Sel' <Latency = 0> <II = 1> <Delay = 0.52> <FuncUnit> <Opcode : 'select'> <InPorts = 3> <OutPorts = 1>
ST_14 : Operation 1175 [7/7] (2.65ns)   --->   "%mul139_1 = fmul i32 %select_ln91_5, i32 0.013" [top.cpp:91]   --->   Operation 1175 'fmul' 'mul139_1' <Predicate = true> <Delay = 2.65> <CoreInst = "FMul_maxdsp">   --->   Core 30 'FMul_maxdsp' <Latency = 6> <II = 1> <Delay = 2.65> <FuncUnit> <Opcode : 'fmul'> <InPorts = 2> <OutPorts = 1>
ST_14 : Operation 1176 [7/7] (2.65ns)   --->   "%mul139_1_1 = fmul i32 %select_ln91_6, i32 0.06" [top.cpp:91]   --->   Operation 1176 'fmul' 'mul139_1_1' <Predicate = true> <Delay = 2.65> <CoreInst = "FMul_maxdsp">   --->   Core 30 'FMul_maxdsp' <Latency = 6> <II = 1> <Delay = 2.65> <FuncUnit> <Opcode : 'fmul'> <InPorts = 2> <OutPorts = 1>
ST_14 : Operation 1177 [7/7] (2.65ns)   --->   "%mul139_1_2 = fmul i32 %select_ln91_7, i32 0.098" [top.cpp:91]   --->   Operation 1177 'fmul' 'mul139_1_2' <Predicate = true> <Delay = 2.65> <CoreInst = "FMul_maxdsp">   --->   Core 30 'FMul_maxdsp' <Latency = 6> <II = 1> <Delay = 2.65> <FuncUnit> <Opcode : 'fmul'> <InPorts = 2> <OutPorts = 1>
ST_14 : Operation 1178 [7/7] (2.65ns)   --->   "%mul139_1_3 = fmul i32 %select_ln91_8, i32 0.06" [top.cpp:91]   --->   Operation 1178 'fmul' 'mul139_1_3' <Predicate = true> <Delay = 2.65> <CoreInst = "FMul_maxdsp">   --->   Core 30 'FMul_maxdsp' <Latency = 6> <II = 1> <Delay = 2.65> <FuncUnit> <Opcode : 'fmul'> <InPorts = 2> <OutPorts = 1>
ST_14 : Operation 1179 [1/2] ( I:1.35ns O:1.35ns )   --->   "%p_ZZ10top_kernelPKfS0_S0_PfE9equalized_0_0_load_9 = load i9 %p_ZZ10top_kernelPKfS0_S0_PfE9equalized_0_0_addr_10" [top.cpp:91]   --->   Operation 1179 'load' 'p_ZZ10top_kernelPKfS0_S0_PfE9equalized_0_0_load_9' <Predicate = (!trunc_ln86 & trunc_ln85 == 1)> <Delay = 1.35> <CoreInst = "RAM">   --->   Core 82 'RAM' <Latency = 1> <II = 1> <Delay = 1.35> <Storage> <Opcode : 'load' 'store'> <Ports = 2> <Width = 32> <Depth = 416> <RAM>
ST_14 : Operation 1180 [1/2] ( I:1.35ns O:1.35ns )   --->   "%p_ZZ10top_kernelPKfS0_S0_PfE9equalized_0_1_load_9 = load i9 %p_ZZ10top_kernelPKfS0_S0_PfE9equalized_0_1_addr_10" [top.cpp:91]   --->   Operation 1180 'load' 'p_ZZ10top_kernelPKfS0_S0_PfE9equalized_0_1_load_9' <Predicate = (!trunc_ln86 & trunc_ln85 == 2)> <Delay = 1.35> <CoreInst = "RAM">   --->   Core 82 'RAM' <Latency = 1> <II = 1> <Delay = 1.35> <Storage> <Opcode : 'load' 'store'> <Ports = 2> <Width = 32> <Depth = 416> <RAM>
ST_14 : Operation 1181 [1/2] ( I:1.35ns O:1.35ns )   --->   "%p_ZZ10top_kernelPKfS0_S0_PfE9equalized_0_2_load_9 = load i9 %p_ZZ10top_kernelPKfS0_S0_PfE9equalized_0_2_addr_10" [top.cpp:91]   --->   Operation 1181 'load' 'p_ZZ10top_kernelPKfS0_S0_PfE9equalized_0_2_load_9' <Predicate = (!trunc_ln86 & trunc_ln85 == 3)> <Delay = 1.35> <CoreInst = "RAM">   --->   Core 82 'RAM' <Latency = 1> <II = 1> <Delay = 1.35> <Storage> <Opcode : 'load' 'store'> <Ports = 2> <Width = 32> <Depth = 416> <RAM>
ST_14 : Operation 1182 [1/2] ( I:1.35ns O:1.35ns )   --->   "%p_ZZ10top_kernelPKfS0_S0_PfE9equalized_0_3_load_9 = load i9 %p_ZZ10top_kernelPKfS0_S0_PfE9equalized_0_3_addr_10" [top.cpp:91]   --->   Operation 1182 'load' 'p_ZZ10top_kernelPKfS0_S0_PfE9equalized_0_3_load_9' <Predicate = (!trunc_ln86 & trunc_ln85 == 4)> <Delay = 1.35> <CoreInst = "RAM">   --->   Core 82 'RAM' <Latency = 1> <II = 1> <Delay = 1.35> <Storage> <Opcode : 'load' 'store'> <Ports = 2> <Width = 32> <Depth = 416> <RAM>
ST_14 : Operation 1183 [1/2] ( I:1.35ns O:1.35ns )   --->   "%p_ZZ10top_kernelPKfS0_S0_PfE9equalized_0_4_load_9 = load i9 %p_ZZ10top_kernelPKfS0_S0_PfE9equalized_0_4_addr_10" [top.cpp:91]   --->   Operation 1183 'load' 'p_ZZ10top_kernelPKfS0_S0_PfE9equalized_0_4_load_9' <Predicate = (!trunc_ln86 & trunc_ln85 == 0)> <Delay = 1.35> <CoreInst = "RAM">   --->   Core 82 'RAM' <Latency = 1> <II = 1> <Delay = 1.35> <Storage> <Opcode : 'load' 'store'> <Ports = 2> <Width = 32> <Depth = 416> <RAM>
ST_14 : Operation 1184 [1/1] (0.66ns)   --->   "%tmp_22 = sparsemux i32 @_ssdm_op_SparseMux.ap_auto.5float.float.i3, i3 1, i32 %p_ZZ10top_kernelPKfS0_S0_PfE9equalized_0_0_load_9, i3 2, i32 %p_ZZ10top_kernelPKfS0_S0_PfE9equalized_0_1_load_9, i3 3, i32 %p_ZZ10top_kernelPKfS0_S0_PfE9equalized_0_2_load_9, i3 4, i32 %p_ZZ10top_kernelPKfS0_S0_PfE9equalized_0_3_load_9, i3 0, i32 %p_ZZ10top_kernelPKfS0_S0_PfE9equalized_0_4_load_9, i32 <undef>, i3 %trunc_ln85" [top.cpp:91]   --->   Operation 1184 'sparsemux' 'tmp_22' <Predicate = (!trunc_ln86)> <Delay = 0.66> <CoreInst = "BinarySparseMux_DontCare">   --->   Core 149 'BinarySparseMux_DontCare' <Latency = 0> <II = 1> <Delay = 0.66> <FuncUnit> <Opcode : 'sparsemux'> <InPorts = 2> <OutPorts = 1>
ST_14 : Operation 1185 [1/2] ( I:1.35ns O:1.35ns )   --->   "%p_ZZ10top_kernelPKfS0_S0_PfE9equalized_1_0_load_9 = load i9 %p_ZZ10top_kernelPKfS0_S0_PfE9equalized_1_0_addr_10" [top.cpp:91]   --->   Operation 1185 'load' 'p_ZZ10top_kernelPKfS0_S0_PfE9equalized_1_0_load_9' <Predicate = (trunc_ln86 & trunc_ln85 == 1)> <Delay = 1.35> <CoreInst = "RAM">   --->   Core 82 'RAM' <Latency = 1> <II = 1> <Delay = 1.35> <Storage> <Opcode : 'load' 'store'> <Ports = 2> <Width = 32> <Depth = 416> <RAM>
ST_14 : Operation 1186 [1/2] ( I:1.35ns O:1.35ns )   --->   "%p_ZZ10top_kernelPKfS0_S0_PfE9equalized_1_1_load_9 = load i9 %p_ZZ10top_kernelPKfS0_S0_PfE9equalized_1_1_addr_10" [top.cpp:91]   --->   Operation 1186 'load' 'p_ZZ10top_kernelPKfS0_S0_PfE9equalized_1_1_load_9' <Predicate = (trunc_ln86 & trunc_ln85 == 2)> <Delay = 1.35> <CoreInst = "RAM">   --->   Core 82 'RAM' <Latency = 1> <II = 1> <Delay = 1.35> <Storage> <Opcode : 'load' 'store'> <Ports = 2> <Width = 32> <Depth = 416> <RAM>
ST_14 : Operation 1187 [1/2] ( I:1.35ns O:1.35ns )   --->   "%p_ZZ10top_kernelPKfS0_S0_PfE9equalized_1_2_load_9 = load i9 %p_ZZ10top_kernelPKfS0_S0_PfE9equalized_1_2_addr_10" [top.cpp:91]   --->   Operation 1187 'load' 'p_ZZ10top_kernelPKfS0_S0_PfE9equalized_1_2_load_9' <Predicate = (trunc_ln86 & trunc_ln85 == 3)> <Delay = 1.35> <CoreInst = "RAM">   --->   Core 82 'RAM' <Latency = 1> <II = 1> <Delay = 1.35> <Storage> <Opcode : 'load' 'store'> <Ports = 2> <Width = 32> <Depth = 416> <RAM>
ST_14 : Operation 1188 [1/2] ( I:1.35ns O:1.35ns )   --->   "%p_ZZ10top_kernelPKfS0_S0_PfE9equalized_1_3_load_9 = load i9 %p_ZZ10top_kernelPKfS0_S0_PfE9equalized_1_3_addr_10" [top.cpp:91]   --->   Operation 1188 'load' 'p_ZZ10top_kernelPKfS0_S0_PfE9equalized_1_3_load_9' <Predicate = (trunc_ln86 & trunc_ln85 == 4)> <Delay = 1.35> <CoreInst = "RAM">   --->   Core 82 'RAM' <Latency = 1> <II = 1> <Delay = 1.35> <Storage> <Opcode : 'load' 'store'> <Ports = 2> <Width = 32> <Depth = 416> <RAM>
ST_14 : Operation 1189 [1/2] ( I:1.35ns O:1.35ns )   --->   "%p_ZZ10top_kernelPKfS0_S0_PfE9equalized_1_4_load_9 = load i9 %p_ZZ10top_kernelPKfS0_S0_PfE9equalized_1_4_addr_10" [top.cpp:91]   --->   Operation 1189 'load' 'p_ZZ10top_kernelPKfS0_S0_PfE9equalized_1_4_load_9' <Predicate = (trunc_ln86 & trunc_ln85 == 0)> <Delay = 1.35> <CoreInst = "RAM">   --->   Core 82 'RAM' <Latency = 1> <II = 1> <Delay = 1.35> <Storage> <Opcode : 'load' 'store'> <Ports = 2> <Width = 32> <Depth = 416> <RAM>
ST_14 : Operation 1190 [1/1] (0.66ns)   --->   "%tmp_23 = sparsemux i32 @_ssdm_op_SparseMux.ap_auto.5float.float.i3, i3 1, i32 %p_ZZ10top_kernelPKfS0_S0_PfE9equalized_1_0_load_9, i3 2, i32 %p_ZZ10top_kernelPKfS0_S0_PfE9equalized_1_1_load_9, i3 3, i32 %p_ZZ10top_kernelPKfS0_S0_PfE9equalized_1_2_load_9, i3 4, i32 %p_ZZ10top_kernelPKfS0_S0_PfE9equalized_1_3_load_9, i3 0, i32 %p_ZZ10top_kernelPKfS0_S0_PfE9equalized_1_4_load_9, i32 <undef>, i3 %trunc_ln85" [top.cpp:91]   --->   Operation 1190 'sparsemux' 'tmp_23' <Predicate = (trunc_ln86)> <Delay = 0.66> <CoreInst = "BinarySparseMux_DontCare">   --->   Core 149 'BinarySparseMux_DontCare' <Latency = 0> <II = 1> <Delay = 0.66> <FuncUnit> <Opcode : 'sparsemux'> <InPorts = 2> <OutPorts = 1>
ST_14 : Operation 1191 [1/1] (0.52ns)   --->   "%select_ln91_9 = select i1 %trunc_ln86, i32 %tmp_23, i32 %tmp_22" [top.cpp:91]   --->   Operation 1191 'select' 'select_ln91_9' <Predicate = true> <Delay = 0.52> <CoreInst = "Sel">   --->   Core 73 'Sel' <Latency = 0> <II = 1> <Delay = 0.52> <FuncUnit> <Opcode : 'select'> <InPorts = 3> <OutPorts = 1>
ST_14 : Operation 1192 [7/7] (2.65ns)   --->   "%mul139_2 = fmul i32 %select_ln91_10, i32 0.022" [top.cpp:91]   --->   Operation 1192 'fmul' 'mul139_2' <Predicate = true> <Delay = 2.65> <CoreInst = "FMul_maxdsp">   --->   Core 30 'FMul_maxdsp' <Latency = 6> <II = 1> <Delay = 2.65> <FuncUnit> <Opcode : 'fmul'> <InPorts = 2> <OutPorts = 1>
ST_14 : Operation 1193 [7/7] (2.65ns)   --->   "%mul139_2_1 = fmul i32 %select_ln91_11, i32 0.098" [top.cpp:91]   --->   Operation 1193 'fmul' 'mul139_2_1' <Predicate = true> <Delay = 2.65> <CoreInst = "FMul_maxdsp">   --->   Core 30 'FMul_maxdsp' <Latency = 6> <II = 1> <Delay = 2.65> <FuncUnit> <Opcode : 'fmul'> <InPorts = 2> <OutPorts = 1>
ST_14 : Operation 1194 [7/7] (2.65ns)   --->   "%mul139_2_2 = fmul i32 %select_ln91_12, i32 0.162" [top.cpp:91]   --->   Operation 1194 'fmul' 'mul139_2_2' <Predicate = true> <Delay = 2.65> <CoreInst = "FMul_maxdsp">   --->   Core 30 'FMul_maxdsp' <Latency = 6> <II = 1> <Delay = 2.65> <FuncUnit> <Opcode : 'fmul'> <InPorts = 2> <OutPorts = 1>
ST_14 : Operation 1195 [7/7] (2.65ns)   --->   "%mul139_2_3 = fmul i32 %select_ln91_13, i32 0.098" [top.cpp:91]   --->   Operation 1195 'fmul' 'mul139_2_3' <Predicate = true> <Delay = 2.65> <CoreInst = "FMul_maxdsp">   --->   Core 30 'FMul_maxdsp' <Latency = 6> <II = 1> <Delay = 2.65> <FuncUnit> <Opcode : 'fmul'> <InPorts = 2> <OutPorts = 1>
ST_14 : Operation 1196 [1/2] ( I:1.35ns O:1.35ns )   --->   "%p_ZZ10top_kernelPKfS0_S0_PfE9equalized_0_0_load_14 = load i9 %p_ZZ10top_kernelPKfS0_S0_PfE9equalized_0_0_addr_15" [top.cpp:91]   --->   Operation 1196 'load' 'p_ZZ10top_kernelPKfS0_S0_PfE9equalized_0_0_load_14' <Predicate = (!trunc_ln86 & trunc_ln85 == 0)> <Delay = 1.35> <CoreInst = "RAM">   --->   Core 82 'RAM' <Latency = 1> <II = 1> <Delay = 1.35> <Storage> <Opcode : 'load' 'store'> <Ports = 2> <Width = 32> <Depth = 416> <RAM>
ST_14 : Operation 1197 [1/2] ( I:1.35ns O:1.35ns )   --->   "%p_ZZ10top_kernelPKfS0_S0_PfE9equalized_0_1_load_14 = load i9 %p_ZZ10top_kernelPKfS0_S0_PfE9equalized_0_1_addr_15" [top.cpp:91]   --->   Operation 1197 'load' 'p_ZZ10top_kernelPKfS0_S0_PfE9equalized_0_1_load_14' <Predicate = (!trunc_ln86 & trunc_ln85 == 1)> <Delay = 1.35> <CoreInst = "RAM">   --->   Core 82 'RAM' <Latency = 1> <II = 1> <Delay = 1.35> <Storage> <Opcode : 'load' 'store'> <Ports = 2> <Width = 32> <Depth = 416> <RAM>
ST_14 : Operation 1198 [1/2] ( I:1.35ns O:1.35ns )   --->   "%p_ZZ10top_kernelPKfS0_S0_PfE9equalized_0_2_load_14 = load i9 %p_ZZ10top_kernelPKfS0_S0_PfE9equalized_0_2_addr_15" [top.cpp:91]   --->   Operation 1198 'load' 'p_ZZ10top_kernelPKfS0_S0_PfE9equalized_0_2_load_14' <Predicate = (!trunc_ln86 & trunc_ln85 == 2)> <Delay = 1.35> <CoreInst = "RAM">   --->   Core 82 'RAM' <Latency = 1> <II = 1> <Delay = 1.35> <Storage> <Opcode : 'load' 'store'> <Ports = 2> <Width = 32> <Depth = 416> <RAM>
ST_14 : Operation 1199 [1/2] ( I:1.35ns O:1.35ns )   --->   "%p_ZZ10top_kernelPKfS0_S0_PfE9equalized_0_3_load_14 = load i9 %p_ZZ10top_kernelPKfS0_S0_PfE9equalized_0_3_addr_15" [top.cpp:91]   --->   Operation 1199 'load' 'p_ZZ10top_kernelPKfS0_S0_PfE9equalized_0_3_load_14' <Predicate = (!trunc_ln86 & trunc_ln85 == 3)> <Delay = 1.35> <CoreInst = "RAM">   --->   Core 82 'RAM' <Latency = 1> <II = 1> <Delay = 1.35> <Storage> <Opcode : 'load' 'store'> <Ports = 2> <Width = 32> <Depth = 416> <RAM>
ST_14 : Operation 1200 [1/2] ( I:1.35ns O:1.35ns )   --->   "%p_ZZ10top_kernelPKfS0_S0_PfE9equalized_0_4_load_14 = load i9 %p_ZZ10top_kernelPKfS0_S0_PfE9equalized_0_4_addr_15" [top.cpp:91]   --->   Operation 1200 'load' 'p_ZZ10top_kernelPKfS0_S0_PfE9equalized_0_4_load_14' <Predicate = (!trunc_ln86 & trunc_ln85 == 4)> <Delay = 1.35> <CoreInst = "RAM">   --->   Core 82 'RAM' <Latency = 1> <II = 1> <Delay = 1.35> <Storage> <Opcode : 'load' 'store'> <Ports = 2> <Width = 32> <Depth = 416> <RAM>
ST_14 : Operation 1201 [1/1] (0.66ns)   --->   "%tmp_32 = sparsemux i32 @_ssdm_op_SparseMux.ap_auto.5float.float.i3, i3 0, i32 %p_ZZ10top_kernelPKfS0_S0_PfE9equalized_0_0_load_14, i3 1, i32 %p_ZZ10top_kernelPKfS0_S0_PfE9equalized_0_1_load_14, i3 2, i32 %p_ZZ10top_kernelPKfS0_S0_PfE9equalized_0_2_load_14, i3 3, i32 %p_ZZ10top_kernelPKfS0_S0_PfE9equalized_0_3_load_14, i3 4, i32 %p_ZZ10top_kernelPKfS0_S0_PfE9equalized_0_4_load_14, i32 <undef>, i3 %trunc_ln85" [top.cpp:91]   --->   Operation 1201 'sparsemux' 'tmp_32' <Predicate = (!trunc_ln86)> <Delay = 0.66> <CoreInst = "BinarySparseMux_DontCare">   --->   Core 149 'BinarySparseMux_DontCare' <Latency = 0> <II = 1> <Delay = 0.66> <FuncUnit> <Opcode : 'sparsemux'> <InPorts = 2> <OutPorts = 1>
ST_14 : Operation 1202 [1/2] ( I:1.35ns O:1.35ns )   --->   "%p_ZZ10top_kernelPKfS0_S0_PfE9equalized_1_0_load_14 = load i9 %p_ZZ10top_kernelPKfS0_S0_PfE9equalized_1_0_addr_15" [top.cpp:91]   --->   Operation 1202 'load' 'p_ZZ10top_kernelPKfS0_S0_PfE9equalized_1_0_load_14' <Predicate = (trunc_ln86 & trunc_ln85 == 0)> <Delay = 1.35> <CoreInst = "RAM">   --->   Core 82 'RAM' <Latency = 1> <II = 1> <Delay = 1.35> <Storage> <Opcode : 'load' 'store'> <Ports = 2> <Width = 32> <Depth = 416> <RAM>
ST_14 : Operation 1203 [1/2] ( I:1.35ns O:1.35ns )   --->   "%p_ZZ10top_kernelPKfS0_S0_PfE9equalized_1_1_load_14 = load i9 %p_ZZ10top_kernelPKfS0_S0_PfE9equalized_1_1_addr_15" [top.cpp:91]   --->   Operation 1203 'load' 'p_ZZ10top_kernelPKfS0_S0_PfE9equalized_1_1_load_14' <Predicate = (trunc_ln86 & trunc_ln85 == 1)> <Delay = 1.35> <CoreInst = "RAM">   --->   Core 82 'RAM' <Latency = 1> <II = 1> <Delay = 1.35> <Storage> <Opcode : 'load' 'store'> <Ports = 2> <Width = 32> <Depth = 416> <RAM>
ST_14 : Operation 1204 [1/2] ( I:1.35ns O:1.35ns )   --->   "%p_ZZ10top_kernelPKfS0_S0_PfE9equalized_1_2_load_14 = load i9 %p_ZZ10top_kernelPKfS0_S0_PfE9equalized_1_2_addr_15" [top.cpp:91]   --->   Operation 1204 'load' 'p_ZZ10top_kernelPKfS0_S0_PfE9equalized_1_2_load_14' <Predicate = (trunc_ln86 & trunc_ln85 == 2)> <Delay = 1.35> <CoreInst = "RAM">   --->   Core 82 'RAM' <Latency = 1> <II = 1> <Delay = 1.35> <Storage> <Opcode : 'load' 'store'> <Ports = 2> <Width = 32> <Depth = 416> <RAM>
ST_14 : Operation 1205 [1/2] ( I:1.35ns O:1.35ns )   --->   "%p_ZZ10top_kernelPKfS0_S0_PfE9equalized_1_3_load_14 = load i9 %p_ZZ10top_kernelPKfS0_S0_PfE9equalized_1_3_addr_15" [top.cpp:91]   --->   Operation 1205 'load' 'p_ZZ10top_kernelPKfS0_S0_PfE9equalized_1_3_load_14' <Predicate = (trunc_ln86 & trunc_ln85 == 3)> <Delay = 1.35> <CoreInst = "RAM">   --->   Core 82 'RAM' <Latency = 1> <II = 1> <Delay = 1.35> <Storage> <Opcode : 'load' 'store'> <Ports = 2> <Width = 32> <Depth = 416> <RAM>
ST_14 : Operation 1206 [1/2] ( I:1.35ns O:1.35ns )   --->   "%p_ZZ10top_kernelPKfS0_S0_PfE9equalized_1_4_load_14 = load i9 %p_ZZ10top_kernelPKfS0_S0_PfE9equalized_1_4_addr_15" [top.cpp:91]   --->   Operation 1206 'load' 'p_ZZ10top_kernelPKfS0_S0_PfE9equalized_1_4_load_14' <Predicate = (trunc_ln86 & trunc_ln85 == 4)> <Delay = 1.35> <CoreInst = "RAM">   --->   Core 82 'RAM' <Latency = 1> <II = 1> <Delay = 1.35> <Storage> <Opcode : 'load' 'store'> <Ports = 2> <Width = 32> <Depth = 416> <RAM>
ST_14 : Operation 1207 [1/1] (0.66ns)   --->   "%tmp_33 = sparsemux i32 @_ssdm_op_SparseMux.ap_auto.5float.float.i3, i3 0, i32 %p_ZZ10top_kernelPKfS0_S0_PfE9equalized_1_0_load_14, i3 1, i32 %p_ZZ10top_kernelPKfS0_S0_PfE9equalized_1_1_load_14, i3 2, i32 %p_ZZ10top_kernelPKfS0_S0_PfE9equalized_1_2_load_14, i3 3, i32 %p_ZZ10top_kernelPKfS0_S0_PfE9equalized_1_3_load_14, i3 4, i32 %p_ZZ10top_kernelPKfS0_S0_PfE9equalized_1_4_load_14, i32 <undef>, i3 %trunc_ln85" [top.cpp:91]   --->   Operation 1207 'sparsemux' 'tmp_33' <Predicate = (trunc_ln86)> <Delay = 0.66> <CoreInst = "BinarySparseMux_DontCare">   --->   Core 149 'BinarySparseMux_DontCare' <Latency = 0> <II = 1> <Delay = 0.66> <FuncUnit> <Opcode : 'sparsemux'> <InPorts = 2> <OutPorts = 1>
ST_14 : Operation 1208 [1/1] (0.52ns)   --->   "%select_ln91_14 = select i1 %trunc_ln86, i32 %tmp_33, i32 %tmp_32" [top.cpp:91]   --->   Operation 1208 'select' 'select_ln91_14' <Predicate = true> <Delay = 0.52> <CoreInst = "Sel">   --->   Core 73 'Sel' <Latency = 0> <II = 1> <Delay = 0.52> <FuncUnit> <Opcode : 'select'> <InPorts = 3> <OutPorts = 1>
ST_14 : Operation 1209 [7/7] (2.65ns)   --->   "%mul139_3 = fmul i32 %select_ln91_15, i32 0.013" [top.cpp:91]   --->   Operation 1209 'fmul' 'mul139_3' <Predicate = true> <Delay = 2.65> <CoreInst = "FMul_maxdsp">   --->   Core 30 'FMul_maxdsp' <Latency = 6> <II = 1> <Delay = 2.65> <FuncUnit> <Opcode : 'fmul'> <InPorts = 2> <OutPorts = 1>
ST_14 : Operation 1210 [1/2] ( I:1.35ns O:1.35ns )   --->   "%p_ZZ10top_kernelPKfS0_S0_PfE9equalized_0_0_load_19 = load i9 %p_ZZ10top_kernelPKfS0_S0_PfE9equalized_0_0_addr_20" [top.cpp:91]   --->   Operation 1210 'load' 'p_ZZ10top_kernelPKfS0_S0_PfE9equalized_0_0_load_19' <Predicate = (!trunc_ln86 & trunc_ln85 == 4)> <Delay = 1.35> <CoreInst = "RAM">   --->   Core 82 'RAM' <Latency = 1> <II = 1> <Delay = 1.35> <Storage> <Opcode : 'load' 'store'> <Ports = 2> <Width = 32> <Depth = 416> <RAM>
ST_14 : Operation 1211 [1/2] ( I:1.35ns O:1.35ns )   --->   "%p_ZZ10top_kernelPKfS0_S0_PfE9equalized_0_1_load_19 = load i9 %p_ZZ10top_kernelPKfS0_S0_PfE9equalized_0_1_addr_20" [top.cpp:91]   --->   Operation 1211 'load' 'p_ZZ10top_kernelPKfS0_S0_PfE9equalized_0_1_load_19' <Predicate = (!trunc_ln86 & trunc_ln85 == 0)> <Delay = 1.35> <CoreInst = "RAM">   --->   Core 82 'RAM' <Latency = 1> <II = 1> <Delay = 1.35> <Storage> <Opcode : 'load' 'store'> <Ports = 2> <Width = 32> <Depth = 416> <RAM>
ST_14 : Operation 1212 [1/2] ( I:1.35ns O:1.35ns )   --->   "%p_ZZ10top_kernelPKfS0_S0_PfE9equalized_0_2_load_19 = load i9 %p_ZZ10top_kernelPKfS0_S0_PfE9equalized_0_2_addr_20" [top.cpp:91]   --->   Operation 1212 'load' 'p_ZZ10top_kernelPKfS0_S0_PfE9equalized_0_2_load_19' <Predicate = (!trunc_ln86 & trunc_ln85 == 1)> <Delay = 1.35> <CoreInst = "RAM">   --->   Core 82 'RAM' <Latency = 1> <II = 1> <Delay = 1.35> <Storage> <Opcode : 'load' 'store'> <Ports = 2> <Width = 32> <Depth = 416> <RAM>
ST_14 : Operation 1213 [1/2] ( I:1.35ns O:1.35ns )   --->   "%p_ZZ10top_kernelPKfS0_S0_PfE9equalized_0_3_load_19 = load i9 %p_ZZ10top_kernelPKfS0_S0_PfE9equalized_0_3_addr_20" [top.cpp:91]   --->   Operation 1213 'load' 'p_ZZ10top_kernelPKfS0_S0_PfE9equalized_0_3_load_19' <Predicate = (!trunc_ln86 & trunc_ln85 == 2)> <Delay = 1.35> <CoreInst = "RAM">   --->   Core 82 'RAM' <Latency = 1> <II = 1> <Delay = 1.35> <Storage> <Opcode : 'load' 'store'> <Ports = 2> <Width = 32> <Depth = 416> <RAM>
ST_14 : Operation 1214 [1/2] ( I:1.35ns O:1.35ns )   --->   "%p_ZZ10top_kernelPKfS0_S0_PfE9equalized_0_4_load_19 = load i9 %p_ZZ10top_kernelPKfS0_S0_PfE9equalized_0_4_addr_20" [top.cpp:91]   --->   Operation 1214 'load' 'p_ZZ10top_kernelPKfS0_S0_PfE9equalized_0_4_load_19' <Predicate = (!trunc_ln86 & trunc_ln85 == 3)> <Delay = 1.35> <CoreInst = "RAM">   --->   Core 82 'RAM' <Latency = 1> <II = 1> <Delay = 1.35> <Storage> <Opcode : 'load' 'store'> <Ports = 2> <Width = 32> <Depth = 416> <RAM>
ST_14 : Operation 1215 [1/1] (0.66ns)   --->   "%tmp_42 = sparsemux i32 @_ssdm_op_SparseMux.ap_auto.5float.float.i3, i3 4, i32 %p_ZZ10top_kernelPKfS0_S0_PfE9equalized_0_0_load_19, i3 0, i32 %p_ZZ10top_kernelPKfS0_S0_PfE9equalized_0_1_load_19, i3 1, i32 %p_ZZ10top_kernelPKfS0_S0_PfE9equalized_0_2_load_19, i3 2, i32 %p_ZZ10top_kernelPKfS0_S0_PfE9equalized_0_3_load_19, i3 3, i32 %p_ZZ10top_kernelPKfS0_S0_PfE9equalized_0_4_load_19, i32 <undef>, i3 %trunc_ln85" [top.cpp:91]   --->   Operation 1215 'sparsemux' 'tmp_42' <Predicate = (!trunc_ln86)> <Delay = 0.66> <CoreInst = "BinarySparseMux_DontCare">   --->   Core 149 'BinarySparseMux_DontCare' <Latency = 0> <II = 1> <Delay = 0.66> <FuncUnit> <Opcode : 'sparsemux'> <InPorts = 2> <OutPorts = 1>
ST_14 : Operation 1216 [1/2] ( I:1.35ns O:1.35ns )   --->   "%p_ZZ10top_kernelPKfS0_S0_PfE9equalized_1_0_load_19 = load i9 %p_ZZ10top_kernelPKfS0_S0_PfE9equalized_1_0_addr_20" [top.cpp:91]   --->   Operation 1216 'load' 'p_ZZ10top_kernelPKfS0_S0_PfE9equalized_1_0_load_19' <Predicate = (trunc_ln86 & trunc_ln85 == 4)> <Delay = 1.35> <CoreInst = "RAM">   --->   Core 82 'RAM' <Latency = 1> <II = 1> <Delay = 1.35> <Storage> <Opcode : 'load' 'store'> <Ports = 2> <Width = 32> <Depth = 416> <RAM>
ST_14 : Operation 1217 [1/2] ( I:1.35ns O:1.35ns )   --->   "%p_ZZ10top_kernelPKfS0_S0_PfE9equalized_1_1_load_19 = load i9 %p_ZZ10top_kernelPKfS0_S0_PfE9equalized_1_1_addr_20" [top.cpp:91]   --->   Operation 1217 'load' 'p_ZZ10top_kernelPKfS0_S0_PfE9equalized_1_1_load_19' <Predicate = (trunc_ln86 & trunc_ln85 == 0)> <Delay = 1.35> <CoreInst = "RAM">   --->   Core 82 'RAM' <Latency = 1> <II = 1> <Delay = 1.35> <Storage> <Opcode : 'load' 'store'> <Ports = 2> <Width = 32> <Depth = 416> <RAM>
ST_14 : Operation 1218 [1/2] ( I:1.35ns O:1.35ns )   --->   "%p_ZZ10top_kernelPKfS0_S0_PfE9equalized_1_2_load_19 = load i9 %p_ZZ10top_kernelPKfS0_S0_PfE9equalized_1_2_addr_20" [top.cpp:91]   --->   Operation 1218 'load' 'p_ZZ10top_kernelPKfS0_S0_PfE9equalized_1_2_load_19' <Predicate = (trunc_ln86 & trunc_ln85 == 1)> <Delay = 1.35> <CoreInst = "RAM">   --->   Core 82 'RAM' <Latency = 1> <II = 1> <Delay = 1.35> <Storage> <Opcode : 'load' 'store'> <Ports = 2> <Width = 32> <Depth = 416> <RAM>
ST_14 : Operation 1219 [1/2] ( I:1.35ns O:1.35ns )   --->   "%p_ZZ10top_kernelPKfS0_S0_PfE9equalized_1_3_load_19 = load i9 %p_ZZ10top_kernelPKfS0_S0_PfE9equalized_1_3_addr_20" [top.cpp:91]   --->   Operation 1219 'load' 'p_ZZ10top_kernelPKfS0_S0_PfE9equalized_1_3_load_19' <Predicate = (trunc_ln86 & trunc_ln85 == 2)> <Delay = 1.35> <CoreInst = "RAM">   --->   Core 82 'RAM' <Latency = 1> <II = 1> <Delay = 1.35> <Storage> <Opcode : 'load' 'store'> <Ports = 2> <Width = 32> <Depth = 416> <RAM>
ST_14 : Operation 1220 [1/2] ( I:1.35ns O:1.35ns )   --->   "%p_ZZ10top_kernelPKfS0_S0_PfE9equalized_1_4_load_19 = load i9 %p_ZZ10top_kernelPKfS0_S0_PfE9equalized_1_4_addr_20" [top.cpp:91]   --->   Operation 1220 'load' 'p_ZZ10top_kernelPKfS0_S0_PfE9equalized_1_4_load_19' <Predicate = (trunc_ln86 & trunc_ln85 == 3)> <Delay = 1.35> <CoreInst = "RAM">   --->   Core 82 'RAM' <Latency = 1> <II = 1> <Delay = 1.35> <Storage> <Opcode : 'load' 'store'> <Ports = 2> <Width = 32> <Depth = 416> <RAM>
ST_14 : Operation 1221 [1/1] (0.66ns)   --->   "%tmp_43 = sparsemux i32 @_ssdm_op_SparseMux.ap_auto.5float.float.i3, i3 4, i32 %p_ZZ10top_kernelPKfS0_S0_PfE9equalized_1_0_load_19, i3 0, i32 %p_ZZ10top_kernelPKfS0_S0_PfE9equalized_1_1_load_19, i3 1, i32 %p_ZZ10top_kernelPKfS0_S0_PfE9equalized_1_2_load_19, i3 2, i32 %p_ZZ10top_kernelPKfS0_S0_PfE9equalized_1_3_load_19, i3 3, i32 %p_ZZ10top_kernelPKfS0_S0_PfE9equalized_1_4_load_19, i32 <undef>, i3 %trunc_ln85" [top.cpp:91]   --->   Operation 1221 'sparsemux' 'tmp_43' <Predicate = (trunc_ln86)> <Delay = 0.66> <CoreInst = "BinarySparseMux_DontCare">   --->   Core 149 'BinarySparseMux_DontCare' <Latency = 0> <II = 1> <Delay = 0.66> <FuncUnit> <Opcode : 'sparsemux'> <InPorts = 2> <OutPorts = 1>
ST_14 : Operation 1222 [1/1] (0.52ns)   --->   "%select_ln91_19 = select i1 %trunc_ln86, i32 %tmp_43, i32 %tmp_42" [top.cpp:91]   --->   Operation 1222 'select' 'select_ln91_19' <Predicate = true> <Delay = 0.52> <CoreInst = "Sel">   --->   Core 73 'Sel' <Latency = 0> <II = 1> <Delay = 0.52> <FuncUnit> <Opcode : 'select'> <InPorts = 3> <OutPorts = 1>
ST_14 : Operation 1223 [1/2] ( I:1.35ns O:1.35ns )   --->   "%p_ZZ10top_kernelPKfS0_S0_PfE9equalized_0_0_load_24 = load i9 %p_ZZ10top_kernelPKfS0_S0_PfE9equalized_0_0_addr_24" [top.cpp:91]   --->   Operation 1223 'load' 'p_ZZ10top_kernelPKfS0_S0_PfE9equalized_0_0_load_24' <Predicate = (!trunc_ln86 & trunc_ln85 == 3)> <Delay = 1.35> <CoreInst = "RAM">   --->   Core 82 'RAM' <Latency = 1> <II = 1> <Delay = 1.35> <Storage> <Opcode : 'load' 'store'> <Ports = 2> <Width = 32> <Depth = 416> <RAM>
ST_14 : Operation 1224 [1/2] ( I:1.35ns O:1.35ns )   --->   "%p_ZZ10top_kernelPKfS0_S0_PfE9equalized_0_1_load_24 = load i9 %p_ZZ10top_kernelPKfS0_S0_PfE9equalized_0_1_addr_24" [top.cpp:91]   --->   Operation 1224 'load' 'p_ZZ10top_kernelPKfS0_S0_PfE9equalized_0_1_load_24' <Predicate = (!trunc_ln86 & trunc_ln85 == 4)> <Delay = 1.35> <CoreInst = "RAM">   --->   Core 82 'RAM' <Latency = 1> <II = 1> <Delay = 1.35> <Storage> <Opcode : 'load' 'store'> <Ports = 2> <Width = 32> <Depth = 416> <RAM>
ST_14 : Operation 1225 [1/2] ( I:1.35ns O:1.35ns )   --->   "%p_ZZ10top_kernelPKfS0_S0_PfE9equalized_0_2_load_24 = load i9 %p_ZZ10top_kernelPKfS0_S0_PfE9equalized_0_2_addr_24" [top.cpp:91]   --->   Operation 1225 'load' 'p_ZZ10top_kernelPKfS0_S0_PfE9equalized_0_2_load_24' <Predicate = (!trunc_ln86 & trunc_ln85 == 0)> <Delay = 1.35> <CoreInst = "RAM">   --->   Core 82 'RAM' <Latency = 1> <II = 1> <Delay = 1.35> <Storage> <Opcode : 'load' 'store'> <Ports = 2> <Width = 32> <Depth = 416> <RAM>
ST_14 : Operation 1226 [1/2] ( I:1.35ns O:1.35ns )   --->   "%p_ZZ10top_kernelPKfS0_S0_PfE9equalized_0_3_load_24 = load i9 %p_ZZ10top_kernelPKfS0_S0_PfE9equalized_0_3_addr_24" [top.cpp:91]   --->   Operation 1226 'load' 'p_ZZ10top_kernelPKfS0_S0_PfE9equalized_0_3_load_24' <Predicate = (!trunc_ln86 & trunc_ln85 == 1)> <Delay = 1.35> <CoreInst = "RAM">   --->   Core 82 'RAM' <Latency = 1> <II = 1> <Delay = 1.35> <Storage> <Opcode : 'load' 'store'> <Ports = 2> <Width = 32> <Depth = 416> <RAM>
ST_14 : Operation 1227 [1/2] ( I:1.35ns O:1.35ns )   --->   "%p_ZZ10top_kernelPKfS0_S0_PfE9equalized_0_4_load_24 = load i9 %p_ZZ10top_kernelPKfS0_S0_PfE9equalized_0_4_addr_24" [top.cpp:91]   --->   Operation 1227 'load' 'p_ZZ10top_kernelPKfS0_S0_PfE9equalized_0_4_load_24' <Predicate = (!trunc_ln86 & trunc_ln85 == 2)> <Delay = 1.35> <CoreInst = "RAM">   --->   Core 82 'RAM' <Latency = 1> <II = 1> <Delay = 1.35> <Storage> <Opcode : 'load' 'store'> <Ports = 2> <Width = 32> <Depth = 416> <RAM>
ST_14 : Operation 1228 [1/1] (0.66ns)   --->   "%tmp_52 = sparsemux i32 @_ssdm_op_SparseMux.ap_auto.5float.float.i3, i3 3, i32 %p_ZZ10top_kernelPKfS0_S0_PfE9equalized_0_0_load_24, i3 4, i32 %p_ZZ10top_kernelPKfS0_S0_PfE9equalized_0_1_load_24, i3 0, i32 %p_ZZ10top_kernelPKfS0_S0_PfE9equalized_0_2_load_24, i3 1, i32 %p_ZZ10top_kernelPKfS0_S0_PfE9equalized_0_3_load_24, i3 2, i32 %p_ZZ10top_kernelPKfS0_S0_PfE9equalized_0_4_load_24, i32 <undef>, i3 %trunc_ln85" [top.cpp:91]   --->   Operation 1228 'sparsemux' 'tmp_52' <Predicate = (!trunc_ln86)> <Delay = 0.66> <CoreInst = "BinarySparseMux_DontCare">   --->   Core 149 'BinarySparseMux_DontCare' <Latency = 0> <II = 1> <Delay = 0.66> <FuncUnit> <Opcode : 'sparsemux'> <InPorts = 2> <OutPorts = 1>
ST_14 : Operation 1229 [1/2] ( I:1.35ns O:1.35ns )   --->   "%p_ZZ10top_kernelPKfS0_S0_PfE9equalized_1_0_load_24 = load i9 %p_ZZ10top_kernelPKfS0_S0_PfE9equalized_1_0_addr_24" [top.cpp:91]   --->   Operation 1229 'load' 'p_ZZ10top_kernelPKfS0_S0_PfE9equalized_1_0_load_24' <Predicate = (trunc_ln86 & trunc_ln85 == 3)> <Delay = 1.35> <CoreInst = "RAM">   --->   Core 82 'RAM' <Latency = 1> <II = 1> <Delay = 1.35> <Storage> <Opcode : 'load' 'store'> <Ports = 2> <Width = 32> <Depth = 416> <RAM>
ST_14 : Operation 1230 [1/2] ( I:1.35ns O:1.35ns )   --->   "%p_ZZ10top_kernelPKfS0_S0_PfE9equalized_1_1_load_24 = load i9 %p_ZZ10top_kernelPKfS0_S0_PfE9equalized_1_1_addr_24" [top.cpp:91]   --->   Operation 1230 'load' 'p_ZZ10top_kernelPKfS0_S0_PfE9equalized_1_1_load_24' <Predicate = (trunc_ln86 & trunc_ln85 == 4)> <Delay = 1.35> <CoreInst = "RAM">   --->   Core 82 'RAM' <Latency = 1> <II = 1> <Delay = 1.35> <Storage> <Opcode : 'load' 'store'> <Ports = 2> <Width = 32> <Depth = 416> <RAM>
ST_14 : Operation 1231 [1/2] ( I:1.35ns O:1.35ns )   --->   "%p_ZZ10top_kernelPKfS0_S0_PfE9equalized_1_2_load_24 = load i9 %p_ZZ10top_kernelPKfS0_S0_PfE9equalized_1_2_addr_24" [top.cpp:91]   --->   Operation 1231 'load' 'p_ZZ10top_kernelPKfS0_S0_PfE9equalized_1_2_load_24' <Predicate = (trunc_ln86 & trunc_ln85 == 0)> <Delay = 1.35> <CoreInst = "RAM">   --->   Core 82 'RAM' <Latency = 1> <II = 1> <Delay = 1.35> <Storage> <Opcode : 'load' 'store'> <Ports = 2> <Width = 32> <Depth = 416> <RAM>
ST_14 : Operation 1232 [1/2] ( I:1.35ns O:1.35ns )   --->   "%p_ZZ10top_kernelPKfS0_S0_PfE9equalized_1_3_load_24 = load i9 %p_ZZ10top_kernelPKfS0_S0_PfE9equalized_1_3_addr_24" [top.cpp:91]   --->   Operation 1232 'load' 'p_ZZ10top_kernelPKfS0_S0_PfE9equalized_1_3_load_24' <Predicate = (trunc_ln86 & trunc_ln85 == 1)> <Delay = 1.35> <CoreInst = "RAM">   --->   Core 82 'RAM' <Latency = 1> <II = 1> <Delay = 1.35> <Storage> <Opcode : 'load' 'store'> <Ports = 2> <Width = 32> <Depth = 416> <RAM>
ST_14 : Operation 1233 [1/2] ( I:1.35ns O:1.35ns )   --->   "%p_ZZ10top_kernelPKfS0_S0_PfE9equalized_1_4_load_24 = load i9 %p_ZZ10top_kernelPKfS0_S0_PfE9equalized_1_4_addr_24" [top.cpp:91]   --->   Operation 1233 'load' 'p_ZZ10top_kernelPKfS0_S0_PfE9equalized_1_4_load_24' <Predicate = (trunc_ln86 & trunc_ln85 == 2)> <Delay = 1.35> <CoreInst = "RAM">   --->   Core 82 'RAM' <Latency = 1> <II = 1> <Delay = 1.35> <Storage> <Opcode : 'load' 'store'> <Ports = 2> <Width = 32> <Depth = 416> <RAM>
ST_14 : Operation 1234 [1/1] (0.66ns)   --->   "%tmp_53 = sparsemux i32 @_ssdm_op_SparseMux.ap_auto.5float.float.i3, i3 3, i32 %p_ZZ10top_kernelPKfS0_S0_PfE9equalized_1_0_load_24, i3 4, i32 %p_ZZ10top_kernelPKfS0_S0_PfE9equalized_1_1_load_24, i3 0, i32 %p_ZZ10top_kernelPKfS0_S0_PfE9equalized_1_2_load_24, i3 1, i32 %p_ZZ10top_kernelPKfS0_S0_PfE9equalized_1_3_load_24, i3 2, i32 %p_ZZ10top_kernelPKfS0_S0_PfE9equalized_1_4_load_24, i32 <undef>, i3 %trunc_ln85" [top.cpp:91]   --->   Operation 1234 'sparsemux' 'tmp_53' <Predicate = (trunc_ln86)> <Delay = 0.66> <CoreInst = "BinarySparseMux_DontCare">   --->   Core 149 'BinarySparseMux_DontCare' <Latency = 0> <II = 1> <Delay = 0.66> <FuncUnit> <Opcode : 'sparsemux'> <InPorts = 2> <OutPorts = 1>
ST_14 : Operation 1235 [1/1] (0.52ns)   --->   "%select_ln91_24 = select i1 %trunc_ln86, i32 %tmp_53, i32 %tmp_52" [top.cpp:91]   --->   Operation 1235 'select' 'select_ln91_24' <Predicate = true> <Delay = 0.52> <CoreInst = "Sel">   --->   Core 73 'Sel' <Latency = 0> <II = 1> <Delay = 0.52> <FuncUnit> <Opcode : 'select'> <InPorts = 3> <OutPorts = 1>

State 15 <SV = 14> <Delay = 2.65>
ST_15 : Operation 1236 [6/7] (2.65ns)   --->   "%mul = fmul i32 %select_ln91, i32 0.003" [top.cpp:91]   --->   Operation 1236 'fmul' 'mul' <Predicate = true> <Delay = 2.65> <CoreInst = "FMul_maxdsp">   --->   Core 30 'FMul_maxdsp' <Latency = 6> <II = 1> <Delay = 2.65> <FuncUnit> <Opcode : 'fmul'> <InPorts = 2> <OutPorts = 1>
ST_15 : Operation 1237 [6/7] (2.65ns)   --->   "%mul139_s = fmul i32 %select_ln91_1, i32 0.013" [top.cpp:91]   --->   Operation 1237 'fmul' 'mul139_s' <Predicate = true> <Delay = 2.65> <CoreInst = "FMul_maxdsp">   --->   Core 30 'FMul_maxdsp' <Latency = 6> <II = 1> <Delay = 2.65> <FuncUnit> <Opcode : 'fmul'> <InPorts = 2> <OutPorts = 1>
ST_15 : Operation 1238 [6/7] (2.65ns)   --->   "%mul139_5 = fmul i32 %select_ln91_2, i32 0.022" [top.cpp:91]   --->   Operation 1238 'fmul' 'mul139_5' <Predicate = true> <Delay = 2.65> <CoreInst = "FMul_maxdsp">   --->   Core 30 'FMul_maxdsp' <Latency = 6> <II = 1> <Delay = 2.65> <FuncUnit> <Opcode : 'fmul'> <InPorts = 2> <OutPorts = 1>
ST_15 : Operation 1239 [6/7] (2.65ns)   --->   "%mul139_6 = fmul i32 %select_ln91_3, i32 0.013" [top.cpp:91]   --->   Operation 1239 'fmul' 'mul139_6' <Predicate = true> <Delay = 2.65> <CoreInst = "FMul_maxdsp">   --->   Core 30 'FMul_maxdsp' <Latency = 6> <II = 1> <Delay = 2.65> <FuncUnit> <Opcode : 'fmul'> <InPorts = 2> <OutPorts = 1>
ST_15 : Operation 1240 [7/7] (2.65ns)   --->   "%mul139_7 = fmul i32 %select_ln91_4, i32 0.003" [top.cpp:91]   --->   Operation 1240 'fmul' 'mul139_7' <Predicate = true> <Delay = 2.65> <CoreInst = "FMul_maxdsp">   --->   Core 30 'FMul_maxdsp' <Latency = 6> <II = 1> <Delay = 2.65> <FuncUnit> <Opcode : 'fmul'> <InPorts = 2> <OutPorts = 1>
ST_15 : Operation 1241 [6/7] (2.65ns)   --->   "%mul139_1 = fmul i32 %select_ln91_5, i32 0.013" [top.cpp:91]   --->   Operation 1241 'fmul' 'mul139_1' <Predicate = true> <Delay = 2.65> <CoreInst = "FMul_maxdsp">   --->   Core 30 'FMul_maxdsp' <Latency = 6> <II = 1> <Delay = 2.65> <FuncUnit> <Opcode : 'fmul'> <InPorts = 2> <OutPorts = 1>
ST_15 : Operation 1242 [6/7] (2.65ns)   --->   "%mul139_1_1 = fmul i32 %select_ln91_6, i32 0.06" [top.cpp:91]   --->   Operation 1242 'fmul' 'mul139_1_1' <Predicate = true> <Delay = 2.65> <CoreInst = "FMul_maxdsp">   --->   Core 30 'FMul_maxdsp' <Latency = 6> <II = 1> <Delay = 2.65> <FuncUnit> <Opcode : 'fmul'> <InPorts = 2> <OutPorts = 1>
ST_15 : Operation 1243 [6/7] (2.65ns)   --->   "%mul139_1_2 = fmul i32 %select_ln91_7, i32 0.098" [top.cpp:91]   --->   Operation 1243 'fmul' 'mul139_1_2' <Predicate = true> <Delay = 2.65> <CoreInst = "FMul_maxdsp">   --->   Core 30 'FMul_maxdsp' <Latency = 6> <II = 1> <Delay = 2.65> <FuncUnit> <Opcode : 'fmul'> <InPorts = 2> <OutPorts = 1>
ST_15 : Operation 1244 [6/7] (2.65ns)   --->   "%mul139_1_3 = fmul i32 %select_ln91_8, i32 0.06" [top.cpp:91]   --->   Operation 1244 'fmul' 'mul139_1_3' <Predicate = true> <Delay = 2.65> <CoreInst = "FMul_maxdsp">   --->   Core 30 'FMul_maxdsp' <Latency = 6> <II = 1> <Delay = 2.65> <FuncUnit> <Opcode : 'fmul'> <InPorts = 2> <OutPorts = 1>
ST_15 : Operation 1245 [7/7] (2.65ns)   --->   "%mul139_1_4 = fmul i32 %select_ln91_9, i32 0.013" [top.cpp:91]   --->   Operation 1245 'fmul' 'mul139_1_4' <Predicate = true> <Delay = 2.65> <CoreInst = "FMul_maxdsp">   --->   Core 30 'FMul_maxdsp' <Latency = 6> <II = 1> <Delay = 2.65> <FuncUnit> <Opcode : 'fmul'> <InPorts = 2> <OutPorts = 1>
ST_15 : Operation 1246 [6/7] (2.65ns)   --->   "%mul139_2 = fmul i32 %select_ln91_10, i32 0.022" [top.cpp:91]   --->   Operation 1246 'fmul' 'mul139_2' <Predicate = true> <Delay = 2.65> <CoreInst = "FMul_maxdsp">   --->   Core 30 'FMul_maxdsp' <Latency = 6> <II = 1> <Delay = 2.65> <FuncUnit> <Opcode : 'fmul'> <InPorts = 2> <OutPorts = 1>
ST_15 : Operation 1247 [6/7] (2.65ns)   --->   "%mul139_2_1 = fmul i32 %select_ln91_11, i32 0.098" [top.cpp:91]   --->   Operation 1247 'fmul' 'mul139_2_1' <Predicate = true> <Delay = 2.65> <CoreInst = "FMul_maxdsp">   --->   Core 30 'FMul_maxdsp' <Latency = 6> <II = 1> <Delay = 2.65> <FuncUnit> <Opcode : 'fmul'> <InPorts = 2> <OutPorts = 1>
ST_15 : Operation 1248 [6/7] (2.65ns)   --->   "%mul139_2_2 = fmul i32 %select_ln91_12, i32 0.162" [top.cpp:91]   --->   Operation 1248 'fmul' 'mul139_2_2' <Predicate = true> <Delay = 2.65> <CoreInst = "FMul_maxdsp">   --->   Core 30 'FMul_maxdsp' <Latency = 6> <II = 1> <Delay = 2.65> <FuncUnit> <Opcode : 'fmul'> <InPorts = 2> <OutPorts = 1>
ST_15 : Operation 1249 [6/7] (2.65ns)   --->   "%mul139_2_3 = fmul i32 %select_ln91_13, i32 0.098" [top.cpp:91]   --->   Operation 1249 'fmul' 'mul139_2_3' <Predicate = true> <Delay = 2.65> <CoreInst = "FMul_maxdsp">   --->   Core 30 'FMul_maxdsp' <Latency = 6> <II = 1> <Delay = 2.65> <FuncUnit> <Opcode : 'fmul'> <InPorts = 2> <OutPorts = 1>
ST_15 : Operation 1250 [7/7] (2.65ns)   --->   "%mul139_2_4 = fmul i32 %select_ln91_14, i32 0.022" [top.cpp:91]   --->   Operation 1250 'fmul' 'mul139_2_4' <Predicate = true> <Delay = 2.65> <CoreInst = "FMul_maxdsp">   --->   Core 30 'FMul_maxdsp' <Latency = 6> <II = 1> <Delay = 2.65> <FuncUnit> <Opcode : 'fmul'> <InPorts = 2> <OutPorts = 1>
ST_15 : Operation 1251 [6/7] (2.65ns)   --->   "%mul139_3 = fmul i32 %select_ln91_15, i32 0.013" [top.cpp:91]   --->   Operation 1251 'fmul' 'mul139_3' <Predicate = true> <Delay = 2.65> <CoreInst = "FMul_maxdsp">   --->   Core 30 'FMul_maxdsp' <Latency = 6> <II = 1> <Delay = 2.65> <FuncUnit> <Opcode : 'fmul'> <InPorts = 2> <OutPorts = 1>
ST_15 : Operation 1252 [7/7] (2.65ns)   --->   "%mul139_3_1 = fmul i32 %select_ln91_16, i32 0.06" [top.cpp:91]   --->   Operation 1252 'fmul' 'mul139_3_1' <Predicate = true> <Delay = 2.65> <CoreInst = "FMul_maxdsp">   --->   Core 30 'FMul_maxdsp' <Latency = 6> <II = 1> <Delay = 2.65> <FuncUnit> <Opcode : 'fmul'> <InPorts = 2> <OutPorts = 1>
ST_15 : Operation 1253 [7/7] (2.65ns)   --->   "%mul139_3_2 = fmul i32 %select_ln91_17, i32 0.098" [top.cpp:91]   --->   Operation 1253 'fmul' 'mul139_3_2' <Predicate = true> <Delay = 2.65> <CoreInst = "FMul_maxdsp">   --->   Core 30 'FMul_maxdsp' <Latency = 6> <II = 1> <Delay = 2.65> <FuncUnit> <Opcode : 'fmul'> <InPorts = 2> <OutPorts = 1>
ST_15 : Operation 1254 [7/7] (2.65ns)   --->   "%mul139_3_3 = fmul i32 %select_ln91_18, i32 0.06" [top.cpp:91]   --->   Operation 1254 'fmul' 'mul139_3_3' <Predicate = true> <Delay = 2.65> <CoreInst = "FMul_maxdsp">   --->   Core 30 'FMul_maxdsp' <Latency = 6> <II = 1> <Delay = 2.65> <FuncUnit> <Opcode : 'fmul'> <InPorts = 2> <OutPorts = 1>
ST_15 : Operation 1255 [7/7] (2.65ns)   --->   "%mul139_3_4 = fmul i32 %select_ln91_19, i32 0.013" [top.cpp:91]   --->   Operation 1255 'fmul' 'mul139_3_4' <Predicate = true> <Delay = 2.65> <CoreInst = "FMul_maxdsp">   --->   Core 30 'FMul_maxdsp' <Latency = 6> <II = 1> <Delay = 2.65> <FuncUnit> <Opcode : 'fmul'> <InPorts = 2> <OutPorts = 1>
ST_15 : Operation 1256 [7/7] (2.65ns)   --->   "%mul139_4 = fmul i32 %select_ln91_20, i32 0.003" [top.cpp:91]   --->   Operation 1256 'fmul' 'mul139_4' <Predicate = true> <Delay = 2.65> <CoreInst = "FMul_maxdsp">   --->   Core 30 'FMul_maxdsp' <Latency = 6> <II = 1> <Delay = 2.65> <FuncUnit> <Opcode : 'fmul'> <InPorts = 2> <OutPorts = 1>
ST_15 : Operation 1257 [7/7] (2.65ns)   --->   "%mul139_4_1 = fmul i32 %select_ln91_21, i32 0.013" [top.cpp:91]   --->   Operation 1257 'fmul' 'mul139_4_1' <Predicate = true> <Delay = 2.65> <CoreInst = "FMul_maxdsp">   --->   Core 30 'FMul_maxdsp' <Latency = 6> <II = 1> <Delay = 2.65> <FuncUnit> <Opcode : 'fmul'> <InPorts = 2> <OutPorts = 1>
ST_15 : Operation 1258 [7/7] (2.65ns)   --->   "%mul139_4_2 = fmul i32 %select_ln91_22, i32 0.022" [top.cpp:91]   --->   Operation 1258 'fmul' 'mul139_4_2' <Predicate = true> <Delay = 2.65> <CoreInst = "FMul_maxdsp">   --->   Core 30 'FMul_maxdsp' <Latency = 6> <II = 1> <Delay = 2.65> <FuncUnit> <Opcode : 'fmul'> <InPorts = 2> <OutPorts = 1>
ST_15 : Operation 1259 [7/7] (2.65ns)   --->   "%mul139_4_3 = fmul i32 %select_ln91_23, i32 0.013" [top.cpp:91]   --->   Operation 1259 'fmul' 'mul139_4_3' <Predicate = true> <Delay = 2.65> <CoreInst = "FMul_maxdsp">   --->   Core 30 'FMul_maxdsp' <Latency = 6> <II = 1> <Delay = 2.65> <FuncUnit> <Opcode : 'fmul'> <InPorts = 2> <OutPorts = 1>
ST_15 : Operation 1260 [7/7] (2.65ns)   --->   "%mul139_4_4 = fmul i32 %select_ln91_24, i32 0.003" [top.cpp:91]   --->   Operation 1260 'fmul' 'mul139_4_4' <Predicate = true> <Delay = 2.65> <CoreInst = "FMul_maxdsp">   --->   Core 30 'FMul_maxdsp' <Latency = 6> <II = 1> <Delay = 2.65> <FuncUnit> <Opcode : 'fmul'> <InPorts = 2> <OutPorts = 1>

State 16 <SV = 15> <Delay = 2.65>
ST_16 : Operation 1261 [5/7] (2.65ns)   --->   "%mul = fmul i32 %select_ln91, i32 0.003" [top.cpp:91]   --->   Operation 1261 'fmul' 'mul' <Predicate = true> <Delay = 2.65> <CoreInst = "FMul_maxdsp">   --->   Core 30 'FMul_maxdsp' <Latency = 6> <II = 1> <Delay = 2.65> <FuncUnit> <Opcode : 'fmul'> <InPorts = 2> <OutPorts = 1>
ST_16 : Operation 1262 [5/7] (2.65ns)   --->   "%mul139_s = fmul i32 %select_ln91_1, i32 0.013" [top.cpp:91]   --->   Operation 1262 'fmul' 'mul139_s' <Predicate = true> <Delay = 2.65> <CoreInst = "FMul_maxdsp">   --->   Core 30 'FMul_maxdsp' <Latency = 6> <II = 1> <Delay = 2.65> <FuncUnit> <Opcode : 'fmul'> <InPorts = 2> <OutPorts = 1>
ST_16 : Operation 1263 [5/7] (2.65ns)   --->   "%mul139_5 = fmul i32 %select_ln91_2, i32 0.022" [top.cpp:91]   --->   Operation 1263 'fmul' 'mul139_5' <Predicate = true> <Delay = 2.65> <CoreInst = "FMul_maxdsp">   --->   Core 30 'FMul_maxdsp' <Latency = 6> <II = 1> <Delay = 2.65> <FuncUnit> <Opcode : 'fmul'> <InPorts = 2> <OutPorts = 1>
ST_16 : Operation 1264 [5/7] (2.65ns)   --->   "%mul139_6 = fmul i32 %select_ln91_3, i32 0.013" [top.cpp:91]   --->   Operation 1264 'fmul' 'mul139_6' <Predicate = true> <Delay = 2.65> <CoreInst = "FMul_maxdsp">   --->   Core 30 'FMul_maxdsp' <Latency = 6> <II = 1> <Delay = 2.65> <FuncUnit> <Opcode : 'fmul'> <InPorts = 2> <OutPorts = 1>
ST_16 : Operation 1265 [6/7] (2.65ns)   --->   "%mul139_7 = fmul i32 %select_ln91_4, i32 0.003" [top.cpp:91]   --->   Operation 1265 'fmul' 'mul139_7' <Predicate = true> <Delay = 2.65> <CoreInst = "FMul_maxdsp">   --->   Core 30 'FMul_maxdsp' <Latency = 6> <II = 1> <Delay = 2.65> <FuncUnit> <Opcode : 'fmul'> <InPorts = 2> <OutPorts = 1>
ST_16 : Operation 1266 [5/7] (2.65ns)   --->   "%mul139_1 = fmul i32 %select_ln91_5, i32 0.013" [top.cpp:91]   --->   Operation 1266 'fmul' 'mul139_1' <Predicate = true> <Delay = 2.65> <CoreInst = "FMul_maxdsp">   --->   Core 30 'FMul_maxdsp' <Latency = 6> <II = 1> <Delay = 2.65> <FuncUnit> <Opcode : 'fmul'> <InPorts = 2> <OutPorts = 1>
ST_16 : Operation 1267 [5/7] (2.65ns)   --->   "%mul139_1_1 = fmul i32 %select_ln91_6, i32 0.06" [top.cpp:91]   --->   Operation 1267 'fmul' 'mul139_1_1' <Predicate = true> <Delay = 2.65> <CoreInst = "FMul_maxdsp">   --->   Core 30 'FMul_maxdsp' <Latency = 6> <II = 1> <Delay = 2.65> <FuncUnit> <Opcode : 'fmul'> <InPorts = 2> <OutPorts = 1>
ST_16 : Operation 1268 [5/7] (2.65ns)   --->   "%mul139_1_2 = fmul i32 %select_ln91_7, i32 0.098" [top.cpp:91]   --->   Operation 1268 'fmul' 'mul139_1_2' <Predicate = true> <Delay = 2.65> <CoreInst = "FMul_maxdsp">   --->   Core 30 'FMul_maxdsp' <Latency = 6> <II = 1> <Delay = 2.65> <FuncUnit> <Opcode : 'fmul'> <InPorts = 2> <OutPorts = 1>
ST_16 : Operation 1269 [5/7] (2.65ns)   --->   "%mul139_1_3 = fmul i32 %select_ln91_8, i32 0.06" [top.cpp:91]   --->   Operation 1269 'fmul' 'mul139_1_3' <Predicate = true> <Delay = 2.65> <CoreInst = "FMul_maxdsp">   --->   Core 30 'FMul_maxdsp' <Latency = 6> <II = 1> <Delay = 2.65> <FuncUnit> <Opcode : 'fmul'> <InPorts = 2> <OutPorts = 1>
ST_16 : Operation 1270 [6/7] (2.65ns)   --->   "%mul139_1_4 = fmul i32 %select_ln91_9, i32 0.013" [top.cpp:91]   --->   Operation 1270 'fmul' 'mul139_1_4' <Predicate = true> <Delay = 2.65> <CoreInst = "FMul_maxdsp">   --->   Core 30 'FMul_maxdsp' <Latency = 6> <II = 1> <Delay = 2.65> <FuncUnit> <Opcode : 'fmul'> <InPorts = 2> <OutPorts = 1>
ST_16 : Operation 1271 [5/7] (2.65ns)   --->   "%mul139_2 = fmul i32 %select_ln91_10, i32 0.022" [top.cpp:91]   --->   Operation 1271 'fmul' 'mul139_2' <Predicate = true> <Delay = 2.65> <CoreInst = "FMul_maxdsp">   --->   Core 30 'FMul_maxdsp' <Latency = 6> <II = 1> <Delay = 2.65> <FuncUnit> <Opcode : 'fmul'> <InPorts = 2> <OutPorts = 1>
ST_16 : Operation 1272 [5/7] (2.65ns)   --->   "%mul139_2_1 = fmul i32 %select_ln91_11, i32 0.098" [top.cpp:91]   --->   Operation 1272 'fmul' 'mul139_2_1' <Predicate = true> <Delay = 2.65> <CoreInst = "FMul_maxdsp">   --->   Core 30 'FMul_maxdsp' <Latency = 6> <II = 1> <Delay = 2.65> <FuncUnit> <Opcode : 'fmul'> <InPorts = 2> <OutPorts = 1>
ST_16 : Operation 1273 [5/7] (2.65ns)   --->   "%mul139_2_2 = fmul i32 %select_ln91_12, i32 0.162" [top.cpp:91]   --->   Operation 1273 'fmul' 'mul139_2_2' <Predicate = true> <Delay = 2.65> <CoreInst = "FMul_maxdsp">   --->   Core 30 'FMul_maxdsp' <Latency = 6> <II = 1> <Delay = 2.65> <FuncUnit> <Opcode : 'fmul'> <InPorts = 2> <OutPorts = 1>
ST_16 : Operation 1274 [5/7] (2.65ns)   --->   "%mul139_2_3 = fmul i32 %select_ln91_13, i32 0.098" [top.cpp:91]   --->   Operation 1274 'fmul' 'mul139_2_3' <Predicate = true> <Delay = 2.65> <CoreInst = "FMul_maxdsp">   --->   Core 30 'FMul_maxdsp' <Latency = 6> <II = 1> <Delay = 2.65> <FuncUnit> <Opcode : 'fmul'> <InPorts = 2> <OutPorts = 1>
ST_16 : Operation 1275 [6/7] (2.65ns)   --->   "%mul139_2_4 = fmul i32 %select_ln91_14, i32 0.022" [top.cpp:91]   --->   Operation 1275 'fmul' 'mul139_2_4' <Predicate = true> <Delay = 2.65> <CoreInst = "FMul_maxdsp">   --->   Core 30 'FMul_maxdsp' <Latency = 6> <II = 1> <Delay = 2.65> <FuncUnit> <Opcode : 'fmul'> <InPorts = 2> <OutPorts = 1>
ST_16 : Operation 1276 [5/7] (2.65ns)   --->   "%mul139_3 = fmul i32 %select_ln91_15, i32 0.013" [top.cpp:91]   --->   Operation 1276 'fmul' 'mul139_3' <Predicate = true> <Delay = 2.65> <CoreInst = "FMul_maxdsp">   --->   Core 30 'FMul_maxdsp' <Latency = 6> <II = 1> <Delay = 2.65> <FuncUnit> <Opcode : 'fmul'> <InPorts = 2> <OutPorts = 1>
ST_16 : Operation 1277 [6/7] (2.65ns)   --->   "%mul139_3_1 = fmul i32 %select_ln91_16, i32 0.06" [top.cpp:91]   --->   Operation 1277 'fmul' 'mul139_3_1' <Predicate = true> <Delay = 2.65> <CoreInst = "FMul_maxdsp">   --->   Core 30 'FMul_maxdsp' <Latency = 6> <II = 1> <Delay = 2.65> <FuncUnit> <Opcode : 'fmul'> <InPorts = 2> <OutPorts = 1>
ST_16 : Operation 1278 [6/7] (2.65ns)   --->   "%mul139_3_2 = fmul i32 %select_ln91_17, i32 0.098" [top.cpp:91]   --->   Operation 1278 'fmul' 'mul139_3_2' <Predicate = true> <Delay = 2.65> <CoreInst = "FMul_maxdsp">   --->   Core 30 'FMul_maxdsp' <Latency = 6> <II = 1> <Delay = 2.65> <FuncUnit> <Opcode : 'fmul'> <InPorts = 2> <OutPorts = 1>
ST_16 : Operation 1279 [6/7] (2.65ns)   --->   "%mul139_3_3 = fmul i32 %select_ln91_18, i32 0.06" [top.cpp:91]   --->   Operation 1279 'fmul' 'mul139_3_3' <Predicate = true> <Delay = 2.65> <CoreInst = "FMul_maxdsp">   --->   Core 30 'FMul_maxdsp' <Latency = 6> <II = 1> <Delay = 2.65> <FuncUnit> <Opcode : 'fmul'> <InPorts = 2> <OutPorts = 1>
ST_16 : Operation 1280 [6/7] (2.65ns)   --->   "%mul139_3_4 = fmul i32 %select_ln91_19, i32 0.013" [top.cpp:91]   --->   Operation 1280 'fmul' 'mul139_3_4' <Predicate = true> <Delay = 2.65> <CoreInst = "FMul_maxdsp">   --->   Core 30 'FMul_maxdsp' <Latency = 6> <II = 1> <Delay = 2.65> <FuncUnit> <Opcode : 'fmul'> <InPorts = 2> <OutPorts = 1>
ST_16 : Operation 1281 [6/7] (2.65ns)   --->   "%mul139_4 = fmul i32 %select_ln91_20, i32 0.003" [top.cpp:91]   --->   Operation 1281 'fmul' 'mul139_4' <Predicate = true> <Delay = 2.65> <CoreInst = "FMul_maxdsp">   --->   Core 30 'FMul_maxdsp' <Latency = 6> <II = 1> <Delay = 2.65> <FuncUnit> <Opcode : 'fmul'> <InPorts = 2> <OutPorts = 1>
ST_16 : Operation 1282 [6/7] (2.65ns)   --->   "%mul139_4_1 = fmul i32 %select_ln91_21, i32 0.013" [top.cpp:91]   --->   Operation 1282 'fmul' 'mul139_4_1' <Predicate = true> <Delay = 2.65> <CoreInst = "FMul_maxdsp">   --->   Core 30 'FMul_maxdsp' <Latency = 6> <II = 1> <Delay = 2.65> <FuncUnit> <Opcode : 'fmul'> <InPorts = 2> <OutPorts = 1>
ST_16 : Operation 1283 [6/7] (2.65ns)   --->   "%mul139_4_2 = fmul i32 %select_ln91_22, i32 0.022" [top.cpp:91]   --->   Operation 1283 'fmul' 'mul139_4_2' <Predicate = true> <Delay = 2.65> <CoreInst = "FMul_maxdsp">   --->   Core 30 'FMul_maxdsp' <Latency = 6> <II = 1> <Delay = 2.65> <FuncUnit> <Opcode : 'fmul'> <InPorts = 2> <OutPorts = 1>
ST_16 : Operation 1284 [6/7] (2.65ns)   --->   "%mul139_4_3 = fmul i32 %select_ln91_23, i32 0.013" [top.cpp:91]   --->   Operation 1284 'fmul' 'mul139_4_3' <Predicate = true> <Delay = 2.65> <CoreInst = "FMul_maxdsp">   --->   Core 30 'FMul_maxdsp' <Latency = 6> <II = 1> <Delay = 2.65> <FuncUnit> <Opcode : 'fmul'> <InPorts = 2> <OutPorts = 1>
ST_16 : Operation 1285 [6/7] (2.65ns)   --->   "%mul139_4_4 = fmul i32 %select_ln91_24, i32 0.003" [top.cpp:91]   --->   Operation 1285 'fmul' 'mul139_4_4' <Predicate = true> <Delay = 2.65> <CoreInst = "FMul_maxdsp">   --->   Core 30 'FMul_maxdsp' <Latency = 6> <II = 1> <Delay = 2.65> <FuncUnit> <Opcode : 'fmul'> <InPorts = 2> <OutPorts = 1>

State 17 <SV = 16> <Delay = 2.65>
ST_17 : Operation 1286 [4/7] (2.65ns)   --->   "%mul = fmul i32 %select_ln91, i32 0.003" [top.cpp:91]   --->   Operation 1286 'fmul' 'mul' <Predicate = true> <Delay = 2.65> <CoreInst = "FMul_maxdsp">   --->   Core 30 'FMul_maxdsp' <Latency = 6> <II = 1> <Delay = 2.65> <FuncUnit> <Opcode : 'fmul'> <InPorts = 2> <OutPorts = 1>
ST_17 : Operation 1287 [4/7] (2.65ns)   --->   "%mul139_s = fmul i32 %select_ln91_1, i32 0.013" [top.cpp:91]   --->   Operation 1287 'fmul' 'mul139_s' <Predicate = true> <Delay = 2.65> <CoreInst = "FMul_maxdsp">   --->   Core 30 'FMul_maxdsp' <Latency = 6> <II = 1> <Delay = 2.65> <FuncUnit> <Opcode : 'fmul'> <InPorts = 2> <OutPorts = 1>
ST_17 : Operation 1288 [4/7] (2.65ns)   --->   "%mul139_5 = fmul i32 %select_ln91_2, i32 0.022" [top.cpp:91]   --->   Operation 1288 'fmul' 'mul139_5' <Predicate = true> <Delay = 2.65> <CoreInst = "FMul_maxdsp">   --->   Core 30 'FMul_maxdsp' <Latency = 6> <II = 1> <Delay = 2.65> <FuncUnit> <Opcode : 'fmul'> <InPorts = 2> <OutPorts = 1>
ST_17 : Operation 1289 [4/7] (2.65ns)   --->   "%mul139_6 = fmul i32 %select_ln91_3, i32 0.013" [top.cpp:91]   --->   Operation 1289 'fmul' 'mul139_6' <Predicate = true> <Delay = 2.65> <CoreInst = "FMul_maxdsp">   --->   Core 30 'FMul_maxdsp' <Latency = 6> <II = 1> <Delay = 2.65> <FuncUnit> <Opcode : 'fmul'> <InPorts = 2> <OutPorts = 1>
ST_17 : Operation 1290 [5/7] (2.65ns)   --->   "%mul139_7 = fmul i32 %select_ln91_4, i32 0.003" [top.cpp:91]   --->   Operation 1290 'fmul' 'mul139_7' <Predicate = true> <Delay = 2.65> <CoreInst = "FMul_maxdsp">   --->   Core 30 'FMul_maxdsp' <Latency = 6> <II = 1> <Delay = 2.65> <FuncUnit> <Opcode : 'fmul'> <InPorts = 2> <OutPorts = 1>
ST_17 : Operation 1291 [4/7] (2.65ns)   --->   "%mul139_1 = fmul i32 %select_ln91_5, i32 0.013" [top.cpp:91]   --->   Operation 1291 'fmul' 'mul139_1' <Predicate = true> <Delay = 2.65> <CoreInst = "FMul_maxdsp">   --->   Core 30 'FMul_maxdsp' <Latency = 6> <II = 1> <Delay = 2.65> <FuncUnit> <Opcode : 'fmul'> <InPorts = 2> <OutPorts = 1>
ST_17 : Operation 1292 [4/7] (2.65ns)   --->   "%mul139_1_1 = fmul i32 %select_ln91_6, i32 0.06" [top.cpp:91]   --->   Operation 1292 'fmul' 'mul139_1_1' <Predicate = true> <Delay = 2.65> <CoreInst = "FMul_maxdsp">   --->   Core 30 'FMul_maxdsp' <Latency = 6> <II = 1> <Delay = 2.65> <FuncUnit> <Opcode : 'fmul'> <InPorts = 2> <OutPorts = 1>
ST_17 : Operation 1293 [4/7] (2.65ns)   --->   "%mul139_1_2 = fmul i32 %select_ln91_7, i32 0.098" [top.cpp:91]   --->   Operation 1293 'fmul' 'mul139_1_2' <Predicate = true> <Delay = 2.65> <CoreInst = "FMul_maxdsp">   --->   Core 30 'FMul_maxdsp' <Latency = 6> <II = 1> <Delay = 2.65> <FuncUnit> <Opcode : 'fmul'> <InPorts = 2> <OutPorts = 1>
ST_17 : Operation 1294 [4/7] (2.65ns)   --->   "%mul139_1_3 = fmul i32 %select_ln91_8, i32 0.06" [top.cpp:91]   --->   Operation 1294 'fmul' 'mul139_1_3' <Predicate = true> <Delay = 2.65> <CoreInst = "FMul_maxdsp">   --->   Core 30 'FMul_maxdsp' <Latency = 6> <II = 1> <Delay = 2.65> <FuncUnit> <Opcode : 'fmul'> <InPorts = 2> <OutPorts = 1>
ST_17 : Operation 1295 [5/7] (2.65ns)   --->   "%mul139_1_4 = fmul i32 %select_ln91_9, i32 0.013" [top.cpp:91]   --->   Operation 1295 'fmul' 'mul139_1_4' <Predicate = true> <Delay = 2.65> <CoreInst = "FMul_maxdsp">   --->   Core 30 'FMul_maxdsp' <Latency = 6> <II = 1> <Delay = 2.65> <FuncUnit> <Opcode : 'fmul'> <InPorts = 2> <OutPorts = 1>
ST_17 : Operation 1296 [4/7] (2.65ns)   --->   "%mul139_2 = fmul i32 %select_ln91_10, i32 0.022" [top.cpp:91]   --->   Operation 1296 'fmul' 'mul139_2' <Predicate = true> <Delay = 2.65> <CoreInst = "FMul_maxdsp">   --->   Core 30 'FMul_maxdsp' <Latency = 6> <II = 1> <Delay = 2.65> <FuncUnit> <Opcode : 'fmul'> <InPorts = 2> <OutPorts = 1>
ST_17 : Operation 1297 [4/7] (2.65ns)   --->   "%mul139_2_1 = fmul i32 %select_ln91_11, i32 0.098" [top.cpp:91]   --->   Operation 1297 'fmul' 'mul139_2_1' <Predicate = true> <Delay = 2.65> <CoreInst = "FMul_maxdsp">   --->   Core 30 'FMul_maxdsp' <Latency = 6> <II = 1> <Delay = 2.65> <FuncUnit> <Opcode : 'fmul'> <InPorts = 2> <OutPorts = 1>
ST_17 : Operation 1298 [4/7] (2.65ns)   --->   "%mul139_2_2 = fmul i32 %select_ln91_12, i32 0.162" [top.cpp:91]   --->   Operation 1298 'fmul' 'mul139_2_2' <Predicate = true> <Delay = 2.65> <CoreInst = "FMul_maxdsp">   --->   Core 30 'FMul_maxdsp' <Latency = 6> <II = 1> <Delay = 2.65> <FuncUnit> <Opcode : 'fmul'> <InPorts = 2> <OutPorts = 1>
ST_17 : Operation 1299 [4/7] (2.65ns)   --->   "%mul139_2_3 = fmul i32 %select_ln91_13, i32 0.098" [top.cpp:91]   --->   Operation 1299 'fmul' 'mul139_2_3' <Predicate = true> <Delay = 2.65> <CoreInst = "FMul_maxdsp">   --->   Core 30 'FMul_maxdsp' <Latency = 6> <II = 1> <Delay = 2.65> <FuncUnit> <Opcode : 'fmul'> <InPorts = 2> <OutPorts = 1>
ST_17 : Operation 1300 [5/7] (2.65ns)   --->   "%mul139_2_4 = fmul i32 %select_ln91_14, i32 0.022" [top.cpp:91]   --->   Operation 1300 'fmul' 'mul139_2_4' <Predicate = true> <Delay = 2.65> <CoreInst = "FMul_maxdsp">   --->   Core 30 'FMul_maxdsp' <Latency = 6> <II = 1> <Delay = 2.65> <FuncUnit> <Opcode : 'fmul'> <InPorts = 2> <OutPorts = 1>
ST_17 : Operation 1301 [4/7] (2.65ns)   --->   "%mul139_3 = fmul i32 %select_ln91_15, i32 0.013" [top.cpp:91]   --->   Operation 1301 'fmul' 'mul139_3' <Predicate = true> <Delay = 2.65> <CoreInst = "FMul_maxdsp">   --->   Core 30 'FMul_maxdsp' <Latency = 6> <II = 1> <Delay = 2.65> <FuncUnit> <Opcode : 'fmul'> <InPorts = 2> <OutPorts = 1>
ST_17 : Operation 1302 [5/7] (2.65ns)   --->   "%mul139_3_1 = fmul i32 %select_ln91_16, i32 0.06" [top.cpp:91]   --->   Operation 1302 'fmul' 'mul139_3_1' <Predicate = true> <Delay = 2.65> <CoreInst = "FMul_maxdsp">   --->   Core 30 'FMul_maxdsp' <Latency = 6> <II = 1> <Delay = 2.65> <FuncUnit> <Opcode : 'fmul'> <InPorts = 2> <OutPorts = 1>
ST_17 : Operation 1303 [5/7] (2.65ns)   --->   "%mul139_3_2 = fmul i32 %select_ln91_17, i32 0.098" [top.cpp:91]   --->   Operation 1303 'fmul' 'mul139_3_2' <Predicate = true> <Delay = 2.65> <CoreInst = "FMul_maxdsp">   --->   Core 30 'FMul_maxdsp' <Latency = 6> <II = 1> <Delay = 2.65> <FuncUnit> <Opcode : 'fmul'> <InPorts = 2> <OutPorts = 1>
ST_17 : Operation 1304 [5/7] (2.65ns)   --->   "%mul139_3_3 = fmul i32 %select_ln91_18, i32 0.06" [top.cpp:91]   --->   Operation 1304 'fmul' 'mul139_3_3' <Predicate = true> <Delay = 2.65> <CoreInst = "FMul_maxdsp">   --->   Core 30 'FMul_maxdsp' <Latency = 6> <II = 1> <Delay = 2.65> <FuncUnit> <Opcode : 'fmul'> <InPorts = 2> <OutPorts = 1>
ST_17 : Operation 1305 [5/7] (2.65ns)   --->   "%mul139_3_4 = fmul i32 %select_ln91_19, i32 0.013" [top.cpp:91]   --->   Operation 1305 'fmul' 'mul139_3_4' <Predicate = true> <Delay = 2.65> <CoreInst = "FMul_maxdsp">   --->   Core 30 'FMul_maxdsp' <Latency = 6> <II = 1> <Delay = 2.65> <FuncUnit> <Opcode : 'fmul'> <InPorts = 2> <OutPorts = 1>
ST_17 : Operation 1306 [5/7] (2.65ns)   --->   "%mul139_4 = fmul i32 %select_ln91_20, i32 0.003" [top.cpp:91]   --->   Operation 1306 'fmul' 'mul139_4' <Predicate = true> <Delay = 2.65> <CoreInst = "FMul_maxdsp">   --->   Core 30 'FMul_maxdsp' <Latency = 6> <II = 1> <Delay = 2.65> <FuncUnit> <Opcode : 'fmul'> <InPorts = 2> <OutPorts = 1>
ST_17 : Operation 1307 [5/7] (2.65ns)   --->   "%mul139_4_1 = fmul i32 %select_ln91_21, i32 0.013" [top.cpp:91]   --->   Operation 1307 'fmul' 'mul139_4_1' <Predicate = true> <Delay = 2.65> <CoreInst = "FMul_maxdsp">   --->   Core 30 'FMul_maxdsp' <Latency = 6> <II = 1> <Delay = 2.65> <FuncUnit> <Opcode : 'fmul'> <InPorts = 2> <OutPorts = 1>
ST_17 : Operation 1308 [5/7] (2.65ns)   --->   "%mul139_4_2 = fmul i32 %select_ln91_22, i32 0.022" [top.cpp:91]   --->   Operation 1308 'fmul' 'mul139_4_2' <Predicate = true> <Delay = 2.65> <CoreInst = "FMul_maxdsp">   --->   Core 30 'FMul_maxdsp' <Latency = 6> <II = 1> <Delay = 2.65> <FuncUnit> <Opcode : 'fmul'> <InPorts = 2> <OutPorts = 1>
ST_17 : Operation 1309 [5/7] (2.65ns)   --->   "%mul139_4_3 = fmul i32 %select_ln91_23, i32 0.013" [top.cpp:91]   --->   Operation 1309 'fmul' 'mul139_4_3' <Predicate = true> <Delay = 2.65> <CoreInst = "FMul_maxdsp">   --->   Core 30 'FMul_maxdsp' <Latency = 6> <II = 1> <Delay = 2.65> <FuncUnit> <Opcode : 'fmul'> <InPorts = 2> <OutPorts = 1>
ST_17 : Operation 1310 [5/7] (2.65ns)   --->   "%mul139_4_4 = fmul i32 %select_ln91_24, i32 0.003" [top.cpp:91]   --->   Operation 1310 'fmul' 'mul139_4_4' <Predicate = true> <Delay = 2.65> <CoreInst = "FMul_maxdsp">   --->   Core 30 'FMul_maxdsp' <Latency = 6> <II = 1> <Delay = 2.65> <FuncUnit> <Opcode : 'fmul'> <InPorts = 2> <OutPorts = 1>

State 18 <SV = 17> <Delay = 2.65>
ST_18 : Operation 1311 [3/7] (2.65ns)   --->   "%mul = fmul i32 %select_ln91, i32 0.003" [top.cpp:91]   --->   Operation 1311 'fmul' 'mul' <Predicate = true> <Delay = 2.65> <CoreInst = "FMul_maxdsp">   --->   Core 30 'FMul_maxdsp' <Latency = 6> <II = 1> <Delay = 2.65> <FuncUnit> <Opcode : 'fmul'> <InPorts = 2> <OutPorts = 1>
ST_18 : Operation 1312 [3/7] (2.65ns)   --->   "%mul139_s = fmul i32 %select_ln91_1, i32 0.013" [top.cpp:91]   --->   Operation 1312 'fmul' 'mul139_s' <Predicate = true> <Delay = 2.65> <CoreInst = "FMul_maxdsp">   --->   Core 30 'FMul_maxdsp' <Latency = 6> <II = 1> <Delay = 2.65> <FuncUnit> <Opcode : 'fmul'> <InPorts = 2> <OutPorts = 1>
ST_18 : Operation 1313 [3/7] (2.65ns)   --->   "%mul139_5 = fmul i32 %select_ln91_2, i32 0.022" [top.cpp:91]   --->   Operation 1313 'fmul' 'mul139_5' <Predicate = true> <Delay = 2.65> <CoreInst = "FMul_maxdsp">   --->   Core 30 'FMul_maxdsp' <Latency = 6> <II = 1> <Delay = 2.65> <FuncUnit> <Opcode : 'fmul'> <InPorts = 2> <OutPorts = 1>
ST_18 : Operation 1314 [3/7] (2.65ns)   --->   "%mul139_6 = fmul i32 %select_ln91_3, i32 0.013" [top.cpp:91]   --->   Operation 1314 'fmul' 'mul139_6' <Predicate = true> <Delay = 2.65> <CoreInst = "FMul_maxdsp">   --->   Core 30 'FMul_maxdsp' <Latency = 6> <II = 1> <Delay = 2.65> <FuncUnit> <Opcode : 'fmul'> <InPorts = 2> <OutPorts = 1>
ST_18 : Operation 1315 [4/7] (2.65ns)   --->   "%mul139_7 = fmul i32 %select_ln91_4, i32 0.003" [top.cpp:91]   --->   Operation 1315 'fmul' 'mul139_7' <Predicate = true> <Delay = 2.65> <CoreInst = "FMul_maxdsp">   --->   Core 30 'FMul_maxdsp' <Latency = 6> <II = 1> <Delay = 2.65> <FuncUnit> <Opcode : 'fmul'> <InPorts = 2> <OutPorts = 1>
ST_18 : Operation 1316 [3/7] (2.65ns)   --->   "%mul139_1 = fmul i32 %select_ln91_5, i32 0.013" [top.cpp:91]   --->   Operation 1316 'fmul' 'mul139_1' <Predicate = true> <Delay = 2.65> <CoreInst = "FMul_maxdsp">   --->   Core 30 'FMul_maxdsp' <Latency = 6> <II = 1> <Delay = 2.65> <FuncUnit> <Opcode : 'fmul'> <InPorts = 2> <OutPorts = 1>
ST_18 : Operation 1317 [3/7] (2.65ns)   --->   "%mul139_1_1 = fmul i32 %select_ln91_6, i32 0.06" [top.cpp:91]   --->   Operation 1317 'fmul' 'mul139_1_1' <Predicate = true> <Delay = 2.65> <CoreInst = "FMul_maxdsp">   --->   Core 30 'FMul_maxdsp' <Latency = 6> <II = 1> <Delay = 2.65> <FuncUnit> <Opcode : 'fmul'> <InPorts = 2> <OutPorts = 1>
ST_18 : Operation 1318 [3/7] (2.65ns)   --->   "%mul139_1_2 = fmul i32 %select_ln91_7, i32 0.098" [top.cpp:91]   --->   Operation 1318 'fmul' 'mul139_1_2' <Predicate = true> <Delay = 2.65> <CoreInst = "FMul_maxdsp">   --->   Core 30 'FMul_maxdsp' <Latency = 6> <II = 1> <Delay = 2.65> <FuncUnit> <Opcode : 'fmul'> <InPorts = 2> <OutPorts = 1>
ST_18 : Operation 1319 [3/7] (2.65ns)   --->   "%mul139_1_3 = fmul i32 %select_ln91_8, i32 0.06" [top.cpp:91]   --->   Operation 1319 'fmul' 'mul139_1_3' <Predicate = true> <Delay = 2.65> <CoreInst = "FMul_maxdsp">   --->   Core 30 'FMul_maxdsp' <Latency = 6> <II = 1> <Delay = 2.65> <FuncUnit> <Opcode : 'fmul'> <InPorts = 2> <OutPorts = 1>
ST_18 : Operation 1320 [4/7] (2.65ns)   --->   "%mul139_1_4 = fmul i32 %select_ln91_9, i32 0.013" [top.cpp:91]   --->   Operation 1320 'fmul' 'mul139_1_4' <Predicate = true> <Delay = 2.65> <CoreInst = "FMul_maxdsp">   --->   Core 30 'FMul_maxdsp' <Latency = 6> <II = 1> <Delay = 2.65> <FuncUnit> <Opcode : 'fmul'> <InPorts = 2> <OutPorts = 1>
ST_18 : Operation 1321 [3/7] (2.65ns)   --->   "%mul139_2 = fmul i32 %select_ln91_10, i32 0.022" [top.cpp:91]   --->   Operation 1321 'fmul' 'mul139_2' <Predicate = true> <Delay = 2.65> <CoreInst = "FMul_maxdsp">   --->   Core 30 'FMul_maxdsp' <Latency = 6> <II = 1> <Delay = 2.65> <FuncUnit> <Opcode : 'fmul'> <InPorts = 2> <OutPorts = 1>
ST_18 : Operation 1322 [3/7] (2.65ns)   --->   "%mul139_2_1 = fmul i32 %select_ln91_11, i32 0.098" [top.cpp:91]   --->   Operation 1322 'fmul' 'mul139_2_1' <Predicate = true> <Delay = 2.65> <CoreInst = "FMul_maxdsp">   --->   Core 30 'FMul_maxdsp' <Latency = 6> <II = 1> <Delay = 2.65> <FuncUnit> <Opcode : 'fmul'> <InPorts = 2> <OutPorts = 1>
ST_18 : Operation 1323 [3/7] (2.65ns)   --->   "%mul139_2_2 = fmul i32 %select_ln91_12, i32 0.162" [top.cpp:91]   --->   Operation 1323 'fmul' 'mul139_2_2' <Predicate = true> <Delay = 2.65> <CoreInst = "FMul_maxdsp">   --->   Core 30 'FMul_maxdsp' <Latency = 6> <II = 1> <Delay = 2.65> <FuncUnit> <Opcode : 'fmul'> <InPorts = 2> <OutPorts = 1>
ST_18 : Operation 1324 [3/7] (2.65ns)   --->   "%mul139_2_3 = fmul i32 %select_ln91_13, i32 0.098" [top.cpp:91]   --->   Operation 1324 'fmul' 'mul139_2_3' <Predicate = true> <Delay = 2.65> <CoreInst = "FMul_maxdsp">   --->   Core 30 'FMul_maxdsp' <Latency = 6> <II = 1> <Delay = 2.65> <FuncUnit> <Opcode : 'fmul'> <InPorts = 2> <OutPorts = 1>
ST_18 : Operation 1325 [4/7] (2.65ns)   --->   "%mul139_2_4 = fmul i32 %select_ln91_14, i32 0.022" [top.cpp:91]   --->   Operation 1325 'fmul' 'mul139_2_4' <Predicate = true> <Delay = 2.65> <CoreInst = "FMul_maxdsp">   --->   Core 30 'FMul_maxdsp' <Latency = 6> <II = 1> <Delay = 2.65> <FuncUnit> <Opcode : 'fmul'> <InPorts = 2> <OutPorts = 1>
ST_18 : Operation 1326 [3/7] (2.65ns)   --->   "%mul139_3 = fmul i32 %select_ln91_15, i32 0.013" [top.cpp:91]   --->   Operation 1326 'fmul' 'mul139_3' <Predicate = true> <Delay = 2.65> <CoreInst = "FMul_maxdsp">   --->   Core 30 'FMul_maxdsp' <Latency = 6> <II = 1> <Delay = 2.65> <FuncUnit> <Opcode : 'fmul'> <InPorts = 2> <OutPorts = 1>
ST_18 : Operation 1327 [4/7] (2.65ns)   --->   "%mul139_3_1 = fmul i32 %select_ln91_16, i32 0.06" [top.cpp:91]   --->   Operation 1327 'fmul' 'mul139_3_1' <Predicate = true> <Delay = 2.65> <CoreInst = "FMul_maxdsp">   --->   Core 30 'FMul_maxdsp' <Latency = 6> <II = 1> <Delay = 2.65> <FuncUnit> <Opcode : 'fmul'> <InPorts = 2> <OutPorts = 1>
ST_18 : Operation 1328 [4/7] (2.65ns)   --->   "%mul139_3_2 = fmul i32 %select_ln91_17, i32 0.098" [top.cpp:91]   --->   Operation 1328 'fmul' 'mul139_3_2' <Predicate = true> <Delay = 2.65> <CoreInst = "FMul_maxdsp">   --->   Core 30 'FMul_maxdsp' <Latency = 6> <II = 1> <Delay = 2.65> <FuncUnit> <Opcode : 'fmul'> <InPorts = 2> <OutPorts = 1>
ST_18 : Operation 1329 [4/7] (2.65ns)   --->   "%mul139_3_3 = fmul i32 %select_ln91_18, i32 0.06" [top.cpp:91]   --->   Operation 1329 'fmul' 'mul139_3_3' <Predicate = true> <Delay = 2.65> <CoreInst = "FMul_maxdsp">   --->   Core 30 'FMul_maxdsp' <Latency = 6> <II = 1> <Delay = 2.65> <FuncUnit> <Opcode : 'fmul'> <InPorts = 2> <OutPorts = 1>
ST_18 : Operation 1330 [4/7] (2.65ns)   --->   "%mul139_3_4 = fmul i32 %select_ln91_19, i32 0.013" [top.cpp:91]   --->   Operation 1330 'fmul' 'mul139_3_4' <Predicate = true> <Delay = 2.65> <CoreInst = "FMul_maxdsp">   --->   Core 30 'FMul_maxdsp' <Latency = 6> <II = 1> <Delay = 2.65> <FuncUnit> <Opcode : 'fmul'> <InPorts = 2> <OutPorts = 1>
ST_18 : Operation 1331 [4/7] (2.65ns)   --->   "%mul139_4 = fmul i32 %select_ln91_20, i32 0.003" [top.cpp:91]   --->   Operation 1331 'fmul' 'mul139_4' <Predicate = true> <Delay = 2.65> <CoreInst = "FMul_maxdsp">   --->   Core 30 'FMul_maxdsp' <Latency = 6> <II = 1> <Delay = 2.65> <FuncUnit> <Opcode : 'fmul'> <InPorts = 2> <OutPorts = 1>
ST_18 : Operation 1332 [4/7] (2.65ns)   --->   "%mul139_4_1 = fmul i32 %select_ln91_21, i32 0.013" [top.cpp:91]   --->   Operation 1332 'fmul' 'mul139_4_1' <Predicate = true> <Delay = 2.65> <CoreInst = "FMul_maxdsp">   --->   Core 30 'FMul_maxdsp' <Latency = 6> <II = 1> <Delay = 2.65> <FuncUnit> <Opcode : 'fmul'> <InPorts = 2> <OutPorts = 1>
ST_18 : Operation 1333 [4/7] (2.65ns)   --->   "%mul139_4_2 = fmul i32 %select_ln91_22, i32 0.022" [top.cpp:91]   --->   Operation 1333 'fmul' 'mul139_4_2' <Predicate = true> <Delay = 2.65> <CoreInst = "FMul_maxdsp">   --->   Core 30 'FMul_maxdsp' <Latency = 6> <II = 1> <Delay = 2.65> <FuncUnit> <Opcode : 'fmul'> <InPorts = 2> <OutPorts = 1>
ST_18 : Operation 1334 [4/7] (2.65ns)   --->   "%mul139_4_3 = fmul i32 %select_ln91_23, i32 0.013" [top.cpp:91]   --->   Operation 1334 'fmul' 'mul139_4_3' <Predicate = true> <Delay = 2.65> <CoreInst = "FMul_maxdsp">   --->   Core 30 'FMul_maxdsp' <Latency = 6> <II = 1> <Delay = 2.65> <FuncUnit> <Opcode : 'fmul'> <InPorts = 2> <OutPorts = 1>
ST_18 : Operation 1335 [4/7] (2.65ns)   --->   "%mul139_4_4 = fmul i32 %select_ln91_24, i32 0.003" [top.cpp:91]   --->   Operation 1335 'fmul' 'mul139_4_4' <Predicate = true> <Delay = 2.65> <CoreInst = "FMul_maxdsp">   --->   Core 30 'FMul_maxdsp' <Latency = 6> <II = 1> <Delay = 2.65> <FuncUnit> <Opcode : 'fmul'> <InPorts = 2> <OutPorts = 1>

State 19 <SV = 18> <Delay = 2.65>
ST_19 : Operation 1336 [2/7] (2.65ns)   --->   "%mul = fmul i32 %select_ln91, i32 0.003" [top.cpp:91]   --->   Operation 1336 'fmul' 'mul' <Predicate = true> <Delay = 2.65> <CoreInst = "FMul_maxdsp">   --->   Core 30 'FMul_maxdsp' <Latency = 6> <II = 1> <Delay = 2.65> <FuncUnit> <Opcode : 'fmul'> <InPorts = 2> <OutPorts = 1>
ST_19 : Operation 1337 [2/7] (2.65ns)   --->   "%mul139_s = fmul i32 %select_ln91_1, i32 0.013" [top.cpp:91]   --->   Operation 1337 'fmul' 'mul139_s' <Predicate = true> <Delay = 2.65> <CoreInst = "FMul_maxdsp">   --->   Core 30 'FMul_maxdsp' <Latency = 6> <II = 1> <Delay = 2.65> <FuncUnit> <Opcode : 'fmul'> <InPorts = 2> <OutPorts = 1>
ST_19 : Operation 1338 [2/7] (2.65ns)   --->   "%mul139_5 = fmul i32 %select_ln91_2, i32 0.022" [top.cpp:91]   --->   Operation 1338 'fmul' 'mul139_5' <Predicate = true> <Delay = 2.65> <CoreInst = "FMul_maxdsp">   --->   Core 30 'FMul_maxdsp' <Latency = 6> <II = 1> <Delay = 2.65> <FuncUnit> <Opcode : 'fmul'> <InPorts = 2> <OutPorts = 1>
ST_19 : Operation 1339 [2/7] (2.65ns)   --->   "%mul139_6 = fmul i32 %select_ln91_3, i32 0.013" [top.cpp:91]   --->   Operation 1339 'fmul' 'mul139_6' <Predicate = true> <Delay = 2.65> <CoreInst = "FMul_maxdsp">   --->   Core 30 'FMul_maxdsp' <Latency = 6> <II = 1> <Delay = 2.65> <FuncUnit> <Opcode : 'fmul'> <InPorts = 2> <OutPorts = 1>
ST_19 : Operation 1340 [3/7] (2.65ns)   --->   "%mul139_7 = fmul i32 %select_ln91_4, i32 0.003" [top.cpp:91]   --->   Operation 1340 'fmul' 'mul139_7' <Predicate = true> <Delay = 2.65> <CoreInst = "FMul_maxdsp">   --->   Core 30 'FMul_maxdsp' <Latency = 6> <II = 1> <Delay = 2.65> <FuncUnit> <Opcode : 'fmul'> <InPorts = 2> <OutPorts = 1>
ST_19 : Operation 1341 [2/7] (2.65ns)   --->   "%mul139_1 = fmul i32 %select_ln91_5, i32 0.013" [top.cpp:91]   --->   Operation 1341 'fmul' 'mul139_1' <Predicate = true> <Delay = 2.65> <CoreInst = "FMul_maxdsp">   --->   Core 30 'FMul_maxdsp' <Latency = 6> <II = 1> <Delay = 2.65> <FuncUnit> <Opcode : 'fmul'> <InPorts = 2> <OutPorts = 1>
ST_19 : Operation 1342 [2/7] (2.65ns)   --->   "%mul139_1_1 = fmul i32 %select_ln91_6, i32 0.06" [top.cpp:91]   --->   Operation 1342 'fmul' 'mul139_1_1' <Predicate = true> <Delay = 2.65> <CoreInst = "FMul_maxdsp">   --->   Core 30 'FMul_maxdsp' <Latency = 6> <II = 1> <Delay = 2.65> <FuncUnit> <Opcode : 'fmul'> <InPorts = 2> <OutPorts = 1>
ST_19 : Operation 1343 [2/7] (2.65ns)   --->   "%mul139_1_2 = fmul i32 %select_ln91_7, i32 0.098" [top.cpp:91]   --->   Operation 1343 'fmul' 'mul139_1_2' <Predicate = true> <Delay = 2.65> <CoreInst = "FMul_maxdsp">   --->   Core 30 'FMul_maxdsp' <Latency = 6> <II = 1> <Delay = 2.65> <FuncUnit> <Opcode : 'fmul'> <InPorts = 2> <OutPorts = 1>
ST_19 : Operation 1344 [2/7] (2.65ns)   --->   "%mul139_1_3 = fmul i32 %select_ln91_8, i32 0.06" [top.cpp:91]   --->   Operation 1344 'fmul' 'mul139_1_3' <Predicate = true> <Delay = 2.65> <CoreInst = "FMul_maxdsp">   --->   Core 30 'FMul_maxdsp' <Latency = 6> <II = 1> <Delay = 2.65> <FuncUnit> <Opcode : 'fmul'> <InPorts = 2> <OutPorts = 1>
ST_19 : Operation 1345 [3/7] (2.65ns)   --->   "%mul139_1_4 = fmul i32 %select_ln91_9, i32 0.013" [top.cpp:91]   --->   Operation 1345 'fmul' 'mul139_1_4' <Predicate = true> <Delay = 2.65> <CoreInst = "FMul_maxdsp">   --->   Core 30 'FMul_maxdsp' <Latency = 6> <II = 1> <Delay = 2.65> <FuncUnit> <Opcode : 'fmul'> <InPorts = 2> <OutPorts = 1>
ST_19 : Operation 1346 [2/7] (2.65ns)   --->   "%mul139_2 = fmul i32 %select_ln91_10, i32 0.022" [top.cpp:91]   --->   Operation 1346 'fmul' 'mul139_2' <Predicate = true> <Delay = 2.65> <CoreInst = "FMul_maxdsp">   --->   Core 30 'FMul_maxdsp' <Latency = 6> <II = 1> <Delay = 2.65> <FuncUnit> <Opcode : 'fmul'> <InPorts = 2> <OutPorts = 1>
ST_19 : Operation 1347 [2/7] (2.65ns)   --->   "%mul139_2_1 = fmul i32 %select_ln91_11, i32 0.098" [top.cpp:91]   --->   Operation 1347 'fmul' 'mul139_2_1' <Predicate = true> <Delay = 2.65> <CoreInst = "FMul_maxdsp">   --->   Core 30 'FMul_maxdsp' <Latency = 6> <II = 1> <Delay = 2.65> <FuncUnit> <Opcode : 'fmul'> <InPorts = 2> <OutPorts = 1>
ST_19 : Operation 1348 [2/7] (2.65ns)   --->   "%mul139_2_2 = fmul i32 %select_ln91_12, i32 0.162" [top.cpp:91]   --->   Operation 1348 'fmul' 'mul139_2_2' <Predicate = true> <Delay = 2.65> <CoreInst = "FMul_maxdsp">   --->   Core 30 'FMul_maxdsp' <Latency = 6> <II = 1> <Delay = 2.65> <FuncUnit> <Opcode : 'fmul'> <InPorts = 2> <OutPorts = 1>
ST_19 : Operation 1349 [2/7] (2.65ns)   --->   "%mul139_2_3 = fmul i32 %select_ln91_13, i32 0.098" [top.cpp:91]   --->   Operation 1349 'fmul' 'mul139_2_3' <Predicate = true> <Delay = 2.65> <CoreInst = "FMul_maxdsp">   --->   Core 30 'FMul_maxdsp' <Latency = 6> <II = 1> <Delay = 2.65> <FuncUnit> <Opcode : 'fmul'> <InPorts = 2> <OutPorts = 1>
ST_19 : Operation 1350 [3/7] (2.65ns)   --->   "%mul139_2_4 = fmul i32 %select_ln91_14, i32 0.022" [top.cpp:91]   --->   Operation 1350 'fmul' 'mul139_2_4' <Predicate = true> <Delay = 2.65> <CoreInst = "FMul_maxdsp">   --->   Core 30 'FMul_maxdsp' <Latency = 6> <II = 1> <Delay = 2.65> <FuncUnit> <Opcode : 'fmul'> <InPorts = 2> <OutPorts = 1>
ST_19 : Operation 1351 [2/7] (2.65ns)   --->   "%mul139_3 = fmul i32 %select_ln91_15, i32 0.013" [top.cpp:91]   --->   Operation 1351 'fmul' 'mul139_3' <Predicate = true> <Delay = 2.65> <CoreInst = "FMul_maxdsp">   --->   Core 30 'FMul_maxdsp' <Latency = 6> <II = 1> <Delay = 2.65> <FuncUnit> <Opcode : 'fmul'> <InPorts = 2> <OutPorts = 1>
ST_19 : Operation 1352 [3/7] (2.65ns)   --->   "%mul139_3_1 = fmul i32 %select_ln91_16, i32 0.06" [top.cpp:91]   --->   Operation 1352 'fmul' 'mul139_3_1' <Predicate = true> <Delay = 2.65> <CoreInst = "FMul_maxdsp">   --->   Core 30 'FMul_maxdsp' <Latency = 6> <II = 1> <Delay = 2.65> <FuncUnit> <Opcode : 'fmul'> <InPorts = 2> <OutPorts = 1>
ST_19 : Operation 1353 [3/7] (2.65ns)   --->   "%mul139_3_2 = fmul i32 %select_ln91_17, i32 0.098" [top.cpp:91]   --->   Operation 1353 'fmul' 'mul139_3_2' <Predicate = true> <Delay = 2.65> <CoreInst = "FMul_maxdsp">   --->   Core 30 'FMul_maxdsp' <Latency = 6> <II = 1> <Delay = 2.65> <FuncUnit> <Opcode : 'fmul'> <InPorts = 2> <OutPorts = 1>
ST_19 : Operation 1354 [3/7] (2.65ns)   --->   "%mul139_3_3 = fmul i32 %select_ln91_18, i32 0.06" [top.cpp:91]   --->   Operation 1354 'fmul' 'mul139_3_3' <Predicate = true> <Delay = 2.65> <CoreInst = "FMul_maxdsp">   --->   Core 30 'FMul_maxdsp' <Latency = 6> <II = 1> <Delay = 2.65> <FuncUnit> <Opcode : 'fmul'> <InPorts = 2> <OutPorts = 1>
ST_19 : Operation 1355 [3/7] (2.65ns)   --->   "%mul139_3_4 = fmul i32 %select_ln91_19, i32 0.013" [top.cpp:91]   --->   Operation 1355 'fmul' 'mul139_3_4' <Predicate = true> <Delay = 2.65> <CoreInst = "FMul_maxdsp">   --->   Core 30 'FMul_maxdsp' <Latency = 6> <II = 1> <Delay = 2.65> <FuncUnit> <Opcode : 'fmul'> <InPorts = 2> <OutPorts = 1>
ST_19 : Operation 1356 [3/7] (2.65ns)   --->   "%mul139_4 = fmul i32 %select_ln91_20, i32 0.003" [top.cpp:91]   --->   Operation 1356 'fmul' 'mul139_4' <Predicate = true> <Delay = 2.65> <CoreInst = "FMul_maxdsp">   --->   Core 30 'FMul_maxdsp' <Latency = 6> <II = 1> <Delay = 2.65> <FuncUnit> <Opcode : 'fmul'> <InPorts = 2> <OutPorts = 1>
ST_19 : Operation 1357 [3/7] (2.65ns)   --->   "%mul139_4_1 = fmul i32 %select_ln91_21, i32 0.013" [top.cpp:91]   --->   Operation 1357 'fmul' 'mul139_4_1' <Predicate = true> <Delay = 2.65> <CoreInst = "FMul_maxdsp">   --->   Core 30 'FMul_maxdsp' <Latency = 6> <II = 1> <Delay = 2.65> <FuncUnit> <Opcode : 'fmul'> <InPorts = 2> <OutPorts = 1>
ST_19 : Operation 1358 [3/7] (2.65ns)   --->   "%mul139_4_2 = fmul i32 %select_ln91_22, i32 0.022" [top.cpp:91]   --->   Operation 1358 'fmul' 'mul139_4_2' <Predicate = true> <Delay = 2.65> <CoreInst = "FMul_maxdsp">   --->   Core 30 'FMul_maxdsp' <Latency = 6> <II = 1> <Delay = 2.65> <FuncUnit> <Opcode : 'fmul'> <InPorts = 2> <OutPorts = 1>
ST_19 : Operation 1359 [3/7] (2.65ns)   --->   "%mul139_4_3 = fmul i32 %select_ln91_23, i32 0.013" [top.cpp:91]   --->   Operation 1359 'fmul' 'mul139_4_3' <Predicate = true> <Delay = 2.65> <CoreInst = "FMul_maxdsp">   --->   Core 30 'FMul_maxdsp' <Latency = 6> <II = 1> <Delay = 2.65> <FuncUnit> <Opcode : 'fmul'> <InPorts = 2> <OutPorts = 1>
ST_19 : Operation 1360 [3/7] (2.65ns)   --->   "%mul139_4_4 = fmul i32 %select_ln91_24, i32 0.003" [top.cpp:91]   --->   Operation 1360 'fmul' 'mul139_4_4' <Predicate = true> <Delay = 2.65> <CoreInst = "FMul_maxdsp">   --->   Core 30 'FMul_maxdsp' <Latency = 6> <II = 1> <Delay = 2.65> <FuncUnit> <Opcode : 'fmul'> <InPorts = 2> <OutPorts = 1>

State 20 <SV = 19> <Delay = 2.65>
ST_20 : Operation 1361 [1/7] (2.65ns)   --->   "%mul = fmul i32 %select_ln91, i32 0.003" [top.cpp:91]   --->   Operation 1361 'fmul' 'mul' <Predicate = true> <Delay = 2.65> <CoreInst = "FMul_maxdsp">   --->   Core 30 'FMul_maxdsp' <Latency = 6> <II = 1> <Delay = 2.65> <FuncUnit> <Opcode : 'fmul'> <InPorts = 2> <OutPorts = 1>
ST_20 : Operation 1362 [1/7] (2.65ns)   --->   "%mul139_s = fmul i32 %select_ln91_1, i32 0.013" [top.cpp:91]   --->   Operation 1362 'fmul' 'mul139_s' <Predicate = true> <Delay = 2.65> <CoreInst = "FMul_maxdsp">   --->   Core 30 'FMul_maxdsp' <Latency = 6> <II = 1> <Delay = 2.65> <FuncUnit> <Opcode : 'fmul'> <InPorts = 2> <OutPorts = 1>
ST_20 : Operation 1363 [1/7] (2.65ns)   --->   "%mul139_5 = fmul i32 %select_ln91_2, i32 0.022" [top.cpp:91]   --->   Operation 1363 'fmul' 'mul139_5' <Predicate = true> <Delay = 2.65> <CoreInst = "FMul_maxdsp">   --->   Core 30 'FMul_maxdsp' <Latency = 6> <II = 1> <Delay = 2.65> <FuncUnit> <Opcode : 'fmul'> <InPorts = 2> <OutPorts = 1>
ST_20 : Operation 1364 [1/7] (2.65ns)   --->   "%mul139_6 = fmul i32 %select_ln91_3, i32 0.013" [top.cpp:91]   --->   Operation 1364 'fmul' 'mul139_6' <Predicate = true> <Delay = 2.65> <CoreInst = "FMul_maxdsp">   --->   Core 30 'FMul_maxdsp' <Latency = 6> <II = 1> <Delay = 2.65> <FuncUnit> <Opcode : 'fmul'> <InPorts = 2> <OutPorts = 1>
ST_20 : Operation 1365 [2/7] (2.65ns)   --->   "%mul139_7 = fmul i32 %select_ln91_4, i32 0.003" [top.cpp:91]   --->   Operation 1365 'fmul' 'mul139_7' <Predicate = true> <Delay = 2.65> <CoreInst = "FMul_maxdsp">   --->   Core 30 'FMul_maxdsp' <Latency = 6> <II = 1> <Delay = 2.65> <FuncUnit> <Opcode : 'fmul'> <InPorts = 2> <OutPorts = 1>
ST_20 : Operation 1366 [1/7] (2.65ns)   --->   "%mul139_1 = fmul i32 %select_ln91_5, i32 0.013" [top.cpp:91]   --->   Operation 1366 'fmul' 'mul139_1' <Predicate = true> <Delay = 2.65> <CoreInst = "FMul_maxdsp">   --->   Core 30 'FMul_maxdsp' <Latency = 6> <II = 1> <Delay = 2.65> <FuncUnit> <Opcode : 'fmul'> <InPorts = 2> <OutPorts = 1>
ST_20 : Operation 1367 [1/7] (2.65ns)   --->   "%mul139_1_1 = fmul i32 %select_ln91_6, i32 0.06" [top.cpp:91]   --->   Operation 1367 'fmul' 'mul139_1_1' <Predicate = true> <Delay = 2.65> <CoreInst = "FMul_maxdsp">   --->   Core 30 'FMul_maxdsp' <Latency = 6> <II = 1> <Delay = 2.65> <FuncUnit> <Opcode : 'fmul'> <InPorts = 2> <OutPorts = 1>
ST_20 : Operation 1368 [1/7] (2.65ns)   --->   "%mul139_1_2 = fmul i32 %select_ln91_7, i32 0.098" [top.cpp:91]   --->   Operation 1368 'fmul' 'mul139_1_2' <Predicate = true> <Delay = 2.65> <CoreInst = "FMul_maxdsp">   --->   Core 30 'FMul_maxdsp' <Latency = 6> <II = 1> <Delay = 2.65> <FuncUnit> <Opcode : 'fmul'> <InPorts = 2> <OutPorts = 1>
ST_20 : Operation 1369 [1/7] (2.65ns)   --->   "%mul139_1_3 = fmul i32 %select_ln91_8, i32 0.06" [top.cpp:91]   --->   Operation 1369 'fmul' 'mul139_1_3' <Predicate = true> <Delay = 2.65> <CoreInst = "FMul_maxdsp">   --->   Core 30 'FMul_maxdsp' <Latency = 6> <II = 1> <Delay = 2.65> <FuncUnit> <Opcode : 'fmul'> <InPorts = 2> <OutPorts = 1>
ST_20 : Operation 1370 [2/7] (2.65ns)   --->   "%mul139_1_4 = fmul i32 %select_ln91_9, i32 0.013" [top.cpp:91]   --->   Operation 1370 'fmul' 'mul139_1_4' <Predicate = true> <Delay = 2.65> <CoreInst = "FMul_maxdsp">   --->   Core 30 'FMul_maxdsp' <Latency = 6> <II = 1> <Delay = 2.65> <FuncUnit> <Opcode : 'fmul'> <InPorts = 2> <OutPorts = 1>
ST_20 : Operation 1371 [1/7] (2.65ns)   --->   "%mul139_2 = fmul i32 %select_ln91_10, i32 0.022" [top.cpp:91]   --->   Operation 1371 'fmul' 'mul139_2' <Predicate = true> <Delay = 2.65> <CoreInst = "FMul_maxdsp">   --->   Core 30 'FMul_maxdsp' <Latency = 6> <II = 1> <Delay = 2.65> <FuncUnit> <Opcode : 'fmul'> <InPorts = 2> <OutPorts = 1>
ST_20 : Operation 1372 [1/7] (2.65ns)   --->   "%mul139_2_1 = fmul i32 %select_ln91_11, i32 0.098" [top.cpp:91]   --->   Operation 1372 'fmul' 'mul139_2_1' <Predicate = true> <Delay = 2.65> <CoreInst = "FMul_maxdsp">   --->   Core 30 'FMul_maxdsp' <Latency = 6> <II = 1> <Delay = 2.65> <FuncUnit> <Opcode : 'fmul'> <InPorts = 2> <OutPorts = 1>
ST_20 : Operation 1373 [1/7] (2.65ns)   --->   "%mul139_2_2 = fmul i32 %select_ln91_12, i32 0.162" [top.cpp:91]   --->   Operation 1373 'fmul' 'mul139_2_2' <Predicate = true> <Delay = 2.65> <CoreInst = "FMul_maxdsp">   --->   Core 30 'FMul_maxdsp' <Latency = 6> <II = 1> <Delay = 2.65> <FuncUnit> <Opcode : 'fmul'> <InPorts = 2> <OutPorts = 1>
ST_20 : Operation 1374 [1/7] (2.65ns)   --->   "%mul139_2_3 = fmul i32 %select_ln91_13, i32 0.098" [top.cpp:91]   --->   Operation 1374 'fmul' 'mul139_2_3' <Predicate = true> <Delay = 2.65> <CoreInst = "FMul_maxdsp">   --->   Core 30 'FMul_maxdsp' <Latency = 6> <II = 1> <Delay = 2.65> <FuncUnit> <Opcode : 'fmul'> <InPorts = 2> <OutPorts = 1>
ST_20 : Operation 1375 [2/7] (2.65ns)   --->   "%mul139_2_4 = fmul i32 %select_ln91_14, i32 0.022" [top.cpp:91]   --->   Operation 1375 'fmul' 'mul139_2_4' <Predicate = true> <Delay = 2.65> <CoreInst = "FMul_maxdsp">   --->   Core 30 'FMul_maxdsp' <Latency = 6> <II = 1> <Delay = 2.65> <FuncUnit> <Opcode : 'fmul'> <InPorts = 2> <OutPorts = 1>
ST_20 : Operation 1376 [1/7] (2.65ns)   --->   "%mul139_3 = fmul i32 %select_ln91_15, i32 0.013" [top.cpp:91]   --->   Operation 1376 'fmul' 'mul139_3' <Predicate = true> <Delay = 2.65> <CoreInst = "FMul_maxdsp">   --->   Core 30 'FMul_maxdsp' <Latency = 6> <II = 1> <Delay = 2.65> <FuncUnit> <Opcode : 'fmul'> <InPorts = 2> <OutPorts = 1>
ST_20 : Operation 1377 [2/7] (2.65ns)   --->   "%mul139_3_1 = fmul i32 %select_ln91_16, i32 0.06" [top.cpp:91]   --->   Operation 1377 'fmul' 'mul139_3_1' <Predicate = true> <Delay = 2.65> <CoreInst = "FMul_maxdsp">   --->   Core 30 'FMul_maxdsp' <Latency = 6> <II = 1> <Delay = 2.65> <FuncUnit> <Opcode : 'fmul'> <InPorts = 2> <OutPorts = 1>
ST_20 : Operation 1378 [2/7] (2.65ns)   --->   "%mul139_3_2 = fmul i32 %select_ln91_17, i32 0.098" [top.cpp:91]   --->   Operation 1378 'fmul' 'mul139_3_2' <Predicate = true> <Delay = 2.65> <CoreInst = "FMul_maxdsp">   --->   Core 30 'FMul_maxdsp' <Latency = 6> <II = 1> <Delay = 2.65> <FuncUnit> <Opcode : 'fmul'> <InPorts = 2> <OutPorts = 1>
ST_20 : Operation 1379 [2/7] (2.65ns)   --->   "%mul139_3_3 = fmul i32 %select_ln91_18, i32 0.06" [top.cpp:91]   --->   Operation 1379 'fmul' 'mul139_3_3' <Predicate = true> <Delay = 2.65> <CoreInst = "FMul_maxdsp">   --->   Core 30 'FMul_maxdsp' <Latency = 6> <II = 1> <Delay = 2.65> <FuncUnit> <Opcode : 'fmul'> <InPorts = 2> <OutPorts = 1>
ST_20 : Operation 1380 [2/7] (2.65ns)   --->   "%mul139_3_4 = fmul i32 %select_ln91_19, i32 0.013" [top.cpp:91]   --->   Operation 1380 'fmul' 'mul139_3_4' <Predicate = true> <Delay = 2.65> <CoreInst = "FMul_maxdsp">   --->   Core 30 'FMul_maxdsp' <Latency = 6> <II = 1> <Delay = 2.65> <FuncUnit> <Opcode : 'fmul'> <InPorts = 2> <OutPorts = 1>
ST_20 : Operation 1381 [2/7] (2.65ns)   --->   "%mul139_4 = fmul i32 %select_ln91_20, i32 0.003" [top.cpp:91]   --->   Operation 1381 'fmul' 'mul139_4' <Predicate = true> <Delay = 2.65> <CoreInst = "FMul_maxdsp">   --->   Core 30 'FMul_maxdsp' <Latency = 6> <II = 1> <Delay = 2.65> <FuncUnit> <Opcode : 'fmul'> <InPorts = 2> <OutPorts = 1>
ST_20 : Operation 1382 [2/7] (2.65ns)   --->   "%mul139_4_1 = fmul i32 %select_ln91_21, i32 0.013" [top.cpp:91]   --->   Operation 1382 'fmul' 'mul139_4_1' <Predicate = true> <Delay = 2.65> <CoreInst = "FMul_maxdsp">   --->   Core 30 'FMul_maxdsp' <Latency = 6> <II = 1> <Delay = 2.65> <FuncUnit> <Opcode : 'fmul'> <InPorts = 2> <OutPorts = 1>
ST_20 : Operation 1383 [2/7] (2.65ns)   --->   "%mul139_4_2 = fmul i32 %select_ln91_22, i32 0.022" [top.cpp:91]   --->   Operation 1383 'fmul' 'mul139_4_2' <Predicate = true> <Delay = 2.65> <CoreInst = "FMul_maxdsp">   --->   Core 30 'FMul_maxdsp' <Latency = 6> <II = 1> <Delay = 2.65> <FuncUnit> <Opcode : 'fmul'> <InPorts = 2> <OutPorts = 1>
ST_20 : Operation 1384 [2/7] (2.65ns)   --->   "%mul139_4_3 = fmul i32 %select_ln91_23, i32 0.013" [top.cpp:91]   --->   Operation 1384 'fmul' 'mul139_4_3' <Predicate = true> <Delay = 2.65> <CoreInst = "FMul_maxdsp">   --->   Core 30 'FMul_maxdsp' <Latency = 6> <II = 1> <Delay = 2.65> <FuncUnit> <Opcode : 'fmul'> <InPorts = 2> <OutPorts = 1>
ST_20 : Operation 1385 [2/7] (2.65ns)   --->   "%mul139_4_4 = fmul i32 %select_ln91_24, i32 0.003" [top.cpp:91]   --->   Operation 1385 'fmul' 'mul139_4_4' <Predicate = true> <Delay = 2.65> <CoreInst = "FMul_maxdsp">   --->   Core 30 'FMul_maxdsp' <Latency = 6> <II = 1> <Delay = 2.65> <FuncUnit> <Opcode : 'fmul'> <InPorts = 2> <OutPorts = 1>

State 21 <SV = 20> <Delay = 2.79>
ST_21 : Operation 1386 [10/10] (2.79ns)   --->   "%sum = fadd i32 %mul, i32 0" [top.cpp:91]   --->   Operation 1386 'fadd' 'sum' <Predicate = true> <Delay = 2.79> <CoreInst = "FAddSub_fulldsp">   --->   Core 18 'FAddSub_fulldsp' <Latency = 9> <II = 1> <Delay = 2.79> <FuncUnit> <Opcode : 'fadd' 'fsub'> <InPorts = 2> <OutPorts = 1>
ST_21 : Operation 1387 [1/7] (2.65ns)   --->   "%mul139_7 = fmul i32 %select_ln91_4, i32 0.003" [top.cpp:91]   --->   Operation 1387 'fmul' 'mul139_7' <Predicate = true> <Delay = 2.65> <CoreInst = "FMul_maxdsp">   --->   Core 30 'FMul_maxdsp' <Latency = 6> <II = 1> <Delay = 2.65> <FuncUnit> <Opcode : 'fmul'> <InPorts = 2> <OutPorts = 1>
ST_21 : Operation 1388 [1/7] (2.65ns)   --->   "%mul139_1_4 = fmul i32 %select_ln91_9, i32 0.013" [top.cpp:91]   --->   Operation 1388 'fmul' 'mul139_1_4' <Predicate = true> <Delay = 2.65> <CoreInst = "FMul_maxdsp">   --->   Core 30 'FMul_maxdsp' <Latency = 6> <II = 1> <Delay = 2.65> <FuncUnit> <Opcode : 'fmul'> <InPorts = 2> <OutPorts = 1>
ST_21 : Operation 1389 [1/7] (2.65ns)   --->   "%mul139_2_4 = fmul i32 %select_ln91_14, i32 0.022" [top.cpp:91]   --->   Operation 1389 'fmul' 'mul139_2_4' <Predicate = true> <Delay = 2.65> <CoreInst = "FMul_maxdsp">   --->   Core 30 'FMul_maxdsp' <Latency = 6> <II = 1> <Delay = 2.65> <FuncUnit> <Opcode : 'fmul'> <InPorts = 2> <OutPorts = 1>
ST_21 : Operation 1390 [1/7] (2.65ns)   --->   "%mul139_3_1 = fmul i32 %select_ln91_16, i32 0.06" [top.cpp:91]   --->   Operation 1390 'fmul' 'mul139_3_1' <Predicate = true> <Delay = 2.65> <CoreInst = "FMul_maxdsp">   --->   Core 30 'FMul_maxdsp' <Latency = 6> <II = 1> <Delay = 2.65> <FuncUnit> <Opcode : 'fmul'> <InPorts = 2> <OutPorts = 1>
ST_21 : Operation 1391 [1/7] (2.65ns)   --->   "%mul139_3_2 = fmul i32 %select_ln91_17, i32 0.098" [top.cpp:91]   --->   Operation 1391 'fmul' 'mul139_3_2' <Predicate = true> <Delay = 2.65> <CoreInst = "FMul_maxdsp">   --->   Core 30 'FMul_maxdsp' <Latency = 6> <II = 1> <Delay = 2.65> <FuncUnit> <Opcode : 'fmul'> <InPorts = 2> <OutPorts = 1>
ST_21 : Operation 1392 [1/7] (2.65ns)   --->   "%mul139_3_3 = fmul i32 %select_ln91_18, i32 0.06" [top.cpp:91]   --->   Operation 1392 'fmul' 'mul139_3_3' <Predicate = true> <Delay = 2.65> <CoreInst = "FMul_maxdsp">   --->   Core 30 'FMul_maxdsp' <Latency = 6> <II = 1> <Delay = 2.65> <FuncUnit> <Opcode : 'fmul'> <InPorts = 2> <OutPorts = 1>
ST_21 : Operation 1393 [1/7] (2.65ns)   --->   "%mul139_3_4 = fmul i32 %select_ln91_19, i32 0.013" [top.cpp:91]   --->   Operation 1393 'fmul' 'mul139_3_4' <Predicate = true> <Delay = 2.65> <CoreInst = "FMul_maxdsp">   --->   Core 30 'FMul_maxdsp' <Latency = 6> <II = 1> <Delay = 2.65> <FuncUnit> <Opcode : 'fmul'> <InPorts = 2> <OutPorts = 1>
ST_21 : Operation 1394 [1/7] (2.65ns)   --->   "%mul139_4 = fmul i32 %select_ln91_20, i32 0.003" [top.cpp:91]   --->   Operation 1394 'fmul' 'mul139_4' <Predicate = true> <Delay = 2.65> <CoreInst = "FMul_maxdsp">   --->   Core 30 'FMul_maxdsp' <Latency = 6> <II = 1> <Delay = 2.65> <FuncUnit> <Opcode : 'fmul'> <InPorts = 2> <OutPorts = 1>
ST_21 : Operation 1395 [1/7] (2.65ns)   --->   "%mul139_4_1 = fmul i32 %select_ln91_21, i32 0.013" [top.cpp:91]   --->   Operation 1395 'fmul' 'mul139_4_1' <Predicate = true> <Delay = 2.65> <CoreInst = "FMul_maxdsp">   --->   Core 30 'FMul_maxdsp' <Latency = 6> <II = 1> <Delay = 2.65> <FuncUnit> <Opcode : 'fmul'> <InPorts = 2> <OutPorts = 1>
ST_21 : Operation 1396 [1/7] (2.65ns)   --->   "%mul139_4_2 = fmul i32 %select_ln91_22, i32 0.022" [top.cpp:91]   --->   Operation 1396 'fmul' 'mul139_4_2' <Predicate = true> <Delay = 2.65> <CoreInst = "FMul_maxdsp">   --->   Core 30 'FMul_maxdsp' <Latency = 6> <II = 1> <Delay = 2.65> <FuncUnit> <Opcode : 'fmul'> <InPorts = 2> <OutPorts = 1>
ST_21 : Operation 1397 [1/7] (2.65ns)   --->   "%mul139_4_3 = fmul i32 %select_ln91_23, i32 0.013" [top.cpp:91]   --->   Operation 1397 'fmul' 'mul139_4_3' <Predicate = true> <Delay = 2.65> <CoreInst = "FMul_maxdsp">   --->   Core 30 'FMul_maxdsp' <Latency = 6> <II = 1> <Delay = 2.65> <FuncUnit> <Opcode : 'fmul'> <InPorts = 2> <OutPorts = 1>
ST_21 : Operation 1398 [1/7] (2.65ns)   --->   "%mul139_4_4 = fmul i32 %select_ln91_24, i32 0.003" [top.cpp:91]   --->   Operation 1398 'fmul' 'mul139_4_4' <Predicate = true> <Delay = 2.65> <CoreInst = "FMul_maxdsp">   --->   Core 30 'FMul_maxdsp' <Latency = 6> <II = 1> <Delay = 2.65> <FuncUnit> <Opcode : 'fmul'> <InPorts = 2> <OutPorts = 1>

State 22 <SV = 21> <Delay = 2.79>
ST_22 : Operation 1399 [9/10] (2.79ns)   --->   "%sum = fadd i32 %mul, i32 0" [top.cpp:91]   --->   Operation 1399 'fadd' 'sum' <Predicate = true> <Delay = 2.79> <CoreInst = "FAddSub_fulldsp">   --->   Core 18 'FAddSub_fulldsp' <Latency = 9> <II = 1> <Delay = 2.79> <FuncUnit> <Opcode : 'fadd' 'fsub'> <InPorts = 2> <OutPorts = 1>

State 23 <SV = 22> <Delay = 2.79>
ST_23 : Operation 1400 [8/10] (2.79ns)   --->   "%sum = fadd i32 %mul, i32 0" [top.cpp:91]   --->   Operation 1400 'fadd' 'sum' <Predicate = true> <Delay = 2.79> <CoreInst = "FAddSub_fulldsp">   --->   Core 18 'FAddSub_fulldsp' <Latency = 9> <II = 1> <Delay = 2.79> <FuncUnit> <Opcode : 'fadd' 'fsub'> <InPorts = 2> <OutPorts = 1>

State 24 <SV = 23> <Delay = 2.79>
ST_24 : Operation 1401 [7/10] (2.79ns)   --->   "%sum = fadd i32 %mul, i32 0" [top.cpp:91]   --->   Operation 1401 'fadd' 'sum' <Predicate = true> <Delay = 2.79> <CoreInst = "FAddSub_fulldsp">   --->   Core 18 'FAddSub_fulldsp' <Latency = 9> <II = 1> <Delay = 2.79> <FuncUnit> <Opcode : 'fadd' 'fsub'> <InPorts = 2> <OutPorts = 1>

State 25 <SV = 24> <Delay = 2.79>
ST_25 : Operation 1402 [6/10] (2.79ns)   --->   "%sum = fadd i32 %mul, i32 0" [top.cpp:91]   --->   Operation 1402 'fadd' 'sum' <Predicate = true> <Delay = 2.79> <CoreInst = "FAddSub_fulldsp">   --->   Core 18 'FAddSub_fulldsp' <Latency = 9> <II = 1> <Delay = 2.79> <FuncUnit> <Opcode : 'fadd' 'fsub'> <InPorts = 2> <OutPorts = 1>

State 26 <SV = 25> <Delay = 2.79>
ST_26 : Operation 1403 [5/10] (2.79ns)   --->   "%sum = fadd i32 %mul, i32 0" [top.cpp:91]   --->   Operation 1403 'fadd' 'sum' <Predicate = true> <Delay = 2.79> <CoreInst = "FAddSub_fulldsp">   --->   Core 18 'FAddSub_fulldsp' <Latency = 9> <II = 1> <Delay = 2.79> <FuncUnit> <Opcode : 'fadd' 'fsub'> <InPorts = 2> <OutPorts = 1>

State 27 <SV = 26> <Delay = 2.79>
ST_27 : Operation 1404 [4/10] (2.79ns)   --->   "%sum = fadd i32 %mul, i32 0" [top.cpp:91]   --->   Operation 1404 'fadd' 'sum' <Predicate = true> <Delay = 2.79> <CoreInst = "FAddSub_fulldsp">   --->   Core 18 'FAddSub_fulldsp' <Latency = 9> <II = 1> <Delay = 2.79> <FuncUnit> <Opcode : 'fadd' 'fsub'> <InPorts = 2> <OutPorts = 1>

State 28 <SV = 27> <Delay = 2.79>
ST_28 : Operation 1405 [3/10] (2.79ns)   --->   "%sum = fadd i32 %mul, i32 0" [top.cpp:91]   --->   Operation 1405 'fadd' 'sum' <Predicate = true> <Delay = 2.79> <CoreInst = "FAddSub_fulldsp">   --->   Core 18 'FAddSub_fulldsp' <Latency = 9> <II = 1> <Delay = 2.79> <FuncUnit> <Opcode : 'fadd' 'fsub'> <InPorts = 2> <OutPorts = 1>

State 29 <SV = 28> <Delay = 2.79>
ST_29 : Operation 1406 [2/10] (2.79ns)   --->   "%sum = fadd i32 %mul, i32 0" [top.cpp:91]   --->   Operation 1406 'fadd' 'sum' <Predicate = true> <Delay = 2.79> <CoreInst = "FAddSub_fulldsp">   --->   Core 18 'FAddSub_fulldsp' <Latency = 9> <II = 1> <Delay = 2.79> <FuncUnit> <Opcode : 'fadd' 'fsub'> <InPorts = 2> <OutPorts = 1>

State 30 <SV = 29> <Delay = 2.79>
ST_30 : Operation 1407 [1/10] (2.79ns)   --->   "%sum = fadd i32 %mul, i32 0" [top.cpp:91]   --->   Operation 1407 'fadd' 'sum' <Predicate = true> <Delay = 2.79> <CoreInst = "FAddSub_fulldsp">   --->   Core 18 'FAddSub_fulldsp' <Latency = 9> <II = 1> <Delay = 2.79> <FuncUnit> <Opcode : 'fadd' 'fsub'> <InPorts = 2> <OutPorts = 1>

State 31 <SV = 30> <Delay = 2.79>
ST_31 : Operation 1408 [10/10] (2.79ns)   --->   "%sum_1 = fadd i32 %sum, i32 %mul139_s" [top.cpp:91]   --->   Operation 1408 'fadd' 'sum_1' <Predicate = true> <Delay = 2.79> <CoreInst = "FAddSub_fulldsp">   --->   Core 18 'FAddSub_fulldsp' <Latency = 9> <II = 1> <Delay = 2.79> <FuncUnit> <Opcode : 'fadd' 'fsub'> <InPorts = 2> <OutPorts = 1>

State 32 <SV = 31> <Delay = 2.79>
ST_32 : Operation 1409 [9/10] (2.79ns)   --->   "%sum_1 = fadd i32 %sum, i32 %mul139_s" [top.cpp:91]   --->   Operation 1409 'fadd' 'sum_1' <Predicate = true> <Delay = 2.79> <CoreInst = "FAddSub_fulldsp">   --->   Core 18 'FAddSub_fulldsp' <Latency = 9> <II = 1> <Delay = 2.79> <FuncUnit> <Opcode : 'fadd' 'fsub'> <InPorts = 2> <OutPorts = 1>

State 33 <SV = 32> <Delay = 2.79>
ST_33 : Operation 1410 [8/10] (2.79ns)   --->   "%sum_1 = fadd i32 %sum, i32 %mul139_s" [top.cpp:91]   --->   Operation 1410 'fadd' 'sum_1' <Predicate = true> <Delay = 2.79> <CoreInst = "FAddSub_fulldsp">   --->   Core 18 'FAddSub_fulldsp' <Latency = 9> <II = 1> <Delay = 2.79> <FuncUnit> <Opcode : 'fadd' 'fsub'> <InPorts = 2> <OutPorts = 1>

State 34 <SV = 33> <Delay = 2.79>
ST_34 : Operation 1411 [7/10] (2.79ns)   --->   "%sum_1 = fadd i32 %sum, i32 %mul139_s" [top.cpp:91]   --->   Operation 1411 'fadd' 'sum_1' <Predicate = true> <Delay = 2.79> <CoreInst = "FAddSub_fulldsp">   --->   Core 18 'FAddSub_fulldsp' <Latency = 9> <II = 1> <Delay = 2.79> <FuncUnit> <Opcode : 'fadd' 'fsub'> <InPorts = 2> <OutPorts = 1>

State 35 <SV = 34> <Delay = 2.79>
ST_35 : Operation 1412 [6/10] (2.79ns)   --->   "%sum_1 = fadd i32 %sum, i32 %mul139_s" [top.cpp:91]   --->   Operation 1412 'fadd' 'sum_1' <Predicate = true> <Delay = 2.79> <CoreInst = "FAddSub_fulldsp">   --->   Core 18 'FAddSub_fulldsp' <Latency = 9> <II = 1> <Delay = 2.79> <FuncUnit> <Opcode : 'fadd' 'fsub'> <InPorts = 2> <OutPorts = 1>

State 36 <SV = 35> <Delay = 2.79>
ST_36 : Operation 1413 [5/10] (2.79ns)   --->   "%sum_1 = fadd i32 %sum, i32 %mul139_s" [top.cpp:91]   --->   Operation 1413 'fadd' 'sum_1' <Predicate = true> <Delay = 2.79> <CoreInst = "FAddSub_fulldsp">   --->   Core 18 'FAddSub_fulldsp' <Latency = 9> <II = 1> <Delay = 2.79> <FuncUnit> <Opcode : 'fadd' 'fsub'> <InPorts = 2> <OutPorts = 1>

State 37 <SV = 36> <Delay = 2.79>
ST_37 : Operation 1414 [4/10] (2.79ns)   --->   "%sum_1 = fadd i32 %sum, i32 %mul139_s" [top.cpp:91]   --->   Operation 1414 'fadd' 'sum_1' <Predicate = true> <Delay = 2.79> <CoreInst = "FAddSub_fulldsp">   --->   Core 18 'FAddSub_fulldsp' <Latency = 9> <II = 1> <Delay = 2.79> <FuncUnit> <Opcode : 'fadd' 'fsub'> <InPorts = 2> <OutPorts = 1>

State 38 <SV = 37> <Delay = 2.79>
ST_38 : Operation 1415 [3/10] (2.79ns)   --->   "%sum_1 = fadd i32 %sum, i32 %mul139_s" [top.cpp:91]   --->   Operation 1415 'fadd' 'sum_1' <Predicate = true> <Delay = 2.79> <CoreInst = "FAddSub_fulldsp">   --->   Core 18 'FAddSub_fulldsp' <Latency = 9> <II = 1> <Delay = 2.79> <FuncUnit> <Opcode : 'fadd' 'fsub'> <InPorts = 2> <OutPorts = 1>

State 39 <SV = 38> <Delay = 2.79>
ST_39 : Operation 1416 [2/10] (2.79ns)   --->   "%sum_1 = fadd i32 %sum, i32 %mul139_s" [top.cpp:91]   --->   Operation 1416 'fadd' 'sum_1' <Predicate = true> <Delay = 2.79> <CoreInst = "FAddSub_fulldsp">   --->   Core 18 'FAddSub_fulldsp' <Latency = 9> <II = 1> <Delay = 2.79> <FuncUnit> <Opcode : 'fadd' 'fsub'> <InPorts = 2> <OutPorts = 1>

State 40 <SV = 39> <Delay = 2.79>
ST_40 : Operation 1417 [1/10] (2.79ns)   --->   "%sum_1 = fadd i32 %sum, i32 %mul139_s" [top.cpp:91]   --->   Operation 1417 'fadd' 'sum_1' <Predicate = true> <Delay = 2.79> <CoreInst = "FAddSub_fulldsp">   --->   Core 18 'FAddSub_fulldsp' <Latency = 9> <II = 1> <Delay = 2.79> <FuncUnit> <Opcode : 'fadd' 'fsub'> <InPorts = 2> <OutPorts = 1>

State 41 <SV = 40> <Delay = 2.79>
ST_41 : Operation 1418 [10/10] (2.79ns)   --->   "%sum_2 = fadd i32 %sum_1, i32 %mul139_5" [top.cpp:91]   --->   Operation 1418 'fadd' 'sum_2' <Predicate = true> <Delay = 2.79> <CoreInst = "FAddSub_fulldsp">   --->   Core 18 'FAddSub_fulldsp' <Latency = 9> <II = 1> <Delay = 2.79> <FuncUnit> <Opcode : 'fadd' 'fsub'> <InPorts = 2> <OutPorts = 1>

State 42 <SV = 41> <Delay = 2.79>
ST_42 : Operation 1419 [9/10] (2.79ns)   --->   "%sum_2 = fadd i32 %sum_1, i32 %mul139_5" [top.cpp:91]   --->   Operation 1419 'fadd' 'sum_2' <Predicate = true> <Delay = 2.79> <CoreInst = "FAddSub_fulldsp">   --->   Core 18 'FAddSub_fulldsp' <Latency = 9> <II = 1> <Delay = 2.79> <FuncUnit> <Opcode : 'fadd' 'fsub'> <InPorts = 2> <OutPorts = 1>

State 43 <SV = 42> <Delay = 2.79>
ST_43 : Operation 1420 [8/10] (2.79ns)   --->   "%sum_2 = fadd i32 %sum_1, i32 %mul139_5" [top.cpp:91]   --->   Operation 1420 'fadd' 'sum_2' <Predicate = true> <Delay = 2.79> <CoreInst = "FAddSub_fulldsp">   --->   Core 18 'FAddSub_fulldsp' <Latency = 9> <II = 1> <Delay = 2.79> <FuncUnit> <Opcode : 'fadd' 'fsub'> <InPorts = 2> <OutPorts = 1>

State 44 <SV = 43> <Delay = 2.79>
ST_44 : Operation 1421 [7/10] (2.79ns)   --->   "%sum_2 = fadd i32 %sum_1, i32 %mul139_5" [top.cpp:91]   --->   Operation 1421 'fadd' 'sum_2' <Predicate = true> <Delay = 2.79> <CoreInst = "FAddSub_fulldsp">   --->   Core 18 'FAddSub_fulldsp' <Latency = 9> <II = 1> <Delay = 2.79> <FuncUnit> <Opcode : 'fadd' 'fsub'> <InPorts = 2> <OutPorts = 1>

State 45 <SV = 44> <Delay = 2.79>
ST_45 : Operation 1422 [6/10] (2.79ns)   --->   "%sum_2 = fadd i32 %sum_1, i32 %mul139_5" [top.cpp:91]   --->   Operation 1422 'fadd' 'sum_2' <Predicate = true> <Delay = 2.79> <CoreInst = "FAddSub_fulldsp">   --->   Core 18 'FAddSub_fulldsp' <Latency = 9> <II = 1> <Delay = 2.79> <FuncUnit> <Opcode : 'fadd' 'fsub'> <InPorts = 2> <OutPorts = 1>

State 46 <SV = 45> <Delay = 2.79>
ST_46 : Operation 1423 [5/10] (2.79ns)   --->   "%sum_2 = fadd i32 %sum_1, i32 %mul139_5" [top.cpp:91]   --->   Operation 1423 'fadd' 'sum_2' <Predicate = true> <Delay = 2.79> <CoreInst = "FAddSub_fulldsp">   --->   Core 18 'FAddSub_fulldsp' <Latency = 9> <II = 1> <Delay = 2.79> <FuncUnit> <Opcode : 'fadd' 'fsub'> <InPorts = 2> <OutPorts = 1>

State 47 <SV = 46> <Delay = 2.79>
ST_47 : Operation 1424 [4/10] (2.79ns)   --->   "%sum_2 = fadd i32 %sum_1, i32 %mul139_5" [top.cpp:91]   --->   Operation 1424 'fadd' 'sum_2' <Predicate = true> <Delay = 2.79> <CoreInst = "FAddSub_fulldsp">   --->   Core 18 'FAddSub_fulldsp' <Latency = 9> <II = 1> <Delay = 2.79> <FuncUnit> <Opcode : 'fadd' 'fsub'> <InPorts = 2> <OutPorts = 1>

State 48 <SV = 47> <Delay = 2.79>
ST_48 : Operation 1425 [3/10] (2.79ns)   --->   "%sum_2 = fadd i32 %sum_1, i32 %mul139_5" [top.cpp:91]   --->   Operation 1425 'fadd' 'sum_2' <Predicate = true> <Delay = 2.79> <CoreInst = "FAddSub_fulldsp">   --->   Core 18 'FAddSub_fulldsp' <Latency = 9> <II = 1> <Delay = 2.79> <FuncUnit> <Opcode : 'fadd' 'fsub'> <InPorts = 2> <OutPorts = 1>

State 49 <SV = 48> <Delay = 2.79>
ST_49 : Operation 1426 [2/10] (2.79ns)   --->   "%sum_2 = fadd i32 %sum_1, i32 %mul139_5" [top.cpp:91]   --->   Operation 1426 'fadd' 'sum_2' <Predicate = true> <Delay = 2.79> <CoreInst = "FAddSub_fulldsp">   --->   Core 18 'FAddSub_fulldsp' <Latency = 9> <II = 1> <Delay = 2.79> <FuncUnit> <Opcode : 'fadd' 'fsub'> <InPorts = 2> <OutPorts = 1>

State 50 <SV = 49> <Delay = 2.79>
ST_50 : Operation 1427 [1/10] (2.79ns)   --->   "%sum_2 = fadd i32 %sum_1, i32 %mul139_5" [top.cpp:91]   --->   Operation 1427 'fadd' 'sum_2' <Predicate = true> <Delay = 2.79> <CoreInst = "FAddSub_fulldsp">   --->   Core 18 'FAddSub_fulldsp' <Latency = 9> <II = 1> <Delay = 2.79> <FuncUnit> <Opcode : 'fadd' 'fsub'> <InPorts = 2> <OutPorts = 1>

State 51 <SV = 50> <Delay = 2.79>
ST_51 : Operation 1428 [10/10] (2.79ns)   --->   "%sum_3 = fadd i32 %sum_2, i32 %mul139_6" [top.cpp:91]   --->   Operation 1428 'fadd' 'sum_3' <Predicate = true> <Delay = 2.79> <CoreInst = "FAddSub_fulldsp">   --->   Core 18 'FAddSub_fulldsp' <Latency = 9> <II = 1> <Delay = 2.79> <FuncUnit> <Opcode : 'fadd' 'fsub'> <InPorts = 2> <OutPorts = 1>

State 52 <SV = 51> <Delay = 2.79>
ST_52 : Operation 1429 [9/10] (2.79ns)   --->   "%sum_3 = fadd i32 %sum_2, i32 %mul139_6" [top.cpp:91]   --->   Operation 1429 'fadd' 'sum_3' <Predicate = true> <Delay = 2.79> <CoreInst = "FAddSub_fulldsp">   --->   Core 18 'FAddSub_fulldsp' <Latency = 9> <II = 1> <Delay = 2.79> <FuncUnit> <Opcode : 'fadd' 'fsub'> <InPorts = 2> <OutPorts = 1>

State 53 <SV = 52> <Delay = 2.79>
ST_53 : Operation 1430 [8/10] (2.79ns)   --->   "%sum_3 = fadd i32 %sum_2, i32 %mul139_6" [top.cpp:91]   --->   Operation 1430 'fadd' 'sum_3' <Predicate = true> <Delay = 2.79> <CoreInst = "FAddSub_fulldsp">   --->   Core 18 'FAddSub_fulldsp' <Latency = 9> <II = 1> <Delay = 2.79> <FuncUnit> <Opcode : 'fadd' 'fsub'> <InPorts = 2> <OutPorts = 1>

State 54 <SV = 53> <Delay = 2.79>
ST_54 : Operation 1431 [7/10] (2.79ns)   --->   "%sum_3 = fadd i32 %sum_2, i32 %mul139_6" [top.cpp:91]   --->   Operation 1431 'fadd' 'sum_3' <Predicate = true> <Delay = 2.79> <CoreInst = "FAddSub_fulldsp">   --->   Core 18 'FAddSub_fulldsp' <Latency = 9> <II = 1> <Delay = 2.79> <FuncUnit> <Opcode : 'fadd' 'fsub'> <InPorts = 2> <OutPorts = 1>

State 55 <SV = 54> <Delay = 2.79>
ST_55 : Operation 1432 [6/10] (2.79ns)   --->   "%sum_3 = fadd i32 %sum_2, i32 %mul139_6" [top.cpp:91]   --->   Operation 1432 'fadd' 'sum_3' <Predicate = true> <Delay = 2.79> <CoreInst = "FAddSub_fulldsp">   --->   Core 18 'FAddSub_fulldsp' <Latency = 9> <II = 1> <Delay = 2.79> <FuncUnit> <Opcode : 'fadd' 'fsub'> <InPorts = 2> <OutPorts = 1>

State 56 <SV = 55> <Delay = 2.79>
ST_56 : Operation 1433 [5/10] (2.79ns)   --->   "%sum_3 = fadd i32 %sum_2, i32 %mul139_6" [top.cpp:91]   --->   Operation 1433 'fadd' 'sum_3' <Predicate = true> <Delay = 2.79> <CoreInst = "FAddSub_fulldsp">   --->   Core 18 'FAddSub_fulldsp' <Latency = 9> <II = 1> <Delay = 2.79> <FuncUnit> <Opcode : 'fadd' 'fsub'> <InPorts = 2> <OutPorts = 1>

State 57 <SV = 56> <Delay = 2.79>
ST_57 : Operation 1434 [4/10] (2.79ns)   --->   "%sum_3 = fadd i32 %sum_2, i32 %mul139_6" [top.cpp:91]   --->   Operation 1434 'fadd' 'sum_3' <Predicate = true> <Delay = 2.79> <CoreInst = "FAddSub_fulldsp">   --->   Core 18 'FAddSub_fulldsp' <Latency = 9> <II = 1> <Delay = 2.79> <FuncUnit> <Opcode : 'fadd' 'fsub'> <InPorts = 2> <OutPorts = 1>

State 58 <SV = 57> <Delay = 2.79>
ST_58 : Operation 1435 [3/10] (2.79ns)   --->   "%sum_3 = fadd i32 %sum_2, i32 %mul139_6" [top.cpp:91]   --->   Operation 1435 'fadd' 'sum_3' <Predicate = true> <Delay = 2.79> <CoreInst = "FAddSub_fulldsp">   --->   Core 18 'FAddSub_fulldsp' <Latency = 9> <II = 1> <Delay = 2.79> <FuncUnit> <Opcode : 'fadd' 'fsub'> <InPorts = 2> <OutPorts = 1>

State 59 <SV = 58> <Delay = 2.79>
ST_59 : Operation 1436 [2/10] (2.79ns)   --->   "%sum_3 = fadd i32 %sum_2, i32 %mul139_6" [top.cpp:91]   --->   Operation 1436 'fadd' 'sum_3' <Predicate = true> <Delay = 2.79> <CoreInst = "FAddSub_fulldsp">   --->   Core 18 'FAddSub_fulldsp' <Latency = 9> <II = 1> <Delay = 2.79> <FuncUnit> <Opcode : 'fadd' 'fsub'> <InPorts = 2> <OutPorts = 1>

State 60 <SV = 59> <Delay = 2.79>
ST_60 : Operation 1437 [1/10] (2.79ns)   --->   "%sum_3 = fadd i32 %sum_2, i32 %mul139_6" [top.cpp:91]   --->   Operation 1437 'fadd' 'sum_3' <Predicate = true> <Delay = 2.79> <CoreInst = "FAddSub_fulldsp">   --->   Core 18 'FAddSub_fulldsp' <Latency = 9> <II = 1> <Delay = 2.79> <FuncUnit> <Opcode : 'fadd' 'fsub'> <InPorts = 2> <OutPorts = 1>

State 61 <SV = 60> <Delay = 2.79>
ST_61 : Operation 1438 [10/10] (2.79ns)   --->   "%sum_4 = fadd i32 %sum_3, i32 %mul139_7" [top.cpp:91]   --->   Operation 1438 'fadd' 'sum_4' <Predicate = true> <Delay = 2.79> <CoreInst = "FAddSub_fulldsp">   --->   Core 18 'FAddSub_fulldsp' <Latency = 9> <II = 1> <Delay = 2.79> <FuncUnit> <Opcode : 'fadd' 'fsub'> <InPorts = 2> <OutPorts = 1>

State 62 <SV = 61> <Delay = 2.79>
ST_62 : Operation 1439 [9/10] (2.79ns)   --->   "%sum_4 = fadd i32 %sum_3, i32 %mul139_7" [top.cpp:91]   --->   Operation 1439 'fadd' 'sum_4' <Predicate = true> <Delay = 2.79> <CoreInst = "FAddSub_fulldsp">   --->   Core 18 'FAddSub_fulldsp' <Latency = 9> <II = 1> <Delay = 2.79> <FuncUnit> <Opcode : 'fadd' 'fsub'> <InPorts = 2> <OutPorts = 1>

State 63 <SV = 62> <Delay = 2.79>
ST_63 : Operation 1440 [8/10] (2.79ns)   --->   "%sum_4 = fadd i32 %sum_3, i32 %mul139_7" [top.cpp:91]   --->   Operation 1440 'fadd' 'sum_4' <Predicate = true> <Delay = 2.79> <CoreInst = "FAddSub_fulldsp">   --->   Core 18 'FAddSub_fulldsp' <Latency = 9> <II = 1> <Delay = 2.79> <FuncUnit> <Opcode : 'fadd' 'fsub'> <InPorts = 2> <OutPorts = 1>

State 64 <SV = 63> <Delay = 2.79>
ST_64 : Operation 1441 [7/10] (2.79ns)   --->   "%sum_4 = fadd i32 %sum_3, i32 %mul139_7" [top.cpp:91]   --->   Operation 1441 'fadd' 'sum_4' <Predicate = true> <Delay = 2.79> <CoreInst = "FAddSub_fulldsp">   --->   Core 18 'FAddSub_fulldsp' <Latency = 9> <II = 1> <Delay = 2.79> <FuncUnit> <Opcode : 'fadd' 'fsub'> <InPorts = 2> <OutPorts = 1>

State 65 <SV = 64> <Delay = 2.79>
ST_65 : Operation 1442 [6/10] (2.79ns)   --->   "%sum_4 = fadd i32 %sum_3, i32 %mul139_7" [top.cpp:91]   --->   Operation 1442 'fadd' 'sum_4' <Predicate = true> <Delay = 2.79> <CoreInst = "FAddSub_fulldsp">   --->   Core 18 'FAddSub_fulldsp' <Latency = 9> <II = 1> <Delay = 2.79> <FuncUnit> <Opcode : 'fadd' 'fsub'> <InPorts = 2> <OutPorts = 1>

State 66 <SV = 65> <Delay = 2.79>
ST_66 : Operation 1443 [5/10] (2.79ns)   --->   "%sum_4 = fadd i32 %sum_3, i32 %mul139_7" [top.cpp:91]   --->   Operation 1443 'fadd' 'sum_4' <Predicate = true> <Delay = 2.79> <CoreInst = "FAddSub_fulldsp">   --->   Core 18 'FAddSub_fulldsp' <Latency = 9> <II = 1> <Delay = 2.79> <FuncUnit> <Opcode : 'fadd' 'fsub'> <InPorts = 2> <OutPorts = 1>

State 67 <SV = 66> <Delay = 2.79>
ST_67 : Operation 1444 [4/10] (2.79ns)   --->   "%sum_4 = fadd i32 %sum_3, i32 %mul139_7" [top.cpp:91]   --->   Operation 1444 'fadd' 'sum_4' <Predicate = true> <Delay = 2.79> <CoreInst = "FAddSub_fulldsp">   --->   Core 18 'FAddSub_fulldsp' <Latency = 9> <II = 1> <Delay = 2.79> <FuncUnit> <Opcode : 'fadd' 'fsub'> <InPorts = 2> <OutPorts = 1>

State 68 <SV = 67> <Delay = 2.79>
ST_68 : Operation 1445 [3/10] (2.79ns)   --->   "%sum_4 = fadd i32 %sum_3, i32 %mul139_7" [top.cpp:91]   --->   Operation 1445 'fadd' 'sum_4' <Predicate = true> <Delay = 2.79> <CoreInst = "FAddSub_fulldsp">   --->   Core 18 'FAddSub_fulldsp' <Latency = 9> <II = 1> <Delay = 2.79> <FuncUnit> <Opcode : 'fadd' 'fsub'> <InPorts = 2> <OutPorts = 1>

State 69 <SV = 68> <Delay = 2.79>
ST_69 : Operation 1446 [2/10] (2.79ns)   --->   "%sum_4 = fadd i32 %sum_3, i32 %mul139_7" [top.cpp:91]   --->   Operation 1446 'fadd' 'sum_4' <Predicate = true> <Delay = 2.79> <CoreInst = "FAddSub_fulldsp">   --->   Core 18 'FAddSub_fulldsp' <Latency = 9> <II = 1> <Delay = 2.79> <FuncUnit> <Opcode : 'fadd' 'fsub'> <InPorts = 2> <OutPorts = 1>

State 70 <SV = 69> <Delay = 2.79>
ST_70 : Operation 1447 [1/10] (2.79ns)   --->   "%sum_4 = fadd i32 %sum_3, i32 %mul139_7" [top.cpp:91]   --->   Operation 1447 'fadd' 'sum_4' <Predicate = true> <Delay = 2.79> <CoreInst = "FAddSub_fulldsp">   --->   Core 18 'FAddSub_fulldsp' <Latency = 9> <II = 1> <Delay = 2.79> <FuncUnit> <Opcode : 'fadd' 'fsub'> <InPorts = 2> <OutPorts = 1>

State 71 <SV = 70> <Delay = 2.79>
ST_71 : Operation 1448 [10/10] (2.79ns)   --->   "%sum_5 = fadd i32 %sum_4, i32 %mul139_1" [top.cpp:91]   --->   Operation 1448 'fadd' 'sum_5' <Predicate = true> <Delay = 2.79> <CoreInst = "FAddSub_fulldsp">   --->   Core 18 'FAddSub_fulldsp' <Latency = 9> <II = 1> <Delay = 2.79> <FuncUnit> <Opcode : 'fadd' 'fsub'> <InPorts = 2> <OutPorts = 1>

State 72 <SV = 71> <Delay = 2.79>
ST_72 : Operation 1449 [9/10] (2.79ns)   --->   "%sum_5 = fadd i32 %sum_4, i32 %mul139_1" [top.cpp:91]   --->   Operation 1449 'fadd' 'sum_5' <Predicate = true> <Delay = 2.79> <CoreInst = "FAddSub_fulldsp">   --->   Core 18 'FAddSub_fulldsp' <Latency = 9> <II = 1> <Delay = 2.79> <FuncUnit> <Opcode : 'fadd' 'fsub'> <InPorts = 2> <OutPorts = 1>

State 73 <SV = 72> <Delay = 2.79>
ST_73 : Operation 1450 [8/10] (2.79ns)   --->   "%sum_5 = fadd i32 %sum_4, i32 %mul139_1" [top.cpp:91]   --->   Operation 1450 'fadd' 'sum_5' <Predicate = true> <Delay = 2.79> <CoreInst = "FAddSub_fulldsp">   --->   Core 18 'FAddSub_fulldsp' <Latency = 9> <II = 1> <Delay = 2.79> <FuncUnit> <Opcode : 'fadd' 'fsub'> <InPorts = 2> <OutPorts = 1>

State 74 <SV = 73> <Delay = 2.79>
ST_74 : Operation 1451 [7/10] (2.79ns)   --->   "%sum_5 = fadd i32 %sum_4, i32 %mul139_1" [top.cpp:91]   --->   Operation 1451 'fadd' 'sum_5' <Predicate = true> <Delay = 2.79> <CoreInst = "FAddSub_fulldsp">   --->   Core 18 'FAddSub_fulldsp' <Latency = 9> <II = 1> <Delay = 2.79> <FuncUnit> <Opcode : 'fadd' 'fsub'> <InPorts = 2> <OutPorts = 1>

State 75 <SV = 74> <Delay = 2.79>
ST_75 : Operation 1452 [6/10] (2.79ns)   --->   "%sum_5 = fadd i32 %sum_4, i32 %mul139_1" [top.cpp:91]   --->   Operation 1452 'fadd' 'sum_5' <Predicate = true> <Delay = 2.79> <CoreInst = "FAddSub_fulldsp">   --->   Core 18 'FAddSub_fulldsp' <Latency = 9> <II = 1> <Delay = 2.79> <FuncUnit> <Opcode : 'fadd' 'fsub'> <InPorts = 2> <OutPorts = 1>

State 76 <SV = 75> <Delay = 2.79>
ST_76 : Operation 1453 [5/10] (2.79ns)   --->   "%sum_5 = fadd i32 %sum_4, i32 %mul139_1" [top.cpp:91]   --->   Operation 1453 'fadd' 'sum_5' <Predicate = true> <Delay = 2.79> <CoreInst = "FAddSub_fulldsp">   --->   Core 18 'FAddSub_fulldsp' <Latency = 9> <II = 1> <Delay = 2.79> <FuncUnit> <Opcode : 'fadd' 'fsub'> <InPorts = 2> <OutPorts = 1>

State 77 <SV = 76> <Delay = 2.79>
ST_77 : Operation 1454 [4/10] (2.79ns)   --->   "%sum_5 = fadd i32 %sum_4, i32 %mul139_1" [top.cpp:91]   --->   Operation 1454 'fadd' 'sum_5' <Predicate = true> <Delay = 2.79> <CoreInst = "FAddSub_fulldsp">   --->   Core 18 'FAddSub_fulldsp' <Latency = 9> <II = 1> <Delay = 2.79> <FuncUnit> <Opcode : 'fadd' 'fsub'> <InPorts = 2> <OutPorts = 1>

State 78 <SV = 77> <Delay = 2.79>
ST_78 : Operation 1455 [3/10] (2.79ns)   --->   "%sum_5 = fadd i32 %sum_4, i32 %mul139_1" [top.cpp:91]   --->   Operation 1455 'fadd' 'sum_5' <Predicate = true> <Delay = 2.79> <CoreInst = "FAddSub_fulldsp">   --->   Core 18 'FAddSub_fulldsp' <Latency = 9> <II = 1> <Delay = 2.79> <FuncUnit> <Opcode : 'fadd' 'fsub'> <InPorts = 2> <OutPorts = 1>

State 79 <SV = 78> <Delay = 2.79>
ST_79 : Operation 1456 [2/10] (2.79ns)   --->   "%sum_5 = fadd i32 %sum_4, i32 %mul139_1" [top.cpp:91]   --->   Operation 1456 'fadd' 'sum_5' <Predicate = true> <Delay = 2.79> <CoreInst = "FAddSub_fulldsp">   --->   Core 18 'FAddSub_fulldsp' <Latency = 9> <II = 1> <Delay = 2.79> <FuncUnit> <Opcode : 'fadd' 'fsub'> <InPorts = 2> <OutPorts = 1>

State 80 <SV = 79> <Delay = 2.79>
ST_80 : Operation 1457 [1/10] (2.79ns)   --->   "%sum_5 = fadd i32 %sum_4, i32 %mul139_1" [top.cpp:91]   --->   Operation 1457 'fadd' 'sum_5' <Predicate = true> <Delay = 2.79> <CoreInst = "FAddSub_fulldsp">   --->   Core 18 'FAddSub_fulldsp' <Latency = 9> <II = 1> <Delay = 2.79> <FuncUnit> <Opcode : 'fadd' 'fsub'> <InPorts = 2> <OutPorts = 1>

State 81 <SV = 80> <Delay = 2.79>
ST_81 : Operation 1458 [10/10] (2.79ns)   --->   "%sum_6 = fadd i32 %sum_5, i32 %mul139_1_1" [top.cpp:91]   --->   Operation 1458 'fadd' 'sum_6' <Predicate = true> <Delay = 2.79> <CoreInst = "FAddSub_fulldsp">   --->   Core 18 'FAddSub_fulldsp' <Latency = 9> <II = 1> <Delay = 2.79> <FuncUnit> <Opcode : 'fadd' 'fsub'> <InPorts = 2> <OutPorts = 1>

State 82 <SV = 81> <Delay = 2.79>
ST_82 : Operation 1459 [9/10] (2.79ns)   --->   "%sum_6 = fadd i32 %sum_5, i32 %mul139_1_1" [top.cpp:91]   --->   Operation 1459 'fadd' 'sum_6' <Predicate = true> <Delay = 2.79> <CoreInst = "FAddSub_fulldsp">   --->   Core 18 'FAddSub_fulldsp' <Latency = 9> <II = 1> <Delay = 2.79> <FuncUnit> <Opcode : 'fadd' 'fsub'> <InPorts = 2> <OutPorts = 1>

State 83 <SV = 82> <Delay = 2.79>
ST_83 : Operation 1460 [8/10] (2.79ns)   --->   "%sum_6 = fadd i32 %sum_5, i32 %mul139_1_1" [top.cpp:91]   --->   Operation 1460 'fadd' 'sum_6' <Predicate = true> <Delay = 2.79> <CoreInst = "FAddSub_fulldsp">   --->   Core 18 'FAddSub_fulldsp' <Latency = 9> <II = 1> <Delay = 2.79> <FuncUnit> <Opcode : 'fadd' 'fsub'> <InPorts = 2> <OutPorts = 1>

State 84 <SV = 83> <Delay = 2.79>
ST_84 : Operation 1461 [7/10] (2.79ns)   --->   "%sum_6 = fadd i32 %sum_5, i32 %mul139_1_1" [top.cpp:91]   --->   Operation 1461 'fadd' 'sum_6' <Predicate = true> <Delay = 2.79> <CoreInst = "FAddSub_fulldsp">   --->   Core 18 'FAddSub_fulldsp' <Latency = 9> <II = 1> <Delay = 2.79> <FuncUnit> <Opcode : 'fadd' 'fsub'> <InPorts = 2> <OutPorts = 1>

State 85 <SV = 84> <Delay = 2.79>
ST_85 : Operation 1462 [6/10] (2.79ns)   --->   "%sum_6 = fadd i32 %sum_5, i32 %mul139_1_1" [top.cpp:91]   --->   Operation 1462 'fadd' 'sum_6' <Predicate = true> <Delay = 2.79> <CoreInst = "FAddSub_fulldsp">   --->   Core 18 'FAddSub_fulldsp' <Latency = 9> <II = 1> <Delay = 2.79> <FuncUnit> <Opcode : 'fadd' 'fsub'> <InPorts = 2> <OutPorts = 1>

State 86 <SV = 85> <Delay = 2.79>
ST_86 : Operation 1463 [5/10] (2.79ns)   --->   "%sum_6 = fadd i32 %sum_5, i32 %mul139_1_1" [top.cpp:91]   --->   Operation 1463 'fadd' 'sum_6' <Predicate = true> <Delay = 2.79> <CoreInst = "FAddSub_fulldsp">   --->   Core 18 'FAddSub_fulldsp' <Latency = 9> <II = 1> <Delay = 2.79> <FuncUnit> <Opcode : 'fadd' 'fsub'> <InPorts = 2> <OutPorts = 1>

State 87 <SV = 86> <Delay = 2.79>
ST_87 : Operation 1464 [4/10] (2.79ns)   --->   "%sum_6 = fadd i32 %sum_5, i32 %mul139_1_1" [top.cpp:91]   --->   Operation 1464 'fadd' 'sum_6' <Predicate = true> <Delay = 2.79> <CoreInst = "FAddSub_fulldsp">   --->   Core 18 'FAddSub_fulldsp' <Latency = 9> <II = 1> <Delay = 2.79> <FuncUnit> <Opcode : 'fadd' 'fsub'> <InPorts = 2> <OutPorts = 1>

State 88 <SV = 87> <Delay = 2.79>
ST_88 : Operation 1465 [3/10] (2.79ns)   --->   "%sum_6 = fadd i32 %sum_5, i32 %mul139_1_1" [top.cpp:91]   --->   Operation 1465 'fadd' 'sum_6' <Predicate = true> <Delay = 2.79> <CoreInst = "FAddSub_fulldsp">   --->   Core 18 'FAddSub_fulldsp' <Latency = 9> <II = 1> <Delay = 2.79> <FuncUnit> <Opcode : 'fadd' 'fsub'> <InPorts = 2> <OutPorts = 1>

State 89 <SV = 88> <Delay = 2.79>
ST_89 : Operation 1466 [2/10] (2.79ns)   --->   "%sum_6 = fadd i32 %sum_5, i32 %mul139_1_1" [top.cpp:91]   --->   Operation 1466 'fadd' 'sum_6' <Predicate = true> <Delay = 2.79> <CoreInst = "FAddSub_fulldsp">   --->   Core 18 'FAddSub_fulldsp' <Latency = 9> <II = 1> <Delay = 2.79> <FuncUnit> <Opcode : 'fadd' 'fsub'> <InPorts = 2> <OutPorts = 1>

State 90 <SV = 89> <Delay = 2.79>
ST_90 : Operation 1467 [1/10] (2.79ns)   --->   "%sum_6 = fadd i32 %sum_5, i32 %mul139_1_1" [top.cpp:91]   --->   Operation 1467 'fadd' 'sum_6' <Predicate = true> <Delay = 2.79> <CoreInst = "FAddSub_fulldsp">   --->   Core 18 'FAddSub_fulldsp' <Latency = 9> <II = 1> <Delay = 2.79> <FuncUnit> <Opcode : 'fadd' 'fsub'> <InPorts = 2> <OutPorts = 1>

State 91 <SV = 90> <Delay = 2.79>
ST_91 : Operation 1468 [10/10] (2.79ns)   --->   "%sum_7 = fadd i32 %sum_6, i32 %mul139_1_2" [top.cpp:91]   --->   Operation 1468 'fadd' 'sum_7' <Predicate = true> <Delay = 2.79> <CoreInst = "FAddSub_fulldsp">   --->   Core 18 'FAddSub_fulldsp' <Latency = 9> <II = 1> <Delay = 2.79> <FuncUnit> <Opcode : 'fadd' 'fsub'> <InPorts = 2> <OutPorts = 1>

State 92 <SV = 91> <Delay = 2.79>
ST_92 : Operation 1469 [9/10] (2.79ns)   --->   "%sum_7 = fadd i32 %sum_6, i32 %mul139_1_2" [top.cpp:91]   --->   Operation 1469 'fadd' 'sum_7' <Predicate = true> <Delay = 2.79> <CoreInst = "FAddSub_fulldsp">   --->   Core 18 'FAddSub_fulldsp' <Latency = 9> <II = 1> <Delay = 2.79> <FuncUnit> <Opcode : 'fadd' 'fsub'> <InPorts = 2> <OutPorts = 1>

State 93 <SV = 92> <Delay = 2.79>
ST_93 : Operation 1470 [8/10] (2.79ns)   --->   "%sum_7 = fadd i32 %sum_6, i32 %mul139_1_2" [top.cpp:91]   --->   Operation 1470 'fadd' 'sum_7' <Predicate = true> <Delay = 2.79> <CoreInst = "FAddSub_fulldsp">   --->   Core 18 'FAddSub_fulldsp' <Latency = 9> <II = 1> <Delay = 2.79> <FuncUnit> <Opcode : 'fadd' 'fsub'> <InPorts = 2> <OutPorts = 1>

State 94 <SV = 93> <Delay = 2.79>
ST_94 : Operation 1471 [7/10] (2.79ns)   --->   "%sum_7 = fadd i32 %sum_6, i32 %mul139_1_2" [top.cpp:91]   --->   Operation 1471 'fadd' 'sum_7' <Predicate = true> <Delay = 2.79> <CoreInst = "FAddSub_fulldsp">   --->   Core 18 'FAddSub_fulldsp' <Latency = 9> <II = 1> <Delay = 2.79> <FuncUnit> <Opcode : 'fadd' 'fsub'> <InPorts = 2> <OutPorts = 1>

State 95 <SV = 94> <Delay = 2.79>
ST_95 : Operation 1472 [6/10] (2.79ns)   --->   "%sum_7 = fadd i32 %sum_6, i32 %mul139_1_2" [top.cpp:91]   --->   Operation 1472 'fadd' 'sum_7' <Predicate = true> <Delay = 2.79> <CoreInst = "FAddSub_fulldsp">   --->   Core 18 'FAddSub_fulldsp' <Latency = 9> <II = 1> <Delay = 2.79> <FuncUnit> <Opcode : 'fadd' 'fsub'> <InPorts = 2> <OutPorts = 1>

State 96 <SV = 95> <Delay = 2.79>
ST_96 : Operation 1473 [5/10] (2.79ns)   --->   "%sum_7 = fadd i32 %sum_6, i32 %mul139_1_2" [top.cpp:91]   --->   Operation 1473 'fadd' 'sum_7' <Predicate = true> <Delay = 2.79> <CoreInst = "FAddSub_fulldsp">   --->   Core 18 'FAddSub_fulldsp' <Latency = 9> <II = 1> <Delay = 2.79> <FuncUnit> <Opcode : 'fadd' 'fsub'> <InPorts = 2> <OutPorts = 1>

State 97 <SV = 96> <Delay = 2.79>
ST_97 : Operation 1474 [4/10] (2.79ns)   --->   "%sum_7 = fadd i32 %sum_6, i32 %mul139_1_2" [top.cpp:91]   --->   Operation 1474 'fadd' 'sum_7' <Predicate = true> <Delay = 2.79> <CoreInst = "FAddSub_fulldsp">   --->   Core 18 'FAddSub_fulldsp' <Latency = 9> <II = 1> <Delay = 2.79> <FuncUnit> <Opcode : 'fadd' 'fsub'> <InPorts = 2> <OutPorts = 1>

State 98 <SV = 97> <Delay = 2.79>
ST_98 : Operation 1475 [3/10] (2.79ns)   --->   "%sum_7 = fadd i32 %sum_6, i32 %mul139_1_2" [top.cpp:91]   --->   Operation 1475 'fadd' 'sum_7' <Predicate = true> <Delay = 2.79> <CoreInst = "FAddSub_fulldsp">   --->   Core 18 'FAddSub_fulldsp' <Latency = 9> <II = 1> <Delay = 2.79> <FuncUnit> <Opcode : 'fadd' 'fsub'> <InPorts = 2> <OutPorts = 1>

State 99 <SV = 98> <Delay = 2.79>
ST_99 : Operation 1476 [2/10] (2.79ns)   --->   "%sum_7 = fadd i32 %sum_6, i32 %mul139_1_2" [top.cpp:91]   --->   Operation 1476 'fadd' 'sum_7' <Predicate = true> <Delay = 2.79> <CoreInst = "FAddSub_fulldsp">   --->   Core 18 'FAddSub_fulldsp' <Latency = 9> <II = 1> <Delay = 2.79> <FuncUnit> <Opcode : 'fadd' 'fsub'> <InPorts = 2> <OutPorts = 1>

State 100 <SV = 99> <Delay = 2.79>
ST_100 : Operation 1477 [1/10] (2.79ns)   --->   "%sum_7 = fadd i32 %sum_6, i32 %mul139_1_2" [top.cpp:91]   --->   Operation 1477 'fadd' 'sum_7' <Predicate = true> <Delay = 2.79> <CoreInst = "FAddSub_fulldsp">   --->   Core 18 'FAddSub_fulldsp' <Latency = 9> <II = 1> <Delay = 2.79> <FuncUnit> <Opcode : 'fadd' 'fsub'> <InPorts = 2> <OutPorts = 1>

State 101 <SV = 100> <Delay = 2.79>
ST_101 : Operation 1478 [10/10] (2.79ns)   --->   "%sum_8 = fadd i32 %sum_7, i32 %mul139_1_3" [top.cpp:91]   --->   Operation 1478 'fadd' 'sum_8' <Predicate = true> <Delay = 2.79> <CoreInst = "FAddSub_fulldsp">   --->   Core 18 'FAddSub_fulldsp' <Latency = 9> <II = 1> <Delay = 2.79> <FuncUnit> <Opcode : 'fadd' 'fsub'> <InPorts = 2> <OutPorts = 1>

State 102 <SV = 101> <Delay = 2.79>
ST_102 : Operation 1479 [9/10] (2.79ns)   --->   "%sum_8 = fadd i32 %sum_7, i32 %mul139_1_3" [top.cpp:91]   --->   Operation 1479 'fadd' 'sum_8' <Predicate = true> <Delay = 2.79> <CoreInst = "FAddSub_fulldsp">   --->   Core 18 'FAddSub_fulldsp' <Latency = 9> <II = 1> <Delay = 2.79> <FuncUnit> <Opcode : 'fadd' 'fsub'> <InPorts = 2> <OutPorts = 1>

State 103 <SV = 102> <Delay = 2.79>
ST_103 : Operation 1480 [8/10] (2.79ns)   --->   "%sum_8 = fadd i32 %sum_7, i32 %mul139_1_3" [top.cpp:91]   --->   Operation 1480 'fadd' 'sum_8' <Predicate = true> <Delay = 2.79> <CoreInst = "FAddSub_fulldsp">   --->   Core 18 'FAddSub_fulldsp' <Latency = 9> <II = 1> <Delay = 2.79> <FuncUnit> <Opcode : 'fadd' 'fsub'> <InPorts = 2> <OutPorts = 1>

State 104 <SV = 103> <Delay = 2.79>
ST_104 : Operation 1481 [7/10] (2.79ns)   --->   "%sum_8 = fadd i32 %sum_7, i32 %mul139_1_3" [top.cpp:91]   --->   Operation 1481 'fadd' 'sum_8' <Predicate = true> <Delay = 2.79> <CoreInst = "FAddSub_fulldsp">   --->   Core 18 'FAddSub_fulldsp' <Latency = 9> <II = 1> <Delay = 2.79> <FuncUnit> <Opcode : 'fadd' 'fsub'> <InPorts = 2> <OutPorts = 1>

State 105 <SV = 104> <Delay = 2.79>
ST_105 : Operation 1482 [6/10] (2.79ns)   --->   "%sum_8 = fadd i32 %sum_7, i32 %mul139_1_3" [top.cpp:91]   --->   Operation 1482 'fadd' 'sum_8' <Predicate = true> <Delay = 2.79> <CoreInst = "FAddSub_fulldsp">   --->   Core 18 'FAddSub_fulldsp' <Latency = 9> <II = 1> <Delay = 2.79> <FuncUnit> <Opcode : 'fadd' 'fsub'> <InPorts = 2> <OutPorts = 1>

State 106 <SV = 105> <Delay = 2.79>
ST_106 : Operation 1483 [5/10] (2.79ns)   --->   "%sum_8 = fadd i32 %sum_7, i32 %mul139_1_3" [top.cpp:91]   --->   Operation 1483 'fadd' 'sum_8' <Predicate = true> <Delay = 2.79> <CoreInst = "FAddSub_fulldsp">   --->   Core 18 'FAddSub_fulldsp' <Latency = 9> <II = 1> <Delay = 2.79> <FuncUnit> <Opcode : 'fadd' 'fsub'> <InPorts = 2> <OutPorts = 1>

State 107 <SV = 106> <Delay = 2.79>
ST_107 : Operation 1484 [4/10] (2.79ns)   --->   "%sum_8 = fadd i32 %sum_7, i32 %mul139_1_3" [top.cpp:91]   --->   Operation 1484 'fadd' 'sum_8' <Predicate = true> <Delay = 2.79> <CoreInst = "FAddSub_fulldsp">   --->   Core 18 'FAddSub_fulldsp' <Latency = 9> <II = 1> <Delay = 2.79> <FuncUnit> <Opcode : 'fadd' 'fsub'> <InPorts = 2> <OutPorts = 1>

State 108 <SV = 107> <Delay = 2.79>
ST_108 : Operation 1485 [3/10] (2.79ns)   --->   "%sum_8 = fadd i32 %sum_7, i32 %mul139_1_3" [top.cpp:91]   --->   Operation 1485 'fadd' 'sum_8' <Predicate = true> <Delay = 2.79> <CoreInst = "FAddSub_fulldsp">   --->   Core 18 'FAddSub_fulldsp' <Latency = 9> <II = 1> <Delay = 2.79> <FuncUnit> <Opcode : 'fadd' 'fsub'> <InPorts = 2> <OutPorts = 1>

State 109 <SV = 108> <Delay = 2.79>
ST_109 : Operation 1486 [2/10] (2.79ns)   --->   "%sum_8 = fadd i32 %sum_7, i32 %mul139_1_3" [top.cpp:91]   --->   Operation 1486 'fadd' 'sum_8' <Predicate = true> <Delay = 2.79> <CoreInst = "FAddSub_fulldsp">   --->   Core 18 'FAddSub_fulldsp' <Latency = 9> <II = 1> <Delay = 2.79> <FuncUnit> <Opcode : 'fadd' 'fsub'> <InPorts = 2> <OutPorts = 1>

State 110 <SV = 109> <Delay = 2.79>
ST_110 : Operation 1487 [1/10] (2.79ns)   --->   "%sum_8 = fadd i32 %sum_7, i32 %mul139_1_3" [top.cpp:91]   --->   Operation 1487 'fadd' 'sum_8' <Predicate = true> <Delay = 2.79> <CoreInst = "FAddSub_fulldsp">   --->   Core 18 'FAddSub_fulldsp' <Latency = 9> <II = 1> <Delay = 2.79> <FuncUnit> <Opcode : 'fadd' 'fsub'> <InPorts = 2> <OutPorts = 1>

State 111 <SV = 110> <Delay = 2.79>
ST_111 : Operation 1488 [10/10] (2.79ns)   --->   "%sum_9 = fadd i32 %sum_8, i32 %mul139_1_4" [top.cpp:91]   --->   Operation 1488 'fadd' 'sum_9' <Predicate = true> <Delay = 2.79> <CoreInst = "FAddSub_fulldsp">   --->   Core 18 'FAddSub_fulldsp' <Latency = 9> <II = 1> <Delay = 2.79> <FuncUnit> <Opcode : 'fadd' 'fsub'> <InPorts = 2> <OutPorts = 1>

State 112 <SV = 111> <Delay = 2.79>
ST_112 : Operation 1489 [9/10] (2.79ns)   --->   "%sum_9 = fadd i32 %sum_8, i32 %mul139_1_4" [top.cpp:91]   --->   Operation 1489 'fadd' 'sum_9' <Predicate = true> <Delay = 2.79> <CoreInst = "FAddSub_fulldsp">   --->   Core 18 'FAddSub_fulldsp' <Latency = 9> <II = 1> <Delay = 2.79> <FuncUnit> <Opcode : 'fadd' 'fsub'> <InPorts = 2> <OutPorts = 1>

State 113 <SV = 112> <Delay = 2.79>
ST_113 : Operation 1490 [8/10] (2.79ns)   --->   "%sum_9 = fadd i32 %sum_8, i32 %mul139_1_4" [top.cpp:91]   --->   Operation 1490 'fadd' 'sum_9' <Predicate = true> <Delay = 2.79> <CoreInst = "FAddSub_fulldsp">   --->   Core 18 'FAddSub_fulldsp' <Latency = 9> <II = 1> <Delay = 2.79> <FuncUnit> <Opcode : 'fadd' 'fsub'> <InPorts = 2> <OutPorts = 1>

State 114 <SV = 113> <Delay = 2.79>
ST_114 : Operation 1491 [7/10] (2.79ns)   --->   "%sum_9 = fadd i32 %sum_8, i32 %mul139_1_4" [top.cpp:91]   --->   Operation 1491 'fadd' 'sum_9' <Predicate = true> <Delay = 2.79> <CoreInst = "FAddSub_fulldsp">   --->   Core 18 'FAddSub_fulldsp' <Latency = 9> <II = 1> <Delay = 2.79> <FuncUnit> <Opcode : 'fadd' 'fsub'> <InPorts = 2> <OutPorts = 1>

State 115 <SV = 114> <Delay = 2.79>
ST_115 : Operation 1492 [6/10] (2.79ns)   --->   "%sum_9 = fadd i32 %sum_8, i32 %mul139_1_4" [top.cpp:91]   --->   Operation 1492 'fadd' 'sum_9' <Predicate = true> <Delay = 2.79> <CoreInst = "FAddSub_fulldsp">   --->   Core 18 'FAddSub_fulldsp' <Latency = 9> <II = 1> <Delay = 2.79> <FuncUnit> <Opcode : 'fadd' 'fsub'> <InPorts = 2> <OutPorts = 1>

State 116 <SV = 115> <Delay = 2.79>
ST_116 : Operation 1493 [5/10] (2.79ns)   --->   "%sum_9 = fadd i32 %sum_8, i32 %mul139_1_4" [top.cpp:91]   --->   Operation 1493 'fadd' 'sum_9' <Predicate = true> <Delay = 2.79> <CoreInst = "FAddSub_fulldsp">   --->   Core 18 'FAddSub_fulldsp' <Latency = 9> <II = 1> <Delay = 2.79> <FuncUnit> <Opcode : 'fadd' 'fsub'> <InPorts = 2> <OutPorts = 1>

State 117 <SV = 116> <Delay = 2.79>
ST_117 : Operation 1494 [4/10] (2.79ns)   --->   "%sum_9 = fadd i32 %sum_8, i32 %mul139_1_4" [top.cpp:91]   --->   Operation 1494 'fadd' 'sum_9' <Predicate = true> <Delay = 2.79> <CoreInst = "FAddSub_fulldsp">   --->   Core 18 'FAddSub_fulldsp' <Latency = 9> <II = 1> <Delay = 2.79> <FuncUnit> <Opcode : 'fadd' 'fsub'> <InPorts = 2> <OutPorts = 1>

State 118 <SV = 117> <Delay = 2.79>
ST_118 : Operation 1495 [3/10] (2.79ns)   --->   "%sum_9 = fadd i32 %sum_8, i32 %mul139_1_4" [top.cpp:91]   --->   Operation 1495 'fadd' 'sum_9' <Predicate = true> <Delay = 2.79> <CoreInst = "FAddSub_fulldsp">   --->   Core 18 'FAddSub_fulldsp' <Latency = 9> <II = 1> <Delay = 2.79> <FuncUnit> <Opcode : 'fadd' 'fsub'> <InPorts = 2> <OutPorts = 1>

State 119 <SV = 118> <Delay = 2.79>
ST_119 : Operation 1496 [2/10] (2.79ns)   --->   "%sum_9 = fadd i32 %sum_8, i32 %mul139_1_4" [top.cpp:91]   --->   Operation 1496 'fadd' 'sum_9' <Predicate = true> <Delay = 2.79> <CoreInst = "FAddSub_fulldsp">   --->   Core 18 'FAddSub_fulldsp' <Latency = 9> <II = 1> <Delay = 2.79> <FuncUnit> <Opcode : 'fadd' 'fsub'> <InPorts = 2> <OutPorts = 1>

State 120 <SV = 119> <Delay = 2.79>
ST_120 : Operation 1497 [1/10] (2.79ns)   --->   "%sum_9 = fadd i32 %sum_8, i32 %mul139_1_4" [top.cpp:91]   --->   Operation 1497 'fadd' 'sum_9' <Predicate = true> <Delay = 2.79> <CoreInst = "FAddSub_fulldsp">   --->   Core 18 'FAddSub_fulldsp' <Latency = 9> <II = 1> <Delay = 2.79> <FuncUnit> <Opcode : 'fadd' 'fsub'> <InPorts = 2> <OutPorts = 1>

State 121 <SV = 120> <Delay = 2.79>
ST_121 : Operation 1498 [10/10] (2.79ns)   --->   "%sum_10 = fadd i32 %sum_9, i32 %mul139_2" [top.cpp:91]   --->   Operation 1498 'fadd' 'sum_10' <Predicate = true> <Delay = 2.79> <CoreInst = "FAddSub_fulldsp">   --->   Core 18 'FAddSub_fulldsp' <Latency = 9> <II = 1> <Delay = 2.79> <FuncUnit> <Opcode : 'fadd' 'fsub'> <InPorts = 2> <OutPorts = 1>

State 122 <SV = 121> <Delay = 2.79>
ST_122 : Operation 1499 [9/10] (2.79ns)   --->   "%sum_10 = fadd i32 %sum_9, i32 %mul139_2" [top.cpp:91]   --->   Operation 1499 'fadd' 'sum_10' <Predicate = true> <Delay = 2.79> <CoreInst = "FAddSub_fulldsp">   --->   Core 18 'FAddSub_fulldsp' <Latency = 9> <II = 1> <Delay = 2.79> <FuncUnit> <Opcode : 'fadd' 'fsub'> <InPorts = 2> <OutPorts = 1>

State 123 <SV = 122> <Delay = 2.79>
ST_123 : Operation 1500 [8/10] (2.79ns)   --->   "%sum_10 = fadd i32 %sum_9, i32 %mul139_2" [top.cpp:91]   --->   Operation 1500 'fadd' 'sum_10' <Predicate = true> <Delay = 2.79> <CoreInst = "FAddSub_fulldsp">   --->   Core 18 'FAddSub_fulldsp' <Latency = 9> <II = 1> <Delay = 2.79> <FuncUnit> <Opcode : 'fadd' 'fsub'> <InPorts = 2> <OutPorts = 1>

State 124 <SV = 123> <Delay = 2.79>
ST_124 : Operation 1501 [7/10] (2.79ns)   --->   "%sum_10 = fadd i32 %sum_9, i32 %mul139_2" [top.cpp:91]   --->   Operation 1501 'fadd' 'sum_10' <Predicate = true> <Delay = 2.79> <CoreInst = "FAddSub_fulldsp">   --->   Core 18 'FAddSub_fulldsp' <Latency = 9> <II = 1> <Delay = 2.79> <FuncUnit> <Opcode : 'fadd' 'fsub'> <InPorts = 2> <OutPorts = 1>

State 125 <SV = 124> <Delay = 2.79>
ST_125 : Operation 1502 [6/10] (2.79ns)   --->   "%sum_10 = fadd i32 %sum_9, i32 %mul139_2" [top.cpp:91]   --->   Operation 1502 'fadd' 'sum_10' <Predicate = true> <Delay = 2.79> <CoreInst = "FAddSub_fulldsp">   --->   Core 18 'FAddSub_fulldsp' <Latency = 9> <II = 1> <Delay = 2.79> <FuncUnit> <Opcode : 'fadd' 'fsub'> <InPorts = 2> <OutPorts = 1>

State 126 <SV = 125> <Delay = 2.79>
ST_126 : Operation 1503 [5/10] (2.79ns)   --->   "%sum_10 = fadd i32 %sum_9, i32 %mul139_2" [top.cpp:91]   --->   Operation 1503 'fadd' 'sum_10' <Predicate = true> <Delay = 2.79> <CoreInst = "FAddSub_fulldsp">   --->   Core 18 'FAddSub_fulldsp' <Latency = 9> <II = 1> <Delay = 2.79> <FuncUnit> <Opcode : 'fadd' 'fsub'> <InPorts = 2> <OutPorts = 1>

State 127 <SV = 126> <Delay = 2.79>
ST_127 : Operation 1504 [4/10] (2.79ns)   --->   "%sum_10 = fadd i32 %sum_9, i32 %mul139_2" [top.cpp:91]   --->   Operation 1504 'fadd' 'sum_10' <Predicate = true> <Delay = 2.79> <CoreInst = "FAddSub_fulldsp">   --->   Core 18 'FAddSub_fulldsp' <Latency = 9> <II = 1> <Delay = 2.79> <FuncUnit> <Opcode : 'fadd' 'fsub'> <InPorts = 2> <OutPorts = 1>

State 128 <SV = 127> <Delay = 2.79>
ST_128 : Operation 1505 [3/10] (2.79ns)   --->   "%sum_10 = fadd i32 %sum_9, i32 %mul139_2" [top.cpp:91]   --->   Operation 1505 'fadd' 'sum_10' <Predicate = true> <Delay = 2.79> <CoreInst = "FAddSub_fulldsp">   --->   Core 18 'FAddSub_fulldsp' <Latency = 9> <II = 1> <Delay = 2.79> <FuncUnit> <Opcode : 'fadd' 'fsub'> <InPorts = 2> <OutPorts = 1>

State 129 <SV = 128> <Delay = 2.79>
ST_129 : Operation 1506 [2/10] (2.79ns)   --->   "%sum_10 = fadd i32 %sum_9, i32 %mul139_2" [top.cpp:91]   --->   Operation 1506 'fadd' 'sum_10' <Predicate = true> <Delay = 2.79> <CoreInst = "FAddSub_fulldsp">   --->   Core 18 'FAddSub_fulldsp' <Latency = 9> <II = 1> <Delay = 2.79> <FuncUnit> <Opcode : 'fadd' 'fsub'> <InPorts = 2> <OutPorts = 1>

State 130 <SV = 129> <Delay = 2.79>
ST_130 : Operation 1507 [1/10] (2.79ns)   --->   "%sum_10 = fadd i32 %sum_9, i32 %mul139_2" [top.cpp:91]   --->   Operation 1507 'fadd' 'sum_10' <Predicate = true> <Delay = 2.79> <CoreInst = "FAddSub_fulldsp">   --->   Core 18 'FAddSub_fulldsp' <Latency = 9> <II = 1> <Delay = 2.79> <FuncUnit> <Opcode : 'fadd' 'fsub'> <InPorts = 2> <OutPorts = 1>

State 131 <SV = 130> <Delay = 2.79>
ST_131 : Operation 1508 [10/10] (2.79ns)   --->   "%sum_11 = fadd i32 %sum_10, i32 %mul139_2_1" [top.cpp:91]   --->   Operation 1508 'fadd' 'sum_11' <Predicate = true> <Delay = 2.79> <CoreInst = "FAddSub_fulldsp">   --->   Core 18 'FAddSub_fulldsp' <Latency = 9> <II = 1> <Delay = 2.79> <FuncUnit> <Opcode : 'fadd' 'fsub'> <InPorts = 2> <OutPorts = 1>

State 132 <SV = 131> <Delay = 2.79>
ST_132 : Operation 1509 [9/10] (2.79ns)   --->   "%sum_11 = fadd i32 %sum_10, i32 %mul139_2_1" [top.cpp:91]   --->   Operation 1509 'fadd' 'sum_11' <Predicate = true> <Delay = 2.79> <CoreInst = "FAddSub_fulldsp">   --->   Core 18 'FAddSub_fulldsp' <Latency = 9> <II = 1> <Delay = 2.79> <FuncUnit> <Opcode : 'fadd' 'fsub'> <InPorts = 2> <OutPorts = 1>

State 133 <SV = 132> <Delay = 2.79>
ST_133 : Operation 1510 [8/10] (2.79ns)   --->   "%sum_11 = fadd i32 %sum_10, i32 %mul139_2_1" [top.cpp:91]   --->   Operation 1510 'fadd' 'sum_11' <Predicate = true> <Delay = 2.79> <CoreInst = "FAddSub_fulldsp">   --->   Core 18 'FAddSub_fulldsp' <Latency = 9> <II = 1> <Delay = 2.79> <FuncUnit> <Opcode : 'fadd' 'fsub'> <InPorts = 2> <OutPorts = 1>

State 134 <SV = 133> <Delay = 2.79>
ST_134 : Operation 1511 [7/10] (2.79ns)   --->   "%sum_11 = fadd i32 %sum_10, i32 %mul139_2_1" [top.cpp:91]   --->   Operation 1511 'fadd' 'sum_11' <Predicate = true> <Delay = 2.79> <CoreInst = "FAddSub_fulldsp">   --->   Core 18 'FAddSub_fulldsp' <Latency = 9> <II = 1> <Delay = 2.79> <FuncUnit> <Opcode : 'fadd' 'fsub'> <InPorts = 2> <OutPorts = 1>

State 135 <SV = 134> <Delay = 2.79>
ST_135 : Operation 1512 [6/10] (2.79ns)   --->   "%sum_11 = fadd i32 %sum_10, i32 %mul139_2_1" [top.cpp:91]   --->   Operation 1512 'fadd' 'sum_11' <Predicate = true> <Delay = 2.79> <CoreInst = "FAddSub_fulldsp">   --->   Core 18 'FAddSub_fulldsp' <Latency = 9> <II = 1> <Delay = 2.79> <FuncUnit> <Opcode : 'fadd' 'fsub'> <InPorts = 2> <OutPorts = 1>

State 136 <SV = 135> <Delay = 2.79>
ST_136 : Operation 1513 [5/10] (2.79ns)   --->   "%sum_11 = fadd i32 %sum_10, i32 %mul139_2_1" [top.cpp:91]   --->   Operation 1513 'fadd' 'sum_11' <Predicate = true> <Delay = 2.79> <CoreInst = "FAddSub_fulldsp">   --->   Core 18 'FAddSub_fulldsp' <Latency = 9> <II = 1> <Delay = 2.79> <FuncUnit> <Opcode : 'fadd' 'fsub'> <InPorts = 2> <OutPorts = 1>

State 137 <SV = 136> <Delay = 2.79>
ST_137 : Operation 1514 [4/10] (2.79ns)   --->   "%sum_11 = fadd i32 %sum_10, i32 %mul139_2_1" [top.cpp:91]   --->   Operation 1514 'fadd' 'sum_11' <Predicate = true> <Delay = 2.79> <CoreInst = "FAddSub_fulldsp">   --->   Core 18 'FAddSub_fulldsp' <Latency = 9> <II = 1> <Delay = 2.79> <FuncUnit> <Opcode : 'fadd' 'fsub'> <InPorts = 2> <OutPorts = 1>

State 138 <SV = 137> <Delay = 2.79>
ST_138 : Operation 1515 [3/10] (2.79ns)   --->   "%sum_11 = fadd i32 %sum_10, i32 %mul139_2_1" [top.cpp:91]   --->   Operation 1515 'fadd' 'sum_11' <Predicate = true> <Delay = 2.79> <CoreInst = "FAddSub_fulldsp">   --->   Core 18 'FAddSub_fulldsp' <Latency = 9> <II = 1> <Delay = 2.79> <FuncUnit> <Opcode : 'fadd' 'fsub'> <InPorts = 2> <OutPorts = 1>

State 139 <SV = 138> <Delay = 2.79>
ST_139 : Operation 1516 [2/10] (2.79ns)   --->   "%sum_11 = fadd i32 %sum_10, i32 %mul139_2_1" [top.cpp:91]   --->   Operation 1516 'fadd' 'sum_11' <Predicate = true> <Delay = 2.79> <CoreInst = "FAddSub_fulldsp">   --->   Core 18 'FAddSub_fulldsp' <Latency = 9> <II = 1> <Delay = 2.79> <FuncUnit> <Opcode : 'fadd' 'fsub'> <InPorts = 2> <OutPorts = 1>

State 140 <SV = 139> <Delay = 2.79>
ST_140 : Operation 1517 [1/10] (2.79ns)   --->   "%sum_11 = fadd i32 %sum_10, i32 %mul139_2_1" [top.cpp:91]   --->   Operation 1517 'fadd' 'sum_11' <Predicate = true> <Delay = 2.79> <CoreInst = "FAddSub_fulldsp">   --->   Core 18 'FAddSub_fulldsp' <Latency = 9> <II = 1> <Delay = 2.79> <FuncUnit> <Opcode : 'fadd' 'fsub'> <InPorts = 2> <OutPorts = 1>

State 141 <SV = 140> <Delay = 2.79>
ST_141 : Operation 1518 [10/10] (2.79ns)   --->   "%sum_12 = fadd i32 %sum_11, i32 %mul139_2_2" [top.cpp:91]   --->   Operation 1518 'fadd' 'sum_12' <Predicate = true> <Delay = 2.79> <CoreInst = "FAddSub_fulldsp">   --->   Core 18 'FAddSub_fulldsp' <Latency = 9> <II = 1> <Delay = 2.79> <FuncUnit> <Opcode : 'fadd' 'fsub'> <InPorts = 2> <OutPorts = 1>

State 142 <SV = 141> <Delay = 2.79>
ST_142 : Operation 1519 [9/10] (2.79ns)   --->   "%sum_12 = fadd i32 %sum_11, i32 %mul139_2_2" [top.cpp:91]   --->   Operation 1519 'fadd' 'sum_12' <Predicate = true> <Delay = 2.79> <CoreInst = "FAddSub_fulldsp">   --->   Core 18 'FAddSub_fulldsp' <Latency = 9> <II = 1> <Delay = 2.79> <FuncUnit> <Opcode : 'fadd' 'fsub'> <InPorts = 2> <OutPorts = 1>

State 143 <SV = 142> <Delay = 2.79>
ST_143 : Operation 1520 [8/10] (2.79ns)   --->   "%sum_12 = fadd i32 %sum_11, i32 %mul139_2_2" [top.cpp:91]   --->   Operation 1520 'fadd' 'sum_12' <Predicate = true> <Delay = 2.79> <CoreInst = "FAddSub_fulldsp">   --->   Core 18 'FAddSub_fulldsp' <Latency = 9> <II = 1> <Delay = 2.79> <FuncUnit> <Opcode : 'fadd' 'fsub'> <InPorts = 2> <OutPorts = 1>

State 144 <SV = 143> <Delay = 2.79>
ST_144 : Operation 1521 [7/10] (2.79ns)   --->   "%sum_12 = fadd i32 %sum_11, i32 %mul139_2_2" [top.cpp:91]   --->   Operation 1521 'fadd' 'sum_12' <Predicate = true> <Delay = 2.79> <CoreInst = "FAddSub_fulldsp">   --->   Core 18 'FAddSub_fulldsp' <Latency = 9> <II = 1> <Delay = 2.79> <FuncUnit> <Opcode : 'fadd' 'fsub'> <InPorts = 2> <OutPorts = 1>

State 145 <SV = 144> <Delay = 2.79>
ST_145 : Operation 1522 [6/10] (2.79ns)   --->   "%sum_12 = fadd i32 %sum_11, i32 %mul139_2_2" [top.cpp:91]   --->   Operation 1522 'fadd' 'sum_12' <Predicate = true> <Delay = 2.79> <CoreInst = "FAddSub_fulldsp">   --->   Core 18 'FAddSub_fulldsp' <Latency = 9> <II = 1> <Delay = 2.79> <FuncUnit> <Opcode : 'fadd' 'fsub'> <InPorts = 2> <OutPorts = 1>

State 146 <SV = 145> <Delay = 2.79>
ST_146 : Operation 1523 [5/10] (2.79ns)   --->   "%sum_12 = fadd i32 %sum_11, i32 %mul139_2_2" [top.cpp:91]   --->   Operation 1523 'fadd' 'sum_12' <Predicate = true> <Delay = 2.79> <CoreInst = "FAddSub_fulldsp">   --->   Core 18 'FAddSub_fulldsp' <Latency = 9> <II = 1> <Delay = 2.79> <FuncUnit> <Opcode : 'fadd' 'fsub'> <InPorts = 2> <OutPorts = 1>

State 147 <SV = 146> <Delay = 2.79>
ST_147 : Operation 1524 [4/10] (2.79ns)   --->   "%sum_12 = fadd i32 %sum_11, i32 %mul139_2_2" [top.cpp:91]   --->   Operation 1524 'fadd' 'sum_12' <Predicate = true> <Delay = 2.79> <CoreInst = "FAddSub_fulldsp">   --->   Core 18 'FAddSub_fulldsp' <Latency = 9> <II = 1> <Delay = 2.79> <FuncUnit> <Opcode : 'fadd' 'fsub'> <InPorts = 2> <OutPorts = 1>

State 148 <SV = 147> <Delay = 2.79>
ST_148 : Operation 1525 [3/10] (2.79ns)   --->   "%sum_12 = fadd i32 %sum_11, i32 %mul139_2_2" [top.cpp:91]   --->   Operation 1525 'fadd' 'sum_12' <Predicate = true> <Delay = 2.79> <CoreInst = "FAddSub_fulldsp">   --->   Core 18 'FAddSub_fulldsp' <Latency = 9> <II = 1> <Delay = 2.79> <FuncUnit> <Opcode : 'fadd' 'fsub'> <InPorts = 2> <OutPorts = 1>

State 149 <SV = 148> <Delay = 2.79>
ST_149 : Operation 1526 [2/10] (2.79ns)   --->   "%sum_12 = fadd i32 %sum_11, i32 %mul139_2_2" [top.cpp:91]   --->   Operation 1526 'fadd' 'sum_12' <Predicate = true> <Delay = 2.79> <CoreInst = "FAddSub_fulldsp">   --->   Core 18 'FAddSub_fulldsp' <Latency = 9> <II = 1> <Delay = 2.79> <FuncUnit> <Opcode : 'fadd' 'fsub'> <InPorts = 2> <OutPorts = 1>

State 150 <SV = 149> <Delay = 2.79>
ST_150 : Operation 1527 [1/10] (2.79ns)   --->   "%sum_12 = fadd i32 %sum_11, i32 %mul139_2_2" [top.cpp:91]   --->   Operation 1527 'fadd' 'sum_12' <Predicate = true> <Delay = 2.79> <CoreInst = "FAddSub_fulldsp">   --->   Core 18 'FAddSub_fulldsp' <Latency = 9> <II = 1> <Delay = 2.79> <FuncUnit> <Opcode : 'fadd' 'fsub'> <InPorts = 2> <OutPorts = 1>

State 151 <SV = 150> <Delay = 0.00>

State 152 <SV = 151> <Delay = 2.79>
ST_152 : Operation 1528 [10/10] (2.79ns)   --->   "%sum_13 = fadd i32 %sum_12, i32 %mul139_2_3" [top.cpp:91]   --->   Operation 1528 'fadd' 'sum_13' <Predicate = true> <Delay = 2.79> <CoreInst = "FAddSub_fulldsp">   --->   Core 18 'FAddSub_fulldsp' <Latency = 9> <II = 1> <Delay = 2.79> <FuncUnit> <Opcode : 'fadd' 'fsub'> <InPorts = 2> <OutPorts = 1>

State 153 <SV = 152> <Delay = 2.79>
ST_153 : Operation 1529 [9/10] (2.79ns)   --->   "%sum_13 = fadd i32 %sum_12, i32 %mul139_2_3" [top.cpp:91]   --->   Operation 1529 'fadd' 'sum_13' <Predicate = true> <Delay = 2.79> <CoreInst = "FAddSub_fulldsp">   --->   Core 18 'FAddSub_fulldsp' <Latency = 9> <II = 1> <Delay = 2.79> <FuncUnit> <Opcode : 'fadd' 'fsub'> <InPorts = 2> <OutPorts = 1>

State 154 <SV = 153> <Delay = 2.79>
ST_154 : Operation 1530 [8/10] (2.79ns)   --->   "%sum_13 = fadd i32 %sum_12, i32 %mul139_2_3" [top.cpp:91]   --->   Operation 1530 'fadd' 'sum_13' <Predicate = true> <Delay = 2.79> <CoreInst = "FAddSub_fulldsp">   --->   Core 18 'FAddSub_fulldsp' <Latency = 9> <II = 1> <Delay = 2.79> <FuncUnit> <Opcode : 'fadd' 'fsub'> <InPorts = 2> <OutPorts = 1>

State 155 <SV = 154> <Delay = 2.79>
ST_155 : Operation 1531 [7/10] (2.79ns)   --->   "%sum_13 = fadd i32 %sum_12, i32 %mul139_2_3" [top.cpp:91]   --->   Operation 1531 'fadd' 'sum_13' <Predicate = true> <Delay = 2.79> <CoreInst = "FAddSub_fulldsp">   --->   Core 18 'FAddSub_fulldsp' <Latency = 9> <II = 1> <Delay = 2.79> <FuncUnit> <Opcode : 'fadd' 'fsub'> <InPorts = 2> <OutPorts = 1>

State 156 <SV = 155> <Delay = 2.79>
ST_156 : Operation 1532 [6/10] (2.79ns)   --->   "%sum_13 = fadd i32 %sum_12, i32 %mul139_2_3" [top.cpp:91]   --->   Operation 1532 'fadd' 'sum_13' <Predicate = true> <Delay = 2.79> <CoreInst = "FAddSub_fulldsp">   --->   Core 18 'FAddSub_fulldsp' <Latency = 9> <II = 1> <Delay = 2.79> <FuncUnit> <Opcode : 'fadd' 'fsub'> <InPorts = 2> <OutPorts = 1>

State 157 <SV = 156> <Delay = 2.79>
ST_157 : Operation 1533 [5/10] (2.79ns)   --->   "%sum_13 = fadd i32 %sum_12, i32 %mul139_2_3" [top.cpp:91]   --->   Operation 1533 'fadd' 'sum_13' <Predicate = true> <Delay = 2.79> <CoreInst = "FAddSub_fulldsp">   --->   Core 18 'FAddSub_fulldsp' <Latency = 9> <II = 1> <Delay = 2.79> <FuncUnit> <Opcode : 'fadd' 'fsub'> <InPorts = 2> <OutPorts = 1>

State 158 <SV = 157> <Delay = 2.79>
ST_158 : Operation 1534 [4/10] (2.79ns)   --->   "%sum_13 = fadd i32 %sum_12, i32 %mul139_2_3" [top.cpp:91]   --->   Operation 1534 'fadd' 'sum_13' <Predicate = true> <Delay = 2.79> <CoreInst = "FAddSub_fulldsp">   --->   Core 18 'FAddSub_fulldsp' <Latency = 9> <II = 1> <Delay = 2.79> <FuncUnit> <Opcode : 'fadd' 'fsub'> <InPorts = 2> <OutPorts = 1>

State 159 <SV = 158> <Delay = 2.79>
ST_159 : Operation 1535 [3/10] (2.79ns)   --->   "%sum_13 = fadd i32 %sum_12, i32 %mul139_2_3" [top.cpp:91]   --->   Operation 1535 'fadd' 'sum_13' <Predicate = true> <Delay = 2.79> <CoreInst = "FAddSub_fulldsp">   --->   Core 18 'FAddSub_fulldsp' <Latency = 9> <II = 1> <Delay = 2.79> <FuncUnit> <Opcode : 'fadd' 'fsub'> <InPorts = 2> <OutPorts = 1>

State 160 <SV = 159> <Delay = 2.79>
ST_160 : Operation 1536 [2/10] (2.79ns)   --->   "%sum_13 = fadd i32 %sum_12, i32 %mul139_2_3" [top.cpp:91]   --->   Operation 1536 'fadd' 'sum_13' <Predicate = true> <Delay = 2.79> <CoreInst = "FAddSub_fulldsp">   --->   Core 18 'FAddSub_fulldsp' <Latency = 9> <II = 1> <Delay = 2.79> <FuncUnit> <Opcode : 'fadd' 'fsub'> <InPorts = 2> <OutPorts = 1>

State 161 <SV = 160> <Delay = 2.79>
ST_161 : Operation 1537 [1/10] (2.79ns)   --->   "%sum_13 = fadd i32 %sum_12, i32 %mul139_2_3" [top.cpp:91]   --->   Operation 1537 'fadd' 'sum_13' <Predicate = true> <Delay = 2.79> <CoreInst = "FAddSub_fulldsp">   --->   Core 18 'FAddSub_fulldsp' <Latency = 9> <II = 1> <Delay = 2.79> <FuncUnit> <Opcode : 'fadd' 'fsub'> <InPorts = 2> <OutPorts = 1>

State 162 <SV = 161> <Delay = 2.79>
ST_162 : Operation 1538 [10/10] (2.79ns)   --->   "%sum_14 = fadd i32 %sum_13, i32 %mul139_2_4" [top.cpp:91]   --->   Operation 1538 'fadd' 'sum_14' <Predicate = true> <Delay = 2.79> <CoreInst = "FAddSub_fulldsp">   --->   Core 18 'FAddSub_fulldsp' <Latency = 9> <II = 1> <Delay = 2.79> <FuncUnit> <Opcode : 'fadd' 'fsub'> <InPorts = 2> <OutPorts = 1>

State 163 <SV = 162> <Delay = 2.79>
ST_163 : Operation 1539 [9/10] (2.79ns)   --->   "%sum_14 = fadd i32 %sum_13, i32 %mul139_2_4" [top.cpp:91]   --->   Operation 1539 'fadd' 'sum_14' <Predicate = true> <Delay = 2.79> <CoreInst = "FAddSub_fulldsp">   --->   Core 18 'FAddSub_fulldsp' <Latency = 9> <II = 1> <Delay = 2.79> <FuncUnit> <Opcode : 'fadd' 'fsub'> <InPorts = 2> <OutPorts = 1>

State 164 <SV = 163> <Delay = 2.79>
ST_164 : Operation 1540 [8/10] (2.79ns)   --->   "%sum_14 = fadd i32 %sum_13, i32 %mul139_2_4" [top.cpp:91]   --->   Operation 1540 'fadd' 'sum_14' <Predicate = true> <Delay = 2.79> <CoreInst = "FAddSub_fulldsp">   --->   Core 18 'FAddSub_fulldsp' <Latency = 9> <II = 1> <Delay = 2.79> <FuncUnit> <Opcode : 'fadd' 'fsub'> <InPorts = 2> <OutPorts = 1>

State 165 <SV = 164> <Delay = 2.79>
ST_165 : Operation 1541 [7/10] (2.79ns)   --->   "%sum_14 = fadd i32 %sum_13, i32 %mul139_2_4" [top.cpp:91]   --->   Operation 1541 'fadd' 'sum_14' <Predicate = true> <Delay = 2.79> <CoreInst = "FAddSub_fulldsp">   --->   Core 18 'FAddSub_fulldsp' <Latency = 9> <II = 1> <Delay = 2.79> <FuncUnit> <Opcode : 'fadd' 'fsub'> <InPorts = 2> <OutPorts = 1>

State 166 <SV = 165> <Delay = 2.79>
ST_166 : Operation 1542 [6/10] (2.79ns)   --->   "%sum_14 = fadd i32 %sum_13, i32 %mul139_2_4" [top.cpp:91]   --->   Operation 1542 'fadd' 'sum_14' <Predicate = true> <Delay = 2.79> <CoreInst = "FAddSub_fulldsp">   --->   Core 18 'FAddSub_fulldsp' <Latency = 9> <II = 1> <Delay = 2.79> <FuncUnit> <Opcode : 'fadd' 'fsub'> <InPorts = 2> <OutPorts = 1>

State 167 <SV = 166> <Delay = 2.79>
ST_167 : Operation 1543 [5/10] (2.79ns)   --->   "%sum_14 = fadd i32 %sum_13, i32 %mul139_2_4" [top.cpp:91]   --->   Operation 1543 'fadd' 'sum_14' <Predicate = true> <Delay = 2.79> <CoreInst = "FAddSub_fulldsp">   --->   Core 18 'FAddSub_fulldsp' <Latency = 9> <II = 1> <Delay = 2.79> <FuncUnit> <Opcode : 'fadd' 'fsub'> <InPorts = 2> <OutPorts = 1>

State 168 <SV = 167> <Delay = 2.79>
ST_168 : Operation 1544 [4/10] (2.79ns)   --->   "%sum_14 = fadd i32 %sum_13, i32 %mul139_2_4" [top.cpp:91]   --->   Operation 1544 'fadd' 'sum_14' <Predicate = true> <Delay = 2.79> <CoreInst = "FAddSub_fulldsp">   --->   Core 18 'FAddSub_fulldsp' <Latency = 9> <II = 1> <Delay = 2.79> <FuncUnit> <Opcode : 'fadd' 'fsub'> <InPorts = 2> <OutPorts = 1>

State 169 <SV = 168> <Delay = 2.79>
ST_169 : Operation 1545 [3/10] (2.79ns)   --->   "%sum_14 = fadd i32 %sum_13, i32 %mul139_2_4" [top.cpp:91]   --->   Operation 1545 'fadd' 'sum_14' <Predicate = true> <Delay = 2.79> <CoreInst = "FAddSub_fulldsp">   --->   Core 18 'FAddSub_fulldsp' <Latency = 9> <II = 1> <Delay = 2.79> <FuncUnit> <Opcode : 'fadd' 'fsub'> <InPorts = 2> <OutPorts = 1>

State 170 <SV = 169> <Delay = 2.79>
ST_170 : Operation 1546 [2/10] (2.79ns)   --->   "%sum_14 = fadd i32 %sum_13, i32 %mul139_2_4" [top.cpp:91]   --->   Operation 1546 'fadd' 'sum_14' <Predicate = true> <Delay = 2.79> <CoreInst = "FAddSub_fulldsp">   --->   Core 18 'FAddSub_fulldsp' <Latency = 9> <II = 1> <Delay = 2.79> <FuncUnit> <Opcode : 'fadd' 'fsub'> <InPorts = 2> <OutPorts = 1>

State 171 <SV = 170> <Delay = 2.79>
ST_171 : Operation 1547 [1/10] (2.79ns)   --->   "%sum_14 = fadd i32 %sum_13, i32 %mul139_2_4" [top.cpp:91]   --->   Operation 1547 'fadd' 'sum_14' <Predicate = true> <Delay = 2.79> <CoreInst = "FAddSub_fulldsp">   --->   Core 18 'FAddSub_fulldsp' <Latency = 9> <II = 1> <Delay = 2.79> <FuncUnit> <Opcode : 'fadd' 'fsub'> <InPorts = 2> <OutPorts = 1>

State 172 <SV = 171> <Delay = 2.79>
ST_172 : Operation 1548 [10/10] (2.79ns)   --->   "%sum_15 = fadd i32 %sum_14, i32 %mul139_3" [top.cpp:91]   --->   Operation 1548 'fadd' 'sum_15' <Predicate = true> <Delay = 2.79> <CoreInst = "FAddSub_fulldsp">   --->   Core 18 'FAddSub_fulldsp' <Latency = 9> <II = 1> <Delay = 2.79> <FuncUnit> <Opcode : 'fadd' 'fsub'> <InPorts = 2> <OutPorts = 1>

State 173 <SV = 172> <Delay = 2.79>
ST_173 : Operation 1549 [9/10] (2.79ns)   --->   "%sum_15 = fadd i32 %sum_14, i32 %mul139_3" [top.cpp:91]   --->   Operation 1549 'fadd' 'sum_15' <Predicate = true> <Delay = 2.79> <CoreInst = "FAddSub_fulldsp">   --->   Core 18 'FAddSub_fulldsp' <Latency = 9> <II = 1> <Delay = 2.79> <FuncUnit> <Opcode : 'fadd' 'fsub'> <InPorts = 2> <OutPorts = 1>

State 174 <SV = 173> <Delay = 2.79>
ST_174 : Operation 1550 [8/10] (2.79ns)   --->   "%sum_15 = fadd i32 %sum_14, i32 %mul139_3" [top.cpp:91]   --->   Operation 1550 'fadd' 'sum_15' <Predicate = true> <Delay = 2.79> <CoreInst = "FAddSub_fulldsp">   --->   Core 18 'FAddSub_fulldsp' <Latency = 9> <II = 1> <Delay = 2.79> <FuncUnit> <Opcode : 'fadd' 'fsub'> <InPorts = 2> <OutPorts = 1>

State 175 <SV = 174> <Delay = 2.79>
ST_175 : Operation 1551 [7/10] (2.79ns)   --->   "%sum_15 = fadd i32 %sum_14, i32 %mul139_3" [top.cpp:91]   --->   Operation 1551 'fadd' 'sum_15' <Predicate = true> <Delay = 2.79> <CoreInst = "FAddSub_fulldsp">   --->   Core 18 'FAddSub_fulldsp' <Latency = 9> <II = 1> <Delay = 2.79> <FuncUnit> <Opcode : 'fadd' 'fsub'> <InPorts = 2> <OutPorts = 1>

State 176 <SV = 175> <Delay = 2.79>
ST_176 : Operation 1552 [6/10] (2.79ns)   --->   "%sum_15 = fadd i32 %sum_14, i32 %mul139_3" [top.cpp:91]   --->   Operation 1552 'fadd' 'sum_15' <Predicate = true> <Delay = 2.79> <CoreInst = "FAddSub_fulldsp">   --->   Core 18 'FAddSub_fulldsp' <Latency = 9> <II = 1> <Delay = 2.79> <FuncUnit> <Opcode : 'fadd' 'fsub'> <InPorts = 2> <OutPorts = 1>

State 177 <SV = 176> <Delay = 2.79>
ST_177 : Operation 1553 [5/10] (2.79ns)   --->   "%sum_15 = fadd i32 %sum_14, i32 %mul139_3" [top.cpp:91]   --->   Operation 1553 'fadd' 'sum_15' <Predicate = true> <Delay = 2.79> <CoreInst = "FAddSub_fulldsp">   --->   Core 18 'FAddSub_fulldsp' <Latency = 9> <II = 1> <Delay = 2.79> <FuncUnit> <Opcode : 'fadd' 'fsub'> <InPorts = 2> <OutPorts = 1>

State 178 <SV = 177> <Delay = 2.79>
ST_178 : Operation 1554 [4/10] (2.79ns)   --->   "%sum_15 = fadd i32 %sum_14, i32 %mul139_3" [top.cpp:91]   --->   Operation 1554 'fadd' 'sum_15' <Predicate = true> <Delay = 2.79> <CoreInst = "FAddSub_fulldsp">   --->   Core 18 'FAddSub_fulldsp' <Latency = 9> <II = 1> <Delay = 2.79> <FuncUnit> <Opcode : 'fadd' 'fsub'> <InPorts = 2> <OutPorts = 1>

State 179 <SV = 178> <Delay = 2.79>
ST_179 : Operation 1555 [3/10] (2.79ns)   --->   "%sum_15 = fadd i32 %sum_14, i32 %mul139_3" [top.cpp:91]   --->   Operation 1555 'fadd' 'sum_15' <Predicate = true> <Delay = 2.79> <CoreInst = "FAddSub_fulldsp">   --->   Core 18 'FAddSub_fulldsp' <Latency = 9> <II = 1> <Delay = 2.79> <FuncUnit> <Opcode : 'fadd' 'fsub'> <InPorts = 2> <OutPorts = 1>

State 180 <SV = 179> <Delay = 2.79>
ST_180 : Operation 1556 [2/10] (2.79ns)   --->   "%sum_15 = fadd i32 %sum_14, i32 %mul139_3" [top.cpp:91]   --->   Operation 1556 'fadd' 'sum_15' <Predicate = true> <Delay = 2.79> <CoreInst = "FAddSub_fulldsp">   --->   Core 18 'FAddSub_fulldsp' <Latency = 9> <II = 1> <Delay = 2.79> <FuncUnit> <Opcode : 'fadd' 'fsub'> <InPorts = 2> <OutPorts = 1>

State 181 <SV = 180> <Delay = 2.79>
ST_181 : Operation 1557 [1/10] (2.79ns)   --->   "%sum_15 = fadd i32 %sum_14, i32 %mul139_3" [top.cpp:91]   --->   Operation 1557 'fadd' 'sum_15' <Predicate = true> <Delay = 2.79> <CoreInst = "FAddSub_fulldsp">   --->   Core 18 'FAddSub_fulldsp' <Latency = 9> <II = 1> <Delay = 2.79> <FuncUnit> <Opcode : 'fadd' 'fsub'> <InPorts = 2> <OutPorts = 1>

State 182 <SV = 181> <Delay = 2.79>
ST_182 : Operation 1558 [10/10] (2.79ns)   --->   "%sum_16 = fadd i32 %sum_15, i32 %mul139_3_1" [top.cpp:91]   --->   Operation 1558 'fadd' 'sum_16' <Predicate = true> <Delay = 2.79> <CoreInst = "FAddSub_fulldsp">   --->   Core 18 'FAddSub_fulldsp' <Latency = 9> <II = 1> <Delay = 2.79> <FuncUnit> <Opcode : 'fadd' 'fsub'> <InPorts = 2> <OutPorts = 1>

State 183 <SV = 182> <Delay = 2.79>
ST_183 : Operation 1559 [9/10] (2.79ns)   --->   "%sum_16 = fadd i32 %sum_15, i32 %mul139_3_1" [top.cpp:91]   --->   Operation 1559 'fadd' 'sum_16' <Predicate = true> <Delay = 2.79> <CoreInst = "FAddSub_fulldsp">   --->   Core 18 'FAddSub_fulldsp' <Latency = 9> <II = 1> <Delay = 2.79> <FuncUnit> <Opcode : 'fadd' 'fsub'> <InPorts = 2> <OutPorts = 1>

State 184 <SV = 183> <Delay = 2.79>
ST_184 : Operation 1560 [8/10] (2.79ns)   --->   "%sum_16 = fadd i32 %sum_15, i32 %mul139_3_1" [top.cpp:91]   --->   Operation 1560 'fadd' 'sum_16' <Predicate = true> <Delay = 2.79> <CoreInst = "FAddSub_fulldsp">   --->   Core 18 'FAddSub_fulldsp' <Latency = 9> <II = 1> <Delay = 2.79> <FuncUnit> <Opcode : 'fadd' 'fsub'> <InPorts = 2> <OutPorts = 1>

State 185 <SV = 184> <Delay = 2.79>
ST_185 : Operation 1561 [7/10] (2.79ns)   --->   "%sum_16 = fadd i32 %sum_15, i32 %mul139_3_1" [top.cpp:91]   --->   Operation 1561 'fadd' 'sum_16' <Predicate = true> <Delay = 2.79> <CoreInst = "FAddSub_fulldsp">   --->   Core 18 'FAddSub_fulldsp' <Latency = 9> <II = 1> <Delay = 2.79> <FuncUnit> <Opcode : 'fadd' 'fsub'> <InPorts = 2> <OutPorts = 1>

State 186 <SV = 185> <Delay = 2.79>
ST_186 : Operation 1562 [6/10] (2.79ns)   --->   "%sum_16 = fadd i32 %sum_15, i32 %mul139_3_1" [top.cpp:91]   --->   Operation 1562 'fadd' 'sum_16' <Predicate = true> <Delay = 2.79> <CoreInst = "FAddSub_fulldsp">   --->   Core 18 'FAddSub_fulldsp' <Latency = 9> <II = 1> <Delay = 2.79> <FuncUnit> <Opcode : 'fadd' 'fsub'> <InPorts = 2> <OutPorts = 1>

State 187 <SV = 186> <Delay = 2.79>
ST_187 : Operation 1563 [5/10] (2.79ns)   --->   "%sum_16 = fadd i32 %sum_15, i32 %mul139_3_1" [top.cpp:91]   --->   Operation 1563 'fadd' 'sum_16' <Predicate = true> <Delay = 2.79> <CoreInst = "FAddSub_fulldsp">   --->   Core 18 'FAddSub_fulldsp' <Latency = 9> <II = 1> <Delay = 2.79> <FuncUnit> <Opcode : 'fadd' 'fsub'> <InPorts = 2> <OutPorts = 1>

State 188 <SV = 187> <Delay = 2.79>
ST_188 : Operation 1564 [4/10] (2.79ns)   --->   "%sum_16 = fadd i32 %sum_15, i32 %mul139_3_1" [top.cpp:91]   --->   Operation 1564 'fadd' 'sum_16' <Predicate = true> <Delay = 2.79> <CoreInst = "FAddSub_fulldsp">   --->   Core 18 'FAddSub_fulldsp' <Latency = 9> <II = 1> <Delay = 2.79> <FuncUnit> <Opcode : 'fadd' 'fsub'> <InPorts = 2> <OutPorts = 1>

State 189 <SV = 188> <Delay = 2.79>
ST_189 : Operation 1565 [3/10] (2.79ns)   --->   "%sum_16 = fadd i32 %sum_15, i32 %mul139_3_1" [top.cpp:91]   --->   Operation 1565 'fadd' 'sum_16' <Predicate = true> <Delay = 2.79> <CoreInst = "FAddSub_fulldsp">   --->   Core 18 'FAddSub_fulldsp' <Latency = 9> <II = 1> <Delay = 2.79> <FuncUnit> <Opcode : 'fadd' 'fsub'> <InPorts = 2> <OutPorts = 1>

State 190 <SV = 189> <Delay = 2.79>
ST_190 : Operation 1566 [2/10] (2.79ns)   --->   "%sum_16 = fadd i32 %sum_15, i32 %mul139_3_1" [top.cpp:91]   --->   Operation 1566 'fadd' 'sum_16' <Predicate = true> <Delay = 2.79> <CoreInst = "FAddSub_fulldsp">   --->   Core 18 'FAddSub_fulldsp' <Latency = 9> <II = 1> <Delay = 2.79> <FuncUnit> <Opcode : 'fadd' 'fsub'> <InPorts = 2> <OutPorts = 1>

State 191 <SV = 190> <Delay = 2.79>
ST_191 : Operation 1567 [1/10] (2.79ns)   --->   "%sum_16 = fadd i32 %sum_15, i32 %mul139_3_1" [top.cpp:91]   --->   Operation 1567 'fadd' 'sum_16' <Predicate = true> <Delay = 2.79> <CoreInst = "FAddSub_fulldsp">   --->   Core 18 'FAddSub_fulldsp' <Latency = 9> <II = 1> <Delay = 2.79> <FuncUnit> <Opcode : 'fadd' 'fsub'> <InPorts = 2> <OutPorts = 1>

State 192 <SV = 191> <Delay = 2.79>
ST_192 : Operation 1568 [10/10] (2.79ns)   --->   "%sum_17 = fadd i32 %sum_16, i32 %mul139_3_2" [top.cpp:91]   --->   Operation 1568 'fadd' 'sum_17' <Predicate = true> <Delay = 2.79> <CoreInst = "FAddSub_fulldsp">   --->   Core 18 'FAddSub_fulldsp' <Latency = 9> <II = 1> <Delay = 2.79> <FuncUnit> <Opcode : 'fadd' 'fsub'> <InPorts = 2> <OutPorts = 1>

State 193 <SV = 192> <Delay = 2.79>
ST_193 : Operation 1569 [9/10] (2.79ns)   --->   "%sum_17 = fadd i32 %sum_16, i32 %mul139_3_2" [top.cpp:91]   --->   Operation 1569 'fadd' 'sum_17' <Predicate = true> <Delay = 2.79> <CoreInst = "FAddSub_fulldsp">   --->   Core 18 'FAddSub_fulldsp' <Latency = 9> <II = 1> <Delay = 2.79> <FuncUnit> <Opcode : 'fadd' 'fsub'> <InPorts = 2> <OutPorts = 1>

State 194 <SV = 193> <Delay = 2.79>
ST_194 : Operation 1570 [8/10] (2.79ns)   --->   "%sum_17 = fadd i32 %sum_16, i32 %mul139_3_2" [top.cpp:91]   --->   Operation 1570 'fadd' 'sum_17' <Predicate = true> <Delay = 2.79> <CoreInst = "FAddSub_fulldsp">   --->   Core 18 'FAddSub_fulldsp' <Latency = 9> <II = 1> <Delay = 2.79> <FuncUnit> <Opcode : 'fadd' 'fsub'> <InPorts = 2> <OutPorts = 1>

State 195 <SV = 194> <Delay = 2.79>
ST_195 : Operation 1571 [7/10] (2.79ns)   --->   "%sum_17 = fadd i32 %sum_16, i32 %mul139_3_2" [top.cpp:91]   --->   Operation 1571 'fadd' 'sum_17' <Predicate = true> <Delay = 2.79> <CoreInst = "FAddSub_fulldsp">   --->   Core 18 'FAddSub_fulldsp' <Latency = 9> <II = 1> <Delay = 2.79> <FuncUnit> <Opcode : 'fadd' 'fsub'> <InPorts = 2> <OutPorts = 1>

State 196 <SV = 195> <Delay = 2.79>
ST_196 : Operation 1572 [6/10] (2.79ns)   --->   "%sum_17 = fadd i32 %sum_16, i32 %mul139_3_2" [top.cpp:91]   --->   Operation 1572 'fadd' 'sum_17' <Predicate = true> <Delay = 2.79> <CoreInst = "FAddSub_fulldsp">   --->   Core 18 'FAddSub_fulldsp' <Latency = 9> <II = 1> <Delay = 2.79> <FuncUnit> <Opcode : 'fadd' 'fsub'> <InPorts = 2> <OutPorts = 1>

State 197 <SV = 196> <Delay = 2.79>
ST_197 : Operation 1573 [5/10] (2.79ns)   --->   "%sum_17 = fadd i32 %sum_16, i32 %mul139_3_2" [top.cpp:91]   --->   Operation 1573 'fadd' 'sum_17' <Predicate = true> <Delay = 2.79> <CoreInst = "FAddSub_fulldsp">   --->   Core 18 'FAddSub_fulldsp' <Latency = 9> <II = 1> <Delay = 2.79> <FuncUnit> <Opcode : 'fadd' 'fsub'> <InPorts = 2> <OutPorts = 1>

State 198 <SV = 197> <Delay = 2.79>
ST_198 : Operation 1574 [4/10] (2.79ns)   --->   "%sum_17 = fadd i32 %sum_16, i32 %mul139_3_2" [top.cpp:91]   --->   Operation 1574 'fadd' 'sum_17' <Predicate = true> <Delay = 2.79> <CoreInst = "FAddSub_fulldsp">   --->   Core 18 'FAddSub_fulldsp' <Latency = 9> <II = 1> <Delay = 2.79> <FuncUnit> <Opcode : 'fadd' 'fsub'> <InPorts = 2> <OutPorts = 1>

State 199 <SV = 198> <Delay = 2.79>
ST_199 : Operation 1575 [3/10] (2.79ns)   --->   "%sum_17 = fadd i32 %sum_16, i32 %mul139_3_2" [top.cpp:91]   --->   Operation 1575 'fadd' 'sum_17' <Predicate = true> <Delay = 2.79> <CoreInst = "FAddSub_fulldsp">   --->   Core 18 'FAddSub_fulldsp' <Latency = 9> <II = 1> <Delay = 2.79> <FuncUnit> <Opcode : 'fadd' 'fsub'> <InPorts = 2> <OutPorts = 1>

State 200 <SV = 199> <Delay = 2.79>
ST_200 : Operation 1576 [2/10] (2.79ns)   --->   "%sum_17 = fadd i32 %sum_16, i32 %mul139_3_2" [top.cpp:91]   --->   Operation 1576 'fadd' 'sum_17' <Predicate = true> <Delay = 2.79> <CoreInst = "FAddSub_fulldsp">   --->   Core 18 'FAddSub_fulldsp' <Latency = 9> <II = 1> <Delay = 2.79> <FuncUnit> <Opcode : 'fadd' 'fsub'> <InPorts = 2> <OutPorts = 1>

State 201 <SV = 200> <Delay = 2.79>
ST_201 : Operation 1577 [1/10] (2.79ns)   --->   "%sum_17 = fadd i32 %sum_16, i32 %mul139_3_2" [top.cpp:91]   --->   Operation 1577 'fadd' 'sum_17' <Predicate = true> <Delay = 2.79> <CoreInst = "FAddSub_fulldsp">   --->   Core 18 'FAddSub_fulldsp' <Latency = 9> <II = 1> <Delay = 2.79> <FuncUnit> <Opcode : 'fadd' 'fsub'> <InPorts = 2> <OutPorts = 1>

State 202 <SV = 201> <Delay = 2.79>
ST_202 : Operation 1578 [10/10] (2.79ns)   --->   "%sum_18 = fadd i32 %sum_17, i32 %mul139_3_3" [top.cpp:91]   --->   Operation 1578 'fadd' 'sum_18' <Predicate = true> <Delay = 2.79> <CoreInst = "FAddSub_fulldsp">   --->   Core 18 'FAddSub_fulldsp' <Latency = 9> <II = 1> <Delay = 2.79> <FuncUnit> <Opcode : 'fadd' 'fsub'> <InPorts = 2> <OutPorts = 1>

State 203 <SV = 202> <Delay = 2.79>
ST_203 : Operation 1579 [9/10] (2.79ns)   --->   "%sum_18 = fadd i32 %sum_17, i32 %mul139_3_3" [top.cpp:91]   --->   Operation 1579 'fadd' 'sum_18' <Predicate = true> <Delay = 2.79> <CoreInst = "FAddSub_fulldsp">   --->   Core 18 'FAddSub_fulldsp' <Latency = 9> <II = 1> <Delay = 2.79> <FuncUnit> <Opcode : 'fadd' 'fsub'> <InPorts = 2> <OutPorts = 1>

State 204 <SV = 203> <Delay = 2.79>
ST_204 : Operation 1580 [8/10] (2.79ns)   --->   "%sum_18 = fadd i32 %sum_17, i32 %mul139_3_3" [top.cpp:91]   --->   Operation 1580 'fadd' 'sum_18' <Predicate = true> <Delay = 2.79> <CoreInst = "FAddSub_fulldsp">   --->   Core 18 'FAddSub_fulldsp' <Latency = 9> <II = 1> <Delay = 2.79> <FuncUnit> <Opcode : 'fadd' 'fsub'> <InPorts = 2> <OutPorts = 1>

State 205 <SV = 204> <Delay = 2.79>
ST_205 : Operation 1581 [7/10] (2.79ns)   --->   "%sum_18 = fadd i32 %sum_17, i32 %mul139_3_3" [top.cpp:91]   --->   Operation 1581 'fadd' 'sum_18' <Predicate = true> <Delay = 2.79> <CoreInst = "FAddSub_fulldsp">   --->   Core 18 'FAddSub_fulldsp' <Latency = 9> <II = 1> <Delay = 2.79> <FuncUnit> <Opcode : 'fadd' 'fsub'> <InPorts = 2> <OutPorts = 1>

State 206 <SV = 205> <Delay = 2.79>
ST_206 : Operation 1582 [6/10] (2.79ns)   --->   "%sum_18 = fadd i32 %sum_17, i32 %mul139_3_3" [top.cpp:91]   --->   Operation 1582 'fadd' 'sum_18' <Predicate = true> <Delay = 2.79> <CoreInst = "FAddSub_fulldsp">   --->   Core 18 'FAddSub_fulldsp' <Latency = 9> <II = 1> <Delay = 2.79> <FuncUnit> <Opcode : 'fadd' 'fsub'> <InPorts = 2> <OutPorts = 1>

State 207 <SV = 206> <Delay = 2.79>
ST_207 : Operation 1583 [5/10] (2.79ns)   --->   "%sum_18 = fadd i32 %sum_17, i32 %mul139_3_3" [top.cpp:91]   --->   Operation 1583 'fadd' 'sum_18' <Predicate = true> <Delay = 2.79> <CoreInst = "FAddSub_fulldsp">   --->   Core 18 'FAddSub_fulldsp' <Latency = 9> <II = 1> <Delay = 2.79> <FuncUnit> <Opcode : 'fadd' 'fsub'> <InPorts = 2> <OutPorts = 1>

State 208 <SV = 207> <Delay = 2.79>
ST_208 : Operation 1584 [4/10] (2.79ns)   --->   "%sum_18 = fadd i32 %sum_17, i32 %mul139_3_3" [top.cpp:91]   --->   Operation 1584 'fadd' 'sum_18' <Predicate = true> <Delay = 2.79> <CoreInst = "FAddSub_fulldsp">   --->   Core 18 'FAddSub_fulldsp' <Latency = 9> <II = 1> <Delay = 2.79> <FuncUnit> <Opcode : 'fadd' 'fsub'> <InPorts = 2> <OutPorts = 1>

State 209 <SV = 208> <Delay = 2.79>
ST_209 : Operation 1585 [3/10] (2.79ns)   --->   "%sum_18 = fadd i32 %sum_17, i32 %mul139_3_3" [top.cpp:91]   --->   Operation 1585 'fadd' 'sum_18' <Predicate = true> <Delay = 2.79> <CoreInst = "FAddSub_fulldsp">   --->   Core 18 'FAddSub_fulldsp' <Latency = 9> <II = 1> <Delay = 2.79> <FuncUnit> <Opcode : 'fadd' 'fsub'> <InPorts = 2> <OutPorts = 1>

State 210 <SV = 209> <Delay = 2.79>
ST_210 : Operation 1586 [2/10] (2.79ns)   --->   "%sum_18 = fadd i32 %sum_17, i32 %mul139_3_3" [top.cpp:91]   --->   Operation 1586 'fadd' 'sum_18' <Predicate = true> <Delay = 2.79> <CoreInst = "FAddSub_fulldsp">   --->   Core 18 'FAddSub_fulldsp' <Latency = 9> <II = 1> <Delay = 2.79> <FuncUnit> <Opcode : 'fadd' 'fsub'> <InPorts = 2> <OutPorts = 1>

State 211 <SV = 210> <Delay = 2.79>
ST_211 : Operation 1587 [1/10] (2.79ns)   --->   "%sum_18 = fadd i32 %sum_17, i32 %mul139_3_3" [top.cpp:91]   --->   Operation 1587 'fadd' 'sum_18' <Predicate = true> <Delay = 2.79> <CoreInst = "FAddSub_fulldsp">   --->   Core 18 'FAddSub_fulldsp' <Latency = 9> <II = 1> <Delay = 2.79> <FuncUnit> <Opcode : 'fadd' 'fsub'> <InPorts = 2> <OutPorts = 1>

State 212 <SV = 211> <Delay = 2.79>
ST_212 : Operation 1588 [10/10] (2.79ns)   --->   "%sum_19 = fadd i32 %sum_18, i32 %mul139_3_4" [top.cpp:91]   --->   Operation 1588 'fadd' 'sum_19' <Predicate = true> <Delay = 2.79> <CoreInst = "FAddSub_fulldsp">   --->   Core 18 'FAddSub_fulldsp' <Latency = 9> <II = 1> <Delay = 2.79> <FuncUnit> <Opcode : 'fadd' 'fsub'> <InPorts = 2> <OutPorts = 1>

State 213 <SV = 212> <Delay = 2.79>
ST_213 : Operation 1589 [9/10] (2.79ns)   --->   "%sum_19 = fadd i32 %sum_18, i32 %mul139_3_4" [top.cpp:91]   --->   Operation 1589 'fadd' 'sum_19' <Predicate = true> <Delay = 2.79> <CoreInst = "FAddSub_fulldsp">   --->   Core 18 'FAddSub_fulldsp' <Latency = 9> <II = 1> <Delay = 2.79> <FuncUnit> <Opcode : 'fadd' 'fsub'> <InPorts = 2> <OutPorts = 1>

State 214 <SV = 213> <Delay = 2.79>
ST_214 : Operation 1590 [8/10] (2.79ns)   --->   "%sum_19 = fadd i32 %sum_18, i32 %mul139_3_4" [top.cpp:91]   --->   Operation 1590 'fadd' 'sum_19' <Predicate = true> <Delay = 2.79> <CoreInst = "FAddSub_fulldsp">   --->   Core 18 'FAddSub_fulldsp' <Latency = 9> <II = 1> <Delay = 2.79> <FuncUnit> <Opcode : 'fadd' 'fsub'> <InPorts = 2> <OutPorts = 1>

State 215 <SV = 214> <Delay = 2.79>
ST_215 : Operation 1591 [7/10] (2.79ns)   --->   "%sum_19 = fadd i32 %sum_18, i32 %mul139_3_4" [top.cpp:91]   --->   Operation 1591 'fadd' 'sum_19' <Predicate = true> <Delay = 2.79> <CoreInst = "FAddSub_fulldsp">   --->   Core 18 'FAddSub_fulldsp' <Latency = 9> <II = 1> <Delay = 2.79> <FuncUnit> <Opcode : 'fadd' 'fsub'> <InPorts = 2> <OutPorts = 1>

State 216 <SV = 215> <Delay = 2.79>
ST_216 : Operation 1592 [6/10] (2.79ns)   --->   "%sum_19 = fadd i32 %sum_18, i32 %mul139_3_4" [top.cpp:91]   --->   Operation 1592 'fadd' 'sum_19' <Predicate = true> <Delay = 2.79> <CoreInst = "FAddSub_fulldsp">   --->   Core 18 'FAddSub_fulldsp' <Latency = 9> <II = 1> <Delay = 2.79> <FuncUnit> <Opcode : 'fadd' 'fsub'> <InPorts = 2> <OutPorts = 1>

State 217 <SV = 216> <Delay = 2.79>
ST_217 : Operation 1593 [5/10] (2.79ns)   --->   "%sum_19 = fadd i32 %sum_18, i32 %mul139_3_4" [top.cpp:91]   --->   Operation 1593 'fadd' 'sum_19' <Predicate = true> <Delay = 2.79> <CoreInst = "FAddSub_fulldsp">   --->   Core 18 'FAddSub_fulldsp' <Latency = 9> <II = 1> <Delay = 2.79> <FuncUnit> <Opcode : 'fadd' 'fsub'> <InPorts = 2> <OutPorts = 1>

State 218 <SV = 217> <Delay = 2.79>
ST_218 : Operation 1594 [4/10] (2.79ns)   --->   "%sum_19 = fadd i32 %sum_18, i32 %mul139_3_4" [top.cpp:91]   --->   Operation 1594 'fadd' 'sum_19' <Predicate = true> <Delay = 2.79> <CoreInst = "FAddSub_fulldsp">   --->   Core 18 'FAddSub_fulldsp' <Latency = 9> <II = 1> <Delay = 2.79> <FuncUnit> <Opcode : 'fadd' 'fsub'> <InPorts = 2> <OutPorts = 1>

State 219 <SV = 218> <Delay = 2.79>
ST_219 : Operation 1595 [3/10] (2.79ns)   --->   "%sum_19 = fadd i32 %sum_18, i32 %mul139_3_4" [top.cpp:91]   --->   Operation 1595 'fadd' 'sum_19' <Predicate = true> <Delay = 2.79> <CoreInst = "FAddSub_fulldsp">   --->   Core 18 'FAddSub_fulldsp' <Latency = 9> <II = 1> <Delay = 2.79> <FuncUnit> <Opcode : 'fadd' 'fsub'> <InPorts = 2> <OutPorts = 1>

State 220 <SV = 219> <Delay = 2.79>
ST_220 : Operation 1596 [2/10] (2.79ns)   --->   "%sum_19 = fadd i32 %sum_18, i32 %mul139_3_4" [top.cpp:91]   --->   Operation 1596 'fadd' 'sum_19' <Predicate = true> <Delay = 2.79> <CoreInst = "FAddSub_fulldsp">   --->   Core 18 'FAddSub_fulldsp' <Latency = 9> <II = 1> <Delay = 2.79> <FuncUnit> <Opcode : 'fadd' 'fsub'> <InPorts = 2> <OutPorts = 1>

State 221 <SV = 220> <Delay = 2.79>
ST_221 : Operation 1597 [1/10] (2.79ns)   --->   "%sum_19 = fadd i32 %sum_18, i32 %mul139_3_4" [top.cpp:91]   --->   Operation 1597 'fadd' 'sum_19' <Predicate = true> <Delay = 2.79> <CoreInst = "FAddSub_fulldsp">   --->   Core 18 'FAddSub_fulldsp' <Latency = 9> <II = 1> <Delay = 2.79> <FuncUnit> <Opcode : 'fadd' 'fsub'> <InPorts = 2> <OutPorts = 1>

State 222 <SV = 221> <Delay = 2.79>
ST_222 : Operation 1598 [10/10] (2.79ns)   --->   "%sum_20 = fadd i32 %sum_19, i32 %mul139_4" [top.cpp:91]   --->   Operation 1598 'fadd' 'sum_20' <Predicate = true> <Delay = 2.79> <CoreInst = "FAddSub_fulldsp">   --->   Core 18 'FAddSub_fulldsp' <Latency = 9> <II = 1> <Delay = 2.79> <FuncUnit> <Opcode : 'fadd' 'fsub'> <InPorts = 2> <OutPorts = 1>

State 223 <SV = 222> <Delay = 2.79>
ST_223 : Operation 1599 [9/10] (2.79ns)   --->   "%sum_20 = fadd i32 %sum_19, i32 %mul139_4" [top.cpp:91]   --->   Operation 1599 'fadd' 'sum_20' <Predicate = true> <Delay = 2.79> <CoreInst = "FAddSub_fulldsp">   --->   Core 18 'FAddSub_fulldsp' <Latency = 9> <II = 1> <Delay = 2.79> <FuncUnit> <Opcode : 'fadd' 'fsub'> <InPorts = 2> <OutPorts = 1>

State 224 <SV = 223> <Delay = 2.79>
ST_224 : Operation 1600 [8/10] (2.79ns)   --->   "%sum_20 = fadd i32 %sum_19, i32 %mul139_4" [top.cpp:91]   --->   Operation 1600 'fadd' 'sum_20' <Predicate = true> <Delay = 2.79> <CoreInst = "FAddSub_fulldsp">   --->   Core 18 'FAddSub_fulldsp' <Latency = 9> <II = 1> <Delay = 2.79> <FuncUnit> <Opcode : 'fadd' 'fsub'> <InPorts = 2> <OutPorts = 1>

State 225 <SV = 224> <Delay = 2.79>
ST_225 : Operation 1601 [7/10] (2.79ns)   --->   "%sum_20 = fadd i32 %sum_19, i32 %mul139_4" [top.cpp:91]   --->   Operation 1601 'fadd' 'sum_20' <Predicate = true> <Delay = 2.79> <CoreInst = "FAddSub_fulldsp">   --->   Core 18 'FAddSub_fulldsp' <Latency = 9> <II = 1> <Delay = 2.79> <FuncUnit> <Opcode : 'fadd' 'fsub'> <InPorts = 2> <OutPorts = 1>

State 226 <SV = 225> <Delay = 2.79>
ST_226 : Operation 1602 [6/10] (2.79ns)   --->   "%sum_20 = fadd i32 %sum_19, i32 %mul139_4" [top.cpp:91]   --->   Operation 1602 'fadd' 'sum_20' <Predicate = true> <Delay = 2.79> <CoreInst = "FAddSub_fulldsp">   --->   Core 18 'FAddSub_fulldsp' <Latency = 9> <II = 1> <Delay = 2.79> <FuncUnit> <Opcode : 'fadd' 'fsub'> <InPorts = 2> <OutPorts = 1>

State 227 <SV = 226> <Delay = 2.79>
ST_227 : Operation 1603 [5/10] (2.79ns)   --->   "%sum_20 = fadd i32 %sum_19, i32 %mul139_4" [top.cpp:91]   --->   Operation 1603 'fadd' 'sum_20' <Predicate = true> <Delay = 2.79> <CoreInst = "FAddSub_fulldsp">   --->   Core 18 'FAddSub_fulldsp' <Latency = 9> <II = 1> <Delay = 2.79> <FuncUnit> <Opcode : 'fadd' 'fsub'> <InPorts = 2> <OutPorts = 1>

State 228 <SV = 227> <Delay = 2.79>
ST_228 : Operation 1604 [4/10] (2.79ns)   --->   "%sum_20 = fadd i32 %sum_19, i32 %mul139_4" [top.cpp:91]   --->   Operation 1604 'fadd' 'sum_20' <Predicate = true> <Delay = 2.79> <CoreInst = "FAddSub_fulldsp">   --->   Core 18 'FAddSub_fulldsp' <Latency = 9> <II = 1> <Delay = 2.79> <FuncUnit> <Opcode : 'fadd' 'fsub'> <InPorts = 2> <OutPorts = 1>

State 229 <SV = 228> <Delay = 2.79>
ST_229 : Operation 1605 [3/10] (2.79ns)   --->   "%sum_20 = fadd i32 %sum_19, i32 %mul139_4" [top.cpp:91]   --->   Operation 1605 'fadd' 'sum_20' <Predicate = true> <Delay = 2.79> <CoreInst = "FAddSub_fulldsp">   --->   Core 18 'FAddSub_fulldsp' <Latency = 9> <II = 1> <Delay = 2.79> <FuncUnit> <Opcode : 'fadd' 'fsub'> <InPorts = 2> <OutPorts = 1>

State 230 <SV = 229> <Delay = 2.79>
ST_230 : Operation 1606 [2/10] (2.79ns)   --->   "%sum_20 = fadd i32 %sum_19, i32 %mul139_4" [top.cpp:91]   --->   Operation 1606 'fadd' 'sum_20' <Predicate = true> <Delay = 2.79> <CoreInst = "FAddSub_fulldsp">   --->   Core 18 'FAddSub_fulldsp' <Latency = 9> <II = 1> <Delay = 2.79> <FuncUnit> <Opcode : 'fadd' 'fsub'> <InPorts = 2> <OutPorts = 1>

State 231 <SV = 230> <Delay = 2.79>
ST_231 : Operation 1607 [1/10] (2.79ns)   --->   "%sum_20 = fadd i32 %sum_19, i32 %mul139_4" [top.cpp:91]   --->   Operation 1607 'fadd' 'sum_20' <Predicate = true> <Delay = 2.79> <CoreInst = "FAddSub_fulldsp">   --->   Core 18 'FAddSub_fulldsp' <Latency = 9> <II = 1> <Delay = 2.79> <FuncUnit> <Opcode : 'fadd' 'fsub'> <InPorts = 2> <OutPorts = 1>

State 232 <SV = 231> <Delay = 2.79>
ST_232 : Operation 1608 [10/10] (2.79ns)   --->   "%sum_21 = fadd i32 %sum_20, i32 %mul139_4_1" [top.cpp:91]   --->   Operation 1608 'fadd' 'sum_21' <Predicate = true> <Delay = 2.79> <CoreInst = "FAddSub_fulldsp">   --->   Core 18 'FAddSub_fulldsp' <Latency = 9> <II = 1> <Delay = 2.79> <FuncUnit> <Opcode : 'fadd' 'fsub'> <InPorts = 2> <OutPorts = 1>

State 233 <SV = 232> <Delay = 2.79>
ST_233 : Operation 1609 [9/10] (2.79ns)   --->   "%sum_21 = fadd i32 %sum_20, i32 %mul139_4_1" [top.cpp:91]   --->   Operation 1609 'fadd' 'sum_21' <Predicate = true> <Delay = 2.79> <CoreInst = "FAddSub_fulldsp">   --->   Core 18 'FAddSub_fulldsp' <Latency = 9> <II = 1> <Delay = 2.79> <FuncUnit> <Opcode : 'fadd' 'fsub'> <InPorts = 2> <OutPorts = 1>

State 234 <SV = 233> <Delay = 2.79>
ST_234 : Operation 1610 [8/10] (2.79ns)   --->   "%sum_21 = fadd i32 %sum_20, i32 %mul139_4_1" [top.cpp:91]   --->   Operation 1610 'fadd' 'sum_21' <Predicate = true> <Delay = 2.79> <CoreInst = "FAddSub_fulldsp">   --->   Core 18 'FAddSub_fulldsp' <Latency = 9> <II = 1> <Delay = 2.79> <FuncUnit> <Opcode : 'fadd' 'fsub'> <InPorts = 2> <OutPorts = 1>

State 235 <SV = 234> <Delay = 2.79>
ST_235 : Operation 1611 [7/10] (2.79ns)   --->   "%sum_21 = fadd i32 %sum_20, i32 %mul139_4_1" [top.cpp:91]   --->   Operation 1611 'fadd' 'sum_21' <Predicate = true> <Delay = 2.79> <CoreInst = "FAddSub_fulldsp">   --->   Core 18 'FAddSub_fulldsp' <Latency = 9> <II = 1> <Delay = 2.79> <FuncUnit> <Opcode : 'fadd' 'fsub'> <InPorts = 2> <OutPorts = 1>

State 236 <SV = 235> <Delay = 2.79>
ST_236 : Operation 1612 [6/10] (2.79ns)   --->   "%sum_21 = fadd i32 %sum_20, i32 %mul139_4_1" [top.cpp:91]   --->   Operation 1612 'fadd' 'sum_21' <Predicate = true> <Delay = 2.79> <CoreInst = "FAddSub_fulldsp">   --->   Core 18 'FAddSub_fulldsp' <Latency = 9> <II = 1> <Delay = 2.79> <FuncUnit> <Opcode : 'fadd' 'fsub'> <InPorts = 2> <OutPorts = 1>

State 237 <SV = 236> <Delay = 2.79>
ST_237 : Operation 1613 [5/10] (2.79ns)   --->   "%sum_21 = fadd i32 %sum_20, i32 %mul139_4_1" [top.cpp:91]   --->   Operation 1613 'fadd' 'sum_21' <Predicate = true> <Delay = 2.79> <CoreInst = "FAddSub_fulldsp">   --->   Core 18 'FAddSub_fulldsp' <Latency = 9> <II = 1> <Delay = 2.79> <FuncUnit> <Opcode : 'fadd' 'fsub'> <InPorts = 2> <OutPorts = 1>

State 238 <SV = 237> <Delay = 2.79>
ST_238 : Operation 1614 [4/10] (2.79ns)   --->   "%sum_21 = fadd i32 %sum_20, i32 %mul139_4_1" [top.cpp:91]   --->   Operation 1614 'fadd' 'sum_21' <Predicate = true> <Delay = 2.79> <CoreInst = "FAddSub_fulldsp">   --->   Core 18 'FAddSub_fulldsp' <Latency = 9> <II = 1> <Delay = 2.79> <FuncUnit> <Opcode : 'fadd' 'fsub'> <InPorts = 2> <OutPorts = 1>

State 239 <SV = 238> <Delay = 2.79>
ST_239 : Operation 1615 [3/10] (2.79ns)   --->   "%sum_21 = fadd i32 %sum_20, i32 %mul139_4_1" [top.cpp:91]   --->   Operation 1615 'fadd' 'sum_21' <Predicate = true> <Delay = 2.79> <CoreInst = "FAddSub_fulldsp">   --->   Core 18 'FAddSub_fulldsp' <Latency = 9> <II = 1> <Delay = 2.79> <FuncUnit> <Opcode : 'fadd' 'fsub'> <InPorts = 2> <OutPorts = 1>

State 240 <SV = 239> <Delay = 2.79>
ST_240 : Operation 1616 [2/10] (2.79ns)   --->   "%sum_21 = fadd i32 %sum_20, i32 %mul139_4_1" [top.cpp:91]   --->   Operation 1616 'fadd' 'sum_21' <Predicate = true> <Delay = 2.79> <CoreInst = "FAddSub_fulldsp">   --->   Core 18 'FAddSub_fulldsp' <Latency = 9> <II = 1> <Delay = 2.79> <FuncUnit> <Opcode : 'fadd' 'fsub'> <InPorts = 2> <OutPorts = 1>

State 241 <SV = 240> <Delay = 2.79>
ST_241 : Operation 1617 [1/10] (2.79ns)   --->   "%sum_21 = fadd i32 %sum_20, i32 %mul139_4_1" [top.cpp:91]   --->   Operation 1617 'fadd' 'sum_21' <Predicate = true> <Delay = 2.79> <CoreInst = "FAddSub_fulldsp">   --->   Core 18 'FAddSub_fulldsp' <Latency = 9> <II = 1> <Delay = 2.79> <FuncUnit> <Opcode : 'fadd' 'fsub'> <InPorts = 2> <OutPorts = 1>

State 242 <SV = 241> <Delay = 2.79>
ST_242 : Operation 1618 [10/10] (2.79ns)   --->   "%sum_22 = fadd i32 %sum_21, i32 %mul139_4_2" [top.cpp:91]   --->   Operation 1618 'fadd' 'sum_22' <Predicate = true> <Delay = 2.79> <CoreInst = "FAddSub_fulldsp">   --->   Core 18 'FAddSub_fulldsp' <Latency = 9> <II = 1> <Delay = 2.79> <FuncUnit> <Opcode : 'fadd' 'fsub'> <InPorts = 2> <OutPorts = 1>

State 243 <SV = 242> <Delay = 2.79>
ST_243 : Operation 1619 [9/10] (2.79ns)   --->   "%sum_22 = fadd i32 %sum_21, i32 %mul139_4_2" [top.cpp:91]   --->   Operation 1619 'fadd' 'sum_22' <Predicate = true> <Delay = 2.79> <CoreInst = "FAddSub_fulldsp">   --->   Core 18 'FAddSub_fulldsp' <Latency = 9> <II = 1> <Delay = 2.79> <FuncUnit> <Opcode : 'fadd' 'fsub'> <InPorts = 2> <OutPorts = 1>

State 244 <SV = 243> <Delay = 2.79>
ST_244 : Operation 1620 [8/10] (2.79ns)   --->   "%sum_22 = fadd i32 %sum_21, i32 %mul139_4_2" [top.cpp:91]   --->   Operation 1620 'fadd' 'sum_22' <Predicate = true> <Delay = 2.79> <CoreInst = "FAddSub_fulldsp">   --->   Core 18 'FAddSub_fulldsp' <Latency = 9> <II = 1> <Delay = 2.79> <FuncUnit> <Opcode : 'fadd' 'fsub'> <InPorts = 2> <OutPorts = 1>

State 245 <SV = 244> <Delay = 2.79>
ST_245 : Operation 1621 [7/10] (2.79ns)   --->   "%sum_22 = fadd i32 %sum_21, i32 %mul139_4_2" [top.cpp:91]   --->   Operation 1621 'fadd' 'sum_22' <Predicate = true> <Delay = 2.79> <CoreInst = "FAddSub_fulldsp">   --->   Core 18 'FAddSub_fulldsp' <Latency = 9> <II = 1> <Delay = 2.79> <FuncUnit> <Opcode : 'fadd' 'fsub'> <InPorts = 2> <OutPorts = 1>

State 246 <SV = 245> <Delay = 2.79>
ST_246 : Operation 1622 [6/10] (2.79ns)   --->   "%sum_22 = fadd i32 %sum_21, i32 %mul139_4_2" [top.cpp:91]   --->   Operation 1622 'fadd' 'sum_22' <Predicate = true> <Delay = 2.79> <CoreInst = "FAddSub_fulldsp">   --->   Core 18 'FAddSub_fulldsp' <Latency = 9> <II = 1> <Delay = 2.79> <FuncUnit> <Opcode : 'fadd' 'fsub'> <InPorts = 2> <OutPorts = 1>

State 247 <SV = 246> <Delay = 2.79>
ST_247 : Operation 1623 [5/10] (2.79ns)   --->   "%sum_22 = fadd i32 %sum_21, i32 %mul139_4_2" [top.cpp:91]   --->   Operation 1623 'fadd' 'sum_22' <Predicate = true> <Delay = 2.79> <CoreInst = "FAddSub_fulldsp">   --->   Core 18 'FAddSub_fulldsp' <Latency = 9> <II = 1> <Delay = 2.79> <FuncUnit> <Opcode : 'fadd' 'fsub'> <InPorts = 2> <OutPorts = 1>

State 248 <SV = 247> <Delay = 2.79>
ST_248 : Operation 1624 [4/10] (2.79ns)   --->   "%sum_22 = fadd i32 %sum_21, i32 %mul139_4_2" [top.cpp:91]   --->   Operation 1624 'fadd' 'sum_22' <Predicate = true> <Delay = 2.79> <CoreInst = "FAddSub_fulldsp">   --->   Core 18 'FAddSub_fulldsp' <Latency = 9> <II = 1> <Delay = 2.79> <FuncUnit> <Opcode : 'fadd' 'fsub'> <InPorts = 2> <OutPorts = 1>

State 249 <SV = 248> <Delay = 2.79>
ST_249 : Operation 1625 [3/10] (2.79ns)   --->   "%sum_22 = fadd i32 %sum_21, i32 %mul139_4_2" [top.cpp:91]   --->   Operation 1625 'fadd' 'sum_22' <Predicate = true> <Delay = 2.79> <CoreInst = "FAddSub_fulldsp">   --->   Core 18 'FAddSub_fulldsp' <Latency = 9> <II = 1> <Delay = 2.79> <FuncUnit> <Opcode : 'fadd' 'fsub'> <InPorts = 2> <OutPorts = 1>

State 250 <SV = 249> <Delay = 2.79>
ST_250 : Operation 1626 [2/10] (2.79ns)   --->   "%sum_22 = fadd i32 %sum_21, i32 %mul139_4_2" [top.cpp:91]   --->   Operation 1626 'fadd' 'sum_22' <Predicate = true> <Delay = 2.79> <CoreInst = "FAddSub_fulldsp">   --->   Core 18 'FAddSub_fulldsp' <Latency = 9> <II = 1> <Delay = 2.79> <FuncUnit> <Opcode : 'fadd' 'fsub'> <InPorts = 2> <OutPorts = 1>

State 251 <SV = 250> <Delay = 2.79>
ST_251 : Operation 1627 [1/10] (2.79ns)   --->   "%sum_22 = fadd i32 %sum_21, i32 %mul139_4_2" [top.cpp:91]   --->   Operation 1627 'fadd' 'sum_22' <Predicate = true> <Delay = 2.79> <CoreInst = "FAddSub_fulldsp">   --->   Core 18 'FAddSub_fulldsp' <Latency = 9> <II = 1> <Delay = 2.79> <FuncUnit> <Opcode : 'fadd' 'fsub'> <InPorts = 2> <OutPorts = 1>

State 252 <SV = 251> <Delay = 2.79>
ST_252 : Operation 1628 [10/10] (2.79ns)   --->   "%sum_23 = fadd i32 %sum_22, i32 %mul139_4_3" [top.cpp:91]   --->   Operation 1628 'fadd' 'sum_23' <Predicate = true> <Delay = 2.79> <CoreInst = "FAddSub_fulldsp">   --->   Core 18 'FAddSub_fulldsp' <Latency = 9> <II = 1> <Delay = 2.79> <FuncUnit> <Opcode : 'fadd' 'fsub'> <InPorts = 2> <OutPorts = 1>

State 253 <SV = 252> <Delay = 2.79>
ST_253 : Operation 1629 [9/10] (2.79ns)   --->   "%sum_23 = fadd i32 %sum_22, i32 %mul139_4_3" [top.cpp:91]   --->   Operation 1629 'fadd' 'sum_23' <Predicate = true> <Delay = 2.79> <CoreInst = "FAddSub_fulldsp">   --->   Core 18 'FAddSub_fulldsp' <Latency = 9> <II = 1> <Delay = 2.79> <FuncUnit> <Opcode : 'fadd' 'fsub'> <InPorts = 2> <OutPorts = 1>

State 254 <SV = 253> <Delay = 2.79>
ST_254 : Operation 1630 [8/10] (2.79ns)   --->   "%sum_23 = fadd i32 %sum_22, i32 %mul139_4_3" [top.cpp:91]   --->   Operation 1630 'fadd' 'sum_23' <Predicate = true> <Delay = 2.79> <CoreInst = "FAddSub_fulldsp">   --->   Core 18 'FAddSub_fulldsp' <Latency = 9> <II = 1> <Delay = 2.79> <FuncUnit> <Opcode : 'fadd' 'fsub'> <InPorts = 2> <OutPorts = 1>

State 255 <SV = 254> <Delay = 2.79>
ST_255 : Operation 1631 [7/10] (2.79ns)   --->   "%sum_23 = fadd i32 %sum_22, i32 %mul139_4_3" [top.cpp:91]   --->   Operation 1631 'fadd' 'sum_23' <Predicate = true> <Delay = 2.79> <CoreInst = "FAddSub_fulldsp">   --->   Core 18 'FAddSub_fulldsp' <Latency = 9> <II = 1> <Delay = 2.79> <FuncUnit> <Opcode : 'fadd' 'fsub'> <InPorts = 2> <OutPorts = 1>

State 256 <SV = 255> <Delay = 2.79>
ST_256 : Operation 1632 [6/10] (2.79ns)   --->   "%sum_23 = fadd i32 %sum_22, i32 %mul139_4_3" [top.cpp:91]   --->   Operation 1632 'fadd' 'sum_23' <Predicate = true> <Delay = 2.79> <CoreInst = "FAddSub_fulldsp">   --->   Core 18 'FAddSub_fulldsp' <Latency = 9> <II = 1> <Delay = 2.79> <FuncUnit> <Opcode : 'fadd' 'fsub'> <InPorts = 2> <OutPorts = 1>

State 257 <SV = 256> <Delay = 2.79>
ST_257 : Operation 1633 [5/10] (2.79ns)   --->   "%sum_23 = fadd i32 %sum_22, i32 %mul139_4_3" [top.cpp:91]   --->   Operation 1633 'fadd' 'sum_23' <Predicate = true> <Delay = 2.79> <CoreInst = "FAddSub_fulldsp">   --->   Core 18 'FAddSub_fulldsp' <Latency = 9> <II = 1> <Delay = 2.79> <FuncUnit> <Opcode : 'fadd' 'fsub'> <InPorts = 2> <OutPorts = 1>

State 258 <SV = 257> <Delay = 2.79>
ST_258 : Operation 1634 [4/10] (2.79ns)   --->   "%sum_23 = fadd i32 %sum_22, i32 %mul139_4_3" [top.cpp:91]   --->   Operation 1634 'fadd' 'sum_23' <Predicate = true> <Delay = 2.79> <CoreInst = "FAddSub_fulldsp">   --->   Core 18 'FAddSub_fulldsp' <Latency = 9> <II = 1> <Delay = 2.79> <FuncUnit> <Opcode : 'fadd' 'fsub'> <InPorts = 2> <OutPorts = 1>

State 259 <SV = 258> <Delay = 2.79>
ST_259 : Operation 1635 [3/10] (2.79ns)   --->   "%sum_23 = fadd i32 %sum_22, i32 %mul139_4_3" [top.cpp:91]   --->   Operation 1635 'fadd' 'sum_23' <Predicate = true> <Delay = 2.79> <CoreInst = "FAddSub_fulldsp">   --->   Core 18 'FAddSub_fulldsp' <Latency = 9> <II = 1> <Delay = 2.79> <FuncUnit> <Opcode : 'fadd' 'fsub'> <InPorts = 2> <OutPorts = 1>

State 260 <SV = 259> <Delay = 2.79>
ST_260 : Operation 1636 [2/10] (2.79ns)   --->   "%sum_23 = fadd i32 %sum_22, i32 %mul139_4_3" [top.cpp:91]   --->   Operation 1636 'fadd' 'sum_23' <Predicate = true> <Delay = 2.79> <CoreInst = "FAddSub_fulldsp">   --->   Core 18 'FAddSub_fulldsp' <Latency = 9> <II = 1> <Delay = 2.79> <FuncUnit> <Opcode : 'fadd' 'fsub'> <InPorts = 2> <OutPorts = 1>

State 261 <SV = 260> <Delay = 2.79>
ST_261 : Operation 1637 [1/10] (2.79ns)   --->   "%sum_23 = fadd i32 %sum_22, i32 %mul139_4_3" [top.cpp:91]   --->   Operation 1637 'fadd' 'sum_23' <Predicate = true> <Delay = 2.79> <CoreInst = "FAddSub_fulldsp">   --->   Core 18 'FAddSub_fulldsp' <Latency = 9> <II = 1> <Delay = 2.79> <FuncUnit> <Opcode : 'fadd' 'fsub'> <InPorts = 2> <OutPorts = 1>

State 262 <SV = 261> <Delay = 2.79>
ST_262 : Operation 1638 [10/10] (2.79ns)   --->   "%sum_24 = fadd i32 %sum_23, i32 %mul139_4_4" [top.cpp:91]   --->   Operation 1638 'fadd' 'sum_24' <Predicate = true> <Delay = 2.79> <CoreInst = "FAddSub_fulldsp">   --->   Core 18 'FAddSub_fulldsp' <Latency = 9> <II = 1> <Delay = 2.79> <FuncUnit> <Opcode : 'fadd' 'fsub'> <InPorts = 2> <OutPorts = 1>

State 263 <SV = 262> <Delay = 2.79>
ST_263 : Operation 1639 [9/10] (2.79ns)   --->   "%sum_24 = fadd i32 %sum_23, i32 %mul139_4_4" [top.cpp:91]   --->   Operation 1639 'fadd' 'sum_24' <Predicate = true> <Delay = 2.79> <CoreInst = "FAddSub_fulldsp">   --->   Core 18 'FAddSub_fulldsp' <Latency = 9> <II = 1> <Delay = 2.79> <FuncUnit> <Opcode : 'fadd' 'fsub'> <InPorts = 2> <OutPorts = 1>

State 264 <SV = 263> <Delay = 2.79>
ST_264 : Operation 1640 [8/10] (2.79ns)   --->   "%sum_24 = fadd i32 %sum_23, i32 %mul139_4_4" [top.cpp:91]   --->   Operation 1640 'fadd' 'sum_24' <Predicate = true> <Delay = 2.79> <CoreInst = "FAddSub_fulldsp">   --->   Core 18 'FAddSub_fulldsp' <Latency = 9> <II = 1> <Delay = 2.79> <FuncUnit> <Opcode : 'fadd' 'fsub'> <InPorts = 2> <OutPorts = 1>

State 265 <SV = 264> <Delay = 2.79>
ST_265 : Operation 1641 [7/10] (2.79ns)   --->   "%sum_24 = fadd i32 %sum_23, i32 %mul139_4_4" [top.cpp:91]   --->   Operation 1641 'fadd' 'sum_24' <Predicate = true> <Delay = 2.79> <CoreInst = "FAddSub_fulldsp">   --->   Core 18 'FAddSub_fulldsp' <Latency = 9> <II = 1> <Delay = 2.79> <FuncUnit> <Opcode : 'fadd' 'fsub'> <InPorts = 2> <OutPorts = 1>

State 266 <SV = 265> <Delay = 2.79>
ST_266 : Operation 1642 [6/10] (2.79ns)   --->   "%sum_24 = fadd i32 %sum_23, i32 %mul139_4_4" [top.cpp:91]   --->   Operation 1642 'fadd' 'sum_24' <Predicate = true> <Delay = 2.79> <CoreInst = "FAddSub_fulldsp">   --->   Core 18 'FAddSub_fulldsp' <Latency = 9> <II = 1> <Delay = 2.79> <FuncUnit> <Opcode : 'fadd' 'fsub'> <InPorts = 2> <OutPorts = 1>

State 267 <SV = 266> <Delay = 2.79>
ST_267 : Operation 1643 [5/10] (2.79ns)   --->   "%sum_24 = fadd i32 %sum_23, i32 %mul139_4_4" [top.cpp:91]   --->   Operation 1643 'fadd' 'sum_24' <Predicate = true> <Delay = 2.79> <CoreInst = "FAddSub_fulldsp">   --->   Core 18 'FAddSub_fulldsp' <Latency = 9> <II = 1> <Delay = 2.79> <FuncUnit> <Opcode : 'fadd' 'fsub'> <InPorts = 2> <OutPorts = 1>

State 268 <SV = 267> <Delay = 2.79>
ST_268 : Operation 1644 [4/10] (2.79ns)   --->   "%sum_24 = fadd i32 %sum_23, i32 %mul139_4_4" [top.cpp:91]   --->   Operation 1644 'fadd' 'sum_24' <Predicate = true> <Delay = 2.79> <CoreInst = "FAddSub_fulldsp">   --->   Core 18 'FAddSub_fulldsp' <Latency = 9> <II = 1> <Delay = 2.79> <FuncUnit> <Opcode : 'fadd' 'fsub'> <InPorts = 2> <OutPorts = 1>

State 269 <SV = 268> <Delay = 2.79>
ST_269 : Operation 1645 [1/1] (0.00ns)   --->   "%zext_ln94 = zext i6 %select_ln85_2" [top.cpp:94]   --->   Operation 1645 'zext' 'zext_ln94' <Predicate = true> <Delay = 0.00>
ST_269 : Operation 1646 [3/3] (1.08ns) (grouped into DSP with root node add_ln94)   --->   "%mul_ln94 = mul i11 %zext_ln94, i11 22" [top.cpp:94]   --->   Operation 1646 'mul' 'mul_ln94' <Predicate = true> <Delay = 1.08> <CoreInst = "DSP48">   --->   Core 124 'DSP48' <Latency = 3> <II = 1> <Delay = 0.69> <IPBlock> <Opcode : 'add' 'sub' 'mul' 'select'> <InPorts = 0> <OutPorts = 1> <Sync> <CReg>
ST_269 : Operation 1647 [1/1] (0.00ns)   --->   "%zext_ln86_1 = zext i6 %select_ln85" [top.cpp:86]   --->   Operation 1647 'zext' 'zext_ln86_1' <Predicate = true> <Delay = 0.00>
ST_269 : Operation 1648 [1/1] (2.17ns)   --->   "%mul_ln86_1 = mul i13 %zext_ln86_1, i13 86" [top.cpp:86]   --->   Operation 1648 'mul' 'mul_ln86_1' <Predicate = true> <Delay = 2.17> <CoreInst = "Multiplier">   --->   Core 3 'Multiplier' <Latency = 0> <II = 1> <Delay = 2.17> <FuncUnit> <Opcode : 'mul'> <InPorts = 2> <OutPorts = 1>
ST_269 : Operation 1649 [1/1] (0.00ns)   --->   "%tmp = partselect i5 @_ssdm_op_PartSelect.i5.i13.i32.i32, i13 %mul_ln86_1, i32 8, i32 12" [top.cpp:86]   --->   Operation 1649 'partselect' 'tmp' <Predicate = true> <Delay = 0.00>
ST_269 : Operation 1650 [3/10] (2.79ns)   --->   "%sum_24 = fadd i32 %sum_23, i32 %mul139_4_4" [top.cpp:91]   --->   Operation 1650 'fadd' 'sum_24' <Predicate = true> <Delay = 2.79> <CoreInst = "FAddSub_fulldsp">   --->   Core 18 'FAddSub_fulldsp' <Latency = 9> <II = 1> <Delay = 2.79> <FuncUnit> <Opcode : 'fadd' 'fsub'> <InPorts = 2> <OutPorts = 1>

State 270 <SV = 269> <Delay = 2.79>
ST_270 : Operation 1651 [2/3] (1.08ns) (grouped into DSP with root node add_ln94)   --->   "%mul_ln94 = mul i11 %zext_ln94, i11 22" [top.cpp:94]   --->   Operation 1651 'mul' 'mul_ln94' <Predicate = true> <Delay = 1.08> <CoreInst = "DSP48">   --->   Core 124 'DSP48' <Latency = 3> <II = 1> <Delay = 0.69> <IPBlock> <Opcode : 'add' 'sub' 'mul' 'select'> <InPorts = 0> <OutPorts = 1> <Sync> <CReg>
ST_270 : Operation 1652 [2/10] (2.79ns)   --->   "%sum_24 = fadd i32 %sum_23, i32 %mul139_4_4" [top.cpp:91]   --->   Operation 1652 'fadd' 'sum_24' <Predicate = true> <Delay = 2.79> <CoreInst = "FAddSub_fulldsp">   --->   Core 18 'FAddSub_fulldsp' <Latency = 9> <II = 1> <Delay = 2.79> <FuncUnit> <Opcode : 'fadd' 'fsub'> <InPorts = 2> <OutPorts = 1>
ST_270 : Operation 1671 [1/1] (0.48ns)   --->   "%ret_ln0 = ret"   --->   Operation 1671 'ret' 'ret_ln0' <Predicate = (icmp_ln85)> <Delay = 0.48>

State 271 <SV = 270> <Delay = 2.79>
ST_271 : Operation 1653 [1/3] (0.00ns) (grouped into DSP with root node add_ln94)   --->   "%mul_ln94 = mul i11 %zext_ln94, i11 22" [top.cpp:94]   --->   Operation 1653 'mul' 'mul_ln94' <Predicate = true> <Delay = 0.00> <CoreInst = "DSP48">   --->   Core 124 'DSP48' <Latency = 3> <II = 1> <Delay = 0.69> <IPBlock> <Opcode : 'add' 'sub' 'mul' 'select'> <InPorts = 0> <OutPorts = 1> <Sync> <CReg>
ST_271 : Operation 1654 [1/1] (0.00ns)   --->   "%zext_ln94_1 = zext i5 %tmp" [top.cpp:94]   --->   Operation 1654 'zext' 'zext_ln94_1' <Predicate = true> <Delay = 0.00>
ST_271 : Operation 1655 [2/2] (0.83ns) (root node of the DSP)   --->   "%add_ln94 = add i11 %mul_ln94, i11 %zext_ln94_1" [top.cpp:94]   --->   Operation 1655 'add' 'add_ln94' <Predicate = true> <Delay = 0.83> <CoreInst = "DSP48">   --->   Core 124 'DSP48' <Latency = 3> <II = 1> <Delay = 0.69> <IPBlock> <Opcode : 'add' 'sub' 'mul' 'select'> <InPorts = 0> <OutPorts = 1> <Sync> <CReg>
ST_271 : Operation 1656 [1/10] (2.79ns)   --->   "%sum_24 = fadd i32 %sum_23, i32 %mul139_4_4" [top.cpp:91]   --->   Operation 1656 'fadd' 'sum_24' <Predicate = true> <Delay = 2.79> <CoreInst = "FAddSub_fulldsp">   --->   Core 18 'FAddSub_fulldsp' <Latency = 9> <II = 1> <Delay = 2.79> <FuncUnit> <Opcode : 'fadd' 'fsub'> <InPorts = 2> <OutPorts = 1>

State 272 <SV = 271> <Delay = 2.18>
ST_272 : Operation 1657 [1/1] (0.00ns)   --->   "%specloopname_ln0 = specloopname void @_ssdm_op_SpecLoopName, void @K3_Gaussian_VITIS_LOOP_86_6_str"   --->   Operation 1657 'specloopname' 'specloopname_ln0' <Predicate = true> <Delay = 0.00>
ST_272 : Operation 1658 [1/1] (0.00ns)   --->   "%speclooptripcount_ln0 = speclooptripcount void @_ssdm_op_SpecLoopTripCount, i64 3600, i64 3600, i64 3600"   --->   Operation 1658 'speclooptripcount' 'speclooptripcount_ln0' <Predicate = true> <Delay = 0.00>
ST_272 : Operation 1659 [1/1] (0.00ns)   --->   "%specpipeline_ln87 = specpipeline void @_ssdm_op_SpecPipeline, i32 1, i32 0, i32 0, i32 0, void @empty_12" [top.cpp:87]   --->   Operation 1659 'specpipeline' 'specpipeline_ln87' <Predicate = true> <Delay = 0.00>
ST_272 : Operation 1660 [1/2] (0.83ns) (root node of the DSP)   --->   "%add_ln94 = add i11 %mul_ln94, i11 %zext_ln94_1" [top.cpp:94]   --->   Operation 1660 'add' 'add_ln94' <Predicate = true> <Delay = 0.83> <CoreInst = "DSP48">   --->   Core 124 'DSP48' <Latency = 3> <II = 1> <Delay = 0.69> <IPBlock> <Opcode : 'add' 'sub' 'mul' 'select'> <InPorts = 0> <OutPorts = 1> <Sync> <CReg>
ST_272 : Operation 1661 [1/1] (0.00ns)   --->   "%zext_ln94_2 = zext i11 %add_ln94" [top.cpp:94]   --->   Operation 1661 'zext' 'zext_ln94_2' <Predicate = true> <Delay = 0.00>
ST_272 : Operation 1662 [1/1] (0.00ns)   --->   "%top_kernel_float_const_float_const_float_const_float_gaussian_blurred_add = getelementptr i32 %top_kernel_float_const_float_const_float_const_float_gaussian_blurred, i64 0, i64 %zext_ln94_2" [top.cpp:94]   --->   Operation 1662 'getelementptr' 'top_kernel_float_const_float_const_float_const_float_gaussian_blurred_add' <Predicate = true> <Delay = 0.00>
ST_272 : Operation 1663 [1/1] (0.00ns)   --->   "%top_kernel_float_const_float_const_float_const_float_gaussian_blurred_2_a = getelementptr i32 %top_kernel_float_const_float_const_float_const_float_gaussian_blurred_2, i64 0, i64 %zext_ln94_2" [top.cpp:94]   --->   Operation 1663 'getelementptr' 'top_kernel_float_const_float_const_float_const_float_gaussian_blurred_2_a' <Predicate = true> <Delay = 0.00>
ST_272 : Operation 1664 [1/1] (0.00ns)   --->   "%top_kernel_float_const_float_const_float_const_float_gaussian_blurred_3_a = getelementptr i32 %top_kernel_float_const_float_const_float_const_float_gaussian_blurred_3, i64 0, i64 %zext_ln94_2" [top.cpp:94]   --->   Operation 1664 'getelementptr' 'top_kernel_float_const_float_const_float_const_float_gaussian_blurred_3_a' <Predicate = true> <Delay = 0.00>
ST_272 : Operation 1665 [1/1] ( I:1.35ns O:1.35ns )   --->   "%store_ln94 = store i32 %sum_24, i11 %top_kernel_float_const_float_const_float_const_float_gaussian_blurred_2_a" [top.cpp:94]   --->   Operation 1665 'store' 'store_ln94' <Predicate = (trunc_ln86_1 == 1)> <Delay = 1.35> <CoreInst = "RAM">   --->   Core 82 'RAM' <Latency = 1> <II = 1> <Delay = 1.35> <Storage> <Opcode : 'load' 'store'> <Ports = 2> <Width = 32> <Depth = 1408> <RAM>
ST_272 : Operation 1666 [1/1] (0.00ns)   --->   "%br_ln94 = br void %arrayidx15025.exit" [top.cpp:94]   --->   Operation 1666 'br' 'br_ln94' <Predicate = (trunc_ln86_1 == 1)> <Delay = 0.00>
ST_272 : Operation 1667 [1/1] ( I:1.35ns O:1.35ns )   --->   "%store_ln94 = store i32 %sum_24, i11 %top_kernel_float_const_float_const_float_const_float_gaussian_blurred_add" [top.cpp:94]   --->   Operation 1667 'store' 'store_ln94' <Predicate = (trunc_ln86_1 == 0)> <Delay = 1.35> <CoreInst = "RAM">   --->   Core 82 'RAM' <Latency = 1> <II = 1> <Delay = 1.35> <Storage> <Opcode : 'load' 'store'> <Ports = 2> <Width = 32> <Depth = 1408> <RAM>
ST_272 : Operation 1668 [1/1] (0.00ns)   --->   "%br_ln94 = br void %arrayidx15025.exit" [top.cpp:94]   --->   Operation 1668 'br' 'br_ln94' <Predicate = (trunc_ln86_1 == 0)> <Delay = 0.00>
ST_272 : Operation 1669 [1/1] ( I:1.35ns O:1.35ns )   --->   "%store_ln94 = store i32 %sum_24, i11 %top_kernel_float_const_float_const_float_const_float_gaussian_blurred_3_a" [top.cpp:94]   --->   Operation 1669 'store' 'store_ln94' <Predicate = (trunc_ln86_1 != 0 & trunc_ln86_1 != 1)> <Delay = 1.35> <CoreInst = "RAM">   --->   Core 82 'RAM' <Latency = 1> <II = 1> <Delay = 1.35> <Storage> <Opcode : 'load' 'store'> <Ports = 2> <Width = 32> <Depth = 1408> <RAM>
ST_272 : Operation 1670 [1/1] (0.00ns)   --->   "%br_ln94 = br void %arrayidx15025.exit" [top.cpp:94]   --->   Operation 1670 'br' 'br_ln94' <Predicate = (trunc_ln86_1 != 0 & trunc_ln86_1 != 1)> <Delay = 0.00>


============================================================
+ Verbose Summary: Timing violations
============================================================
Target clock period: 4.000ns, clock uncertainty: 1.080ns.

 <State 1>: 1.939ns
The critical path consists of the following:
	'store' operation 0 bit ('store_ln0') of constant 0 on local variable 'indvar_flatten20' [17]  (0.489 ns)
	'load' operation 12 bit ('indvar_flatten20_load', top.cpp:85) on local variable 'indvar_flatten20' [22]  (0.000 ns)
	'icmp' operation 1 bit ('icmp_ln85', top.cpp:85) [23]  (0.962 ns)
	'store' operation 0 bit ('store_ln85', top.cpp:85) of variable 'add_ln85', top.cpp:85 on local variable 'indvar_flatten20' [766]  (0.489 ns)

 <State 2>: 2.861ns
The critical path consists of the following:
	'load' operation 6 bit ('c_load', top.cpp:86) on local variable 'c', top.cpp:86 [27]  (0.000 ns)
	'icmp' operation 1 bit ('icmp_ln86', top.cpp:86) [31]  (0.887 ns)
	'select' operation 6 bit ('select_ln85_2', top.cpp:85) [36]  (0.440 ns)
	'urem' operation 3 bit ('urem_ln85', top.cpp:85) [42]  (1.534 ns)

 <State 3>: 1.974ns
The critical path consists of the following:
	'select' operation 6 bit ('select_ln85', top.cpp:85) [32]  (0.440 ns)
	'urem' operation 2 bit ('urem_ln86', top.cpp:86) [70]  (1.534 ns)

 <State 4>: 1.534ns
The critical path consists of the following:
	'urem' operation 3 bit ('urem_ln85', top.cpp:85) [42]  (1.534 ns)

 <State 5>: 1.534ns
The critical path consists of the following:
	'urem' operation 3 bit ('urem_ln85', top.cpp:85) [42]  (1.534 ns)

 <State 6>: 1.534ns
The critical path consists of the following:
	'urem' operation 3 bit ('urem_ln85', top.cpp:85) [42]  (1.534 ns)

 <State 7>: 1.534ns
The critical path consists of the following:
	'urem' operation 3 bit ('urem_ln85', top.cpp:85) [42]  (1.534 ns)

 <State 8>: 1.534ns
The critical path consists of the following:
	'urem' operation 3 bit ('urem_ln85', top.cpp:85) [42]  (1.534 ns)

 <State 9>: 1.534ns
The critical path consists of the following:
	'urem' operation 3 bit ('urem_ln85', top.cpp:85) [42]  (1.534 ns)

 <State 10>: 2.170ns
The critical path consists of the following:
	'mul' operation 13 bit ('mul_ln85', top.cpp:85) [40]  (2.170 ns)

 <State 11>: 2.170ns
The critical path consists of the following:
	'mul' operation 13 bit ('mul57', top.cpp:85) [45]  (2.170 ns)

 <State 12>: 2.240ns
The critical path consists of the following:
	'add' operation 6 bit ('add_ln91', top.cpp:91) [133]  (0.887 ns)
	'getelementptr' operation 9 bit ('p_ZZ10top_kernelPKfS0_S0_PfE9equalized_0_0_addr_1', top.cpp:91) [137]  (0.000 ns)
	'load' operation 32 bit ('p_ZZ10top_kernelPKfS0_S0_PfE9equalized_0_0_load', top.cpp:91) on array 'p_ZZ10top_kernelPKfS0_S0_PfE9equalized_0_0' [195]  (1.352 ns)

 <State 13>: 2.540ns
The critical path consists of the following:
	'load' operation 32 bit ('p_ZZ10top_kernelPKfS0_S0_PfE9equalized_0_0_load', top.cpp:91) on array 'p_ZZ10top_kernelPKfS0_S0_PfE9equalized_0_0' [195]  (1.352 ns)
	'sparsemux' operation 32 bit ('tmp_2', top.cpp:91) [200]  (0.663 ns)
	'select' operation 32 bit ('select_ln91', top.cpp:91) [207]  (0.525 ns)

 <State 14>: 2.656ns
The critical path consists of the following:
	'fmul' operation 32 bit ('mul', top.cpp:91) [208]  (2.656 ns)

 <State 15>: 2.656ns
The critical path consists of the following:
	'fmul' operation 32 bit ('mul', top.cpp:91) [208]  (2.656 ns)

 <State 16>: 2.656ns
The critical path consists of the following:
	'fmul' operation 32 bit ('mul', top.cpp:91) [208]  (2.656 ns)

 <State 17>: 2.656ns
The critical path consists of the following:
	'fmul' operation 32 bit ('mul', top.cpp:91) [208]  (2.656 ns)

 <State 18>: 2.656ns
The critical path consists of the following:
	'fmul' operation 32 bit ('mul', top.cpp:91) [208]  (2.656 ns)

 <State 19>: 2.656ns
The critical path consists of the following:
	'fmul' operation 32 bit ('mul', top.cpp:91) [208]  (2.656 ns)

 <State 20>: 2.656ns
The critical path consists of the following:
	'fmul' operation 32 bit ('mul', top.cpp:91) [208]  (2.656 ns)

 <State 21>: 2.798ns
The critical path consists of the following:
	'fadd' operation 32 bit ('sum', top.cpp:91) [209]  (2.798 ns)

 <State 22>: 2.798ns
The critical path consists of the following:
	'fadd' operation 32 bit ('sum', top.cpp:91) [209]  (2.798 ns)

 <State 23>: 2.798ns
The critical path consists of the following:
	'fadd' operation 32 bit ('sum', top.cpp:91) [209]  (2.798 ns)

 <State 24>: 2.798ns
The critical path consists of the following:
	'fadd' operation 32 bit ('sum', top.cpp:91) [209]  (2.798 ns)

 <State 25>: 2.798ns
The critical path consists of the following:
	'fadd' operation 32 bit ('sum', top.cpp:91) [209]  (2.798 ns)

 <State 26>: 2.798ns
The critical path consists of the following:
	'fadd' operation 32 bit ('sum', top.cpp:91) [209]  (2.798 ns)

 <State 27>: 2.798ns
The critical path consists of the following:
	'fadd' operation 32 bit ('sum', top.cpp:91) [209]  (2.798 ns)

 <State 28>: 2.798ns
The critical path consists of the following:
	'fadd' operation 32 bit ('sum', top.cpp:91) [209]  (2.798 ns)

 <State 29>: 2.798ns
The critical path consists of the following:
	'fadd' operation 32 bit ('sum', top.cpp:91) [209]  (2.798 ns)

 <State 30>: 2.798ns
The critical path consists of the following:
	'fadd' operation 32 bit ('sum', top.cpp:91) [209]  (2.798 ns)

 <State 31>: 2.798ns
The critical path consists of the following:
	'fadd' operation 32 bit ('sum', top.cpp:91) [286]  (2.798 ns)

 <State 32>: 2.798ns
The critical path consists of the following:
	'fadd' operation 32 bit ('sum', top.cpp:91) [286]  (2.798 ns)

 <State 33>: 2.798ns
The critical path consists of the following:
	'fadd' operation 32 bit ('sum', top.cpp:91) [286]  (2.798 ns)

 <State 34>: 2.798ns
The critical path consists of the following:
	'fadd' operation 32 bit ('sum', top.cpp:91) [286]  (2.798 ns)

 <State 35>: 2.798ns
The critical path consists of the following:
	'fadd' operation 32 bit ('sum', top.cpp:91) [286]  (2.798 ns)

 <State 36>: 2.798ns
The critical path consists of the following:
	'fadd' operation 32 bit ('sum', top.cpp:91) [286]  (2.798 ns)

 <State 37>: 2.798ns
The critical path consists of the following:
	'fadd' operation 32 bit ('sum', top.cpp:91) [286]  (2.798 ns)

 <State 38>: 2.798ns
The critical path consists of the following:
	'fadd' operation 32 bit ('sum', top.cpp:91) [286]  (2.798 ns)

 <State 39>: 2.798ns
The critical path consists of the following:
	'fadd' operation 32 bit ('sum', top.cpp:91) [286]  (2.798 ns)

 <State 40>: 2.798ns
The critical path consists of the following:
	'fadd' operation 32 bit ('sum', top.cpp:91) [286]  (2.798 ns)

 <State 41>: 2.798ns
The critical path consists of the following:
	'fadd' operation 32 bit ('sum', top.cpp:91) [301]  (2.798 ns)

 <State 42>: 2.798ns
The critical path consists of the following:
	'fadd' operation 32 bit ('sum', top.cpp:91) [301]  (2.798 ns)

 <State 43>: 2.798ns
The critical path consists of the following:
	'fadd' operation 32 bit ('sum', top.cpp:91) [301]  (2.798 ns)

 <State 44>: 2.798ns
The critical path consists of the following:
	'fadd' operation 32 bit ('sum', top.cpp:91) [301]  (2.798 ns)

 <State 45>: 2.798ns
The critical path consists of the following:
	'fadd' operation 32 bit ('sum', top.cpp:91) [301]  (2.798 ns)

 <State 46>: 2.798ns
The critical path consists of the following:
	'fadd' operation 32 bit ('sum', top.cpp:91) [301]  (2.798 ns)

 <State 47>: 2.798ns
The critical path consists of the following:
	'fadd' operation 32 bit ('sum', top.cpp:91) [301]  (2.798 ns)

 <State 48>: 2.798ns
The critical path consists of the following:
	'fadd' operation 32 bit ('sum', top.cpp:91) [301]  (2.798 ns)

 <State 49>: 2.798ns
The critical path consists of the following:
	'fadd' operation 32 bit ('sum', top.cpp:91) [301]  (2.798 ns)

 <State 50>: 2.798ns
The critical path consists of the following:
	'fadd' operation 32 bit ('sum', top.cpp:91) [301]  (2.798 ns)

 <State 51>: 2.798ns
The critical path consists of the following:
	'fadd' operation 32 bit ('sum', top.cpp:91) [378]  (2.798 ns)

 <State 52>: 2.798ns
The critical path consists of the following:
	'fadd' operation 32 bit ('sum', top.cpp:91) [378]  (2.798 ns)

 <State 53>: 2.798ns
The critical path consists of the following:
	'fadd' operation 32 bit ('sum', top.cpp:91) [378]  (2.798 ns)

 <State 54>: 2.798ns
The critical path consists of the following:
	'fadd' operation 32 bit ('sum', top.cpp:91) [378]  (2.798 ns)

 <State 55>: 2.798ns
The critical path consists of the following:
	'fadd' operation 32 bit ('sum', top.cpp:91) [378]  (2.798 ns)

 <State 56>: 2.798ns
The critical path consists of the following:
	'fadd' operation 32 bit ('sum', top.cpp:91) [378]  (2.798 ns)

 <State 57>: 2.798ns
The critical path consists of the following:
	'fadd' operation 32 bit ('sum', top.cpp:91) [378]  (2.798 ns)

 <State 58>: 2.798ns
The critical path consists of the following:
	'fadd' operation 32 bit ('sum', top.cpp:91) [378]  (2.798 ns)

 <State 59>: 2.798ns
The critical path consists of the following:
	'fadd' operation 32 bit ('sum', top.cpp:91) [378]  (2.798 ns)

 <State 60>: 2.798ns
The critical path consists of the following:
	'fadd' operation 32 bit ('sum', top.cpp:91) [378]  (2.798 ns)

 <State 61>: 2.798ns
The critical path consists of the following:
	'fadd' operation 32 bit ('sum', top.cpp:91) [454]  (2.798 ns)

 <State 62>: 2.798ns
The critical path consists of the following:
	'fadd' operation 32 bit ('sum', top.cpp:91) [454]  (2.798 ns)

 <State 63>: 2.798ns
The critical path consists of the following:
	'fadd' operation 32 bit ('sum', top.cpp:91) [454]  (2.798 ns)

 <State 64>: 2.798ns
The critical path consists of the following:
	'fadd' operation 32 bit ('sum', top.cpp:91) [454]  (2.798 ns)

 <State 65>: 2.798ns
The critical path consists of the following:
	'fadd' operation 32 bit ('sum', top.cpp:91) [454]  (2.798 ns)

 <State 66>: 2.798ns
The critical path consists of the following:
	'fadd' operation 32 bit ('sum', top.cpp:91) [454]  (2.798 ns)

 <State 67>: 2.798ns
The critical path consists of the following:
	'fadd' operation 32 bit ('sum', top.cpp:91) [454]  (2.798 ns)

 <State 68>: 2.798ns
The critical path consists of the following:
	'fadd' operation 32 bit ('sum', top.cpp:91) [454]  (2.798 ns)

 <State 69>: 2.798ns
The critical path consists of the following:
	'fadd' operation 32 bit ('sum', top.cpp:91) [454]  (2.798 ns)

 <State 70>: 2.798ns
The critical path consists of the following:
	'fadd' operation 32 bit ('sum', top.cpp:91) [454]  (2.798 ns)

 <State 71>: 2.798ns
The critical path consists of the following:
	'fadd' operation 32 bit ('sum', top.cpp:91) [469]  (2.798 ns)

 <State 72>: 2.798ns
The critical path consists of the following:
	'fadd' operation 32 bit ('sum', top.cpp:91) [469]  (2.798 ns)

 <State 73>: 2.798ns
The critical path consists of the following:
	'fadd' operation 32 bit ('sum', top.cpp:91) [469]  (2.798 ns)

 <State 74>: 2.798ns
The critical path consists of the following:
	'fadd' operation 32 bit ('sum', top.cpp:91) [469]  (2.798 ns)

 <State 75>: 2.798ns
The critical path consists of the following:
	'fadd' operation 32 bit ('sum', top.cpp:91) [469]  (2.798 ns)

 <State 76>: 2.798ns
The critical path consists of the following:
	'fadd' operation 32 bit ('sum', top.cpp:91) [469]  (2.798 ns)

 <State 77>: 2.798ns
The critical path consists of the following:
	'fadd' operation 32 bit ('sum', top.cpp:91) [469]  (2.798 ns)

 <State 78>: 2.798ns
The critical path consists of the following:
	'fadd' operation 32 bit ('sum', top.cpp:91) [469]  (2.798 ns)

 <State 79>: 2.798ns
The critical path consists of the following:
	'fadd' operation 32 bit ('sum', top.cpp:91) [469]  (2.798 ns)

 <State 80>: 2.798ns
The critical path consists of the following:
	'fadd' operation 32 bit ('sum', top.cpp:91) [469]  (2.798 ns)

 <State 81>: 2.798ns
The critical path consists of the following:
	'fadd' operation 32 bit ('sum', top.cpp:91) [484]  (2.798 ns)

 <State 82>: 2.798ns
The critical path consists of the following:
	'fadd' operation 32 bit ('sum', top.cpp:91) [484]  (2.798 ns)

 <State 83>: 2.798ns
The critical path consists of the following:
	'fadd' operation 32 bit ('sum', top.cpp:91) [484]  (2.798 ns)

 <State 84>: 2.798ns
The critical path consists of the following:
	'fadd' operation 32 bit ('sum', top.cpp:91) [484]  (2.798 ns)

 <State 85>: 2.798ns
The critical path consists of the following:
	'fadd' operation 32 bit ('sum', top.cpp:91) [484]  (2.798 ns)

 <State 86>: 2.798ns
The critical path consists of the following:
	'fadd' operation 32 bit ('sum', top.cpp:91) [484]  (2.798 ns)

 <State 87>: 2.798ns
The critical path consists of the following:
	'fadd' operation 32 bit ('sum', top.cpp:91) [484]  (2.798 ns)

 <State 88>: 2.798ns
The critical path consists of the following:
	'fadd' operation 32 bit ('sum', top.cpp:91) [484]  (2.798 ns)

 <State 89>: 2.798ns
The critical path consists of the following:
	'fadd' operation 32 bit ('sum', top.cpp:91) [484]  (2.798 ns)

 <State 90>: 2.798ns
The critical path consists of the following:
	'fadd' operation 32 bit ('sum', top.cpp:91) [484]  (2.798 ns)

 <State 91>: 2.798ns
The critical path consists of the following:
	'fadd' operation 32 bit ('sum', top.cpp:91) [499]  (2.798 ns)

 <State 92>: 2.798ns
The critical path consists of the following:
	'fadd' operation 32 bit ('sum', top.cpp:91) [499]  (2.798 ns)

 <State 93>: 2.798ns
The critical path consists of the following:
	'fadd' operation 32 bit ('sum', top.cpp:91) [499]  (2.798 ns)

 <State 94>: 2.798ns
The critical path consists of the following:
	'fadd' operation 32 bit ('sum', top.cpp:91) [499]  (2.798 ns)

 <State 95>: 2.798ns
The critical path consists of the following:
	'fadd' operation 32 bit ('sum', top.cpp:91) [499]  (2.798 ns)

 <State 96>: 2.798ns
The critical path consists of the following:
	'fadd' operation 32 bit ('sum', top.cpp:91) [499]  (2.798 ns)

 <State 97>: 2.798ns
The critical path consists of the following:
	'fadd' operation 32 bit ('sum', top.cpp:91) [499]  (2.798 ns)

 <State 98>: 2.798ns
The critical path consists of the following:
	'fadd' operation 32 bit ('sum', top.cpp:91) [499]  (2.798 ns)

 <State 99>: 2.798ns
The critical path consists of the following:
	'fadd' operation 32 bit ('sum', top.cpp:91) [499]  (2.798 ns)

 <State 100>: 2.798ns
The critical path consists of the following:
	'fadd' operation 32 bit ('sum', top.cpp:91) [499]  (2.798 ns)

 <State 101>: 2.798ns
The critical path consists of the following:
	'fadd' operation 32 bit ('sum', top.cpp:91) [514]  (2.798 ns)

 <State 102>: 2.798ns
The critical path consists of the following:
	'fadd' operation 32 bit ('sum', top.cpp:91) [514]  (2.798 ns)

 <State 103>: 2.798ns
The critical path consists of the following:
	'fadd' operation 32 bit ('sum', top.cpp:91) [514]  (2.798 ns)

 <State 104>: 2.798ns
The critical path consists of the following:
	'fadd' operation 32 bit ('sum', top.cpp:91) [514]  (2.798 ns)

 <State 105>: 2.798ns
The critical path consists of the following:
	'fadd' operation 32 bit ('sum', top.cpp:91) [514]  (2.798 ns)

 <State 106>: 2.798ns
The critical path consists of the following:
	'fadd' operation 32 bit ('sum', top.cpp:91) [514]  (2.798 ns)

 <State 107>: 2.798ns
The critical path consists of the following:
	'fadd' operation 32 bit ('sum', top.cpp:91) [514]  (2.798 ns)

 <State 108>: 2.798ns
The critical path consists of the following:
	'fadd' operation 32 bit ('sum', top.cpp:91) [514]  (2.798 ns)

 <State 109>: 2.798ns
The critical path consists of the following:
	'fadd' operation 32 bit ('sum', top.cpp:91) [514]  (2.798 ns)

 <State 110>: 2.798ns
The critical path consists of the following:
	'fadd' operation 32 bit ('sum', top.cpp:91) [514]  (2.798 ns)

 <State 111>: 2.798ns
The critical path consists of the following:
	'fadd' operation 32 bit ('sum', top.cpp:91) [529]  (2.798 ns)

 <State 112>: 2.798ns
The critical path consists of the following:
	'fadd' operation 32 bit ('sum', top.cpp:91) [529]  (2.798 ns)

 <State 113>: 2.798ns
The critical path consists of the following:
	'fadd' operation 32 bit ('sum', top.cpp:91) [529]  (2.798 ns)

 <State 114>: 2.798ns
The critical path consists of the following:
	'fadd' operation 32 bit ('sum', top.cpp:91) [529]  (2.798 ns)

 <State 115>: 2.798ns
The critical path consists of the following:
	'fadd' operation 32 bit ('sum', top.cpp:91) [529]  (2.798 ns)

 <State 116>: 2.798ns
The critical path consists of the following:
	'fadd' operation 32 bit ('sum', top.cpp:91) [529]  (2.798 ns)

 <State 117>: 2.798ns
The critical path consists of the following:
	'fadd' operation 32 bit ('sum', top.cpp:91) [529]  (2.798 ns)

 <State 118>: 2.798ns
The critical path consists of the following:
	'fadd' operation 32 bit ('sum', top.cpp:91) [529]  (2.798 ns)

 <State 119>: 2.798ns
The critical path consists of the following:
	'fadd' operation 32 bit ('sum', top.cpp:91) [529]  (2.798 ns)

 <State 120>: 2.798ns
The critical path consists of the following:
	'fadd' operation 32 bit ('sum', top.cpp:91) [529]  (2.798 ns)

 <State 121>: 2.798ns
The critical path consists of the following:
	'fadd' operation 32 bit ('sum', top.cpp:91) [544]  (2.798 ns)

 <State 122>: 2.798ns
The critical path consists of the following:
	'fadd' operation 32 bit ('sum', top.cpp:91) [544]  (2.798 ns)

 <State 123>: 2.798ns
The critical path consists of the following:
	'fadd' operation 32 bit ('sum', top.cpp:91) [544]  (2.798 ns)

 <State 124>: 2.798ns
The critical path consists of the following:
	'fadd' operation 32 bit ('sum', top.cpp:91) [544]  (2.798 ns)

 <State 125>: 2.798ns
The critical path consists of the following:
	'fadd' operation 32 bit ('sum', top.cpp:91) [544]  (2.798 ns)

 <State 126>: 2.798ns
The critical path consists of the following:
	'fadd' operation 32 bit ('sum', top.cpp:91) [544]  (2.798 ns)

 <State 127>: 2.798ns
The critical path consists of the following:
	'fadd' operation 32 bit ('sum', top.cpp:91) [544]  (2.798 ns)

 <State 128>: 2.798ns
The critical path consists of the following:
	'fadd' operation 32 bit ('sum', top.cpp:91) [544]  (2.798 ns)

 <State 129>: 2.798ns
The critical path consists of the following:
	'fadd' operation 32 bit ('sum', top.cpp:91) [544]  (2.798 ns)

 <State 130>: 2.798ns
The critical path consists of the following:
	'fadd' operation 32 bit ('sum', top.cpp:91) [544]  (2.798 ns)

 <State 131>: 2.798ns
The critical path consists of the following:
	'fadd' operation 32 bit ('sum', top.cpp:91) [559]  (2.798 ns)

 <State 132>: 2.798ns
The critical path consists of the following:
	'fadd' operation 32 bit ('sum', top.cpp:91) [559]  (2.798 ns)

 <State 133>: 2.798ns
The critical path consists of the following:
	'fadd' operation 32 bit ('sum', top.cpp:91) [559]  (2.798 ns)

 <State 134>: 2.798ns
The critical path consists of the following:
	'fadd' operation 32 bit ('sum', top.cpp:91) [559]  (2.798 ns)

 <State 135>: 2.798ns
The critical path consists of the following:
	'fadd' operation 32 bit ('sum', top.cpp:91) [559]  (2.798 ns)

 <State 136>: 2.798ns
The critical path consists of the following:
	'fadd' operation 32 bit ('sum', top.cpp:91) [559]  (2.798 ns)

 <State 137>: 2.798ns
The critical path consists of the following:
	'fadd' operation 32 bit ('sum', top.cpp:91) [559]  (2.798 ns)

 <State 138>: 2.798ns
The critical path consists of the following:
	'fadd' operation 32 bit ('sum', top.cpp:91) [559]  (2.798 ns)

 <State 139>: 2.798ns
The critical path consists of the following:
	'fadd' operation 32 bit ('sum', top.cpp:91) [559]  (2.798 ns)

 <State 140>: 2.798ns
The critical path consists of the following:
	'fadd' operation 32 bit ('sum', top.cpp:91) [559]  (2.798 ns)

 <State 141>: 2.798ns
The critical path consists of the following:
	'fadd' operation 32 bit ('sum', top.cpp:91) [574]  (2.798 ns)

 <State 142>: 2.798ns
The critical path consists of the following:
	'fadd' operation 32 bit ('sum', top.cpp:91) [574]  (2.798 ns)

 <State 143>: 2.798ns
The critical path consists of the following:
	'fadd' operation 32 bit ('sum', top.cpp:91) [574]  (2.798 ns)

 <State 144>: 2.798ns
The critical path consists of the following:
	'fadd' operation 32 bit ('sum', top.cpp:91) [574]  (2.798 ns)

 <State 145>: 2.798ns
The critical path consists of the following:
	'fadd' operation 32 bit ('sum', top.cpp:91) [574]  (2.798 ns)

 <State 146>: 2.798ns
The critical path consists of the following:
	'fadd' operation 32 bit ('sum', top.cpp:91) [574]  (2.798 ns)

 <State 147>: 2.798ns
The critical path consists of the following:
	'fadd' operation 32 bit ('sum', top.cpp:91) [574]  (2.798 ns)

 <State 148>: 2.798ns
The critical path consists of the following:
	'fadd' operation 32 bit ('sum', top.cpp:91) [574]  (2.798 ns)

 <State 149>: 2.798ns
The critical path consists of the following:
	'fadd' operation 32 bit ('sum', top.cpp:91) [574]  (2.798 ns)

 <State 150>: 2.798ns
The critical path consists of the following:
	'fadd' operation 32 bit ('sum', top.cpp:91) [574]  (2.798 ns)

 <State 151>: 0.000ns
The critical path consists of the following:

 <State 152>: 2.798ns
The critical path consists of the following:
	'fadd' operation 32 bit ('sum', top.cpp:91) [589]  (2.798 ns)

 <State 153>: 2.798ns
The critical path consists of the following:
	'fadd' operation 32 bit ('sum', top.cpp:91) [589]  (2.798 ns)

 <State 154>: 2.798ns
The critical path consists of the following:
	'fadd' operation 32 bit ('sum', top.cpp:91) [589]  (2.798 ns)

 <State 155>: 2.798ns
The critical path consists of the following:
	'fadd' operation 32 bit ('sum', top.cpp:91) [589]  (2.798 ns)

 <State 156>: 2.798ns
The critical path consists of the following:
	'fadd' operation 32 bit ('sum', top.cpp:91) [589]  (2.798 ns)

 <State 157>: 2.798ns
The critical path consists of the following:
	'fadd' operation 32 bit ('sum', top.cpp:91) [589]  (2.798 ns)

 <State 158>: 2.798ns
The critical path consists of the following:
	'fadd' operation 32 bit ('sum', top.cpp:91) [589]  (2.798 ns)

 <State 159>: 2.798ns
The critical path consists of the following:
	'fadd' operation 32 bit ('sum', top.cpp:91) [589]  (2.798 ns)

 <State 160>: 2.798ns
The critical path consists of the following:
	'fadd' operation 32 bit ('sum', top.cpp:91) [589]  (2.798 ns)

 <State 161>: 2.798ns
The critical path consists of the following:
	'fadd' operation 32 bit ('sum', top.cpp:91) [589]  (2.798 ns)

 <State 162>: 2.798ns
The critical path consists of the following:
	'fadd' operation 32 bit ('sum', top.cpp:91) [604]  (2.798 ns)

 <State 163>: 2.798ns
The critical path consists of the following:
	'fadd' operation 32 bit ('sum', top.cpp:91) [604]  (2.798 ns)

 <State 164>: 2.798ns
The critical path consists of the following:
	'fadd' operation 32 bit ('sum', top.cpp:91) [604]  (2.798 ns)

 <State 165>: 2.798ns
The critical path consists of the following:
	'fadd' operation 32 bit ('sum', top.cpp:91) [604]  (2.798 ns)

 <State 166>: 2.798ns
The critical path consists of the following:
	'fadd' operation 32 bit ('sum', top.cpp:91) [604]  (2.798 ns)

 <State 167>: 2.798ns
The critical path consists of the following:
	'fadd' operation 32 bit ('sum', top.cpp:91) [604]  (2.798 ns)

 <State 168>: 2.798ns
The critical path consists of the following:
	'fadd' operation 32 bit ('sum', top.cpp:91) [604]  (2.798 ns)

 <State 169>: 2.798ns
The critical path consists of the following:
	'fadd' operation 32 bit ('sum', top.cpp:91) [604]  (2.798 ns)

 <State 170>: 2.798ns
The critical path consists of the following:
	'fadd' operation 32 bit ('sum', top.cpp:91) [604]  (2.798 ns)

 <State 171>: 2.798ns
The critical path consists of the following:
	'fadd' operation 32 bit ('sum', top.cpp:91) [604]  (2.798 ns)

 <State 172>: 2.798ns
The critical path consists of the following:
	'fadd' operation 32 bit ('sum', top.cpp:91) [619]  (2.798 ns)

 <State 173>: 2.798ns
The critical path consists of the following:
	'fadd' operation 32 bit ('sum', top.cpp:91) [619]  (2.798 ns)

 <State 174>: 2.798ns
The critical path consists of the following:
	'fadd' operation 32 bit ('sum', top.cpp:91) [619]  (2.798 ns)

 <State 175>: 2.798ns
The critical path consists of the following:
	'fadd' operation 32 bit ('sum', top.cpp:91) [619]  (2.798 ns)

 <State 176>: 2.798ns
The critical path consists of the following:
	'fadd' operation 32 bit ('sum', top.cpp:91) [619]  (2.798 ns)

 <State 177>: 2.798ns
The critical path consists of the following:
	'fadd' operation 32 bit ('sum', top.cpp:91) [619]  (2.798 ns)

 <State 178>: 2.798ns
The critical path consists of the following:
	'fadd' operation 32 bit ('sum', top.cpp:91) [619]  (2.798 ns)

 <State 179>: 2.798ns
The critical path consists of the following:
	'fadd' operation 32 bit ('sum', top.cpp:91) [619]  (2.798 ns)

 <State 180>: 2.798ns
The critical path consists of the following:
	'fadd' operation 32 bit ('sum', top.cpp:91) [619]  (2.798 ns)

 <State 181>: 2.798ns
The critical path consists of the following:
	'fadd' operation 32 bit ('sum', top.cpp:91) [619]  (2.798 ns)

 <State 182>: 2.798ns
The critical path consists of the following:
	'fadd' operation 32 bit ('sum', top.cpp:91) [634]  (2.798 ns)

 <State 183>: 2.798ns
The critical path consists of the following:
	'fadd' operation 32 bit ('sum', top.cpp:91) [634]  (2.798 ns)

 <State 184>: 2.798ns
The critical path consists of the following:
	'fadd' operation 32 bit ('sum', top.cpp:91) [634]  (2.798 ns)

 <State 185>: 2.798ns
The critical path consists of the following:
	'fadd' operation 32 bit ('sum', top.cpp:91) [634]  (2.798 ns)

 <State 186>: 2.798ns
The critical path consists of the following:
	'fadd' operation 32 bit ('sum', top.cpp:91) [634]  (2.798 ns)

 <State 187>: 2.798ns
The critical path consists of the following:
	'fadd' operation 32 bit ('sum', top.cpp:91) [634]  (2.798 ns)

 <State 188>: 2.798ns
The critical path consists of the following:
	'fadd' operation 32 bit ('sum', top.cpp:91) [634]  (2.798 ns)

 <State 189>: 2.798ns
The critical path consists of the following:
	'fadd' operation 32 bit ('sum', top.cpp:91) [634]  (2.798 ns)

 <State 190>: 2.798ns
The critical path consists of the following:
	'fadd' operation 32 bit ('sum', top.cpp:91) [634]  (2.798 ns)

 <State 191>: 2.798ns
The critical path consists of the following:
	'fadd' operation 32 bit ('sum', top.cpp:91) [634]  (2.798 ns)

 <State 192>: 2.798ns
The critical path consists of the following:
	'fadd' operation 32 bit ('sum', top.cpp:91) [649]  (2.798 ns)

 <State 193>: 2.798ns
The critical path consists of the following:
	'fadd' operation 32 bit ('sum', top.cpp:91) [649]  (2.798 ns)

 <State 194>: 2.798ns
The critical path consists of the following:
	'fadd' operation 32 bit ('sum', top.cpp:91) [649]  (2.798 ns)

 <State 195>: 2.798ns
The critical path consists of the following:
	'fadd' operation 32 bit ('sum', top.cpp:91) [649]  (2.798 ns)

 <State 196>: 2.798ns
The critical path consists of the following:
	'fadd' operation 32 bit ('sum', top.cpp:91) [649]  (2.798 ns)

 <State 197>: 2.798ns
The critical path consists of the following:
	'fadd' operation 32 bit ('sum', top.cpp:91) [649]  (2.798 ns)

 <State 198>: 2.798ns
The critical path consists of the following:
	'fadd' operation 32 bit ('sum', top.cpp:91) [649]  (2.798 ns)

 <State 199>: 2.798ns
The critical path consists of the following:
	'fadd' operation 32 bit ('sum', top.cpp:91) [649]  (2.798 ns)

 <State 200>: 2.798ns
The critical path consists of the following:
	'fadd' operation 32 bit ('sum', top.cpp:91) [649]  (2.798 ns)

 <State 201>: 2.798ns
The critical path consists of the following:
	'fadd' operation 32 bit ('sum', top.cpp:91) [649]  (2.798 ns)

 <State 202>: 2.798ns
The critical path consists of the following:
	'fadd' operation 32 bit ('sum', top.cpp:91) [664]  (2.798 ns)

 <State 203>: 2.798ns
The critical path consists of the following:
	'fadd' operation 32 bit ('sum', top.cpp:91) [664]  (2.798 ns)

 <State 204>: 2.798ns
The critical path consists of the following:
	'fadd' operation 32 bit ('sum', top.cpp:91) [664]  (2.798 ns)

 <State 205>: 2.798ns
The critical path consists of the following:
	'fadd' operation 32 bit ('sum', top.cpp:91) [664]  (2.798 ns)

 <State 206>: 2.798ns
The critical path consists of the following:
	'fadd' operation 32 bit ('sum', top.cpp:91) [664]  (2.798 ns)

 <State 207>: 2.798ns
The critical path consists of the following:
	'fadd' operation 32 bit ('sum', top.cpp:91) [664]  (2.798 ns)

 <State 208>: 2.798ns
The critical path consists of the following:
	'fadd' operation 32 bit ('sum', top.cpp:91) [664]  (2.798 ns)

 <State 209>: 2.798ns
The critical path consists of the following:
	'fadd' operation 32 bit ('sum', top.cpp:91) [664]  (2.798 ns)

 <State 210>: 2.798ns
The critical path consists of the following:
	'fadd' operation 32 bit ('sum', top.cpp:91) [664]  (2.798 ns)

 <State 211>: 2.798ns
The critical path consists of the following:
	'fadd' operation 32 bit ('sum', top.cpp:91) [664]  (2.798 ns)

 <State 212>: 2.798ns
The critical path consists of the following:
	'fadd' operation 32 bit ('sum', top.cpp:91) [679]  (2.798 ns)

 <State 213>: 2.798ns
The critical path consists of the following:
	'fadd' operation 32 bit ('sum', top.cpp:91) [679]  (2.798 ns)

 <State 214>: 2.798ns
The critical path consists of the following:
	'fadd' operation 32 bit ('sum', top.cpp:91) [679]  (2.798 ns)

 <State 215>: 2.798ns
The critical path consists of the following:
	'fadd' operation 32 bit ('sum', top.cpp:91) [679]  (2.798 ns)

 <State 216>: 2.798ns
The critical path consists of the following:
	'fadd' operation 32 bit ('sum', top.cpp:91) [679]  (2.798 ns)

 <State 217>: 2.798ns
The critical path consists of the following:
	'fadd' operation 32 bit ('sum', top.cpp:91) [679]  (2.798 ns)

 <State 218>: 2.798ns
The critical path consists of the following:
	'fadd' operation 32 bit ('sum', top.cpp:91) [679]  (2.798 ns)

 <State 219>: 2.798ns
The critical path consists of the following:
	'fadd' operation 32 bit ('sum', top.cpp:91) [679]  (2.798 ns)

 <State 220>: 2.798ns
The critical path consists of the following:
	'fadd' operation 32 bit ('sum', top.cpp:91) [679]  (2.798 ns)

 <State 221>: 2.798ns
The critical path consists of the following:
	'fadd' operation 32 bit ('sum', top.cpp:91) [679]  (2.798 ns)

 <State 222>: 2.798ns
The critical path consists of the following:
	'fadd' operation 32 bit ('sum', top.cpp:91) [694]  (2.798 ns)

 <State 223>: 2.798ns
The critical path consists of the following:
	'fadd' operation 32 bit ('sum', top.cpp:91) [694]  (2.798 ns)

 <State 224>: 2.798ns
The critical path consists of the following:
	'fadd' operation 32 bit ('sum', top.cpp:91) [694]  (2.798 ns)

 <State 225>: 2.798ns
The critical path consists of the following:
	'fadd' operation 32 bit ('sum', top.cpp:91) [694]  (2.798 ns)

 <State 226>: 2.798ns
The critical path consists of the following:
	'fadd' operation 32 bit ('sum', top.cpp:91) [694]  (2.798 ns)

 <State 227>: 2.798ns
The critical path consists of the following:
	'fadd' operation 32 bit ('sum', top.cpp:91) [694]  (2.798 ns)

 <State 228>: 2.798ns
The critical path consists of the following:
	'fadd' operation 32 bit ('sum', top.cpp:91) [694]  (2.798 ns)

 <State 229>: 2.798ns
The critical path consists of the following:
	'fadd' operation 32 bit ('sum', top.cpp:91) [694]  (2.798 ns)

 <State 230>: 2.798ns
The critical path consists of the following:
	'fadd' operation 32 bit ('sum', top.cpp:91) [694]  (2.798 ns)

 <State 231>: 2.798ns
The critical path consists of the following:
	'fadd' operation 32 bit ('sum', top.cpp:91) [694]  (2.798 ns)

 <State 232>: 2.798ns
The critical path consists of the following:
	'fadd' operation 32 bit ('sum', top.cpp:91) [709]  (2.798 ns)

 <State 233>: 2.798ns
The critical path consists of the following:
	'fadd' operation 32 bit ('sum', top.cpp:91) [709]  (2.798 ns)

 <State 234>: 2.798ns
The critical path consists of the following:
	'fadd' operation 32 bit ('sum', top.cpp:91) [709]  (2.798 ns)

 <State 235>: 2.798ns
The critical path consists of the following:
	'fadd' operation 32 bit ('sum', top.cpp:91) [709]  (2.798 ns)

 <State 236>: 2.798ns
The critical path consists of the following:
	'fadd' operation 32 bit ('sum', top.cpp:91) [709]  (2.798 ns)

 <State 237>: 2.798ns
The critical path consists of the following:
	'fadd' operation 32 bit ('sum', top.cpp:91) [709]  (2.798 ns)

 <State 238>: 2.798ns
The critical path consists of the following:
	'fadd' operation 32 bit ('sum', top.cpp:91) [709]  (2.798 ns)

 <State 239>: 2.798ns
The critical path consists of the following:
	'fadd' operation 32 bit ('sum', top.cpp:91) [709]  (2.798 ns)

 <State 240>: 2.798ns
The critical path consists of the following:
	'fadd' operation 32 bit ('sum', top.cpp:91) [709]  (2.798 ns)

 <State 241>: 2.798ns
The critical path consists of the following:
	'fadd' operation 32 bit ('sum', top.cpp:91) [709]  (2.798 ns)

 <State 242>: 2.798ns
The critical path consists of the following:
	'fadd' operation 32 bit ('sum', top.cpp:91) [724]  (2.798 ns)

 <State 243>: 2.798ns
The critical path consists of the following:
	'fadd' operation 32 bit ('sum', top.cpp:91) [724]  (2.798 ns)

 <State 244>: 2.798ns
The critical path consists of the following:
	'fadd' operation 32 bit ('sum', top.cpp:91) [724]  (2.798 ns)

 <State 245>: 2.798ns
The critical path consists of the following:
	'fadd' operation 32 bit ('sum', top.cpp:91) [724]  (2.798 ns)

 <State 246>: 2.798ns
The critical path consists of the following:
	'fadd' operation 32 bit ('sum', top.cpp:91) [724]  (2.798 ns)

 <State 247>: 2.798ns
The critical path consists of the following:
	'fadd' operation 32 bit ('sum', top.cpp:91) [724]  (2.798 ns)

 <State 248>: 2.798ns
The critical path consists of the following:
	'fadd' operation 32 bit ('sum', top.cpp:91) [724]  (2.798 ns)

 <State 249>: 2.798ns
The critical path consists of the following:
	'fadd' operation 32 bit ('sum', top.cpp:91) [724]  (2.798 ns)

 <State 250>: 2.798ns
The critical path consists of the following:
	'fadd' operation 32 bit ('sum', top.cpp:91) [724]  (2.798 ns)

 <State 251>: 2.798ns
The critical path consists of the following:
	'fadd' operation 32 bit ('sum', top.cpp:91) [724]  (2.798 ns)

 <State 252>: 2.798ns
The critical path consists of the following:
	'fadd' operation 32 bit ('sum', top.cpp:91) [739]  (2.798 ns)

 <State 253>: 2.798ns
The critical path consists of the following:
	'fadd' operation 32 bit ('sum', top.cpp:91) [739]  (2.798 ns)

 <State 254>: 2.798ns
The critical path consists of the following:
	'fadd' operation 32 bit ('sum', top.cpp:91) [739]  (2.798 ns)

 <State 255>: 2.798ns
The critical path consists of the following:
	'fadd' operation 32 bit ('sum', top.cpp:91) [739]  (2.798 ns)

 <State 256>: 2.798ns
The critical path consists of the following:
	'fadd' operation 32 bit ('sum', top.cpp:91) [739]  (2.798 ns)

 <State 257>: 2.798ns
The critical path consists of the following:
	'fadd' operation 32 bit ('sum', top.cpp:91) [739]  (2.798 ns)

 <State 258>: 2.798ns
The critical path consists of the following:
	'fadd' operation 32 bit ('sum', top.cpp:91) [739]  (2.798 ns)

 <State 259>: 2.798ns
The critical path consists of the following:
	'fadd' operation 32 bit ('sum', top.cpp:91) [739]  (2.798 ns)

 <State 260>: 2.798ns
The critical path consists of the following:
	'fadd' operation 32 bit ('sum', top.cpp:91) [739]  (2.798 ns)

 <State 261>: 2.798ns
The critical path consists of the following:
	'fadd' operation 32 bit ('sum', top.cpp:91) [739]  (2.798 ns)

 <State 262>: 2.798ns
The critical path consists of the following:
	'fadd' operation 32 bit ('sum', top.cpp:91) [754]  (2.798 ns)

 <State 263>: 2.798ns
The critical path consists of the following:
	'fadd' operation 32 bit ('sum', top.cpp:91) [754]  (2.798 ns)

 <State 264>: 2.798ns
The critical path consists of the following:
	'fadd' operation 32 bit ('sum', top.cpp:91) [754]  (2.798 ns)

 <State 265>: 2.798ns
The critical path consists of the following:
	'fadd' operation 32 bit ('sum', top.cpp:91) [754]  (2.798 ns)

 <State 266>: 2.798ns
The critical path consists of the following:
	'fadd' operation 32 bit ('sum', top.cpp:91) [754]  (2.798 ns)

 <State 267>: 2.798ns
The critical path consists of the following:
	'fadd' operation 32 bit ('sum', top.cpp:91) [754]  (2.798 ns)

 <State 268>: 2.798ns
The critical path consists of the following:
	'fadd' operation 32 bit ('sum', top.cpp:91) [754]  (2.798 ns)

 <State 269>: 2.798ns
The critical path consists of the following:
	'fadd' operation 32 bit ('sum', top.cpp:91) [754]  (2.798 ns)

 <State 270>: 2.798ns
The critical path consists of the following:
	'fadd' operation 32 bit ('sum', top.cpp:91) [754]  (2.798 ns)

 <State 271>: 2.798ns
The critical path consists of the following:
	'fadd' operation 32 bit ('sum', top.cpp:91) [754]  (2.798 ns)

 <State 272>: 2.183ns
The critical path consists of the following:
	'add' operation 11 bit of DSP[65] ('add_ln94', top.cpp:94) [65]  (0.831 ns)
	'getelementptr' operation 11 bit ('top_kernel_float_const_float_const_float_const_float_gaussian_blurred_2_a', top.cpp:94) [68]  (0.000 ns)
	'store' operation 0 bit ('store_ln94', top.cpp:94) of variable 'sum', top.cpp:91 on array 'top_kernel_float_const_float_const_float_const_float_gaussian_blurred_2' [757]  (1.352 ns)


============================================================
+ Verbose Summary: Binding
============================================================
N/A
* FSMD analyzer results:
  - Output states:
 - Input state : 
  - Chain level:
	State 1
	State 2
	State 3
	State 4
	State 5
	State 6
	State 7
	State 8
	State 9
	State 10
	State 11
	State 12
	State 13
	State 14
	State 15
	State 16
	State 17
	State 18
	State 19
	State 20
	State 21
	State 22
	State 23
	State 24
	State 25
	State 26
	State 27
	State 28
	State 29
	State 30
	State 31
	State 32
	State 33
	State 34
	State 35
	State 36
	State 37
	State 38
	State 39
	State 40
	State 41
	State 42
	State 43
	State 44
	State 45
	State 46
	State 47
	State 48
	State 49
	State 50
	State 51
	State 52
	State 53
	State 54
	State 55
	State 56
	State 57
	State 58
	State 59
	State 60
	State 61
	State 62
	State 63
	State 64
	State 65
	State 66
	State 67
	State 68
	State 69
	State 70
	State 71
	State 72
	State 73
	State 74
	State 75
	State 76
	State 77
	State 78
	State 79
	State 80
	State 81
	State 82
	State 83
	State 84
	State 85
	State 86
	State 87
	State 88
	State 89
	State 90
	State 91
	State 92
	State 93
	State 94
	State 95
	State 96
	State 97
	State 98
	State 99
	State 100
	State 101
	State 102
	State 103
	State 104
	State 105
	State 106
	State 107
	State 108
	State 109
	State 110
	State 111
	State 112
	State 113
	State 114
	State 115
	State 116
	State 117
	State 118
	State 119
	State 120
	State 121
	State 122
	State 123
	State 124
	State 125
	State 126
	State 127
	State 128
	State 129
	State 130
	State 131
	State 132
	State 133
	State 134
	State 135
	State 136
	State 137
	State 138
	State 139
	State 140
	State 141
	State 142
	State 143
	State 144
	State 145
	State 146
	State 147
	State 148
	State 149
	State 150
	State 151
	State 152
	State 153
	State 154
	State 155
	State 156
	State 157
	State 158
	State 159
	State 160
	State 161
	State 162
	State 163
	State 164
	State 165
	State 166
	State 167
	State 168
	State 169
	State 170
	State 171
	State 172
	State 173
	State 174
	State 175
	State 176
	State 177
	State 178
	State 179
	State 180
	State 181
	State 182
	State 183
	State 184
	State 185
	State 186
	State 187
	State 188
	State 189
	State 190
	State 191
	State 192
	State 193
	State 194
	State 195
	State 196
	State 197
	State 198
	State 199
	State 200
	State 201
	State 202
	State 203
	State 204
	State 205
	State 206
	State 207
	State 208
	State 209
	State 210
	State 211
	State 212
	State 213
	State 214
	State 215
	State 216
	State 217
	State 218
	State 219
	State 220
	State 221
	State 222
	State 223
	State 224
	State 225
	State 226
	State 227
	State 228
	State 229
	State 230
	State 231
	State 232
	State 233
	State 234
	State 235
	State 236
	State 237
	State 238
	State 239
	State 240
	State 241
	State 242
	State 243
	State 244
	State 245
	State 246
	State 247
	State 248
	State 249
	State 250
	State 251
	State 252
	State 253
	State 254
	State 255
	State 256
	State 257
	State 258
	State 259
	State 260
	State 261
	State 262
	State 263
	State 264
	State 265
	State 266
	State 267
	State 268
	State 269
	State 270
	State 271
	State 272


============================================================
+ Verbose Summary: Datapath Resource usage 
============================================================
N/A
