

================================================================
== Vitis HLS Report for 'top_kernel_Pipeline_K5_Dilation_VITIS_LOOP_160_18'
================================================================
* Date:           Thu Apr  9 00:34:57 2026

* Version:        2025.1.1 (Build 6214317 on Sep 11 2025)
* Project:        project_1
* Solution:       hls (Vivado IP Flow Target)
* Product family: zynquplus
* Target device:  xczu3eg-sbva484-1-e


================================================================
== Performance Estimates
================================================================
+ Timing: 
    * Summary: 
    +--------+---------+----------+------------+
    |  Clock |  Target | Estimated| Uncertainty|
    +--------+---------+----------+------------+
    |ap_clk  |  4.00 ns|  2.920 ns|     1.08 ns|
    +--------+---------+----------+------------+

+ Latency: 
    * Summary: 
    +---------+---------+-----------+-----------+------+------+------------------------------------------------+
    |  Latency (cycles) |   Latency (absolute)  |   Interval  |                    Pipeline                    |
    |   min   |   max   |    min    |    max    |  min |  max |                      Type                      |
    +---------+---------+-----------+-----------+------+------+------------------------------------------------+
    |     4146|     4146|  16.584 us|  16.584 us|  4097|  4097|  loop auto-rewind stp (delay=0 clock cycles(s))|
    +---------+---------+-----------+-----------+------+------+------------------------------------------------+

    + Detail: 
        * Instance: 
        N/A

        * Loop: 
        +---------------------------------+---------+---------+----------+-----------+-----------+------+----------+
        |                                 |  Latency (cycles) | Iteration|  Initiation Interval  | Trip |          |
        |            Loop Name            |   min   |   max   |  Latency |  achieved |   target  | Count| Pipelined|
        +---------------------------------+---------+---------+----------+-----------+-----------+------+----------+
        |- K5_Dilation_VITIS_LOOP_160_18  |     4144|     4144|        50|          1|          1|  4096|       yes|
        +---------------------------------+---------+---------+----------+-----------+-----------+------+----------+

============================================================
+ Verbose Summary: Synthesis Manager
============================================================
InlineROM: 1
ExposeGlobal: 0
============================================================
+ Verbose Summary: CDFG Model
============================================================
IsTopModel: 0
ResetActiveHigh: 1
IsCombinational: 0
IsDatapathOnly: 0
HasWiredReturn: 1
HasMFsm: 2
HasVarLatency: 1
IsPipeline: 0
IsRtlPipelined: 0
IsInstanceOverlapped: 0
IsDontTouch: 0
HasImplIP: 0
IsGatedGlobalClock: 0

+ Individual pipeline summary: 
  * Pipeline-0: initiation interval (II) = 1, depth = 50


============================================================
+ Verbose Summary: Schedule
============================================================
* Number of FSM states : 50
* Pipeline : 1
  Pipeline-0 : II = 1, D = 50, States = { 1 2 3 4 5 6 7 8 9 10 11 12 13 14 15 16 17 18 19 20 21 22 23 24 25 26 27 28 29 30 31 32 33 34 35 36 37 38 39 40 41 42 43 44 45 46 47 48 49 50 }
* Dataflow Pipeline: 0

* FSM state transitions: 
1 --> 2 
2 --> 3 
3 --> 4 
4 --> 5 
5 --> 6 
6 --> 7 
7 --> 8 
8 --> 9 
9 --> 10 
10 --> 11 
11 --> 12 
12 --> 13 
13 --> 14 
14 --> 15 
15 --> 16 
16 --> 17 
17 --> 18 
18 --> 19 
19 --> 20 
20 --> 21 
21 --> 22 
22 --> 23 
23 --> 24 
24 --> 25 
25 --> 26 
26 --> 27 
27 --> 28 
28 --> 29 
29 --> 30 
30 --> 31 
31 --> 32 
32 --> 33 
33 --> 34 
34 --> 35 
35 --> 36 
36 --> 37 
37 --> 38 
38 --> 39 
39 --> 40 
40 --> 41 
41 --> 42 
42 --> 43 
43 --> 44 
44 --> 45 
45 --> 46 
46 --> 47 
47 --> 48 
48 --> 49 
49 --> 50 
50 --> 

* FSM state operations: 

State 1 <SV = 0> <Delay = 1.95>
ST_1 : Operation 53 [1/1] (0.00ns)   --->   "%m_17 = alloca i32 1" [top.cpp:172]   --->   Operation 53 'alloca' 'm_17' <Predicate = true> <Delay = 0.00>
ST_1 : Operation 54 [1/1] (0.00ns)   --->   "%m_18 = alloca i32 1" [top.cpp:172]   --->   Operation 54 'alloca' 'm_18' <Predicate = true> <Delay = 0.00>
ST_1 : Operation 55 [1/1] (0.00ns)   --->   "%m_22 = alloca i32 1" [top.cpp:172]   --->   Operation 55 'alloca' 'm_22' <Predicate = true> <Delay = 0.00>
ST_1 : Operation 56 [1/1] (0.00ns)   --->   "%m_24 = alloca i32 1" [top.cpp:172]   --->   Operation 56 'alloca' 'm_24' <Predicate = true> <Delay = 0.00>
ST_1 : Operation 57 [1/1] (0.00ns)   --->   "%m = alloca i32 1" [top.cpp:172]   --->   Operation 57 'alloca' 'm' <Predicate = true> <Delay = 0.00>
ST_1 : Operation 58 [1/1] (0.00ns)   --->   "%m_28 = alloca i32 1" [top.cpp:172]   --->   Operation 58 'alloca' 'm_28' <Predicate = true> <Delay = 0.00>
ST_1 : Operation 59 [1/1] (0.00ns)   --->   "%c = alloca i32 1" [top.cpp:160]   --->   Operation 59 'alloca' 'c' <Predicate = true> <Delay = 0.00>
ST_1 : Operation 60 [1/1] (0.00ns)   --->   "%r = alloca i32 1" [top.cpp:159]   --->   Operation 60 'alloca' 'r' <Predicate = true> <Delay = 0.00>
ST_1 : Operation 61 [1/1] (0.00ns)   --->   "%indvar_flatten41 = alloca i32 1"   --->   Operation 61 'alloca' 'indvar_flatten41' <Predicate = true> <Delay = 0.00>
ST_1 : Operation 62 [1/1] (0.00ns)   --->   "%specinterface_ln0 = specinterface void @_ssdm_op_SpecInterface, i32 %gmem3, void @empty_5, i32 0, i32 0, void @empty_12, i32 0, i32 0, void @empty, void @empty_7, void @empty_12, i32 16, i32 16, i32 16, i32 16, void @empty_12, void @empty_12, i32 4294967295, i32 0, i32 0"   --->   Operation 62 'specinterface' 'specinterface_ln0' <Predicate = true> <Delay = 0.00>
ST_1 : Operation 63 [1/1] (0.00ns)   --->   "%out_r_read = read i64 @_ssdm_op_Read.ap_auto.i64, i64 %out_r"   --->   Operation 63 'read' 'out_r_read' <Predicate = true> <Delay = 0.00>
ST_1 : Operation 64 [1/1] (0.00ns)   --->   "%p_ZZ10top_kernelPKfS0_S0_PfE6di_win_0_1_load_read = read i32 @_ssdm_op_Read.ap_auto.float, i32 %p_ZZ10top_kernelPKfS0_S0_PfE6di_win_0_1_load"   --->   Operation 64 'read' 'p_ZZ10top_kernelPKfS0_S0_PfE6di_win_0_1_load_read' <Predicate = true> <Delay = 0.00>
ST_1 : Operation 65 [1/1] (0.00ns)   --->   "%p_ZZ10top_kernelPKfS0_S0_PfE6di_win_0_2_load_read = read i32 @_ssdm_op_Read.ap_auto.float, i32 %p_ZZ10top_kernelPKfS0_S0_PfE6di_win_0_2_load"   --->   Operation 65 'read' 'p_ZZ10top_kernelPKfS0_S0_PfE6di_win_0_2_load_read' <Predicate = true> <Delay = 0.00>
ST_1 : Operation 66 [1/1] (0.00ns)   --->   "%p_ZZ10top_kernelPKfS0_S0_PfE6di_win_1_1_load_read = read i32 @_ssdm_op_Read.ap_auto.float, i32 %p_ZZ10top_kernelPKfS0_S0_PfE6di_win_1_1_load"   --->   Operation 66 'read' 'p_ZZ10top_kernelPKfS0_S0_PfE6di_win_1_1_load_read' <Predicate = true> <Delay = 0.00>
ST_1 : Operation 67 [1/1] (0.00ns)   --->   "%p_ZZ10top_kernelPKfS0_S0_PfE6di_win_1_2_load_read = read i32 @_ssdm_op_Read.ap_auto.float, i32 %p_ZZ10top_kernelPKfS0_S0_PfE6di_win_1_2_load"   --->   Operation 67 'read' 'p_ZZ10top_kernelPKfS0_S0_PfE6di_win_1_2_load_read' <Predicate = true> <Delay = 0.00>
ST_1 : Operation 68 [1/1] (0.00ns)   --->   "%p_ZZ10top_kernelPKfS0_S0_PfE6di_win_2_1_load_read = read i32 @_ssdm_op_Read.ap_auto.float, i32 %p_ZZ10top_kernelPKfS0_S0_PfE6di_win_2_1_load"   --->   Operation 68 'read' 'p_ZZ10top_kernelPKfS0_S0_PfE6di_win_2_1_load_read' <Predicate = true> <Delay = 0.00>
ST_1 : Operation 69 [1/1] (0.00ns)   --->   "%p_ZZ10top_kernelPKfS0_S0_PfE6di_win_2_2_load_read = read i32 @_ssdm_op_Read.ap_auto.float, i32 %p_ZZ10top_kernelPKfS0_S0_PfE6di_win_2_2_load"   --->   Operation 69 'read' 'p_ZZ10top_kernelPKfS0_S0_PfE6di_win_2_2_load_read' <Predicate = true> <Delay = 0.00>
ST_1 : Operation 70 [1/1] (0.48ns)   --->   "%store_ln0 = store i13 0, i13 %indvar_flatten41"   --->   Operation 70 'store' 'store_ln0' <Predicate = true> <Delay = 0.48>
ST_1 : Operation 71 [1/1] (0.48ns)   --->   "%store_ln159 = store i7 0, i7 %r" [top.cpp:159]   --->   Operation 71 'store' 'store_ln159' <Predicate = true> <Delay = 0.48>
ST_1 : Operation 72 [1/1] (0.48ns)   --->   "%store_ln160 = store i7 0, i7 %c" [top.cpp:160]   --->   Operation 72 'store' 'store_ln160' <Predicate = true> <Delay = 0.48>
ST_1 : Operation 73 [1/1] (0.48ns)   --->   "%store_ln172 = store i32 %p_ZZ10top_kernelPKfS0_S0_PfE6di_win_2_2_load_read, i32 %m_28" [top.cpp:172]   --->   Operation 73 'store' 'store_ln172' <Predicate = true> <Delay = 0.48>
ST_1 : Operation 74 [1/1] (0.48ns)   --->   "%store_ln172 = store i32 %p_ZZ10top_kernelPKfS0_S0_PfE6di_win_2_1_load_read, i32 %m" [top.cpp:172]   --->   Operation 74 'store' 'store_ln172' <Predicate = true> <Delay = 0.48>
ST_1 : Operation 75 [1/1] (0.48ns)   --->   "%store_ln172 = store i32 %p_ZZ10top_kernelPKfS0_S0_PfE6di_win_1_2_load_read, i32 %m_24" [top.cpp:172]   --->   Operation 75 'store' 'store_ln172' <Predicate = true> <Delay = 0.48>
ST_1 : Operation 76 [1/1] (0.48ns)   --->   "%store_ln172 = store i32 %p_ZZ10top_kernelPKfS0_S0_PfE6di_win_1_1_load_read, i32 %m_22" [top.cpp:172]   --->   Operation 76 'store' 'store_ln172' <Predicate = true> <Delay = 0.48>
ST_1 : Operation 77 [1/1] (0.48ns)   --->   "%store_ln172 = store i32 %p_ZZ10top_kernelPKfS0_S0_PfE6di_win_0_2_load_read, i32 %m_18" [top.cpp:172]   --->   Operation 77 'store' 'store_ln172' <Predicate = true> <Delay = 0.48>
ST_1 : Operation 78 [1/1] (0.48ns)   --->   "%store_ln172 = store i32 %p_ZZ10top_kernelPKfS0_S0_PfE6di_win_0_1_load_read, i32 %m_17" [top.cpp:172]   --->   Operation 78 'store' 'store_ln172' <Predicate = true> <Delay = 0.48>
ST_1 : Operation 79 [1/1] (0.00ns)   --->   "%br_ln0 = br void %VITIS_LOOP_163_19"   --->   Operation 79 'br' 'br_ln0' <Predicate = true> <Delay = 0.00>
ST_1 : Operation 80 [1/1] (0.00ns)   --->   "%indvar_flatten41_load = load i13 %indvar_flatten41" [top.cpp:159]   --->   Operation 80 'load' 'indvar_flatten41_load' <Predicate = true> <Delay = 0.00>
ST_1 : Operation 81 [1/1] (0.00ns)   --->   "%specbitsmap_ln0 = specbitsmap void @_ssdm_op_SpecBitsMap, i32 %gmem3"   --->   Operation 81 'specbitsmap' 'specbitsmap_ln0' <Predicate = true> <Delay = 0.00>
ST_1 : Operation 82 [1/1] (0.97ns)   --->   "%icmp_ln159 = icmp_eq  i13 %indvar_flatten41_load, i13 4096" [top.cpp:159]   --->   Operation 82 'icmp' 'icmp_ln159' <Predicate = true> <Delay = 0.97> <CoreInst = "Cmp">   --->   Core 9 'Cmp' <Latency = 0> <II = 1> <Delay = 0.97> <FuncUnit> <Opcode : 'seteq' 'setne' 'setle' 'setge' 'setlt' 'setgt'> <InPorts = 2> <OutPorts = 1>
ST_1 : Operation 83 [1/1] (0.97ns)   --->   "%add_ln159_1 = add i13 %indvar_flatten41_load, i13 1" [top.cpp:159]   --->   Operation 83 'add' 'add_ln159_1' <Predicate = true> <Delay = 0.97> <CoreInst = "Adder">   --->   Core 1 'Adder' <Latency = 0> <II = 1> <Delay = 0.97> <FuncUnit> <Opcode : 'add' 'sub'> <InPorts = 2> <OutPorts = 1>
ST_1 : Operation 84 [1/1] (0.00ns)   --->   "%br_ln159 = br i1 %icmp_ln159, void %for.inc435, void %for.end437.exitStub" [top.cpp:159]   --->   Operation 84 'br' 'br_ln159' <Predicate = true> <Delay = 0.00>
ST_1 : Operation 85 [1/1] (0.48ns)   --->   "%store_ln159 = store i13 %add_ln159_1, i13 %indvar_flatten41" [top.cpp:159]   --->   Operation 85 'store' 'store_ln159' <Predicate = (!icmp_ln159)> <Delay = 0.48>

State 2 <SV = 1> <Delay = 2.70>
ST_2 : Operation 86 [1/1] (0.00ns)   --->   "%c_load = load i7 %c" [top.cpp:160]   --->   Operation 86 'load' 'c_load' <Predicate = true> <Delay = 0.00>
ST_2 : Operation 87 [1/1] (0.00ns)   --->   "%r_load = load i7 %r" [top.cpp:159]   --->   Operation 87 'load' 'r_load' <Predicate = true> <Delay = 0.00>
ST_2 : Operation 88 [1/1] (0.89ns)   --->   "%add_ln159 = add i7 %r_load, i7 1" [top.cpp:159]   --->   Operation 88 'add' 'add_ln159' <Predicate = true> <Delay = 0.89> <CoreInst = "Adder">   --->   Core 1 'Adder' <Latency = 0> <II = 1> <Delay = 0.89> <FuncUnit> <Opcode : 'add' 'sub'> <InPorts = 2> <OutPorts = 1>
ST_2 : Operation 89 [1/1] (0.89ns)   --->   "%icmp_ln160 = icmp_eq  i7 %c_load, i7 64" [top.cpp:160]   --->   Operation 89 'icmp' 'icmp_ln160' <Predicate = true> <Delay = 0.89> <CoreInst = "Cmp">   --->   Core 9 'Cmp' <Latency = 0> <II = 1> <Delay = 0.89> <FuncUnit> <Opcode : 'seteq' 'setne' 'setle' 'setge' 'setlt' 'setgt'> <InPorts = 2> <OutPorts = 1>
ST_2 : Operation 90 [1/1] (0.42ns)   --->   "%select_ln159 = select i1 %icmp_ln160, i7 0, i7 %c_load" [top.cpp:159]   --->   Operation 90 'select' 'select_ln159' <Predicate = true> <Delay = 0.42> <CoreInst = "Sel">   --->   Core 73 'Sel' <Latency = 0> <II = 1> <Delay = 0.42> <FuncUnit> <Opcode : 'select'> <InPorts = 3> <OutPorts = 1>
ST_2 : Operation 91 [1/1] (0.42ns)   --->   "%select_ln159_1 = select i1 %icmp_ln160, i7 %add_ln159, i7 %r_load" [top.cpp:159]   --->   Operation 91 'select' 'select_ln159_1' <Predicate = true> <Delay = 0.42> <CoreInst = "Sel">   --->   Core 73 'Sel' <Latency = 0> <II = 1> <Delay = 0.42> <FuncUnit> <Opcode : 'select'> <InPorts = 3> <OutPorts = 1>
ST_2 : Operation 92 [1/1] (0.00ns)   --->   "%empty_36 = trunc i7 %select_ln159_1" [top.cpp:159]   --->   Operation 92 'trunc' 'empty_36' <Predicate = true> <Delay = 0.00>
ST_2 : Operation 93 [1/1] (0.89ns)   --->   "%first_iter_6 = icmp_eq  i7 %select_ln159, i7 0" [top.cpp:159]   --->   Operation 93 'icmp' 'first_iter_6' <Predicate = true> <Delay = 0.89> <CoreInst = "Cmp">   --->   Core 9 'Cmp' <Latency = 0> <II = 1> <Delay = 0.89> <FuncUnit> <Opcode : 'seteq' 'setne' 'setle' 'setge' 'setlt' 'setgt'> <InPorts = 2> <OutPorts = 1>
ST_2 : Operation 94 [1/1] (0.00ns)   --->   "%tmp = partselect i6 @_ssdm_op_PartSelect.i6.i7.i32.i32, i7 %select_ln159_1, i32 1, i32 6" [top.cpp:159]   --->   Operation 94 'partselect' 'tmp' <Predicate = true> <Delay = 0.00>
ST_2 : Operation 95 [1/1] (0.88ns)   --->   "%icmp135 = icmp_ne  i6 %tmp, i6 0" [top.cpp:159]   --->   Operation 95 'icmp' 'icmp135' <Predicate = true> <Delay = 0.88> <CoreInst = "Cmp">   --->   Core 9 'Cmp' <Latency = 0> <II = 1> <Delay = 0.88> <FuncUnit> <Opcode : 'seteq' 'setne' 'setle' 'setge' 'setlt' 'setgt'> <InPorts = 2> <OutPorts = 1>
ST_2 : Operation 96 [1/1] (0.00ns)   --->   "%br_ln160 = br i1 %first_iter_6, void %VITIS_LOOP_163_19.split, void %for.first.iter.VITIS_LOOP_163_19" [top.cpp:160]   --->   Operation 96 'br' 'br_ln160' <Predicate = true> <Delay = 0.00>
ST_2 : Operation 97 [1/1] (0.00ns)   --->   "%zext_ln160 = zext i7 %select_ln159" [top.cpp:160]   --->   Operation 97 'zext' 'zext_ln160' <Predicate = true> <Delay = 0.00>
ST_2 : Operation 98 [1/1] (0.00ns)   --->   "%top_kernel_float_const_float_const_float_const_float_di_line_buf_6_addr = getelementptr i32 %top_kernel_float_const_float_const_float_const_float_di_line_buf_6, i64 0, i64 %zext_ln160" [top.cpp:163]   --->   Operation 98 'getelementptr' 'top_kernel_float_const_float_const_float_const_float_di_line_buf_6_addr' <Predicate = true> <Delay = 0.00>
ST_2 : Operation 99 [2/2] (1.35ns)   --->   "%m_32 = load i6 %top_kernel_float_const_float_const_float_const_float_di_line_buf_6_addr" [top.cpp:163]   --->   Operation 99 'load' 'm_32' <Predicate = true> <Delay = 1.35> <CoreInst = "RAM">   --->   Core 82 'RAM' <Latency = 1> <II = 1> <Delay = 1.35> <Storage> <Opcode : 'load' 'store'> <Ports = 2> <Width = 32> <Depth = 64> <RAM>
ST_2 : Operation 100 [1/1] (0.00ns)   --->   "%top_kernel_float_const_float_const_float_const_float_di_line_buf_7_addr = getelementptr i32 %top_kernel_float_const_float_const_float_const_float_di_line_buf_7, i64 0, i64 %zext_ln160" [top.cpp:163]   --->   Operation 100 'getelementptr' 'top_kernel_float_const_float_const_float_const_float_di_line_buf_7_addr' <Predicate = true> <Delay = 0.00>
ST_2 : Operation 101 [2/2] (1.35ns)   --->   "%m_37 = load i6 %top_kernel_float_const_float_const_float_const_float_di_line_buf_7_addr" [top.cpp:163]   --->   Operation 101 'load' 'm_37' <Predicate = true> <Delay = 1.35> <CoreInst = "RAM">   --->   Core 82 'RAM' <Latency = 1> <II = 1> <Delay = 1.35> <Storage> <Opcode : 'load' 'store'> <Ports = 2> <Width = 32> <Depth = 64> <RAM>
ST_2 : Operation 102 [1/1] (0.00ns)   --->   "%tmp_3 = partselect i6 @_ssdm_op_PartSelect.i6.i7.i32.i32, i7 %select_ln159, i32 1, i32 6" [top.cpp:171]   --->   Operation 102 'partselect' 'tmp_3' <Predicate = true> <Delay = 0.00>
ST_2 : Operation 103 [1/1] (0.88ns)   --->   "%icmp_ln171 = icmp_ne  i6 %tmp_3, i6 0" [top.cpp:171]   --->   Operation 103 'icmp' 'icmp_ln171' <Predicate = true> <Delay = 0.88> <CoreInst = "Cmp">   --->   Core 9 'Cmp' <Latency = 0> <II = 1> <Delay = 0.88> <FuncUnit> <Opcode : 'seteq' 'setne' 'setle' 'setge' 'setlt' 'setgt'> <InPorts = 2> <OutPorts = 1>
ST_2 : Operation 104 [1/1] (0.33ns)   --->   "%and_ln171 = and i1 %icmp135, i1 %icmp_ln171" [top.cpp:171]   --->   Operation 104 'and' 'and_ln171' <Predicate = true> <Delay = 0.33> <CoreInst = "LogicGate">   --->   Core 74 'LogicGate' <Latency = 0> <II = 1> <Delay = 0.33> <FuncUnit> <Opcode : 'and' 'or' 'xor'> <InPorts = 2> <OutPorts = 1>
ST_2 : Operation 105 [1/1] (0.00ns)   --->   "%br_ln171 = br i1 %and_ln171, void %for.inc432, void %VITIS_LOOP_173_22" [top.cpp:171]   --->   Operation 105 'br' 'br_ln171' <Predicate = true> <Delay = 0.00>
ST_2 : Operation 106 [1/1] (0.89ns)   --->   "%add_ln160 = add i7 %select_ln159, i7 1" [top.cpp:160]   --->   Operation 106 'add' 'add_ln160' <Predicate = true> <Delay = 0.89> <CoreInst = "Adder">   --->   Core 1 'Adder' <Latency = 0> <II = 1> <Delay = 0.89> <FuncUnit> <Opcode : 'add' 'sub'> <InPorts = 2> <OutPorts = 1>
ST_2 : Operation 107 [1/1] (0.48ns)   --->   "%store_ln159 = store i7 %select_ln159_1, i7 %r" [top.cpp:159]   --->   Operation 107 'store' 'store_ln159' <Predicate = true> <Delay = 0.48>
ST_2 : Operation 108 [1/1] (0.48ns)   --->   "%store_ln160 = store i7 %add_ln160, i7 %c" [top.cpp:160]   --->   Operation 108 'store' 'store_ln160' <Predicate = true> <Delay = 0.48>

State 3 <SV = 2> <Delay = 2.79>
ST_3 : Operation 109 [1/1] (0.00ns)   --->   "%specloopname_ln0 = specloopname void @_ssdm_op_SpecLoopName, void @K5_Dilation_VITIS_LOOP_160_18_str"   --->   Operation 109 'specloopname' 'specloopname_ln0' <Predicate = true> <Delay = 0.00>
ST_3 : Operation 110 [1/1] (0.00ns)   --->   "%speclooptripcount_ln0 = speclooptripcount void @_ssdm_op_SpecLoopTripCount, i64 4096, i64 4096, i64 4096"   --->   Operation 110 'speclooptripcount' 'speclooptripcount_ln0' <Predicate = true> <Delay = 0.00>
ST_3 : Operation 111 [1/1] (0.00ns)   --->   "%tmp_s = bitconcatenate i14 @_ssdm_op_BitConcatenate.i14.i6.i8, i6 %empty_36, i8 0" [top.cpp:159]   --->   Operation 111 'bitconcatenate' 'tmp_s' <Predicate = true> <Delay = 0.00>
ST_3 : Operation 112 [1/1] (0.00ns)   --->   "%p_cast = zext i14 %tmp_s" [top.cpp:159]   --->   Operation 112 'zext' 'p_cast' <Predicate = true> <Delay = 0.00>
ST_3 : Operation 113 [1/1] (0.98ns)   --->   "%tmp1 = add i15 %p_cast, i15 32516" [top.cpp:159]   --->   Operation 113 'add' 'tmp1' <Predicate = true> <Delay = 0.98> <CoreInst = "Adder">   --->   Core 1 'Adder' <Latency = 0> <II = 1> <Delay = 0.98> <FuncUnit> <Opcode : 'add' 'sub'> <InPorts = 2> <OutPorts = 1>
ST_3 : Operation 114 [1/1] (0.00ns)   --->   "%tmp1_cast = sext i15 %tmp1" [top.cpp:159]   --->   Operation 114 'sext' 'tmp1_cast' <Predicate = true> <Delay = 0.00>
ST_3 : Operation 115 [1/1] (1.47ns)   --->   "%empty_37 = add i64 %tmp1_cast, i64 %out_r_read" [top.cpp:159]   --->   Operation 115 'add' 'empty_37' <Predicate = true> <Delay = 1.47> <CoreInst = "Adder">   --->   Core 1 'Adder' <Latency = 0> <II = 1> <Delay = 1.47> <FuncUnit> <Opcode : 'add' 'sub'> <InPorts = 2> <OutPorts = 1>
ST_3 : Operation 116 [1/1] (0.42ns)   --->   "%select_ln160 = select i1 %icmp135, i64 62, i64 0" [top.cpp:160]   --->   Operation 116 'select' 'select_ln160' <Predicate = true> <Delay = 0.42> <CoreInst = "Sel">   --->   Core 73 'Sel' <Latency = 0> <II = 1> <Delay = 0.42> <FuncUnit> <Opcode : 'select'> <InPorts = 3> <OutPorts = 1>
ST_3 : Operation 117 [1/1] (0.00ns)   --->   "%trunc_ln = partselect i62 @_ssdm_op_PartSelect.i62.i64.i32.i32, i64 %empty_37, i32 2, i32 63" [top.cpp:160]   --->   Operation 117 'partselect' 'trunc_ln' <Predicate = true> <Delay = 0.00>
ST_3 : Operation 118 [1/1] (0.00ns)   --->   "%sext_ln160 = sext i62 %trunc_ln" [top.cpp:160]   --->   Operation 118 'sext' 'sext_ln160' <Predicate = true> <Delay = 0.00>
ST_3 : Operation 119 [1/1] (0.00ns)   --->   "%gmem3_addr = getelementptr i32 %gmem3, i64 %sext_ln160" [top.cpp:160]   --->   Operation 119 'getelementptr' 'gmem3_addr' <Predicate = true> <Delay = 0.00>
ST_3 : Operation 120 [1/1] (0.00ns)   --->   "%tmp_27 = bitconcatenate i12 @_ssdm_op_BitConcatenate.i12.i6.i6, i6 %empty_36, i6 0" [top.cpp:164]   --->   Operation 120 'bitconcatenate' 'tmp_27' <Predicate = true> <Delay = 0.00>
ST_3 : Operation 121 [1/1] (0.00ns)   --->   "%zext_ln164 = zext i7 %select_ln159" [top.cpp:164]   --->   Operation 121 'zext' 'zext_ln164' <Predicate = true> <Delay = 0.00>
ST_3 : Operation 122 [1/1] (0.96ns)   --->   "%add_ln164 = add i12 %tmp_27, i12 %zext_ln164" [top.cpp:164]   --->   Operation 122 'add' 'add_ln164' <Predicate = true> <Delay = 0.96> <CoreInst = "Adder">   --->   Core 1 'Adder' <Latency = 0> <II = 1> <Delay = 0.96> <FuncUnit> <Opcode : 'add' 'sub'> <InPorts = 2> <OutPorts = 1>
ST_3 : Operation 123 [1/1] (0.00ns)   --->   "%zext_ln164_1 = zext i12 %add_ln164" [top.cpp:164]   --->   Operation 123 'zext' 'zext_ln164_1' <Predicate = true> <Delay = 0.00>
ST_3 : Operation 124 [1/1] (0.00ns)   --->   "%eroded_addr = getelementptr i32 %eroded, i64 0, i64 %zext_ln164_1" [top.cpp:164]   --->   Operation 124 'getelementptr' 'eroded_addr' <Predicate = true> <Delay = 0.00>
ST_3 : Operation 125 [1/2] ( I:1.35ns O:1.35ns )   --->   "%m_32 = load i6 %top_kernel_float_const_float_const_float_const_float_di_line_buf_6_addr" [top.cpp:163]   --->   Operation 125 'load' 'm_32' <Predicate = true> <Delay = 1.35> <CoreInst = "RAM">   --->   Core 82 'RAM' <Latency = 1> <II = 1> <Delay = 1.35> <Storage> <Opcode : 'load' 'store'> <Ports = 2> <Width = 32> <Depth = 64> <RAM>
ST_3 : Operation 126 [2/2] (1.35ns)   --->   "%m_41 = load i12 %eroded_addr" [top.cpp:164]   --->   Operation 126 'load' 'm_41' <Predicate = true> <Delay = 1.35> <CoreInst = "RAM">   --->   Core 82 'RAM' <Latency = 1> <II = 1> <Delay = 1.35> <Storage> <Opcode : 'load' 'store'> <Ports = 2> <Width = 32> <Depth = 4096> <RAM>
ST_3 : Operation 127 [1/2] ( I:1.35ns O:1.35ns )   --->   "%m_37 = load i6 %top_kernel_float_const_float_const_float_const_float_di_line_buf_7_addr" [top.cpp:163]   --->   Operation 127 'load' 'm_37' <Predicate = true> <Delay = 1.35> <CoreInst = "RAM">   --->   Core 82 'RAM' <Latency = 1> <II = 1> <Delay = 1.35> <Storage> <Opcode : 'load' 'store'> <Ports = 2> <Width = 32> <Depth = 64> <RAM>
ST_3 : Operation 128 [1/1] ( I:1.35ns O:1.35ns )   --->   "%store_ln163 = store i32 %m_37, i6 %top_kernel_float_const_float_const_float_const_float_di_line_buf_6_addr" [top.cpp:163]   --->   Operation 128 'store' 'store_ln163' <Predicate = true> <Delay = 1.35> <CoreInst = "RAM">   --->   Core 82 'RAM' <Latency = 1> <II = 1> <Delay = 1.35> <Storage> <Opcode : 'load' 'store'> <Ports = 2> <Width = 32> <Depth = 64> <RAM>
ST_3 : Operation 129 [1/1] (0.00ns)   --->   "%m_18_load41 = load i32 %m_18" [top.cpp:175]   --->   Operation 129 'load' 'm_18_load41' <Predicate = (and_ln171)> <Delay = 0.00>
ST_3 : Operation 130 [1/1] (0.89ns)   --->   "%icmp_ln160_1 = icmp_eq  i7 %add_ln160, i7 64" [top.cpp:160]   --->   Operation 130 'icmp' 'icmp_ln160_1' <Predicate = true> <Delay = 0.89> <CoreInst = "Cmp">   --->   Core 9 'Cmp' <Latency = 0> <II = 1> <Delay = 0.89> <FuncUnit> <Opcode : 'seteq' 'setne' 'setle' 'setge' 'setlt' 'setgt'> <InPorts = 2> <OutPorts = 1>
ST_3 : Operation 131 [1/1] (0.00ns)   --->   "%br_ln160 = br i1 %icmp_ln160_1, void %new.latch.for.inc432, void %last.iter.for.inc432" [top.cpp:160]   --->   Operation 131 'br' 'br_ln160' <Predicate = true> <Delay = 0.00>
ST_3 : Operation 132 [1/1] (0.00ns)   --->   "%m_18_load = load i32 %m_18"   --->   Operation 132 'load' 'm_18_load' <Predicate = true> <Delay = 0.00>
ST_3 : Operation 133 [10/10] (2.79ns)   --->   "%m_18_add = fadd i32 %m_18_load, i32 0"   --->   Operation 133 'fadd' 'm_18_add' <Predicate = true> <Delay = 2.79> <CoreInst = "FAddSub_fulldsp">   --->   Core 18 'FAddSub_fulldsp' <Latency = 9> <II = 1> <Delay = 2.79> <FuncUnit> <Opcode : 'fadd' 'fsub'> <InPorts = 2> <OutPorts = 1>
ST_3 : Operation 134 [1/1] (0.48ns)   --->   "%store_ln172 = store i32 %m_32, i32 %m_18" [top.cpp:172]   --->   Operation 134 'store' 'store_ln172' <Predicate = true> <Delay = 0.48>

State 4 <SV = 3> <Delay = 2.92>
ST_4 : Operation 135 [1/1] (2.92ns)   --->   "%empty_35 = writereq i1 @_ssdm_op_WriteReq.m_axi.p1i32, i32 %gmem3_addr, i64 %select_ln160" [top.cpp:160]   --->   Operation 135 'writereq' 'empty_35' <Predicate = (first_iter_6)> <Delay = 2.92> <CoreInst = "m_axi">   --->   Core 119 'm_axi' <Latency = 9> <II = 1> <Delay = 1.00> <Adapter> <Opcode : 'read' 'write' 'readreq' 'writereq' 'writeresp'>
ST_4 : Operation 136 [1/1] (0.00ns)   --->   "%br_ln160 = br void %VITIS_LOOP_163_19.split" [top.cpp:160]   --->   Operation 136 'br' 'br_ln160' <Predicate = (first_iter_6)> <Delay = 0.00>
ST_4 : Operation 137 [1/1] (0.00ns)   --->   "%specpipeline_ln161 = specpipeline void @_ssdm_op_SpecPipeline, i32 1, i32 0, i32 0, i32 0, void @empty_12" [top.cpp:161]   --->   Operation 137 'specpipeline' 'specpipeline_ln161' <Predicate = true> <Delay = 0.00>
ST_4 : Operation 138 [1/2] ( I:1.35ns O:1.35ns )   --->   "%m_41 = load i12 %eroded_addr" [top.cpp:164]   --->   Operation 138 'load' 'm_41' <Predicate = true> <Delay = 1.35> <CoreInst = "RAM">   --->   Core 82 'RAM' <Latency = 1> <II = 1> <Delay = 1.35> <Storage> <Opcode : 'load' 'store'> <Ports = 2> <Width = 32> <Depth = 4096> <RAM>
ST_4 : Operation 139 [1/1] ( I:1.35ns O:1.35ns )   --->   "%store_ln164 = store i32 %m_41, i6 %top_kernel_float_const_float_const_float_const_float_di_line_buf_7_addr" [top.cpp:164]   --->   Operation 139 'store' 'store_ln164' <Predicate = true> <Delay = 1.35> <CoreInst = "RAM">   --->   Core 82 'RAM' <Latency = 1> <II = 1> <Delay = 1.35> <Storage> <Opcode : 'load' 'store'> <Ports = 2> <Width = 32> <Depth = 64> <RAM>
ST_4 : Operation 140 [9/10] (2.79ns)   --->   "%m_18_add = fadd i32 %m_18_load, i32 0"   --->   Operation 140 'fadd' 'm_18_add' <Predicate = true> <Delay = 2.79> <CoreInst = "FAddSub_fulldsp">   --->   Core 18 'FAddSub_fulldsp' <Latency = 9> <II = 1> <Delay = 2.79> <FuncUnit> <Opcode : 'fadd' 'fsub'> <InPorts = 2> <OutPorts = 1>

State 5 <SV = 4> <Delay = 2.79>
ST_5 : Operation 141 [8/10] (2.79ns)   --->   "%m_18_add = fadd i32 %m_18_load, i32 0"   --->   Operation 141 'fadd' 'm_18_add' <Predicate = true> <Delay = 2.79> <CoreInst = "FAddSub_fulldsp">   --->   Core 18 'FAddSub_fulldsp' <Latency = 9> <II = 1> <Delay = 2.79> <FuncUnit> <Opcode : 'fadd' 'fsub'> <InPorts = 2> <OutPorts = 1>

State 6 <SV = 5> <Delay = 2.79>
ST_6 : Operation 142 [7/10] (2.79ns)   --->   "%m_18_add = fadd i32 %m_18_load, i32 0"   --->   Operation 142 'fadd' 'm_18_add' <Predicate = true> <Delay = 2.79> <CoreInst = "FAddSub_fulldsp">   --->   Core 18 'FAddSub_fulldsp' <Latency = 9> <II = 1> <Delay = 2.79> <FuncUnit> <Opcode : 'fadd' 'fsub'> <InPorts = 2> <OutPorts = 1>

State 7 <SV = 6> <Delay = 2.79>
ST_7 : Operation 143 [6/10] (2.79ns)   --->   "%m_18_add = fadd i32 %m_18_load, i32 0"   --->   Operation 143 'fadd' 'm_18_add' <Predicate = true> <Delay = 2.79> <CoreInst = "FAddSub_fulldsp">   --->   Core 18 'FAddSub_fulldsp' <Latency = 9> <II = 1> <Delay = 2.79> <FuncUnit> <Opcode : 'fadd' 'fsub'> <InPorts = 2> <OutPorts = 1>

State 8 <SV = 7> <Delay = 2.79>
ST_8 : Operation 144 [5/10] (2.79ns)   --->   "%m_18_add = fadd i32 %m_18_load, i32 0"   --->   Operation 144 'fadd' 'm_18_add' <Predicate = true> <Delay = 2.79> <CoreInst = "FAddSub_fulldsp">   --->   Core 18 'FAddSub_fulldsp' <Latency = 9> <II = 1> <Delay = 2.79> <FuncUnit> <Opcode : 'fadd' 'fsub'> <InPorts = 2> <OutPorts = 1>

State 9 <SV = 8> <Delay = 2.79>
ST_9 : Operation 145 [4/10] (2.79ns)   --->   "%m_18_add = fadd i32 %m_18_load, i32 0"   --->   Operation 145 'fadd' 'm_18_add' <Predicate = true> <Delay = 2.79> <CoreInst = "FAddSub_fulldsp">   --->   Core 18 'FAddSub_fulldsp' <Latency = 9> <II = 1> <Delay = 2.79> <FuncUnit> <Opcode : 'fadd' 'fsub'> <InPorts = 2> <OutPorts = 1>

State 10 <SV = 9> <Delay = 2.79>
ST_10 : Operation 146 [3/10] (2.79ns)   --->   "%m_18_add = fadd i32 %m_18_load, i32 0"   --->   Operation 146 'fadd' 'm_18_add' <Predicate = true> <Delay = 2.79> <CoreInst = "FAddSub_fulldsp">   --->   Core 18 'FAddSub_fulldsp' <Latency = 9> <II = 1> <Delay = 2.79> <FuncUnit> <Opcode : 'fadd' 'fsub'> <InPorts = 2> <OutPorts = 1>

State 11 <SV = 10> <Delay = 2.79>
ST_11 : Operation 147 [1/1] (0.00ns)   --->   "%m_24_load_2 = load i32 %m_24" [top.cpp:175]   --->   Operation 147 'load' 'm_24_load_2' <Predicate = (and_ln171)> <Delay = 0.00>
ST_11 : Operation 148 [1/1] (0.00ns)   --->   "%m_24_load = load i32 %m_24"   --->   Operation 148 'load' 'm_24_load' <Predicate = true> <Delay = 0.00>
ST_11 : Operation 149 [2/10] (2.79ns)   --->   "%m_18_add = fadd i32 %m_18_load, i32 0"   --->   Operation 149 'fadd' 'm_18_add' <Predicate = true> <Delay = 2.79> <CoreInst = "FAddSub_fulldsp">   --->   Core 18 'FAddSub_fulldsp' <Latency = 9> <II = 1> <Delay = 2.79> <FuncUnit> <Opcode : 'fadd' 'fsub'> <InPorts = 2> <OutPorts = 1>
ST_11 : Operation 150 [10/10] (2.79ns)   --->   "%m_24_add = fadd i32 %m_24_load, i32 0"   --->   Operation 150 'fadd' 'm_24_add' <Predicate = true> <Delay = 2.79> <CoreInst = "FAddSub_fulldsp">   --->   Core 18 'FAddSub_fulldsp' <Latency = 9> <II = 1> <Delay = 2.79> <FuncUnit> <Opcode : 'fadd' 'fsub'> <InPorts = 2> <OutPorts = 1>
ST_11 : Operation 151 [1/1] (0.48ns)   --->   "%store_ln172 = store i32 %m_37, i32 %m_24" [top.cpp:172]   --->   Operation 151 'store' 'store_ln172' <Predicate = true> <Delay = 0.48>

State 12 <SV = 11> <Delay = 2.79>
ST_12 : Operation 152 [1/10] (2.79ns)   --->   "%m_18_add = fadd i32 %m_18_load, i32 0"   --->   Operation 152 'fadd' 'm_18_add' <Predicate = true> <Delay = 2.79> <CoreInst = "FAddSub_fulldsp">   --->   Core 18 'FAddSub_fulldsp' <Latency = 9> <II = 1> <Delay = 2.79> <FuncUnit> <Opcode : 'fadd' 'fsub'> <InPorts = 2> <OutPorts = 1>
ST_12 : Operation 153 [9/10] (2.79ns)   --->   "%m_24_add = fadd i32 %m_24_load, i32 0"   --->   Operation 153 'fadd' 'm_24_add' <Predicate = true> <Delay = 2.79> <CoreInst = "FAddSub_fulldsp">   --->   Core 18 'FAddSub_fulldsp' <Latency = 9> <II = 1> <Delay = 2.79> <FuncUnit> <Opcode : 'fadd' 'fsub'> <InPorts = 2> <OutPorts = 1>

State 13 <SV = 12> <Delay = 2.79>
ST_13 : Operation 154 [1/1] (0.00ns)   --->   "%m_17_load_1 = load i32 %m_17" [top.cpp:175]   --->   Operation 154 'load' 'm_17_load_1' <Predicate = (and_ln171)> <Delay = 0.00>
ST_13 : Operation 155 [3/3] (2.79ns)   --->   "%tmp_30 = fcmp_ogt  i32 %m_18_load41, i32 %m_17_load_1" [top.cpp:175]   --->   Operation 155 'fcmp' 'tmp_30' <Predicate = (and_ln171)> <Delay = 2.79> <CoreInst = "FCompare">   --->   Core 19 'FCompare' <Latency = 2> <II = 1> <Delay = 2.79> <FuncUnit> <Opcode : 'fcmp'> <InPorts = 2> <OutPorts = 1>
ST_13 : Operation 156 [8/10] (2.79ns)   --->   "%m_24_add = fadd i32 %m_24_load, i32 0"   --->   Operation 156 'fadd' 'm_24_add' <Predicate = true> <Delay = 2.79> <CoreInst = "FAddSub_fulldsp">   --->   Core 18 'FAddSub_fulldsp' <Latency = 9> <II = 1> <Delay = 2.79> <FuncUnit> <Opcode : 'fadd' 'fsub'> <InPorts = 2> <OutPorts = 1>
ST_13 : Operation 157 [1/1] (0.48ns)   --->   "%store_ln172 = store i32 %m_18_add, i32 %m_17" [top.cpp:172]   --->   Operation 157 'store' 'store_ln172' <Predicate = true> <Delay = 0.48>

State 14 <SV = 13> <Delay = 2.79>
ST_14 : Operation 158 [2/3] (2.79ns)   --->   "%tmp_30 = fcmp_ogt  i32 %m_18_load41, i32 %m_17_load_1" [top.cpp:175]   --->   Operation 158 'fcmp' 'tmp_30' <Predicate = (and_ln171)> <Delay = 2.79> <CoreInst = "FCompare">   --->   Core 19 'FCompare' <Latency = 2> <II = 1> <Delay = 2.79> <FuncUnit> <Opcode : 'fcmp'> <InPorts = 2> <OutPorts = 1>
ST_14 : Operation 159 [7/10] (2.79ns)   --->   "%m_24_add = fadd i32 %m_24_load, i32 0"   --->   Operation 159 'fadd' 'm_24_add' <Predicate = true> <Delay = 2.79> <CoreInst = "FAddSub_fulldsp">   --->   Core 18 'FAddSub_fulldsp' <Latency = 9> <II = 1> <Delay = 2.79> <FuncUnit> <Opcode : 'fadd' 'fsub'> <InPorts = 2> <OutPorts = 1>

State 15 <SV = 14> <Delay = 2.79>
ST_15 : Operation 160 [1/3] (2.79ns)   --->   "%tmp_30 = fcmp_ogt  i32 %m_18_load41, i32 %m_17_load_1" [top.cpp:175]   --->   Operation 160 'fcmp' 'tmp_30' <Predicate = (and_ln171)> <Delay = 2.79> <CoreInst = "FCompare">   --->   Core 19 'FCompare' <Latency = 2> <II = 1> <Delay = 2.79> <FuncUnit> <Opcode : 'fcmp'> <InPorts = 2> <OutPorts = 1>
ST_15 : Operation 161 [6/10] (2.79ns)   --->   "%m_24_add = fadd i32 %m_24_load, i32 0"   --->   Operation 161 'fadd' 'm_24_add' <Predicate = true> <Delay = 2.79> <CoreInst = "FAddSub_fulldsp">   --->   Core 18 'FAddSub_fulldsp' <Latency = 9> <II = 1> <Delay = 2.79> <FuncUnit> <Opcode : 'fadd' 'fsub'> <InPorts = 2> <OutPorts = 1>

State 16 <SV = 15> <Delay = 2.79>
ST_16 : Operation 162 [1/1] (0.00ns)   --->   "%bitcast_ln175 = bitcast i32 %m_18_load41" [top.cpp:175]   --->   Operation 162 'bitcast' 'bitcast_ln175' <Predicate = (and_ln171)> <Delay = 0.00>
ST_16 : Operation 163 [1/1] (0.00ns)   --->   "%tmp_28 = partselect i8 @_ssdm_op_PartSelect.i8.i32.i32.i32, i32 %bitcast_ln175, i32 23, i32 30" [top.cpp:175]   --->   Operation 163 'partselect' 'tmp_28' <Predicate = (and_ln171)> <Delay = 0.00>
ST_16 : Operation 164 [1/1] (0.00ns)   --->   "%trunc_ln175 = trunc i32 %bitcast_ln175" [top.cpp:175]   --->   Operation 164 'trunc' 'trunc_ln175' <Predicate = (and_ln171)> <Delay = 0.00>
ST_16 : Operation 165 [1/1] (0.00ns)   --->   "%bitcast_ln175_1 = bitcast i32 %m_17_load_1" [top.cpp:175]   --->   Operation 165 'bitcast' 'bitcast_ln175_1' <Predicate = (and_ln171)> <Delay = 0.00>
ST_16 : Operation 166 [1/1] (0.00ns)   --->   "%tmp_29 = partselect i8 @_ssdm_op_PartSelect.i8.i32.i32.i32, i32 %bitcast_ln175_1, i32 23, i32 30" [top.cpp:175]   --->   Operation 166 'partselect' 'tmp_29' <Predicate = (and_ln171)> <Delay = 0.00>
ST_16 : Operation 167 [1/1] (0.00ns)   --->   "%trunc_ln175_1 = trunc i32 %bitcast_ln175_1" [top.cpp:175]   --->   Operation 167 'trunc' 'trunc_ln175_1' <Predicate = (and_ln171)> <Delay = 0.00>
ST_16 : Operation 168 [1/1] (0.90ns)   --->   "%icmp_ln175 = icmp_ne  i8 %tmp_28, i8 255" [top.cpp:175]   --->   Operation 168 'icmp' 'icmp_ln175' <Predicate = (and_ln171)> <Delay = 0.90> <CoreInst = "Cmp">   --->   Core 9 'Cmp' <Latency = 0> <II = 1> <Delay = 0.90> <FuncUnit> <Opcode : 'seteq' 'setne' 'setle' 'setge' 'setlt' 'setgt'> <InPorts = 2> <OutPorts = 1>
ST_16 : Operation 169 [1/1] (1.09ns)   --->   "%icmp_ln175_1 = icmp_eq  i23 %trunc_ln175, i23 0" [top.cpp:175]   --->   Operation 169 'icmp' 'icmp_ln175_1' <Predicate = (and_ln171)> <Delay = 1.09> <CoreInst = "Cmp">   --->   Core 9 'Cmp' <Latency = 0> <II = 1> <Delay = 1.09> <FuncUnit> <Opcode : 'seteq' 'setne' 'setle' 'setge' 'setlt' 'setgt'> <InPorts = 2> <OutPorts = 1>
ST_16 : Operation 170 [1/1] (0.00ns) (grouped into LUT with out node and_ln175_1)   --->   "%or_ln175 = or i1 %icmp_ln175_1, i1 %icmp_ln175" [top.cpp:175]   --->   Operation 170 'or' 'or_ln175' <Predicate = (and_ln171)> <Delay = 0.00> <CoreInst = "LogicGate">   --->   Core 74 'LogicGate' <Latency = 0> <II = 1> <Delay = 0.33> <FuncUnit> <Opcode : 'and' 'or' 'xor'> <InPorts = 2> <OutPorts = 1>
ST_16 : Operation 171 [1/1] (0.90ns)   --->   "%icmp_ln175_2 = icmp_ne  i8 %tmp_29, i8 255" [top.cpp:175]   --->   Operation 171 'icmp' 'icmp_ln175_2' <Predicate = (and_ln171)> <Delay = 0.90> <CoreInst = "Cmp">   --->   Core 9 'Cmp' <Latency = 0> <II = 1> <Delay = 0.90> <FuncUnit> <Opcode : 'seteq' 'setne' 'setle' 'setge' 'setlt' 'setgt'> <InPorts = 2> <OutPorts = 1>
ST_16 : Operation 172 [1/1] (1.09ns)   --->   "%icmp_ln175_3 = icmp_eq  i23 %trunc_ln175_1, i23 0" [top.cpp:175]   --->   Operation 172 'icmp' 'icmp_ln175_3' <Predicate = (and_ln171)> <Delay = 1.09> <CoreInst = "Cmp">   --->   Core 9 'Cmp' <Latency = 0> <II = 1> <Delay = 1.09> <FuncUnit> <Opcode : 'seteq' 'setne' 'setle' 'setge' 'setlt' 'setgt'> <InPorts = 2> <OutPorts = 1>
ST_16 : Operation 173 [1/1] (0.00ns) (grouped into LUT with out node and_ln175_1)   --->   "%or_ln175_1 = or i1 %icmp_ln175_3, i1 %icmp_ln175_2" [top.cpp:175]   --->   Operation 173 'or' 'or_ln175_1' <Predicate = (and_ln171)> <Delay = 0.00> <CoreInst = "LogicGate">   --->   Core 74 'LogicGate' <Latency = 0> <II = 1> <Delay = 0.33> <FuncUnit> <Opcode : 'and' 'or' 'xor'> <InPorts = 2> <OutPorts = 1>
ST_16 : Operation 174 [1/1] (0.00ns) (grouped into LUT with out node and_ln175_1)   --->   "%and_ln175 = and i1 %or_ln175, i1 %or_ln175_1" [top.cpp:175]   --->   Operation 174 'and' 'and_ln175' <Predicate = (and_ln171)> <Delay = 0.00> <CoreInst = "LogicGate">   --->   Core 74 'LogicGate' <Latency = 0> <II = 1> <Delay = 0.33> <FuncUnit> <Opcode : 'and' 'or' 'xor'> <InPorts = 2> <OutPorts = 1>
ST_16 : Operation 175 [1/1] (0.33ns) (out node of the LUT)   --->   "%and_ln175_1 = and i1 %and_ln175, i1 %tmp_30" [top.cpp:175]   --->   Operation 175 'and' 'and_ln175_1' <Predicate = (and_ln171)> <Delay = 0.33> <CoreInst = "LogicGate">   --->   Core 74 'LogicGate' <Latency = 0> <II = 1> <Delay = 0.33> <FuncUnit> <Opcode : 'and' 'or' 'xor'> <InPorts = 2> <OutPorts = 1>
ST_16 : Operation 176 [1/1] (0.52ns) (out node of the LUT)   --->   "%m_30 = select i1 %and_ln175_1, i32 %m_18_load41, i32 %m_17_load_1" [top.cpp:175]   --->   Operation 176 'select' 'm_30' <Predicate = (and_ln171)> <Delay = 0.52> <CoreInst = "Sel">   --->   Core 73 'Sel' <Latency = 0> <II = 1> <Delay = 0.52> <FuncUnit> <Opcode : 'select'> <InPorts = 3> <OutPorts = 1>
ST_16 : Operation 177 [5/10] (2.79ns)   --->   "%m_24_add = fadd i32 %m_24_load, i32 0"   --->   Operation 177 'fadd' 'm_24_add' <Predicate = true> <Delay = 2.79> <CoreInst = "FAddSub_fulldsp">   --->   Core 18 'FAddSub_fulldsp' <Latency = 9> <II = 1> <Delay = 2.79> <FuncUnit> <Opcode : 'fadd' 'fsub'> <InPorts = 2> <OutPorts = 1>

State 17 <SV = 16> <Delay = 2.79>
ST_17 : Operation 178 [3/3] (2.79ns)   --->   "%tmp_33 = fcmp_ogt  i32 %m_32, i32 %m_30" [top.cpp:175]   --->   Operation 178 'fcmp' 'tmp_33' <Predicate = (and_ln171)> <Delay = 2.79> <CoreInst = "FCompare">   --->   Core 19 'FCompare' <Latency = 2> <II = 1> <Delay = 2.79> <FuncUnit> <Opcode : 'fcmp'> <InPorts = 2> <OutPorts = 1>
ST_17 : Operation 179 [4/10] (2.79ns)   --->   "%m_24_add = fadd i32 %m_24_load, i32 0"   --->   Operation 179 'fadd' 'm_24_add' <Predicate = true> <Delay = 2.79> <CoreInst = "FAddSub_fulldsp">   --->   Core 18 'FAddSub_fulldsp' <Latency = 9> <II = 1> <Delay = 2.79> <FuncUnit> <Opcode : 'fadd' 'fsub'> <InPorts = 2> <OutPorts = 1>

State 18 <SV = 17> <Delay = 2.79>
ST_18 : Operation 180 [2/3] (2.79ns)   --->   "%tmp_33 = fcmp_ogt  i32 %m_32, i32 %m_30" [top.cpp:175]   --->   Operation 180 'fcmp' 'tmp_33' <Predicate = (and_ln171)> <Delay = 2.79> <CoreInst = "FCompare">   --->   Core 19 'FCompare' <Latency = 2> <II = 1> <Delay = 2.79> <FuncUnit> <Opcode : 'fcmp'> <InPorts = 2> <OutPorts = 1>
ST_18 : Operation 181 [3/10] (2.79ns)   --->   "%m_24_add = fadd i32 %m_24_load, i32 0"   --->   Operation 181 'fadd' 'm_24_add' <Predicate = true> <Delay = 2.79> <CoreInst = "FAddSub_fulldsp">   --->   Core 18 'FAddSub_fulldsp' <Latency = 9> <II = 1> <Delay = 2.79> <FuncUnit> <Opcode : 'fadd' 'fsub'> <InPorts = 2> <OutPorts = 1>

State 19 <SV = 18> <Delay = 2.79>
ST_19 : Operation 182 [1/3] (2.79ns)   --->   "%tmp_33 = fcmp_ogt  i32 %m_32, i32 %m_30" [top.cpp:175]   --->   Operation 182 'fcmp' 'tmp_33' <Predicate = (and_ln171)> <Delay = 2.79> <CoreInst = "FCompare">   --->   Core 19 'FCompare' <Latency = 2> <II = 1> <Delay = 2.79> <FuncUnit> <Opcode : 'fcmp'> <InPorts = 2> <OutPorts = 1>
ST_19 : Operation 183 [2/10] (2.79ns)   --->   "%m_24_add = fadd i32 %m_24_load, i32 0"   --->   Operation 183 'fadd' 'm_24_add' <Predicate = true> <Delay = 2.79> <CoreInst = "FAddSub_fulldsp">   --->   Core 18 'FAddSub_fulldsp' <Latency = 9> <II = 1> <Delay = 2.79> <FuncUnit> <Opcode : 'fadd' 'fsub'> <InPorts = 2> <OutPorts = 1>

State 20 <SV = 19> <Delay = 2.79>
ST_20 : Operation 184 [1/1] (0.00ns)   --->   "%bitcast_ln175_2 = bitcast i32 %m_32" [top.cpp:175]   --->   Operation 184 'bitcast' 'bitcast_ln175_2' <Predicate = (and_ln171)> <Delay = 0.00>
ST_20 : Operation 185 [1/1] (0.00ns)   --->   "%tmp_31 = partselect i8 @_ssdm_op_PartSelect.i8.i32.i32.i32, i32 %bitcast_ln175_2, i32 23, i32 30" [top.cpp:175]   --->   Operation 185 'partselect' 'tmp_31' <Predicate = (and_ln171)> <Delay = 0.00>
ST_20 : Operation 186 [1/1] (0.00ns)   --->   "%trunc_ln175_2 = trunc i32 %bitcast_ln175_2" [top.cpp:175]   --->   Operation 186 'trunc' 'trunc_ln175_2' <Predicate = (and_ln171)> <Delay = 0.00>
ST_20 : Operation 187 [1/1] (0.00ns)   --->   "%bitcast_ln175_3 = bitcast i32 %m_30" [top.cpp:175]   --->   Operation 187 'bitcast' 'bitcast_ln175_3' <Predicate = (and_ln171)> <Delay = 0.00>
ST_20 : Operation 188 [1/1] (0.00ns)   --->   "%tmp_32 = partselect i8 @_ssdm_op_PartSelect.i8.i32.i32.i32, i32 %bitcast_ln175_3, i32 23, i32 30" [top.cpp:175]   --->   Operation 188 'partselect' 'tmp_32' <Predicate = (and_ln171)> <Delay = 0.00>
ST_20 : Operation 189 [1/1] (0.00ns)   --->   "%trunc_ln175_3 = trunc i32 %bitcast_ln175_3" [top.cpp:175]   --->   Operation 189 'trunc' 'trunc_ln175_3' <Predicate = (and_ln171)> <Delay = 0.00>
ST_20 : Operation 190 [1/1] (0.90ns)   --->   "%icmp_ln175_4 = icmp_ne  i8 %tmp_31, i8 255" [top.cpp:175]   --->   Operation 190 'icmp' 'icmp_ln175_4' <Predicate = (and_ln171)> <Delay = 0.90> <CoreInst = "Cmp">   --->   Core 9 'Cmp' <Latency = 0> <II = 1> <Delay = 0.90> <FuncUnit> <Opcode : 'seteq' 'setne' 'setle' 'setge' 'setlt' 'setgt'> <InPorts = 2> <OutPorts = 1>
ST_20 : Operation 191 [1/1] (1.09ns)   --->   "%icmp_ln175_5 = icmp_eq  i23 %trunc_ln175_2, i23 0" [top.cpp:175]   --->   Operation 191 'icmp' 'icmp_ln175_5' <Predicate = (and_ln171)> <Delay = 1.09> <CoreInst = "Cmp">   --->   Core 9 'Cmp' <Latency = 0> <II = 1> <Delay = 1.09> <FuncUnit> <Opcode : 'seteq' 'setne' 'setle' 'setge' 'setlt' 'setgt'> <InPorts = 2> <OutPorts = 1>
ST_20 : Operation 192 [1/1] (0.00ns) (grouped into LUT with out node and_ln175_3)   --->   "%or_ln175_2 = or i1 %icmp_ln175_5, i1 %icmp_ln175_4" [top.cpp:175]   --->   Operation 192 'or' 'or_ln175_2' <Predicate = (and_ln171)> <Delay = 0.00> <CoreInst = "LogicGate">   --->   Core 74 'LogicGate' <Latency = 0> <II = 1> <Delay = 0.33> <FuncUnit> <Opcode : 'and' 'or' 'xor'> <InPorts = 2> <OutPorts = 1>
ST_20 : Operation 193 [1/1] (0.90ns)   --->   "%icmp_ln175_6 = icmp_ne  i8 %tmp_32, i8 255" [top.cpp:175]   --->   Operation 193 'icmp' 'icmp_ln175_6' <Predicate = (and_ln171)> <Delay = 0.90> <CoreInst = "Cmp">   --->   Core 9 'Cmp' <Latency = 0> <II = 1> <Delay = 0.90> <FuncUnit> <Opcode : 'seteq' 'setne' 'setle' 'setge' 'setlt' 'setgt'> <InPorts = 2> <OutPorts = 1>
ST_20 : Operation 194 [1/1] (1.09ns)   --->   "%icmp_ln175_7 = icmp_eq  i23 %trunc_ln175_3, i23 0" [top.cpp:175]   --->   Operation 194 'icmp' 'icmp_ln175_7' <Predicate = (and_ln171)> <Delay = 1.09> <CoreInst = "Cmp">   --->   Core 9 'Cmp' <Latency = 0> <II = 1> <Delay = 1.09> <FuncUnit> <Opcode : 'seteq' 'setne' 'setle' 'setge' 'setlt' 'setgt'> <InPorts = 2> <OutPorts = 1>
ST_20 : Operation 195 [1/1] (0.00ns) (grouped into LUT with out node and_ln175_3)   --->   "%or_ln175_3 = or i1 %icmp_ln175_7, i1 %icmp_ln175_6" [top.cpp:175]   --->   Operation 195 'or' 'or_ln175_3' <Predicate = (and_ln171)> <Delay = 0.00> <CoreInst = "LogicGate">   --->   Core 74 'LogicGate' <Latency = 0> <II = 1> <Delay = 0.33> <FuncUnit> <Opcode : 'and' 'or' 'xor'> <InPorts = 2> <OutPorts = 1>
ST_20 : Operation 196 [1/1] (0.00ns) (grouped into LUT with out node and_ln175_3)   --->   "%and_ln175_2 = and i1 %or_ln175_2, i1 %or_ln175_3" [top.cpp:175]   --->   Operation 196 'and' 'and_ln175_2' <Predicate = (and_ln171)> <Delay = 0.00> <CoreInst = "LogicGate">   --->   Core 74 'LogicGate' <Latency = 0> <II = 1> <Delay = 0.33> <FuncUnit> <Opcode : 'and' 'or' 'xor'> <InPorts = 2> <OutPorts = 1>
ST_20 : Operation 197 [1/1] (0.33ns) (out node of the LUT)   --->   "%and_ln175_3 = and i1 %and_ln175_2, i1 %tmp_33" [top.cpp:175]   --->   Operation 197 'and' 'and_ln175_3' <Predicate = (and_ln171)> <Delay = 0.33> <CoreInst = "LogicGate">   --->   Core 74 'LogicGate' <Latency = 0> <II = 1> <Delay = 0.33> <FuncUnit> <Opcode : 'and' 'or' 'xor'> <InPorts = 2> <OutPorts = 1>
ST_20 : Operation 198 [1/1] (0.52ns)   --->   "%m_34 = select i1 %and_ln175_3, i32 %m_32, i32 %m_30" [top.cpp:175]   --->   Operation 198 'select' 'm_34' <Predicate = (and_ln171)> <Delay = 0.52> <CoreInst = "Sel">   --->   Core 73 'Sel' <Latency = 0> <II = 1> <Delay = 0.52> <FuncUnit> <Opcode : 'select'> <InPorts = 3> <OutPorts = 1>
ST_20 : Operation 199 [1/10] (2.79ns)   --->   "%m_24_add = fadd i32 %m_24_load, i32 0"   --->   Operation 199 'fadd' 'm_24_add' <Predicate = true> <Delay = 2.79> <CoreInst = "FAddSub_fulldsp">   --->   Core 18 'FAddSub_fulldsp' <Latency = 9> <II = 1> <Delay = 2.79> <FuncUnit> <Opcode : 'fadd' 'fsub'> <InPorts = 2> <OutPorts = 1>

State 21 <SV = 20> <Delay = 2.79>
ST_21 : Operation 200 [1/1] (0.00ns)   --->   "%m_22_load_1 = load i32 %m_22" [top.cpp:175]   --->   Operation 200 'load' 'm_22_load_1' <Predicate = (and_ln171)> <Delay = 0.00>
ST_21 : Operation 201 [3/3] (2.79ns)   --->   "%tmp_36 = fcmp_ogt  i32 %m_22_load_1, i32 %m_34" [top.cpp:175]   --->   Operation 201 'fcmp' 'tmp_36' <Predicate = (and_ln171)> <Delay = 2.79> <CoreInst = "FCompare">   --->   Core 19 'FCompare' <Latency = 2> <II = 1> <Delay = 2.79> <FuncUnit> <Opcode : 'fcmp'> <InPorts = 2> <OutPorts = 1>
ST_21 : Operation 202 [1/1] (0.48ns)   --->   "%store_ln172 = store i32 %m_24_add, i32 %m_22" [top.cpp:172]   --->   Operation 202 'store' 'store_ln172' <Predicate = true> <Delay = 0.48>

State 22 <SV = 21> <Delay = 2.79>
ST_22 : Operation 203 [2/3] (2.79ns)   --->   "%tmp_36 = fcmp_ogt  i32 %m_22_load_1, i32 %m_34" [top.cpp:175]   --->   Operation 203 'fcmp' 'tmp_36' <Predicate = (and_ln171)> <Delay = 2.79> <CoreInst = "FCompare">   --->   Core 19 'FCompare' <Latency = 2> <II = 1> <Delay = 2.79> <FuncUnit> <Opcode : 'fcmp'> <InPorts = 2> <OutPorts = 1>

State 23 <SV = 22> <Delay = 2.79>
ST_23 : Operation 204 [1/1] (0.00ns)   --->   "%m_28_load_1 = load i32 %m_28" [top.cpp:175]   --->   Operation 204 'load' 'm_28_load_1' <Predicate = (and_ln171)> <Delay = 0.00>
ST_23 : Operation 205 [1/3] (2.79ns)   --->   "%tmp_36 = fcmp_ogt  i32 %m_22_load_1, i32 %m_34" [top.cpp:175]   --->   Operation 205 'fcmp' 'tmp_36' <Predicate = (and_ln171)> <Delay = 2.79> <CoreInst = "FCompare">   --->   Core 19 'FCompare' <Latency = 2> <II = 1> <Delay = 2.79> <FuncUnit> <Opcode : 'fcmp'> <InPorts = 2> <OutPorts = 1>
ST_23 : Operation 206 [1/1] (0.00ns)   --->   "%m_28_load_2 = load i32 %m_28"   --->   Operation 206 'load' 'm_28_load_2' <Predicate = true> <Delay = 0.00>
ST_23 : Operation 207 [10/10] (2.79ns)   --->   "%m_30_add = fadd i32 %m_28_load_2, i32 0"   --->   Operation 207 'fadd' 'm_30_add' <Predicate = true> <Delay = 2.79> <CoreInst = "FAddSub_fulldsp">   --->   Core 18 'FAddSub_fulldsp' <Latency = 9> <II = 1> <Delay = 2.79> <FuncUnit> <Opcode : 'fadd' 'fsub'> <InPorts = 2> <OutPorts = 1>
ST_23 : Operation 208 [1/1] (0.48ns)   --->   "%store_ln172 = store i32 %m_41, i32 %m_28" [top.cpp:172]   --->   Operation 208 'store' 'store_ln172' <Predicate = true> <Delay = 0.48>

State 24 <SV = 23> <Delay = 2.79>
ST_24 : Operation 209 [1/1] (0.00ns)   --->   "%bitcast_ln175_4 = bitcast i32 %m_22_load_1" [top.cpp:175]   --->   Operation 209 'bitcast' 'bitcast_ln175_4' <Predicate = (and_ln171)> <Delay = 0.00>
ST_24 : Operation 210 [1/1] (0.00ns)   --->   "%tmp_34 = partselect i8 @_ssdm_op_PartSelect.i8.i32.i32.i32, i32 %bitcast_ln175_4, i32 23, i32 30" [top.cpp:175]   --->   Operation 210 'partselect' 'tmp_34' <Predicate = (and_ln171)> <Delay = 0.00>
ST_24 : Operation 211 [1/1] (0.00ns)   --->   "%trunc_ln175_4 = trunc i32 %bitcast_ln175_4" [top.cpp:175]   --->   Operation 211 'trunc' 'trunc_ln175_4' <Predicate = (and_ln171)> <Delay = 0.00>
ST_24 : Operation 212 [1/1] (0.00ns)   --->   "%bitcast_ln175_5 = bitcast i32 %m_34" [top.cpp:175]   --->   Operation 212 'bitcast' 'bitcast_ln175_5' <Predicate = (and_ln171)> <Delay = 0.00>
ST_24 : Operation 213 [1/1] (0.00ns)   --->   "%tmp_35 = partselect i8 @_ssdm_op_PartSelect.i8.i32.i32.i32, i32 %bitcast_ln175_5, i32 23, i32 30" [top.cpp:175]   --->   Operation 213 'partselect' 'tmp_35' <Predicate = (and_ln171)> <Delay = 0.00>
ST_24 : Operation 214 [1/1] (0.00ns)   --->   "%trunc_ln175_5 = trunc i32 %bitcast_ln175_5" [top.cpp:175]   --->   Operation 214 'trunc' 'trunc_ln175_5' <Predicate = (and_ln171)> <Delay = 0.00>
ST_24 : Operation 215 [1/1] (0.90ns)   --->   "%icmp_ln175_8 = icmp_ne  i8 %tmp_34, i8 255" [top.cpp:175]   --->   Operation 215 'icmp' 'icmp_ln175_8' <Predicate = (and_ln171)> <Delay = 0.90> <CoreInst = "Cmp">   --->   Core 9 'Cmp' <Latency = 0> <II = 1> <Delay = 0.90> <FuncUnit> <Opcode : 'seteq' 'setne' 'setle' 'setge' 'setlt' 'setgt'> <InPorts = 2> <OutPorts = 1>
ST_24 : Operation 216 [1/1] (1.09ns)   --->   "%icmp_ln175_9 = icmp_eq  i23 %trunc_ln175_4, i23 0" [top.cpp:175]   --->   Operation 216 'icmp' 'icmp_ln175_9' <Predicate = (and_ln171)> <Delay = 1.09> <CoreInst = "Cmp">   --->   Core 9 'Cmp' <Latency = 0> <II = 1> <Delay = 1.09> <FuncUnit> <Opcode : 'seteq' 'setne' 'setle' 'setge' 'setlt' 'setgt'> <InPorts = 2> <OutPorts = 1>
ST_24 : Operation 217 [1/1] (0.00ns) (grouped into LUT with out node and_ln175_5)   --->   "%or_ln175_4 = or i1 %icmp_ln175_9, i1 %icmp_ln175_8" [top.cpp:175]   --->   Operation 217 'or' 'or_ln175_4' <Predicate = (and_ln171)> <Delay = 0.00> <CoreInst = "LogicGate">   --->   Core 74 'LogicGate' <Latency = 0> <II = 1> <Delay = 0.33> <FuncUnit> <Opcode : 'and' 'or' 'xor'> <InPorts = 2> <OutPorts = 1>
ST_24 : Operation 218 [1/1] (0.90ns)   --->   "%icmp_ln175_10 = icmp_ne  i8 %tmp_35, i8 255" [top.cpp:175]   --->   Operation 218 'icmp' 'icmp_ln175_10' <Predicate = (and_ln171)> <Delay = 0.90> <CoreInst = "Cmp">   --->   Core 9 'Cmp' <Latency = 0> <II = 1> <Delay = 0.90> <FuncUnit> <Opcode : 'seteq' 'setne' 'setle' 'setge' 'setlt' 'setgt'> <InPorts = 2> <OutPorts = 1>
ST_24 : Operation 219 [1/1] (1.09ns)   --->   "%icmp_ln175_11 = icmp_eq  i23 %trunc_ln175_5, i23 0" [top.cpp:175]   --->   Operation 219 'icmp' 'icmp_ln175_11' <Predicate = (and_ln171)> <Delay = 1.09> <CoreInst = "Cmp">   --->   Core 9 'Cmp' <Latency = 0> <II = 1> <Delay = 1.09> <FuncUnit> <Opcode : 'seteq' 'setne' 'setle' 'setge' 'setlt' 'setgt'> <InPorts = 2> <OutPorts = 1>
ST_24 : Operation 220 [1/1] (0.00ns) (grouped into LUT with out node and_ln175_5)   --->   "%or_ln175_5 = or i1 %icmp_ln175_11, i1 %icmp_ln175_10" [top.cpp:175]   --->   Operation 220 'or' 'or_ln175_5' <Predicate = (and_ln171)> <Delay = 0.00> <CoreInst = "LogicGate">   --->   Core 74 'LogicGate' <Latency = 0> <II = 1> <Delay = 0.33> <FuncUnit> <Opcode : 'and' 'or' 'xor'> <InPorts = 2> <OutPorts = 1>
ST_24 : Operation 221 [1/1] (0.00ns) (grouped into LUT with out node and_ln175_5)   --->   "%and_ln175_4 = and i1 %or_ln175_4, i1 %or_ln175_5" [top.cpp:175]   --->   Operation 221 'and' 'and_ln175_4' <Predicate = (and_ln171)> <Delay = 0.00> <CoreInst = "LogicGate">   --->   Core 74 'LogicGate' <Latency = 0> <II = 1> <Delay = 0.33> <FuncUnit> <Opcode : 'and' 'or' 'xor'> <InPorts = 2> <OutPorts = 1>
ST_24 : Operation 222 [1/1] (0.33ns) (out node of the LUT)   --->   "%and_ln175_5 = and i1 %and_ln175_4, i1 %tmp_36" [top.cpp:175]   --->   Operation 222 'and' 'and_ln175_5' <Predicate = (and_ln171)> <Delay = 0.33> <CoreInst = "LogicGate">   --->   Core 74 'LogicGate' <Latency = 0> <II = 1> <Delay = 0.33> <FuncUnit> <Opcode : 'and' 'or' 'xor'> <InPorts = 2> <OutPorts = 1>
ST_24 : Operation 223 [1/1] (0.52ns) (out node of the LUT)   --->   "%m_35 = select i1 %and_ln175_5, i32 %m_22_load_1, i32 %m_34" [top.cpp:175]   --->   Operation 223 'select' 'm_35' <Predicate = (and_ln171)> <Delay = 0.52> <CoreInst = "Sel">   --->   Core 73 'Sel' <Latency = 0> <II = 1> <Delay = 0.52> <FuncUnit> <Opcode : 'select'> <InPorts = 3> <OutPorts = 1>
ST_24 : Operation 224 [9/10] (2.79ns)   --->   "%m_30_add = fadd i32 %m_28_load_2, i32 0"   --->   Operation 224 'fadd' 'm_30_add' <Predicate = true> <Delay = 2.79> <CoreInst = "FAddSub_fulldsp">   --->   Core 18 'FAddSub_fulldsp' <Latency = 9> <II = 1> <Delay = 2.79> <FuncUnit> <Opcode : 'fadd' 'fsub'> <InPorts = 2> <OutPorts = 1>

State 25 <SV = 24> <Delay = 2.79>
ST_25 : Operation 225 [3/3] (2.79ns)   --->   "%tmp_39 = fcmp_ogt  i32 %m_24_load_2, i32 %m_35" [top.cpp:175]   --->   Operation 225 'fcmp' 'tmp_39' <Predicate = (and_ln171)> <Delay = 2.79> <CoreInst = "FCompare">   --->   Core 19 'FCompare' <Latency = 2> <II = 1> <Delay = 2.79> <FuncUnit> <Opcode : 'fcmp'> <InPorts = 2> <OutPorts = 1>
ST_25 : Operation 226 [8/10] (2.79ns)   --->   "%m_30_add = fadd i32 %m_28_load_2, i32 0"   --->   Operation 226 'fadd' 'm_30_add' <Predicate = true> <Delay = 2.79> <CoreInst = "FAddSub_fulldsp">   --->   Core 18 'FAddSub_fulldsp' <Latency = 9> <II = 1> <Delay = 2.79> <FuncUnit> <Opcode : 'fadd' 'fsub'> <InPorts = 2> <OutPorts = 1>

State 26 <SV = 25> <Delay = 2.79>
ST_26 : Operation 227 [2/3] (2.79ns)   --->   "%tmp_39 = fcmp_ogt  i32 %m_24_load_2, i32 %m_35" [top.cpp:175]   --->   Operation 227 'fcmp' 'tmp_39' <Predicate = (and_ln171)> <Delay = 2.79> <CoreInst = "FCompare">   --->   Core 19 'FCompare' <Latency = 2> <II = 1> <Delay = 2.79> <FuncUnit> <Opcode : 'fcmp'> <InPorts = 2> <OutPorts = 1>
ST_26 : Operation 228 [7/10] (2.79ns)   --->   "%m_30_add = fadd i32 %m_28_load_2, i32 0"   --->   Operation 228 'fadd' 'm_30_add' <Predicate = true> <Delay = 2.79> <CoreInst = "FAddSub_fulldsp">   --->   Core 18 'FAddSub_fulldsp' <Latency = 9> <II = 1> <Delay = 2.79> <FuncUnit> <Opcode : 'fadd' 'fsub'> <InPorts = 2> <OutPorts = 1>

State 27 <SV = 26> <Delay = 2.79>
ST_27 : Operation 229 [1/3] (2.79ns)   --->   "%tmp_39 = fcmp_ogt  i32 %m_24_load_2, i32 %m_35" [top.cpp:175]   --->   Operation 229 'fcmp' 'tmp_39' <Predicate = (and_ln171)> <Delay = 2.79> <CoreInst = "FCompare">   --->   Core 19 'FCompare' <Latency = 2> <II = 1> <Delay = 2.79> <FuncUnit> <Opcode : 'fcmp'> <InPorts = 2> <OutPorts = 1>
ST_27 : Operation 230 [6/10] (2.79ns)   --->   "%m_30_add = fadd i32 %m_28_load_2, i32 0"   --->   Operation 230 'fadd' 'm_30_add' <Predicate = true> <Delay = 2.79> <CoreInst = "FAddSub_fulldsp">   --->   Core 18 'FAddSub_fulldsp' <Latency = 9> <II = 1> <Delay = 2.79> <FuncUnit> <Opcode : 'fadd' 'fsub'> <InPorts = 2> <OutPorts = 1>

State 28 <SV = 27> <Delay = 2.79>
ST_28 : Operation 231 [1/1] (0.00ns)   --->   "%bitcast_ln175_6 = bitcast i32 %m_24_load_2" [top.cpp:175]   --->   Operation 231 'bitcast' 'bitcast_ln175_6' <Predicate = (and_ln171)> <Delay = 0.00>
ST_28 : Operation 232 [1/1] (0.00ns)   --->   "%tmp_37 = partselect i8 @_ssdm_op_PartSelect.i8.i32.i32.i32, i32 %bitcast_ln175_6, i32 23, i32 30" [top.cpp:175]   --->   Operation 232 'partselect' 'tmp_37' <Predicate = (and_ln171)> <Delay = 0.00>
ST_28 : Operation 233 [1/1] (0.00ns)   --->   "%trunc_ln175_6 = trunc i32 %bitcast_ln175_6" [top.cpp:175]   --->   Operation 233 'trunc' 'trunc_ln175_6' <Predicate = (and_ln171)> <Delay = 0.00>
ST_28 : Operation 234 [1/1] (0.00ns)   --->   "%bitcast_ln175_7 = bitcast i32 %m_35" [top.cpp:175]   --->   Operation 234 'bitcast' 'bitcast_ln175_7' <Predicate = (and_ln171)> <Delay = 0.00>
ST_28 : Operation 235 [1/1] (0.00ns)   --->   "%tmp_38 = partselect i8 @_ssdm_op_PartSelect.i8.i32.i32.i32, i32 %bitcast_ln175_7, i32 23, i32 30" [top.cpp:175]   --->   Operation 235 'partselect' 'tmp_38' <Predicate = (and_ln171)> <Delay = 0.00>
ST_28 : Operation 236 [1/1] (0.00ns)   --->   "%trunc_ln175_7 = trunc i32 %bitcast_ln175_7" [top.cpp:175]   --->   Operation 236 'trunc' 'trunc_ln175_7' <Predicate = (and_ln171)> <Delay = 0.00>
ST_28 : Operation 237 [1/1] (0.90ns)   --->   "%icmp_ln175_12 = icmp_ne  i8 %tmp_37, i8 255" [top.cpp:175]   --->   Operation 237 'icmp' 'icmp_ln175_12' <Predicate = (and_ln171)> <Delay = 0.90> <CoreInst = "Cmp">   --->   Core 9 'Cmp' <Latency = 0> <II = 1> <Delay = 0.90> <FuncUnit> <Opcode : 'seteq' 'setne' 'setle' 'setge' 'setlt' 'setgt'> <InPorts = 2> <OutPorts = 1>
ST_28 : Operation 238 [1/1] (1.09ns)   --->   "%icmp_ln175_13 = icmp_eq  i23 %trunc_ln175_6, i23 0" [top.cpp:175]   --->   Operation 238 'icmp' 'icmp_ln175_13' <Predicate = (and_ln171)> <Delay = 1.09> <CoreInst = "Cmp">   --->   Core 9 'Cmp' <Latency = 0> <II = 1> <Delay = 1.09> <FuncUnit> <Opcode : 'seteq' 'setne' 'setle' 'setge' 'setlt' 'setgt'> <InPorts = 2> <OutPorts = 1>
ST_28 : Operation 239 [1/1] (0.00ns) (grouped into LUT with out node and_ln175_7)   --->   "%or_ln175_6 = or i1 %icmp_ln175_13, i1 %icmp_ln175_12" [top.cpp:175]   --->   Operation 239 'or' 'or_ln175_6' <Predicate = (and_ln171)> <Delay = 0.00> <CoreInst = "LogicGate">   --->   Core 74 'LogicGate' <Latency = 0> <II = 1> <Delay = 0.33> <FuncUnit> <Opcode : 'and' 'or' 'xor'> <InPorts = 2> <OutPorts = 1>
ST_28 : Operation 240 [1/1] (0.90ns)   --->   "%icmp_ln175_14 = icmp_ne  i8 %tmp_38, i8 255" [top.cpp:175]   --->   Operation 240 'icmp' 'icmp_ln175_14' <Predicate = (and_ln171)> <Delay = 0.90> <CoreInst = "Cmp">   --->   Core 9 'Cmp' <Latency = 0> <II = 1> <Delay = 0.90> <FuncUnit> <Opcode : 'seteq' 'setne' 'setle' 'setge' 'setlt' 'setgt'> <InPorts = 2> <OutPorts = 1>
ST_28 : Operation 241 [1/1] (1.09ns)   --->   "%icmp_ln175_15 = icmp_eq  i23 %trunc_ln175_7, i23 0" [top.cpp:175]   --->   Operation 241 'icmp' 'icmp_ln175_15' <Predicate = (and_ln171)> <Delay = 1.09> <CoreInst = "Cmp">   --->   Core 9 'Cmp' <Latency = 0> <II = 1> <Delay = 1.09> <FuncUnit> <Opcode : 'seteq' 'setne' 'setle' 'setge' 'setlt' 'setgt'> <InPorts = 2> <OutPorts = 1>
ST_28 : Operation 242 [1/1] (0.00ns) (grouped into LUT with out node and_ln175_7)   --->   "%or_ln175_7 = or i1 %icmp_ln175_15, i1 %icmp_ln175_14" [top.cpp:175]   --->   Operation 242 'or' 'or_ln175_7' <Predicate = (and_ln171)> <Delay = 0.00> <CoreInst = "LogicGate">   --->   Core 74 'LogicGate' <Latency = 0> <II = 1> <Delay = 0.33> <FuncUnit> <Opcode : 'and' 'or' 'xor'> <InPorts = 2> <OutPorts = 1>
ST_28 : Operation 243 [1/1] (0.00ns) (grouped into LUT with out node and_ln175_7)   --->   "%and_ln175_6 = and i1 %or_ln175_6, i1 %or_ln175_7" [top.cpp:175]   --->   Operation 243 'and' 'and_ln175_6' <Predicate = (and_ln171)> <Delay = 0.00> <CoreInst = "LogicGate">   --->   Core 74 'LogicGate' <Latency = 0> <II = 1> <Delay = 0.33> <FuncUnit> <Opcode : 'and' 'or' 'xor'> <InPorts = 2> <OutPorts = 1>
ST_28 : Operation 244 [1/1] (0.33ns) (out node of the LUT)   --->   "%and_ln175_7 = and i1 %and_ln175_6, i1 %tmp_39" [top.cpp:175]   --->   Operation 244 'and' 'and_ln175_7' <Predicate = (and_ln171)> <Delay = 0.33> <CoreInst = "LogicGate">   --->   Core 74 'LogicGate' <Latency = 0> <II = 1> <Delay = 0.33> <FuncUnit> <Opcode : 'and' 'or' 'xor'> <InPorts = 2> <OutPorts = 1>
ST_28 : Operation 245 [1/1] (0.52ns) (out node of the LUT)   --->   "%m_36 = select i1 %and_ln175_7, i32 %m_24_load_2, i32 %m_35" [top.cpp:175]   --->   Operation 245 'select' 'm_36' <Predicate = (and_ln171)> <Delay = 0.52> <CoreInst = "Sel">   --->   Core 73 'Sel' <Latency = 0> <II = 1> <Delay = 0.52> <FuncUnit> <Opcode : 'select'> <InPorts = 3> <OutPorts = 1>
ST_28 : Operation 246 [5/10] (2.79ns)   --->   "%m_30_add = fadd i32 %m_28_load_2, i32 0"   --->   Operation 246 'fadd' 'm_30_add' <Predicate = true> <Delay = 2.79> <CoreInst = "FAddSub_fulldsp">   --->   Core 18 'FAddSub_fulldsp' <Latency = 9> <II = 1> <Delay = 2.79> <FuncUnit> <Opcode : 'fadd' 'fsub'> <InPorts = 2> <OutPorts = 1>

State 29 <SV = 28> <Delay = 2.79>
ST_29 : Operation 247 [3/3] (2.79ns)   --->   "%tmp_42 = fcmp_ogt  i32 %m_37, i32 %m_36" [top.cpp:175]   --->   Operation 247 'fcmp' 'tmp_42' <Predicate = (and_ln171)> <Delay = 2.79> <CoreInst = "FCompare">   --->   Core 19 'FCompare' <Latency = 2> <II = 1> <Delay = 2.79> <FuncUnit> <Opcode : 'fcmp'> <InPorts = 2> <OutPorts = 1>
ST_29 : Operation 248 [4/10] (2.79ns)   --->   "%m_30_add = fadd i32 %m_28_load_2, i32 0"   --->   Operation 248 'fadd' 'm_30_add' <Predicate = true> <Delay = 2.79> <CoreInst = "FAddSub_fulldsp">   --->   Core 18 'FAddSub_fulldsp' <Latency = 9> <II = 1> <Delay = 2.79> <FuncUnit> <Opcode : 'fadd' 'fsub'> <InPorts = 2> <OutPorts = 1>

State 30 <SV = 29> <Delay = 2.79>
ST_30 : Operation 249 [2/3] (2.79ns)   --->   "%tmp_42 = fcmp_ogt  i32 %m_37, i32 %m_36" [top.cpp:175]   --->   Operation 249 'fcmp' 'tmp_42' <Predicate = (and_ln171)> <Delay = 2.79> <CoreInst = "FCompare">   --->   Core 19 'FCompare' <Latency = 2> <II = 1> <Delay = 2.79> <FuncUnit> <Opcode : 'fcmp'> <InPorts = 2> <OutPorts = 1>
ST_30 : Operation 250 [3/10] (2.79ns)   --->   "%m_30_add = fadd i32 %m_28_load_2, i32 0"   --->   Operation 250 'fadd' 'm_30_add' <Predicate = true> <Delay = 2.79> <CoreInst = "FAddSub_fulldsp">   --->   Core 18 'FAddSub_fulldsp' <Latency = 9> <II = 1> <Delay = 2.79> <FuncUnit> <Opcode : 'fadd' 'fsub'> <InPorts = 2> <OutPorts = 1>

State 31 <SV = 30> <Delay = 2.79>
ST_31 : Operation 251 [1/3] (2.79ns)   --->   "%tmp_42 = fcmp_ogt  i32 %m_37, i32 %m_36" [top.cpp:175]   --->   Operation 251 'fcmp' 'tmp_42' <Predicate = (and_ln171)> <Delay = 2.79> <CoreInst = "FCompare">   --->   Core 19 'FCompare' <Latency = 2> <II = 1> <Delay = 2.79> <FuncUnit> <Opcode : 'fcmp'> <InPorts = 2> <OutPorts = 1>
ST_31 : Operation 252 [2/10] (2.79ns)   --->   "%m_30_add = fadd i32 %m_28_load_2, i32 0"   --->   Operation 252 'fadd' 'm_30_add' <Predicate = true> <Delay = 2.79> <CoreInst = "FAddSub_fulldsp">   --->   Core 18 'FAddSub_fulldsp' <Latency = 9> <II = 1> <Delay = 2.79> <FuncUnit> <Opcode : 'fadd' 'fsub'> <InPorts = 2> <OutPorts = 1>

State 32 <SV = 31> <Delay = 2.79>
ST_32 : Operation 253 [1/1] (0.00ns)   --->   "%bitcast_ln175_8 = bitcast i32 %m_37" [top.cpp:175]   --->   Operation 253 'bitcast' 'bitcast_ln175_8' <Predicate = (and_ln171)> <Delay = 0.00>
ST_32 : Operation 254 [1/1] (0.00ns)   --->   "%tmp_40 = partselect i8 @_ssdm_op_PartSelect.i8.i32.i32.i32, i32 %bitcast_ln175_8, i32 23, i32 30" [top.cpp:175]   --->   Operation 254 'partselect' 'tmp_40' <Predicate = (and_ln171)> <Delay = 0.00>
ST_32 : Operation 255 [1/1] (0.00ns)   --->   "%trunc_ln175_8 = trunc i32 %bitcast_ln175_8" [top.cpp:175]   --->   Operation 255 'trunc' 'trunc_ln175_8' <Predicate = (and_ln171)> <Delay = 0.00>
ST_32 : Operation 256 [1/1] (0.00ns)   --->   "%bitcast_ln175_9 = bitcast i32 %m_36" [top.cpp:175]   --->   Operation 256 'bitcast' 'bitcast_ln175_9' <Predicate = (and_ln171)> <Delay = 0.00>
ST_32 : Operation 257 [1/1] (0.00ns)   --->   "%tmp_41 = partselect i8 @_ssdm_op_PartSelect.i8.i32.i32.i32, i32 %bitcast_ln175_9, i32 23, i32 30" [top.cpp:175]   --->   Operation 257 'partselect' 'tmp_41' <Predicate = (and_ln171)> <Delay = 0.00>
ST_32 : Operation 258 [1/1] (0.00ns)   --->   "%trunc_ln175_9 = trunc i32 %bitcast_ln175_9" [top.cpp:175]   --->   Operation 258 'trunc' 'trunc_ln175_9' <Predicate = (and_ln171)> <Delay = 0.00>
ST_32 : Operation 259 [1/1] (0.90ns)   --->   "%icmp_ln175_16 = icmp_ne  i8 %tmp_40, i8 255" [top.cpp:175]   --->   Operation 259 'icmp' 'icmp_ln175_16' <Predicate = (and_ln171)> <Delay = 0.90> <CoreInst = "Cmp">   --->   Core 9 'Cmp' <Latency = 0> <II = 1> <Delay = 0.90> <FuncUnit> <Opcode : 'seteq' 'setne' 'setle' 'setge' 'setlt' 'setgt'> <InPorts = 2> <OutPorts = 1>
ST_32 : Operation 260 [1/1] (1.09ns)   --->   "%icmp_ln175_17 = icmp_eq  i23 %trunc_ln175_8, i23 0" [top.cpp:175]   --->   Operation 260 'icmp' 'icmp_ln175_17' <Predicate = (and_ln171)> <Delay = 1.09> <CoreInst = "Cmp">   --->   Core 9 'Cmp' <Latency = 0> <II = 1> <Delay = 1.09> <FuncUnit> <Opcode : 'seteq' 'setne' 'setle' 'setge' 'setlt' 'setgt'> <InPorts = 2> <OutPorts = 1>
ST_32 : Operation 261 [1/1] (0.00ns) (grouped into LUT with out node and_ln175_9)   --->   "%or_ln175_8 = or i1 %icmp_ln175_17, i1 %icmp_ln175_16" [top.cpp:175]   --->   Operation 261 'or' 'or_ln175_8' <Predicate = (and_ln171)> <Delay = 0.00> <CoreInst = "LogicGate">   --->   Core 74 'LogicGate' <Latency = 0> <II = 1> <Delay = 0.33> <FuncUnit> <Opcode : 'and' 'or' 'xor'> <InPorts = 2> <OutPorts = 1>
ST_32 : Operation 262 [1/1] (0.90ns)   --->   "%icmp_ln175_18 = icmp_ne  i8 %tmp_41, i8 255" [top.cpp:175]   --->   Operation 262 'icmp' 'icmp_ln175_18' <Predicate = (and_ln171)> <Delay = 0.90> <CoreInst = "Cmp">   --->   Core 9 'Cmp' <Latency = 0> <II = 1> <Delay = 0.90> <FuncUnit> <Opcode : 'seteq' 'setne' 'setle' 'setge' 'setlt' 'setgt'> <InPorts = 2> <OutPorts = 1>
ST_32 : Operation 263 [1/1] (1.09ns)   --->   "%icmp_ln175_19 = icmp_eq  i23 %trunc_ln175_9, i23 0" [top.cpp:175]   --->   Operation 263 'icmp' 'icmp_ln175_19' <Predicate = (and_ln171)> <Delay = 1.09> <CoreInst = "Cmp">   --->   Core 9 'Cmp' <Latency = 0> <II = 1> <Delay = 1.09> <FuncUnit> <Opcode : 'seteq' 'setne' 'setle' 'setge' 'setlt' 'setgt'> <InPorts = 2> <OutPorts = 1>
ST_32 : Operation 264 [1/1] (0.00ns) (grouped into LUT with out node and_ln175_9)   --->   "%or_ln175_9 = or i1 %icmp_ln175_19, i1 %icmp_ln175_18" [top.cpp:175]   --->   Operation 264 'or' 'or_ln175_9' <Predicate = (and_ln171)> <Delay = 0.00> <CoreInst = "LogicGate">   --->   Core 74 'LogicGate' <Latency = 0> <II = 1> <Delay = 0.33> <FuncUnit> <Opcode : 'and' 'or' 'xor'> <InPorts = 2> <OutPorts = 1>
ST_32 : Operation 265 [1/1] (0.00ns) (grouped into LUT with out node and_ln175_9)   --->   "%and_ln175_8 = and i1 %or_ln175_8, i1 %or_ln175_9" [top.cpp:175]   --->   Operation 265 'and' 'and_ln175_8' <Predicate = (and_ln171)> <Delay = 0.00> <CoreInst = "LogicGate">   --->   Core 74 'LogicGate' <Latency = 0> <II = 1> <Delay = 0.33> <FuncUnit> <Opcode : 'and' 'or' 'xor'> <InPorts = 2> <OutPorts = 1>
ST_32 : Operation 266 [1/1] (0.33ns) (out node of the LUT)   --->   "%and_ln175_9 = and i1 %and_ln175_8, i1 %tmp_42" [top.cpp:175]   --->   Operation 266 'and' 'and_ln175_9' <Predicate = (and_ln171)> <Delay = 0.33> <CoreInst = "LogicGate">   --->   Core 74 'LogicGate' <Latency = 0> <II = 1> <Delay = 0.33> <FuncUnit> <Opcode : 'and' 'or' 'xor'> <InPorts = 2> <OutPorts = 1>
ST_32 : Operation 267 [1/1] (0.52ns)   --->   "%m_38 = select i1 %and_ln175_9, i32 %m_37, i32 %m_36" [top.cpp:175]   --->   Operation 267 'select' 'm_38' <Predicate = (and_ln171)> <Delay = 0.52> <CoreInst = "Sel">   --->   Core 73 'Sel' <Latency = 0> <II = 1> <Delay = 0.52> <FuncUnit> <Opcode : 'select'> <InPorts = 3> <OutPorts = 1>
ST_32 : Operation 268 [1/10] (2.79ns)   --->   "%m_30_add = fadd i32 %m_28_load_2, i32 0"   --->   Operation 268 'fadd' 'm_30_add' <Predicate = true> <Delay = 2.79> <CoreInst = "FAddSub_fulldsp">   --->   Core 18 'FAddSub_fulldsp' <Latency = 9> <II = 1> <Delay = 2.79> <FuncUnit> <Opcode : 'fadd' 'fsub'> <InPorts = 2> <OutPorts = 1>

State 33 <SV = 32> <Delay = 2.79>
ST_33 : Operation 269 [1/1] (0.00ns)   --->   "%m_load_2 = load i32 %m" [top.cpp:175]   --->   Operation 269 'load' 'm_load_2' <Predicate = (and_ln171)> <Delay = 0.00>
ST_33 : Operation 270 [3/3] (2.79ns)   --->   "%tmp_45 = fcmp_ogt  i32 %m_load_2, i32 %m_38" [top.cpp:175]   --->   Operation 270 'fcmp' 'tmp_45' <Predicate = (and_ln171)> <Delay = 2.79> <CoreInst = "FCompare">   --->   Core 19 'FCompare' <Latency = 2> <II = 1> <Delay = 2.79> <FuncUnit> <Opcode : 'fcmp'> <InPorts = 2> <OutPorts = 1>
ST_33 : Operation 271 [1/1] (0.48ns)   --->   "%store_ln172 = store i32 %m_30_add, i32 %m" [top.cpp:172]   --->   Operation 271 'store' 'store_ln172' <Predicate = true> <Delay = 0.48>
ST_33 : Operation 272 [1/1] (0.00ns)   --->   "%br_ln160 = br void %VITIS_LOOP_163_19" [top.cpp:160]   --->   Operation 272 'br' 'br_ln160' <Predicate = true> <Delay = 0.00>

State 34 <SV = 33> <Delay = 2.79>
ST_34 : Operation 273 [2/3] (2.79ns)   --->   "%tmp_45 = fcmp_ogt  i32 %m_load_2, i32 %m_38" [top.cpp:175]   --->   Operation 273 'fcmp' 'tmp_45' <Predicate = (and_ln171)> <Delay = 2.79> <CoreInst = "FCompare">   --->   Core 19 'FCompare' <Latency = 2> <II = 1> <Delay = 2.79> <FuncUnit> <Opcode : 'fcmp'> <InPorts = 2> <OutPorts = 1>

State 35 <SV = 34> <Delay = 2.79>
ST_35 : Operation 274 [1/3] (2.79ns)   --->   "%tmp_45 = fcmp_ogt  i32 %m_load_2, i32 %m_38" [top.cpp:175]   --->   Operation 274 'fcmp' 'tmp_45' <Predicate = (and_ln171)> <Delay = 2.79> <CoreInst = "FCompare">   --->   Core 19 'FCompare' <Latency = 2> <II = 1> <Delay = 2.79> <FuncUnit> <Opcode : 'fcmp'> <InPorts = 2> <OutPorts = 1>

State 36 <SV = 35> <Delay = 1.95>
ST_36 : Operation 275 [1/1] (0.00ns)   --->   "%bitcast_ln175_10 = bitcast i32 %m_load_2" [top.cpp:175]   --->   Operation 275 'bitcast' 'bitcast_ln175_10' <Predicate = (and_ln171)> <Delay = 0.00>
ST_36 : Operation 276 [1/1] (0.00ns)   --->   "%tmp_43 = partselect i8 @_ssdm_op_PartSelect.i8.i32.i32.i32, i32 %bitcast_ln175_10, i32 23, i32 30" [top.cpp:175]   --->   Operation 276 'partselect' 'tmp_43' <Predicate = (and_ln171)> <Delay = 0.00>
ST_36 : Operation 277 [1/1] (0.00ns)   --->   "%trunc_ln175_10 = trunc i32 %bitcast_ln175_10" [top.cpp:175]   --->   Operation 277 'trunc' 'trunc_ln175_10' <Predicate = (and_ln171)> <Delay = 0.00>
ST_36 : Operation 278 [1/1] (0.00ns)   --->   "%bitcast_ln175_11 = bitcast i32 %m_38" [top.cpp:175]   --->   Operation 278 'bitcast' 'bitcast_ln175_11' <Predicate = (and_ln171)> <Delay = 0.00>
ST_36 : Operation 279 [1/1] (0.00ns)   --->   "%tmp_44 = partselect i8 @_ssdm_op_PartSelect.i8.i32.i32.i32, i32 %bitcast_ln175_11, i32 23, i32 30" [top.cpp:175]   --->   Operation 279 'partselect' 'tmp_44' <Predicate = (and_ln171)> <Delay = 0.00>
ST_36 : Operation 280 [1/1] (0.00ns)   --->   "%trunc_ln175_11 = trunc i32 %bitcast_ln175_11" [top.cpp:175]   --->   Operation 280 'trunc' 'trunc_ln175_11' <Predicate = (and_ln171)> <Delay = 0.00>
ST_36 : Operation 281 [1/1] (0.90ns)   --->   "%icmp_ln175_20 = icmp_ne  i8 %tmp_43, i8 255" [top.cpp:175]   --->   Operation 281 'icmp' 'icmp_ln175_20' <Predicate = (and_ln171)> <Delay = 0.90> <CoreInst = "Cmp">   --->   Core 9 'Cmp' <Latency = 0> <II = 1> <Delay = 0.90> <FuncUnit> <Opcode : 'seteq' 'setne' 'setle' 'setge' 'setlt' 'setgt'> <InPorts = 2> <OutPorts = 1>
ST_36 : Operation 282 [1/1] (1.09ns)   --->   "%icmp_ln175_21 = icmp_eq  i23 %trunc_ln175_10, i23 0" [top.cpp:175]   --->   Operation 282 'icmp' 'icmp_ln175_21' <Predicate = (and_ln171)> <Delay = 1.09> <CoreInst = "Cmp">   --->   Core 9 'Cmp' <Latency = 0> <II = 1> <Delay = 1.09> <FuncUnit> <Opcode : 'seteq' 'setne' 'setle' 'setge' 'setlt' 'setgt'> <InPorts = 2> <OutPorts = 1>
ST_36 : Operation 283 [1/1] (0.00ns) (grouped into LUT with out node and_ln175_11)   --->   "%or_ln175_10 = or i1 %icmp_ln175_21, i1 %icmp_ln175_20" [top.cpp:175]   --->   Operation 283 'or' 'or_ln175_10' <Predicate = (and_ln171)> <Delay = 0.00> <CoreInst = "LogicGate">   --->   Core 74 'LogicGate' <Latency = 0> <II = 1> <Delay = 0.33> <FuncUnit> <Opcode : 'and' 'or' 'xor'> <InPorts = 2> <OutPorts = 1>
ST_36 : Operation 284 [1/1] (0.90ns)   --->   "%icmp_ln175_22 = icmp_ne  i8 %tmp_44, i8 255" [top.cpp:175]   --->   Operation 284 'icmp' 'icmp_ln175_22' <Predicate = (and_ln171)> <Delay = 0.90> <CoreInst = "Cmp">   --->   Core 9 'Cmp' <Latency = 0> <II = 1> <Delay = 0.90> <FuncUnit> <Opcode : 'seteq' 'setne' 'setle' 'setge' 'setlt' 'setgt'> <InPorts = 2> <OutPorts = 1>
ST_36 : Operation 285 [1/1] (1.09ns)   --->   "%icmp_ln175_23 = icmp_eq  i23 %trunc_ln175_11, i23 0" [top.cpp:175]   --->   Operation 285 'icmp' 'icmp_ln175_23' <Predicate = (and_ln171)> <Delay = 1.09> <CoreInst = "Cmp">   --->   Core 9 'Cmp' <Latency = 0> <II = 1> <Delay = 1.09> <FuncUnit> <Opcode : 'seteq' 'setne' 'setle' 'setge' 'setlt' 'setgt'> <InPorts = 2> <OutPorts = 1>
ST_36 : Operation 286 [1/1] (0.00ns) (grouped into LUT with out node and_ln175_11)   --->   "%or_ln175_11 = or i1 %icmp_ln175_23, i1 %icmp_ln175_22" [top.cpp:175]   --->   Operation 286 'or' 'or_ln175_11' <Predicate = (and_ln171)> <Delay = 0.00> <CoreInst = "LogicGate">   --->   Core 74 'LogicGate' <Latency = 0> <II = 1> <Delay = 0.33> <FuncUnit> <Opcode : 'and' 'or' 'xor'> <InPorts = 2> <OutPorts = 1>
ST_36 : Operation 287 [1/1] (0.00ns) (grouped into LUT with out node and_ln175_11)   --->   "%and_ln175_10 = and i1 %or_ln175_10, i1 %or_ln175_11" [top.cpp:175]   --->   Operation 287 'and' 'and_ln175_10' <Predicate = (and_ln171)> <Delay = 0.00> <CoreInst = "LogicGate">   --->   Core 74 'LogicGate' <Latency = 0> <II = 1> <Delay = 0.33> <FuncUnit> <Opcode : 'and' 'or' 'xor'> <InPorts = 2> <OutPorts = 1>
ST_36 : Operation 288 [1/1] (0.33ns) (out node of the LUT)   --->   "%and_ln175_11 = and i1 %and_ln175_10, i1 %tmp_45" [top.cpp:175]   --->   Operation 288 'and' 'and_ln175_11' <Predicate = (and_ln171)> <Delay = 0.33> <CoreInst = "LogicGate">   --->   Core 74 'LogicGate' <Latency = 0> <II = 1> <Delay = 0.33> <FuncUnit> <Opcode : 'and' 'or' 'xor'> <InPorts = 2> <OutPorts = 1>
ST_36 : Operation 289 [1/1] (0.52ns) (out node of the LUT)   --->   "%m_39 = select i1 %and_ln175_11, i32 %m_load_2, i32 %m_38" [top.cpp:175]   --->   Operation 289 'select' 'm_39' <Predicate = (and_ln171)> <Delay = 0.52> <CoreInst = "Sel">   --->   Core 73 'Sel' <Latency = 0> <II = 1> <Delay = 0.52> <FuncUnit> <Opcode : 'select'> <InPorts = 3> <OutPorts = 1>

State 37 <SV = 36> <Delay = 2.79>
ST_37 : Operation 290 [3/3] (2.79ns)   --->   "%tmp_48 = fcmp_ogt  i32 %m_28_load_1, i32 %m_39" [top.cpp:175]   --->   Operation 290 'fcmp' 'tmp_48' <Predicate = (and_ln171)> <Delay = 2.79> <CoreInst = "FCompare">   --->   Core 19 'FCompare' <Latency = 2> <II = 1> <Delay = 2.79> <FuncUnit> <Opcode : 'fcmp'> <InPorts = 2> <OutPorts = 1>

State 38 <SV = 37> <Delay = 2.79>
ST_38 : Operation 291 [2/3] (2.79ns)   --->   "%tmp_48 = fcmp_ogt  i32 %m_28_load_1, i32 %m_39" [top.cpp:175]   --->   Operation 291 'fcmp' 'tmp_48' <Predicate = (and_ln171)> <Delay = 2.79> <CoreInst = "FCompare">   --->   Core 19 'FCompare' <Latency = 2> <II = 1> <Delay = 2.79> <FuncUnit> <Opcode : 'fcmp'> <InPorts = 2> <OutPorts = 1>

State 39 <SV = 38> <Delay = 2.79>
ST_39 : Operation 292 [1/3] (2.79ns)   --->   "%tmp_48 = fcmp_ogt  i32 %m_28_load_1, i32 %m_39" [top.cpp:175]   --->   Operation 292 'fcmp' 'tmp_48' <Predicate = (and_ln171)> <Delay = 2.79> <CoreInst = "FCompare">   --->   Core 19 'FCompare' <Latency = 2> <II = 1> <Delay = 2.79> <FuncUnit> <Opcode : 'fcmp'> <InPorts = 2> <OutPorts = 1>

State 40 <SV = 39> <Delay = 1.95>
ST_40 : Operation 293 [1/1] (0.00ns)   --->   "%bitcast_ln175_12 = bitcast i32 %m_28_load_1" [top.cpp:175]   --->   Operation 293 'bitcast' 'bitcast_ln175_12' <Predicate = (and_ln171)> <Delay = 0.00>
ST_40 : Operation 294 [1/1] (0.00ns)   --->   "%tmp_46 = partselect i8 @_ssdm_op_PartSelect.i8.i32.i32.i32, i32 %bitcast_ln175_12, i32 23, i32 30" [top.cpp:175]   --->   Operation 294 'partselect' 'tmp_46' <Predicate = (and_ln171)> <Delay = 0.00>
ST_40 : Operation 295 [1/1] (0.00ns)   --->   "%trunc_ln175_12 = trunc i32 %bitcast_ln175_12" [top.cpp:175]   --->   Operation 295 'trunc' 'trunc_ln175_12' <Predicate = (and_ln171)> <Delay = 0.00>
ST_40 : Operation 296 [1/1] (0.00ns)   --->   "%bitcast_ln175_13 = bitcast i32 %m_39" [top.cpp:175]   --->   Operation 296 'bitcast' 'bitcast_ln175_13' <Predicate = (and_ln171)> <Delay = 0.00>
ST_40 : Operation 297 [1/1] (0.00ns)   --->   "%tmp_47 = partselect i8 @_ssdm_op_PartSelect.i8.i32.i32.i32, i32 %bitcast_ln175_13, i32 23, i32 30" [top.cpp:175]   --->   Operation 297 'partselect' 'tmp_47' <Predicate = (and_ln171)> <Delay = 0.00>
ST_40 : Operation 298 [1/1] (0.00ns)   --->   "%trunc_ln175_13 = trunc i32 %bitcast_ln175_13" [top.cpp:175]   --->   Operation 298 'trunc' 'trunc_ln175_13' <Predicate = (and_ln171)> <Delay = 0.00>
ST_40 : Operation 299 [1/1] (0.90ns)   --->   "%icmp_ln175_24 = icmp_ne  i8 %tmp_46, i8 255" [top.cpp:175]   --->   Operation 299 'icmp' 'icmp_ln175_24' <Predicate = (and_ln171)> <Delay = 0.90> <CoreInst = "Cmp">   --->   Core 9 'Cmp' <Latency = 0> <II = 1> <Delay = 0.90> <FuncUnit> <Opcode : 'seteq' 'setne' 'setle' 'setge' 'setlt' 'setgt'> <InPorts = 2> <OutPorts = 1>
ST_40 : Operation 300 [1/1] (1.09ns)   --->   "%icmp_ln175_25 = icmp_eq  i23 %trunc_ln175_12, i23 0" [top.cpp:175]   --->   Operation 300 'icmp' 'icmp_ln175_25' <Predicate = (and_ln171)> <Delay = 1.09> <CoreInst = "Cmp">   --->   Core 9 'Cmp' <Latency = 0> <II = 1> <Delay = 1.09> <FuncUnit> <Opcode : 'seteq' 'setne' 'setle' 'setge' 'setlt' 'setgt'> <InPorts = 2> <OutPorts = 1>
ST_40 : Operation 301 [1/1] (0.00ns) (grouped into LUT with out node and_ln175_13)   --->   "%or_ln175_12 = or i1 %icmp_ln175_25, i1 %icmp_ln175_24" [top.cpp:175]   --->   Operation 301 'or' 'or_ln175_12' <Predicate = (and_ln171)> <Delay = 0.00> <CoreInst = "LogicGate">   --->   Core 74 'LogicGate' <Latency = 0> <II = 1> <Delay = 0.33> <FuncUnit> <Opcode : 'and' 'or' 'xor'> <InPorts = 2> <OutPorts = 1>
ST_40 : Operation 302 [1/1] (0.90ns)   --->   "%icmp_ln175_26 = icmp_ne  i8 %tmp_47, i8 255" [top.cpp:175]   --->   Operation 302 'icmp' 'icmp_ln175_26' <Predicate = (and_ln171)> <Delay = 0.90> <CoreInst = "Cmp">   --->   Core 9 'Cmp' <Latency = 0> <II = 1> <Delay = 0.90> <FuncUnit> <Opcode : 'seteq' 'setne' 'setle' 'setge' 'setlt' 'setgt'> <InPorts = 2> <OutPorts = 1>
ST_40 : Operation 303 [1/1] (1.09ns)   --->   "%icmp_ln175_27 = icmp_eq  i23 %trunc_ln175_13, i23 0" [top.cpp:175]   --->   Operation 303 'icmp' 'icmp_ln175_27' <Predicate = (and_ln171)> <Delay = 1.09> <CoreInst = "Cmp">   --->   Core 9 'Cmp' <Latency = 0> <II = 1> <Delay = 1.09> <FuncUnit> <Opcode : 'seteq' 'setne' 'setle' 'setge' 'setlt' 'setgt'> <InPorts = 2> <OutPorts = 1>
ST_40 : Operation 304 [1/1] (0.00ns) (grouped into LUT with out node and_ln175_13)   --->   "%or_ln175_13 = or i1 %icmp_ln175_27, i1 %icmp_ln175_26" [top.cpp:175]   --->   Operation 304 'or' 'or_ln175_13' <Predicate = (and_ln171)> <Delay = 0.00> <CoreInst = "LogicGate">   --->   Core 74 'LogicGate' <Latency = 0> <II = 1> <Delay = 0.33> <FuncUnit> <Opcode : 'and' 'or' 'xor'> <InPorts = 2> <OutPorts = 1>
ST_40 : Operation 305 [1/1] (0.00ns) (grouped into LUT with out node and_ln175_13)   --->   "%and_ln175_12 = and i1 %or_ln175_12, i1 %or_ln175_13" [top.cpp:175]   --->   Operation 305 'and' 'and_ln175_12' <Predicate = (and_ln171)> <Delay = 0.00> <CoreInst = "LogicGate">   --->   Core 74 'LogicGate' <Latency = 0> <II = 1> <Delay = 0.33> <FuncUnit> <Opcode : 'and' 'or' 'xor'> <InPorts = 2> <OutPorts = 1>
ST_40 : Operation 306 [1/1] (0.33ns) (out node of the LUT)   --->   "%and_ln175_13 = and i1 %and_ln175_12, i1 %tmp_48" [top.cpp:175]   --->   Operation 306 'and' 'and_ln175_13' <Predicate = (and_ln171)> <Delay = 0.33> <CoreInst = "LogicGate">   --->   Core 74 'LogicGate' <Latency = 0> <II = 1> <Delay = 0.33> <FuncUnit> <Opcode : 'and' 'or' 'xor'> <InPorts = 2> <OutPorts = 1>
ST_40 : Operation 307 [1/1] (0.52ns) (out node of the LUT)   --->   "%m_40 = select i1 %and_ln175_13, i32 %m_28_load_1, i32 %m_39" [top.cpp:175]   --->   Operation 307 'select' 'm_40' <Predicate = (and_ln171)> <Delay = 0.52> <CoreInst = "Sel">   --->   Core 73 'Sel' <Latency = 0> <II = 1> <Delay = 0.52> <FuncUnit> <Opcode : 'select'> <InPorts = 3> <OutPorts = 1>

State 41 <SV = 40> <Delay = 2.79>
ST_41 : Operation 308 [3/3] (2.79ns)   --->   "%tmp_51 = fcmp_ogt  i32 %m_41, i32 %m_40" [top.cpp:175]   --->   Operation 308 'fcmp' 'tmp_51' <Predicate = (and_ln171)> <Delay = 2.79> <CoreInst = "FCompare">   --->   Core 19 'FCompare' <Latency = 2> <II = 1> <Delay = 2.79> <FuncUnit> <Opcode : 'fcmp'> <InPorts = 2> <OutPorts = 1>

State 42 <SV = 41> <Delay = 2.79>
ST_42 : Operation 309 [2/3] (2.79ns)   --->   "%tmp_51 = fcmp_ogt  i32 %m_41, i32 %m_40" [top.cpp:175]   --->   Operation 309 'fcmp' 'tmp_51' <Predicate = (and_ln171)> <Delay = 2.79> <CoreInst = "FCompare">   --->   Core 19 'FCompare' <Latency = 2> <II = 1> <Delay = 2.79> <FuncUnit> <Opcode : 'fcmp'> <InPorts = 2> <OutPorts = 1>

State 43 <SV = 42> <Delay = 2.79>
ST_43 : Operation 310 [1/3] (2.79ns)   --->   "%tmp_51 = fcmp_ogt  i32 %m_41, i32 %m_40" [top.cpp:175]   --->   Operation 310 'fcmp' 'tmp_51' <Predicate = (and_ln171)> <Delay = 2.79> <CoreInst = "FCompare">   --->   Core 19 'FCompare' <Latency = 2> <II = 1> <Delay = 2.79> <FuncUnit> <Opcode : 'fcmp'> <InPorts = 2> <OutPorts = 1>

State 44 <SV = 43> <Delay = 1.95>
ST_44 : Operation 311 [1/1] (0.00ns)   --->   "%bitcast_ln175_14 = bitcast i32 %m_41" [top.cpp:175]   --->   Operation 311 'bitcast' 'bitcast_ln175_14' <Predicate = (and_ln171)> <Delay = 0.00>
ST_44 : Operation 312 [1/1] (0.00ns)   --->   "%tmp_49 = partselect i8 @_ssdm_op_PartSelect.i8.i32.i32.i32, i32 %bitcast_ln175_14, i32 23, i32 30" [top.cpp:175]   --->   Operation 312 'partselect' 'tmp_49' <Predicate = (and_ln171)> <Delay = 0.00>
ST_44 : Operation 313 [1/1] (0.00ns)   --->   "%trunc_ln175_14 = trunc i32 %bitcast_ln175_14" [top.cpp:175]   --->   Operation 313 'trunc' 'trunc_ln175_14' <Predicate = (and_ln171)> <Delay = 0.00>
ST_44 : Operation 314 [1/1] (0.00ns)   --->   "%bitcast_ln175_15 = bitcast i32 %m_40" [top.cpp:175]   --->   Operation 314 'bitcast' 'bitcast_ln175_15' <Predicate = (and_ln171)> <Delay = 0.00>
ST_44 : Operation 315 [1/1] (0.00ns)   --->   "%tmp_50 = partselect i8 @_ssdm_op_PartSelect.i8.i32.i32.i32, i32 %bitcast_ln175_15, i32 23, i32 30" [top.cpp:175]   --->   Operation 315 'partselect' 'tmp_50' <Predicate = (and_ln171)> <Delay = 0.00>
ST_44 : Operation 316 [1/1] (0.00ns)   --->   "%trunc_ln175_15 = trunc i32 %bitcast_ln175_15" [top.cpp:175]   --->   Operation 316 'trunc' 'trunc_ln175_15' <Predicate = (and_ln171)> <Delay = 0.00>
ST_44 : Operation 317 [1/1] (0.90ns)   --->   "%icmp_ln175_28 = icmp_ne  i8 %tmp_49, i8 255" [top.cpp:175]   --->   Operation 317 'icmp' 'icmp_ln175_28' <Predicate = (and_ln171)> <Delay = 0.90> <CoreInst = "Cmp">   --->   Core 9 'Cmp' <Latency = 0> <II = 1> <Delay = 0.90> <FuncUnit> <Opcode : 'seteq' 'setne' 'setle' 'setge' 'setlt' 'setgt'> <InPorts = 2> <OutPorts = 1>
ST_44 : Operation 318 [1/1] (1.09ns)   --->   "%icmp_ln175_29 = icmp_eq  i23 %trunc_ln175_14, i23 0" [top.cpp:175]   --->   Operation 318 'icmp' 'icmp_ln175_29' <Predicate = (and_ln171)> <Delay = 1.09> <CoreInst = "Cmp">   --->   Core 9 'Cmp' <Latency = 0> <II = 1> <Delay = 1.09> <FuncUnit> <Opcode : 'seteq' 'setne' 'setle' 'setge' 'setlt' 'setgt'> <InPorts = 2> <OutPorts = 1>
ST_44 : Operation 319 [1/1] (0.00ns) (grouped into LUT with out node and_ln175_15)   --->   "%or_ln175_14 = or i1 %icmp_ln175_29, i1 %icmp_ln175_28" [top.cpp:175]   --->   Operation 319 'or' 'or_ln175_14' <Predicate = (and_ln171)> <Delay = 0.00> <CoreInst = "LogicGate">   --->   Core 74 'LogicGate' <Latency = 0> <II = 1> <Delay = 0.33> <FuncUnit> <Opcode : 'and' 'or' 'xor'> <InPorts = 2> <OutPorts = 1>
ST_44 : Operation 320 [1/1] (0.90ns)   --->   "%icmp_ln175_30 = icmp_ne  i8 %tmp_50, i8 255" [top.cpp:175]   --->   Operation 320 'icmp' 'icmp_ln175_30' <Predicate = (and_ln171)> <Delay = 0.90> <CoreInst = "Cmp">   --->   Core 9 'Cmp' <Latency = 0> <II = 1> <Delay = 0.90> <FuncUnit> <Opcode : 'seteq' 'setne' 'setle' 'setge' 'setlt' 'setgt'> <InPorts = 2> <OutPorts = 1>
ST_44 : Operation 321 [1/1] (1.09ns)   --->   "%icmp_ln175_31 = icmp_eq  i23 %trunc_ln175_15, i23 0" [top.cpp:175]   --->   Operation 321 'icmp' 'icmp_ln175_31' <Predicate = (and_ln171)> <Delay = 1.09> <CoreInst = "Cmp">   --->   Core 9 'Cmp' <Latency = 0> <II = 1> <Delay = 1.09> <FuncUnit> <Opcode : 'seteq' 'setne' 'setle' 'setge' 'setlt' 'setgt'> <InPorts = 2> <OutPorts = 1>
ST_44 : Operation 322 [1/1] (0.00ns) (grouped into LUT with out node and_ln175_15)   --->   "%or_ln175_15 = or i1 %icmp_ln175_31, i1 %icmp_ln175_30" [top.cpp:175]   --->   Operation 322 'or' 'or_ln175_15' <Predicate = (and_ln171)> <Delay = 0.00> <CoreInst = "LogicGate">   --->   Core 74 'LogicGate' <Latency = 0> <II = 1> <Delay = 0.33> <FuncUnit> <Opcode : 'and' 'or' 'xor'> <InPorts = 2> <OutPorts = 1>
ST_44 : Operation 323 [1/1] (0.00ns) (grouped into LUT with out node and_ln175_15)   --->   "%and_ln175_14 = and i1 %or_ln175_14, i1 %or_ln175_15" [top.cpp:175]   --->   Operation 323 'and' 'and_ln175_14' <Predicate = (and_ln171)> <Delay = 0.00> <CoreInst = "LogicGate">   --->   Core 74 'LogicGate' <Latency = 0> <II = 1> <Delay = 0.33> <FuncUnit> <Opcode : 'and' 'or' 'xor'> <InPorts = 2> <OutPorts = 1>
ST_44 : Operation 324 [1/1] (0.33ns) (out node of the LUT)   --->   "%and_ln175_15 = and i1 %and_ln175_14, i1 %tmp_51" [top.cpp:175]   --->   Operation 324 'and' 'and_ln175_15' <Predicate = (and_ln171)> <Delay = 0.33> <CoreInst = "LogicGate">   --->   Core 74 'LogicGate' <Latency = 0> <II = 1> <Delay = 0.33> <FuncUnit> <Opcode : 'and' 'or' 'xor'> <InPorts = 2> <OutPorts = 1>
ST_44 : Operation 325 [1/1] (0.52ns)   --->   "%m_42 = select i1 %and_ln175_15, i32 %m_41, i32 %m_40" [top.cpp:175]   --->   Operation 325 'select' 'm_42' <Predicate = (and_ln171)> <Delay = 0.52> <CoreInst = "Sel">   --->   Core 73 'Sel' <Latency = 0> <II = 1> <Delay = 0.52> <FuncUnit> <Opcode : 'select'> <InPorts = 3> <OutPorts = 1>

State 45 <SV = 44> <Delay = 2.92>
ST_45 : Operation 326 [1/1] (0.00ns)   --->   "%bitcast_ln176 = bitcast i32 %m_42" [top.cpp:176]   --->   Operation 326 'bitcast' 'bitcast_ln176' <Predicate = (and_ln171)> <Delay = 0.00>
ST_45 : Operation 327 [1/1] (2.92ns)   --->   "%write_ln176 = write void @_ssdm_op_Write.m_axi.p1i32, i32 %gmem3_addr, i32 %bitcast_ln176, i4 15" [top.cpp:176]   --->   Operation 327 'write' 'write_ln176' <Predicate = (and_ln171)> <Delay = 2.92> <CoreInst = "m_axi">   --->   Core 119 'm_axi' <Latency = 5> <II = 1> <Delay = 1.00> <Adapter> <Opcode : 'read' 'write' 'readreq' 'writereq' 'writeresp'>
ST_45 : Operation 328 [1/1] (0.00ns)   --->   "%br_ln177 = br void %for.inc432" [top.cpp:177]   --->   Operation 328 'br' 'br_ln177' <Predicate = (and_ln171)> <Delay = 0.00>

State 46 <SV = 45> <Delay = 2.92>
ST_46 : Operation 329 [5/5] (2.92ns)   --->   "%empty = writeresp i1 @_ssdm_op_WriteResp.m_axi.p1i32, i32 %gmem3_addr" [top.cpp:159]   --->   Operation 329 'writeresp' 'empty' <Predicate = (icmp_ln160_1)> <Delay = 2.92> <CoreInst = "m_axi">   --->   Core 119 'm_axi' <Latency = 3> <II = 1> <Delay = 1.00> <Adapter> <Opcode : 'read' 'write' 'readreq' 'writereq' 'writeresp'>

State 47 <SV = 46> <Delay = 2.92>
ST_47 : Operation 330 [4/5] (2.92ns)   --->   "%empty = writeresp i1 @_ssdm_op_WriteResp.m_axi.p1i32, i32 %gmem3_addr" [top.cpp:159]   --->   Operation 330 'writeresp' 'empty' <Predicate = (icmp_ln160_1)> <Delay = 2.92> <CoreInst = "m_axi">   --->   Core 119 'm_axi' <Latency = 3> <II = 1> <Delay = 1.00> <Adapter> <Opcode : 'read' 'write' 'readreq' 'writereq' 'writeresp'>

State 48 <SV = 47> <Delay = 2.92>
ST_48 : Operation 331 [3/5] (2.92ns)   --->   "%empty = writeresp i1 @_ssdm_op_WriteResp.m_axi.p1i32, i32 %gmem3_addr" [top.cpp:159]   --->   Operation 331 'writeresp' 'empty' <Predicate = (icmp_ln160_1)> <Delay = 2.92> <CoreInst = "m_axi">   --->   Core 119 'm_axi' <Latency = 3> <II = 1> <Delay = 1.00> <Adapter> <Opcode : 'read' 'write' 'readreq' 'writereq' 'writeresp'>

State 49 <SV = 48> <Delay = 2.92>
ST_49 : Operation 332 [2/5] (2.92ns)   --->   "%empty = writeresp i1 @_ssdm_op_WriteResp.m_axi.p1i32, i32 %gmem3_addr" [top.cpp:159]   --->   Operation 332 'writeresp' 'empty' <Predicate = (icmp_ln160_1)> <Delay = 2.92> <CoreInst = "m_axi">   --->   Core 119 'm_axi' <Latency = 3> <II = 1> <Delay = 1.00> <Adapter> <Opcode : 'read' 'write' 'readreq' 'writereq' 'writeresp'>
ST_49 : Operation 335 [1/1] (0.00ns)   --->   "%m_17_load = load i32 %m_17"   --->   Operation 335 'load' 'm_17_load' <Predicate = (icmp_ln159)> <Delay = 0.00>
ST_49 : Operation 336 [1/1] (0.00ns)   --->   "%m_18_load_1 = load i32 %m_18"   --->   Operation 336 'load' 'm_18_load_1' <Predicate = (icmp_ln159)> <Delay = 0.00>
ST_49 : Operation 337 [1/1] (0.00ns)   --->   "%m_22_load = load i32 %m_22"   --->   Operation 337 'load' 'm_22_load' <Predicate = (icmp_ln159)> <Delay = 0.00>
ST_49 : Operation 338 [1/1] (0.00ns)   --->   "%m_24_load_1 = load i32 %m_24"   --->   Operation 338 'load' 'm_24_load_1' <Predicate = (icmp_ln159)> <Delay = 0.00>
ST_49 : Operation 339 [1/1] (0.00ns)   --->   "%m_load = load i32 %m"   --->   Operation 339 'load' 'm_load' <Predicate = (icmp_ln159)> <Delay = 0.00>
ST_49 : Operation 340 [1/1] (0.00ns)   --->   "%m_28_load = load i32 %m_28"   --->   Operation 340 'load' 'm_28_load' <Predicate = (icmp_ln159)> <Delay = 0.00>
ST_49 : Operation 341 [1/1] (0.00ns)   --->   "%write_ln0 = write void @_ssdm_op_Write.ap_auto.floatP0A, i32 %m_30_out, i32 %m_28_load"   --->   Operation 341 'write' 'write_ln0' <Predicate = (icmp_ln159)> <Delay = 0.00>
ST_49 : Operation 342 [1/1] (0.00ns)   --->   "%write_ln0 = write void @_ssdm_op_Write.ap_auto.floatP0A, i32 %m_28_out, i32 %m_load"   --->   Operation 342 'write' 'write_ln0' <Predicate = (icmp_ln159)> <Delay = 0.00>
ST_49 : Operation 343 [1/1] (0.00ns)   --->   "%write_ln0 = write void @_ssdm_op_Write.ap_auto.floatP0A, i32 %m_24_out, i32 %m_24_load_1"   --->   Operation 343 'write' 'write_ln0' <Predicate = (icmp_ln159)> <Delay = 0.00>
ST_49 : Operation 344 [1/1] (0.00ns)   --->   "%write_ln0 = write void @_ssdm_op_Write.ap_auto.floatP0A, i32 %m_22_out, i32 %m_22_load"   --->   Operation 344 'write' 'write_ln0' <Predicate = (icmp_ln159)> <Delay = 0.00>
ST_49 : Operation 345 [1/1] (0.00ns)   --->   "%write_ln0 = write void @_ssdm_op_Write.ap_auto.floatP0A, i32 %m_18_out, i32 %m_18_load_1"   --->   Operation 345 'write' 'write_ln0' <Predicate = (icmp_ln159)> <Delay = 0.00>
ST_49 : Operation 346 [1/1] (0.00ns)   --->   "%write_ln0 = write void @_ssdm_op_Write.ap_auto.floatP0A, i32 %m_17_out, i32 %m_17_load"   --->   Operation 346 'write' 'write_ln0' <Predicate = (icmp_ln159)> <Delay = 0.00>
ST_49 : Operation 347 [1/1] (0.48ns)   --->   "%ret_ln0 = ret"   --->   Operation 347 'ret' 'ret_ln0' <Predicate = (icmp_ln159)> <Delay = 0.48>

State 50 <SV = 49> <Delay = 2.92>
ST_50 : Operation 333 [1/5] (2.92ns)   --->   "%empty = writeresp i1 @_ssdm_op_WriteResp.m_axi.p1i32, i32 %gmem3_addr" [top.cpp:159]   --->   Operation 333 'writeresp' 'empty' <Predicate = (icmp_ln160_1)> <Delay = 2.92> <CoreInst = "m_axi">   --->   Core 119 'm_axi' <Latency = 3> <II = 1> <Delay = 1.00> <Adapter> <Opcode : 'read' 'write' 'readreq' 'writereq' 'writeresp'>
ST_50 : Operation 334 [1/1] (0.00ns)   --->   "%br_ln160 = br void %new.latch.for.inc432" [top.cpp:160]   --->   Operation 334 'br' 'br_ln160' <Predicate = (icmp_ln160_1)> <Delay = 0.00>


============================================================
+ Verbose Summary: Binding
============================================================
STG Binding: 
---------------- STG Properties BEGIN ----------------
- Is combinational: 0
- Is one-state seq: 0
- Is datapath-only: 0
- Is pipelined: 0
- Is top level: 0
Port [ Return ] is wired: 1; IO mode=ap_ctrl_hs:ce=0
Port [ p_ZZ10top_kernelPKfS0_S0_PfE6di_win_2_2_load]:  wired=1; compound=0; hidden=0; nouse=0; global=0; static=0; extern=0; dir=0; type=0; pingpong=0; private_global=0; IO mode=ap_none:ce=0
Port [ p_ZZ10top_kernelPKfS0_S0_PfE6di_win_2_1_load]:  wired=1; compound=0; hidden=0; nouse=0; global=0; static=0; extern=0; dir=0; type=0; pingpong=0; private_global=0; IO mode=ap_none:ce=0
Port [ p_ZZ10top_kernelPKfS0_S0_PfE6di_win_1_2_load]:  wired=1; compound=0; hidden=0; nouse=0; global=0; static=0; extern=0; dir=0; type=0; pingpong=0; private_global=0; IO mode=ap_none:ce=0
Port [ p_ZZ10top_kernelPKfS0_S0_PfE6di_win_1_1_load]:  wired=1; compound=0; hidden=0; nouse=0; global=0; static=0; extern=0; dir=0; type=0; pingpong=0; private_global=0; IO mode=ap_none:ce=0
Port [ p_ZZ10top_kernelPKfS0_S0_PfE6di_win_0_2_load]:  wired=1; compound=0; hidden=0; nouse=0; global=0; static=0; extern=0; dir=0; type=0; pingpong=0; private_global=0; IO mode=ap_none:ce=0
Port [ p_ZZ10top_kernelPKfS0_S0_PfE6di_win_0_1_load]:  wired=1; compound=0; hidden=0; nouse=0; global=0; static=0; extern=0; dir=0; type=0; pingpong=0; private_global=0; IO mode=ap_none:ce=0
Port [ gmem3]:  wired=1; compound=1; hidden=0; nouse=0; global=0; static=0; extern=0; dir=1; type=4; pingpong=0; private_global=0; IO mode=m_axi:ce=0
Port [ out_r]:  wired=1; compound=0; hidden=0; nouse=0; global=0; static=0; extern=0; dir=0; type=0; pingpong=0; private_global=0; IO mode=ap_none:ce=0
Port [ m_30_out]:  wired=1; compound=0; hidden=0; nouse=0; global=0; static=0; extern=0; dir=1; type=0; pingpong=0; private_global=0; IO mode=ap_vld:ce=0
Port [ m_28_out]:  wired=1; compound=0; hidden=0; nouse=0; global=0; static=0; extern=0; dir=1; type=0; pingpong=0; private_global=0; IO mode=ap_vld:ce=0
Port [ m_24_out]:  wired=1; compound=0; hidden=0; nouse=0; global=0; static=0; extern=0; dir=1; type=0; pingpong=0; private_global=0; IO mode=ap_vld:ce=0
Port [ m_22_out]:  wired=1; compound=0; hidden=0; nouse=0; global=0; static=0; extern=0; dir=1; type=0; pingpong=0; private_global=0; IO mode=ap_vld:ce=0
Port [ m_18_out]:  wired=1; compound=0; hidden=0; nouse=0; global=0; static=0; extern=0; dir=1; type=0; pingpong=0; private_global=0; IO mode=ap_vld:ce=0
Port [ m_17_out]:  wired=1; compound=0; hidden=0; nouse=0; global=0; static=0; extern=0; dir=1; type=0; pingpong=0; private_global=0; IO mode=ap_vld:ce=0
Port [ top_kernel_float_const_float_const_float_const_float_di_line_buf_6]:  wired=0; compound=1; hidden=1; nouse=0; global=1; static=1; extern=0; dir=2; type=1; pingpong=0; private_global=1; MemPort=[01]; IO mode=ap_memory:ce=0
Port [ eroded]:  wired=1; compound=1; hidden=0; nouse=0; global=1; static=1; extern=0; dir=0; type=1; pingpong=0; private_global=0; MemPort=[13]; IO mode=ap_memory:ce=0
Port [ top_kernel_float_const_float_const_float_const_float_di_line_buf_7]:  wired=0; compound=1; hidden=1; nouse=0; global=1; static=1; extern=0; dir=2; type=1; pingpong=0; private_global=1; MemPort=[01]; IO mode=ap_memory:ce=0
---------------- STG Properties END ------------------

---------------- Datapath Model BEGIN ----------------

<LifeTime>
<method=bitvector/>
m_17                                                                    (alloca           ) [ 011111111111111111111111111111111111111111111111110]
m_18                                                                    (alloca           ) [ 011111111111111111111111111111111111111111111111110]
m_22                                                                    (alloca           ) [ 011111111111111111111111111111111111111111111111110]
m_24                                                                    (alloca           ) [ 011111111111111111111111111111111111111111111111110]
m                                                                       (alloca           ) [ 011111111111111111111111111111111111111111111111110]
m_28                                                                    (alloca           ) [ 011111111111111111111111111111111111111111111111110]
c                                                                       (alloca           ) [ 011000000000000000000000000000000000000000000000000]
r                                                                       (alloca           ) [ 011000000000000000000000000000000000000000000000000]
indvar_flatten41                                                        (alloca           ) [ 010000000000000000000000000000000000000000000000000]
specinterface_ln0                                                       (specinterface    ) [ 000000000000000000000000000000000000000000000000000]
out_r_read                                                              (read             ) [ 011100000000000000000000000000000000000000000000000]
p_ZZ10top_kernelPKfS0_S0_PfE6di_win_0_1_load_read                       (read             ) [ 000000000000000000000000000000000000000000000000000]
p_ZZ10top_kernelPKfS0_S0_PfE6di_win_0_2_load_read                       (read             ) [ 000000000000000000000000000000000000000000000000000]
p_ZZ10top_kernelPKfS0_S0_PfE6di_win_1_1_load_read                       (read             ) [ 000000000000000000000000000000000000000000000000000]
p_ZZ10top_kernelPKfS0_S0_PfE6di_win_1_2_load_read                       (read             ) [ 000000000000000000000000000000000000000000000000000]
p_ZZ10top_kernelPKfS0_S0_PfE6di_win_2_1_load_read                       (read             ) [ 000000000000000000000000000000000000000000000000000]
p_ZZ10top_kernelPKfS0_S0_PfE6di_win_2_2_load_read                       (read             ) [ 000000000000000000000000000000000000000000000000000]
store_ln0                                                               (store            ) [ 000000000000000000000000000000000000000000000000000]
store_ln159                                                             (store            ) [ 000000000000000000000000000000000000000000000000000]
store_ln160                                                             (store            ) [ 000000000000000000000000000000000000000000000000000]
store_ln172                                                             (store            ) [ 000000000000000000000000000000000000000000000000000]
store_ln172                                                             (store            ) [ 000000000000000000000000000000000000000000000000000]
store_ln172                                                             (store            ) [ 000000000000000000000000000000000000000000000000000]
store_ln172                                                             (store            ) [ 000000000000000000000000000000000000000000000000000]
store_ln172                                                             (store            ) [ 000000000000000000000000000000000000000000000000000]
store_ln172                                                             (store            ) [ 000000000000000000000000000000000000000000000000000]
br_ln0                                                                  (br               ) [ 000000000000000000000000000000000000000000000000000]
indvar_flatten41_load                                                   (load             ) [ 000000000000000000000000000000000000000000000000000]
specbitsmap_ln0                                                         (specbitsmap      ) [ 000000000000000000000000000000000000000000000000000]
icmp_ln159                                                              (icmp             ) [ 011111111111111111111111111111111111111111111111110]
add_ln159_1                                                             (add              ) [ 000000000000000000000000000000000000000000000000000]
br_ln159                                                                (br               ) [ 000000000000000000000000000000000000000000000000000]
store_ln159                                                             (store            ) [ 000000000000000000000000000000000000000000000000000]
c_load                                                                  (load             ) [ 000000000000000000000000000000000000000000000000000]
r_load                                                                  (load             ) [ 000000000000000000000000000000000000000000000000000]
add_ln159                                                               (add              ) [ 000000000000000000000000000000000000000000000000000]
icmp_ln160                                                              (icmp             ) [ 000000000000000000000000000000000000000000000000000]
select_ln159                                                            (select           ) [ 010100000000000000000000000000000000000000000000000]
select_ln159_1                                                          (select           ) [ 000000000000000000000000000000000000000000000000000]
empty_36                                                                (trunc            ) [ 010100000000000000000000000000000000000000000000000]
first_iter_6                                                            (icmp             ) [ 010110000000000000000000000000000000000000000000000]
tmp                                                                     (partselect       ) [ 000000000000000000000000000000000000000000000000000]
icmp135                                                                 (icmp             ) [ 010100000000000000000000000000000000000000000000000]
br_ln160                                                                (br               ) [ 000000000000000000000000000000000000000000000000000]
zext_ln160                                                              (zext             ) [ 000000000000000000000000000000000000000000000000000]
top_kernel_float_const_float_const_float_const_float_di_line_buf_6_addr (getelementptr    ) [ 010100000000000000000000000000000000000000000000000]
top_kernel_float_const_float_const_float_const_float_di_line_buf_7_addr (getelementptr    ) [ 010110000000000000000000000000000000000000000000000]
tmp_3                                                                   (partselect       ) [ 000000000000000000000000000000000000000000000000000]
icmp_ln171                                                              (icmp             ) [ 000000000000000000000000000000000000000000000000000]
and_ln171                                                               (and              ) [ 010111111111111111111111111111111111111111111100000]
br_ln171                                                                (br               ) [ 000000000000000000000000000000000000000000000000000]
add_ln160                                                               (add              ) [ 010100000000000000000000000000000000000000000000000]
store_ln159                                                             (store            ) [ 000000000000000000000000000000000000000000000000000]
store_ln160                                                             (store            ) [ 000000000000000000000000000000000000000000000000000]
specloopname_ln0                                                        (specloopname     ) [ 000000000000000000000000000000000000000000000000000]
speclooptripcount_ln0                                                   (speclooptripcount) [ 000000000000000000000000000000000000000000000000000]
tmp_s                                                                   (bitconcatenate   ) [ 000000000000000000000000000000000000000000000000000]
p_cast                                                                  (zext             ) [ 000000000000000000000000000000000000000000000000000]
tmp1                                                                    (add              ) [ 000000000000000000000000000000000000000000000000000]
tmp1_cast                                                               (sext             ) [ 000000000000000000000000000000000000000000000000000]
empty_37                                                                (add              ) [ 000000000000000000000000000000000000000000000000000]
select_ln160                                                            (select           ) [ 010010000000000000000000000000000000000000000000000]
trunc_ln                                                                (partselect       ) [ 000000000000000000000000000000000000000000000000000]
sext_ln160                                                              (sext             ) [ 000000000000000000000000000000000000000000000000000]
gmem3_addr                                                              (getelementptr    ) [ 010011111111111111111111111111111111111111111111111]
tmp_27                                                                  (bitconcatenate   ) [ 000000000000000000000000000000000000000000000000000]
zext_ln164                                                              (zext             ) [ 000000000000000000000000000000000000000000000000000]
add_ln164                                                               (add              ) [ 000000000000000000000000000000000000000000000000000]
zext_ln164_1                                                            (zext             ) [ 000000000000000000000000000000000000000000000000000]
eroded_addr                                                             (getelementptr    ) [ 010010000000000000000000000000000000000000000000000]
m_32                                                                    (load             ) [ 010011111111111111111000000000000000000000000000000]
m_37                                                                    (load             ) [ 010011111111111111111111111111111000000000000000000]
store_ln163                                                             (store            ) [ 000000000000000000000000000000000000000000000000000]
m_18_load41                                                             (load             ) [ 010011111111111110000000000000000000000000000000000]
icmp_ln160_1                                                            (icmp             ) [ 010011111111111111111111111111111111111111111111111]
br_ln160                                                                (br               ) [ 000000000000000000000000000000000000000000000000000]
m_18_load                                                               (load             ) [ 010011111111100000000000000000000000000000000000000]
store_ln172                                                             (store            ) [ 000000000000000000000000000000000000000000000000000]
empty_35                                                                (writereq         ) [ 000000000000000000000000000000000000000000000000000]
br_ln160                                                                (br               ) [ 000000000000000000000000000000000000000000000000000]
specpipeline_ln161                                                      (specpipeline     ) [ 000000000000000000000000000000000000000000000000000]
m_41                                                                    (load             ) [ 010001111111111111111111111111111111111111111000000]
store_ln164                                                             (store            ) [ 000000000000000000000000000000000000000000000000000]
m_24_load_2                                                             (load             ) [ 010000000000111111111111111110000000000000000000000]
m_24_load                                                               (load             ) [ 010000000000111111111000000000000000000000000000000]
store_ln172                                                             (store            ) [ 000000000000000000000000000000000000000000000000000]
m_18_add                                                                (fadd             ) [ 010000000000010000000000000000000000000000000000000]
m_17_load_1                                                             (load             ) [ 010000000000001110000000000000000000000000000000000]
store_ln172                                                             (store            ) [ 000000000000000000000000000000000000000000000000000]
tmp_30                                                                  (fcmp             ) [ 010000000000000010000000000000000000000000000000000]
bitcast_ln175                                                           (bitcast          ) [ 000000000000000000000000000000000000000000000000000]
tmp_28                                                                  (partselect       ) [ 000000000000000000000000000000000000000000000000000]
trunc_ln175                                                             (trunc            ) [ 000000000000000000000000000000000000000000000000000]
bitcast_ln175_1                                                         (bitcast          ) [ 000000000000000000000000000000000000000000000000000]
tmp_29                                                                  (partselect       ) [ 000000000000000000000000000000000000000000000000000]
trunc_ln175_1                                                           (trunc            ) [ 000000000000000000000000000000000000000000000000000]
icmp_ln175                                                              (icmp             ) [ 000000000000000000000000000000000000000000000000000]
icmp_ln175_1                                                            (icmp             ) [ 000000000000000000000000000000000000000000000000000]
or_ln175                                                                (or               ) [ 000000000000000000000000000000000000000000000000000]
icmp_ln175_2                                                            (icmp             ) [ 000000000000000000000000000000000000000000000000000]
icmp_ln175_3                                                            (icmp             ) [ 000000000000000000000000000000000000000000000000000]
or_ln175_1                                                              (or               ) [ 000000000000000000000000000000000000000000000000000]
and_ln175                                                               (and              ) [ 000000000000000000000000000000000000000000000000000]
and_ln175_1                                                             (and              ) [ 000000000000000000000000000000000000000000000000000]
m_30                                                                    (select           ) [ 010000000000000001111000000000000000000000000000000]
tmp_33                                                                  (fcmp             ) [ 010000000000000000001000000000000000000000000000000]
bitcast_ln175_2                                                         (bitcast          ) [ 000000000000000000000000000000000000000000000000000]
tmp_31                                                                  (partselect       ) [ 000000000000000000000000000000000000000000000000000]
trunc_ln175_2                                                           (trunc            ) [ 000000000000000000000000000000000000000000000000000]
bitcast_ln175_3                                                         (bitcast          ) [ 000000000000000000000000000000000000000000000000000]
tmp_32                                                                  (partselect       ) [ 000000000000000000000000000000000000000000000000000]
trunc_ln175_3                                                           (trunc            ) [ 000000000000000000000000000000000000000000000000000]
icmp_ln175_4                                                            (icmp             ) [ 000000000000000000000000000000000000000000000000000]
icmp_ln175_5                                                            (icmp             ) [ 000000000000000000000000000000000000000000000000000]
or_ln175_2                                                              (or               ) [ 000000000000000000000000000000000000000000000000000]
icmp_ln175_6                                                            (icmp             ) [ 000000000000000000000000000000000000000000000000000]
icmp_ln175_7                                                            (icmp             ) [ 000000000000000000000000000000000000000000000000000]
or_ln175_3                                                              (or               ) [ 000000000000000000000000000000000000000000000000000]
and_ln175_2                                                             (and              ) [ 000000000000000000000000000000000000000000000000000]
and_ln175_3                                                             (and              ) [ 000000000000000000000000000000000000000000000000000]
m_34                                                                    (select           ) [ 010000000000000000000111100000000000000000000000000]
m_24_add                                                                (fadd             ) [ 010000000000000000000100000000000000000000000000000]
m_22_load_1                                                             (load             ) [ 010000000000000000000011100000000000000000000000000]
store_ln172                                                             (store            ) [ 000000000000000000000000000000000000000000000000000]
m_28_load_1                                                             (load             ) [ 010000000000000000000000111111111111111110000000000]
tmp_36                                                                  (fcmp             ) [ 010000000000000000000000100000000000000000000000000]
m_28_load_2                                                             (load             ) [ 010000000000000000000000111111111000000000000000000]
store_ln172                                                             (store            ) [ 000000000000000000000000000000000000000000000000000]
bitcast_ln175_4                                                         (bitcast          ) [ 000000000000000000000000000000000000000000000000000]
tmp_34                                                                  (partselect       ) [ 000000000000000000000000000000000000000000000000000]
trunc_ln175_4                                                           (trunc            ) [ 000000000000000000000000000000000000000000000000000]
bitcast_ln175_5                                                         (bitcast          ) [ 000000000000000000000000000000000000000000000000000]
tmp_35                                                                  (partselect       ) [ 000000000000000000000000000000000000000000000000000]
trunc_ln175_5                                                           (trunc            ) [ 000000000000000000000000000000000000000000000000000]
icmp_ln175_8                                                            (icmp             ) [ 000000000000000000000000000000000000000000000000000]
icmp_ln175_9                                                            (icmp             ) [ 000000000000000000000000000000000000000000000000000]
or_ln175_4                                                              (or               ) [ 000000000000000000000000000000000000000000000000000]
icmp_ln175_10                                                           (icmp             ) [ 000000000000000000000000000000000000000000000000000]
icmp_ln175_11                                                           (icmp             ) [ 000000000000000000000000000000000000000000000000000]
or_ln175_5                                                              (or               ) [ 000000000000000000000000000000000000000000000000000]
and_ln175_4                                                             (and              ) [ 000000000000000000000000000000000000000000000000000]
and_ln175_5                                                             (and              ) [ 000000000000000000000000000000000000000000000000000]
m_35                                                                    (select           ) [ 010000000000000000000000011110000000000000000000000]
tmp_39                                                                  (fcmp             ) [ 010000000000000000000000000010000000000000000000000]
bitcast_ln175_6                                                         (bitcast          ) [ 000000000000000000000000000000000000000000000000000]
tmp_37                                                                  (partselect       ) [ 000000000000000000000000000000000000000000000000000]
trunc_ln175_6                                                           (trunc            ) [ 000000000000000000000000000000000000000000000000000]
bitcast_ln175_7                                                         (bitcast          ) [ 000000000000000000000000000000000000000000000000000]
tmp_38                                                                  (partselect       ) [ 000000000000000000000000000000000000000000000000000]
trunc_ln175_7                                                           (trunc            ) [ 000000000000000000000000000000000000000000000000000]
icmp_ln175_12                                                           (icmp             ) [ 000000000000000000000000000000000000000000000000000]
icmp_ln175_13                                                           (icmp             ) [ 000000000000000000000000000000000000000000000000000]
or_ln175_6                                                              (or               ) [ 000000000000000000000000000000000000000000000000000]
icmp_ln175_14                                                           (icmp             ) [ 000000000000000000000000000000000000000000000000000]
icmp_ln175_15                                                           (icmp             ) [ 000000000000000000000000000000000000000000000000000]
or_ln175_7                                                              (or               ) [ 000000000000000000000000000000000000000000000000000]
and_ln175_6                                                             (and              ) [ 000000000000000000000000000000000000000000000000000]
and_ln175_7                                                             (and              ) [ 000000000000000000000000000000000000000000000000000]
m_36                                                                    (select           ) [ 010000000000000000000000000001111000000000000000000]
tmp_42                                                                  (fcmp             ) [ 010000000000000000000000000000001000000000000000000]
bitcast_ln175_8                                                         (bitcast          ) [ 000000000000000000000000000000000000000000000000000]
tmp_40                                                                  (partselect       ) [ 000000000000000000000000000000000000000000000000000]
trunc_ln175_8                                                           (trunc            ) [ 000000000000000000000000000000000000000000000000000]
bitcast_ln175_9                                                         (bitcast          ) [ 000000000000000000000000000000000000000000000000000]
tmp_41                                                                  (partselect       ) [ 000000000000000000000000000000000000000000000000000]
trunc_ln175_9                                                           (trunc            ) [ 000000000000000000000000000000000000000000000000000]
icmp_ln175_16                                                           (icmp             ) [ 000000000000000000000000000000000000000000000000000]
icmp_ln175_17                                                           (icmp             ) [ 000000000000000000000000000000000000000000000000000]
or_ln175_8                                                              (or               ) [ 000000000000000000000000000000000000000000000000000]
icmp_ln175_18                                                           (icmp             ) [ 000000000000000000000000000000000000000000000000000]
icmp_ln175_19                                                           (icmp             ) [ 000000000000000000000000000000000000000000000000000]
or_ln175_9                                                              (or               ) [ 000000000000000000000000000000000000000000000000000]
and_ln175_8                                                             (and              ) [ 000000000000000000000000000000000000000000000000000]
and_ln175_9                                                             (and              ) [ 000000000000000000000000000000000000000000000000000]
m_38                                                                    (select           ) [ 010000000000000000000000000000000111100000000000000]
m_30_add                                                                (fadd             ) [ 010000000000000000000000000000000100000000000000000]
m_load_2                                                                (load             ) [ 010000000000000000000000000000000011100000000000000]
store_ln172                                                             (store            ) [ 000000000000000000000000000000000000000000000000000]
br_ln160                                                                (br               ) [ 000000000000000000000000000000000000000000000000000]
tmp_45                                                                  (fcmp             ) [ 010000000000000000000000000000000000100000000000000]
bitcast_ln175_10                                                        (bitcast          ) [ 000000000000000000000000000000000000000000000000000]
tmp_43                                                                  (partselect       ) [ 000000000000000000000000000000000000000000000000000]
trunc_ln175_10                                                          (trunc            ) [ 000000000000000000000000000000000000000000000000000]
bitcast_ln175_11                                                        (bitcast          ) [ 000000000000000000000000000000000000000000000000000]
tmp_44                                                                  (partselect       ) [ 000000000000000000000000000000000000000000000000000]
trunc_ln175_11                                                          (trunc            ) [ 000000000000000000000000000000000000000000000000000]
icmp_ln175_20                                                           (icmp             ) [ 000000000000000000000000000000000000000000000000000]
icmp_ln175_21                                                           (icmp             ) [ 000000000000000000000000000000000000000000000000000]
or_ln175_10                                                             (or               ) [ 000000000000000000000000000000000000000000000000000]
icmp_ln175_22                                                           (icmp             ) [ 000000000000000000000000000000000000000000000000000]
icmp_ln175_23                                                           (icmp             ) [ 000000000000000000000000000000000000000000000000000]
or_ln175_11                                                             (or               ) [ 000000000000000000000000000000000000000000000000000]
and_ln175_10                                                            (and              ) [ 000000000000000000000000000000000000000000000000000]
and_ln175_11                                                            (and              ) [ 000000000000000000000000000000000000000000000000000]
m_39                                                                    (select           ) [ 010000000000000000000000000000000000011110000000000]
tmp_48                                                                  (fcmp             ) [ 010000000000000000000000000000000000000010000000000]
bitcast_ln175_12                                                        (bitcast          ) [ 000000000000000000000000000000000000000000000000000]
tmp_46                                                                  (partselect       ) [ 000000000000000000000000000000000000000000000000000]
trunc_ln175_12                                                          (trunc            ) [ 000000000000000000000000000000000000000000000000000]
bitcast_ln175_13                                                        (bitcast          ) [ 000000000000000000000000000000000000000000000000000]
tmp_47                                                                  (partselect       ) [ 000000000000000000000000000000000000000000000000000]
trunc_ln175_13                                                          (trunc            ) [ 000000000000000000000000000000000000000000000000000]
icmp_ln175_24                                                           (icmp             ) [ 000000000000000000000000000000000000000000000000000]
icmp_ln175_25                                                           (icmp             ) [ 000000000000000000000000000000000000000000000000000]
or_ln175_12                                                             (or               ) [ 000000000000000000000000000000000000000000000000000]
icmp_ln175_26                                                           (icmp             ) [ 000000000000000000000000000000000000000000000000000]
icmp_ln175_27                                                           (icmp             ) [ 000000000000000000000000000000000000000000000000000]
or_ln175_13                                                             (or               ) [ 000000000000000000000000000000000000000000000000000]
and_ln175_12                                                            (and              ) [ 000000000000000000000000000000000000000000000000000]
and_ln175_13                                                            (and              ) [ 000000000000000000000000000000000000000000000000000]
m_40                                                                    (select           ) [ 010000000000000000000000000000000000000001111000000]
tmp_51                                                                  (fcmp             ) [ 010000000000000000000000000000000000000000001000000]
bitcast_ln175_14                                                        (bitcast          ) [ 000000000000000000000000000000000000000000000000000]
tmp_49                                                                  (partselect       ) [ 000000000000000000000000000000000000000000000000000]
trunc_ln175_14                                                          (trunc            ) [ 000000000000000000000000000000000000000000000000000]
bitcast_ln175_15                                                        (bitcast          ) [ 000000000000000000000000000000000000000000000000000]
tmp_50                                                                  (partselect       ) [ 000000000000000000000000000000000000000000000000000]
trunc_ln175_15                                                          (trunc            ) [ 000000000000000000000000000000000000000000000000000]
icmp_ln175_28                                                           (icmp             ) [ 000000000000000000000000000000000000000000000000000]
icmp_ln175_29                                                           (icmp             ) [ 000000000000000000000000000000000000000000000000000]
or_ln175_14                                                             (or               ) [ 000000000000000000000000000000000000000000000000000]
icmp_ln175_30                                                           (icmp             ) [ 000000000000000000000000000000000000000000000000000]
icmp_ln175_31                                                           (icmp             ) [ 000000000000000000000000000000000000000000000000000]
or_ln175_15                                                             (or               ) [ 000000000000000000000000000000000000000000000000000]
and_ln175_14                                                            (and              ) [ 000000000000000000000000000000000000000000000000000]
and_ln175_15                                                            (and              ) [ 000000000000000000000000000000000000000000000000000]
m_42                                                                    (select           ) [ 010000000000000000000000000000000000000000000100000]
bitcast_ln176                                                           (bitcast          ) [ 000000000000000000000000000000000000000000000000000]
write_ln176                                                             (write            ) [ 000000000000000000000000000000000000000000000000000]
br_ln177                                                                (br               ) [ 000000000000000000000000000000000000000000000000000]
empty                                                                   (writeresp        ) [ 000000000000000000000000000000000000000000000000000]
br_ln160                                                                (br               ) [ 000000000000000000000000000000000000000000000000000]
m_17_load                                                               (load             ) [ 000000000000000000000000000000000000000000000000000]
m_18_load_1                                                             (load             ) [ 000000000000000000000000000000000000000000000000000]
m_22_load                                                               (load             ) [ 000000000000000000000000000000000000000000000000000]
m_24_load_1                                                             (load             ) [ 000000000000000000000000000000000000000000000000000]
m_load                                                                  (load             ) [ 000000000000000000000000000000000000000000000000000]
m_28_load                                                               (load             ) [ 000000000000000000000000000000000000000000000000000]
write_ln0                                                               (write            ) [ 000000000000000000000000000000000000000000000000000]
write_ln0                                                               (write            ) [ 000000000000000000000000000000000000000000000000000]
write_ln0                                                               (write            ) [ 000000000000000000000000000000000000000000000000000]
write_ln0                                                               (write            ) [ 000000000000000000000000000000000000000000000000000]
write_ln0                                                               (write            ) [ 000000000000000000000000000000000000000000000000000]
write_ln0                                                               (write            ) [ 000000000000000000000000000000000000000000000000000]
ret_ln0                                                                 (ret              ) [ 000000000000000000000000000000000000000000000000000]
</LifeTime>

<model>

<comp_list>
<comp id="0" class="1000" name="p_ZZ10top_kernelPKfS0_S0_PfE6di_win_2_2_load">
<pin_list>
<pin id="1" dir="1" index="0" bw="1" slack="0"/>
</pin_list>
<bind>
<StgValue><ssdm name="p_ZZ10top_kernelPKfS0_S0_PfE6di_win_2_2_load"/></StgValue>
</bind>
</comp>

<comp id="2" class="1000" name="p_ZZ10top_kernelPKfS0_S0_PfE6di_win_2_1_load">
<pin_list>
<pin id="3" dir="1" index="0" bw="1" slack="0"/>
</pin_list>
<bind>
<StgValue><ssdm name="p_ZZ10top_kernelPKfS0_S0_PfE6di_win_2_1_load"/></StgValue>
</bind>
</comp>

<comp id="4" class="1000" name="p_ZZ10top_kernelPKfS0_S0_PfE6di_win_1_2_load">
<pin_list>
<pin id="5" dir="1" index="0" bw="1" slack="0"/>
</pin_list>
<bind>
<StgValue><ssdm name="p_ZZ10top_kernelPKfS0_S0_PfE6di_win_1_2_load"/></StgValue>
</bind>
</comp>

<comp id="6" class="1000" name="p_ZZ10top_kernelPKfS0_S0_PfE6di_win_1_1_load">
<pin_list>
<pin id="7" dir="1" index="0" bw="1" slack="0"/>
</pin_list>
<bind>
<StgValue><ssdm name="p_ZZ10top_kernelPKfS0_S0_PfE6di_win_1_1_load"/></StgValue>
</bind>
</comp>

<comp id="8" class="1000" name="p_ZZ10top_kernelPKfS0_S0_PfE6di_win_0_2_load">
<pin_list>
<pin id="9" dir="1" index="0" bw="1" slack="0"/>
</pin_list>
<bind>
<StgValue><ssdm name="p_ZZ10top_kernelPKfS0_S0_PfE6di_win_0_2_load"/></StgValue>
</bind>
</comp>

<comp id="10" class="1000" name="p_ZZ10top_kernelPKfS0_S0_PfE6di_win_0_1_load">
<pin_list>
<pin id="11" dir="1" index="0" bw="1" slack="0"/>
</pin_list>
<bind>
<StgValue><ssdm name="p_ZZ10top_kernelPKfS0_S0_PfE6di_win_0_1_load"/></StgValue>
</bind>
</comp>

<comp id="12" class="1000" name="gmem3">
<pin_list>
<pin id="13" dir="1" index="0" bw="1" slack="0"/>
</pin_list>
<bind>
<StgValue><ssdm name="gmem3"/><MemPortTyVec>1 </MemPortTyVec>
</StgValue>
</bind>
</comp>

<comp id="14" class="1000" name="out_r">
<pin_list>
<pin id="15" dir="1" index="0" bw="1" slack="0"/>
</pin_list>
<bind>
<StgValue><ssdm name="out_r"/></StgValue>
</bind>
</comp>

<comp id="16" class="1000" name="m_30_out">
<pin_list>
<pin id="17" dir="1" index="0" bw="1" slack="0"/>
</pin_list>
<bind>
<StgValue><ssdm name="m_30_out"/></StgValue>
</bind>
</comp>

<comp id="18" class="1000" name="m_28_out">
<pin_list>
<pin id="19" dir="1" index="0" bw="1" slack="0"/>
</pin_list>
<bind>
<StgValue><ssdm name="m_28_out"/></StgValue>
</bind>
</comp>

<comp id="20" class="1000" name="m_24_out">
<pin_list>
<pin id="21" dir="1" index="0" bw="1" slack="0"/>
</pin_list>
<bind>
<StgValue><ssdm name="m_24_out"/></StgValue>
</bind>
</comp>

<comp id="22" class="1000" name="m_22_out">
<pin_list>
<pin id="23" dir="1" index="0" bw="1" slack="0"/>
</pin_list>
<bind>
<StgValue><ssdm name="m_22_out"/></StgValue>
</bind>
</comp>

<comp id="24" class="1000" name="m_18_out">
<pin_list>
<pin id="25" dir="1" index="0" bw="1" slack="0"/>
</pin_list>
<bind>
<StgValue><ssdm name="m_18_out"/></StgValue>
</bind>
</comp>

<comp id="26" class="1000" name="m_17_out">
<pin_list>
<pin id="27" dir="1" index="0" bw="1" slack="0"/>
</pin_list>
<bind>
<StgValue><ssdm name="m_17_out"/></StgValue>
</bind>
</comp>

<comp id="28" class="1000" name="top_kernel_float_const_float_const_float_const_float_di_line_buf_6">
<pin_list>
<pin id="29" dir="1" index="0" bw="1" slack="0"/>
</pin_list>
<bind>
<StgValue><ssdm name="top_kernel_float_const_float_const_float_const_float_di_line_buf_6"/><MemPortTyVec>0 1 </MemPortTyVec>
</StgValue>
</bind>
</comp>

<comp id="30" class="1000" name="eroded">
<pin_list>
<pin id="31" dir="1" index="0" bw="1" slack="0"/>
</pin_list>
<bind>
<StgValue><ssdm name="eroded"/><MemPortTyVec>1 3 </MemPortTyVec>
</StgValue>
</bind>
</comp>

<comp id="32" class="1000" name="top_kernel_float_const_float_const_float_const_float_di_line_buf_7">
<pin_list>
<pin id="33" dir="1" index="0" bw="1" slack="0"/>
</pin_list>
<bind>
<StgValue><ssdm name="top_kernel_float_const_float_const_float_const_float_di_line_buf_7"/><MemPortTyVec>0 1 </MemPortTyVec>
</StgValue>
</bind>
</comp>

<comp id="34" class="1001" name="const_34">
<pin_list>
<pin id="35" dir="1" index="0" bw="1" slack="0"/>
</pin_list>
<bind>
<StgValue><ssdm name=""/></StgValue>
</bind>
</comp>

<comp id="36" class="1001" name="const_36">
<pin_list>
<pin id="37" dir="1" index="0" bw="1" slack="2147483647"/>
</pin_list>
<bind>
<StgValue><ssdm name="_ssdm_op_SpecInterface"/></StgValue>
</bind>
</comp>

<comp id="38" class="1001" name="const_38">
<pin_list>
<pin id="39" dir="1" index="0" bw="1" slack="2147483647"/>
</pin_list>
<bind>
<StgValue><ssdm name="empty_5"/></StgValue>
</bind>
</comp>

<comp id="40" class="1001" name="const_40">
<pin_list>
<pin id="41" dir="1" index="0" bw="1" slack="2147483647"/>
</pin_list>
<bind>
<StgValue><ssdm name=""/></StgValue>
</bind>
</comp>

<comp id="42" class="1001" name="const_42">
<pin_list>
<pin id="43" dir="1" index="0" bw="1" slack="2147483647"/>
</pin_list>
<bind>
<StgValue><ssdm name="empty_12"/></StgValue>
</bind>
</comp>

<comp id="44" class="1001" name="const_44">
<pin_list>
<pin id="45" dir="1" index="0" bw="1" slack="2147483647"/>
</pin_list>
<bind>
<StgValue><ssdm name="empty"/></StgValue>
</bind>
</comp>

<comp id="46" class="1001" name="const_46">
<pin_list>
<pin id="47" dir="1" index="0" bw="1" slack="2147483647"/>
</pin_list>
<bind>
<StgValue><ssdm name="empty_7"/></StgValue>
</bind>
</comp>

<comp id="48" class="1001" name="const_48">
<pin_list>
<pin id="49" dir="1" index="0" bw="1" slack="2147483647"/>
</pin_list>
<bind>
<StgValue><ssdm name=""/></StgValue>
</bind>
</comp>

<comp id="50" class="1001" name="const_50">
<pin_list>
<pin id="51" dir="1" index="0" bw="1" slack="2147483647"/>
</pin_list>
<bind>
<StgValue><ssdm name=""/></StgValue>
</bind>
</comp>

<comp id="52" class="1001" name="const_52">
<pin_list>
<pin id="53" dir="1" index="0" bw="1" slack="0"/>
</pin_list>
<bind>
<StgValue><ssdm name="_ssdm_op_Read.ap_auto.i64"/></StgValue>
</bind>
</comp>

<comp id="54" class="1001" name="const_54">
<pin_list>
<pin id="55" dir="1" index="0" bw="1" slack="0"/>
</pin_list>
<bind>
<StgValue><ssdm name="_ssdm_op_Read.ap_auto.float"/></StgValue>
</bind>
</comp>

<comp id="56" class="1001" name="const_56">
<pin_list>
<pin id="57" dir="1" index="0" bw="1" slack="0"/>
</pin_list>
<bind>
<StgValue><ssdm name=""/></StgValue>
</bind>
</comp>

<comp id="58" class="1001" name="const_58">
<pin_list>
<pin id="59" dir="1" index="0" bw="1" slack="0"/>
</pin_list>
<bind>
<StgValue><ssdm name=""/></StgValue>
</bind>
</comp>

<comp id="60" class="1001" name="const_60">
<pin_list>
<pin id="61" dir="1" index="0" bw="1" slack="2147483647"/>
</pin_list>
<bind>
<StgValue><ssdm name="_ssdm_op_SpecBitsMap"/></StgValue>
</bind>
</comp>

<comp id="62" class="1001" name="const_62">
<pin_list>
<pin id="63" dir="1" index="0" bw="1" slack="0"/>
</pin_list>
<bind>
<StgValue><ssdm name=""/></StgValue>
</bind>
</comp>

<comp id="64" class="1001" name="const_64">
<pin_list>
<pin id="65" dir="1" index="0" bw="1" slack="0"/>
</pin_list>
<bind>
<StgValue><ssdm name=""/></StgValue>
</bind>
</comp>

<comp id="66" class="1001" name="const_66">
<pin_list>
<pin id="67" dir="1" index="0" bw="1" slack="0"/>
</pin_list>
<bind>
<StgValue><ssdm name=""/></StgValue>
</bind>
</comp>

<comp id="68" class="1001" name="const_68">
<pin_list>
<pin id="69" dir="1" index="0" bw="1" slack="0"/>
</pin_list>
<bind>
<StgValue><ssdm name=""/></StgValue>
</bind>
</comp>

<comp id="70" class="1001" name="const_70">
<pin_list>
<pin id="71" dir="1" index="0" bw="1" slack="0"/>
</pin_list>
<bind>
<StgValue><ssdm name="_ssdm_op_PartSelect.i6.i7.i32.i32"/></StgValue>
</bind>
</comp>

<comp id="72" class="1001" name="const_72">
<pin_list>
<pin id="73" dir="1" index="0" bw="1" slack="0"/>
</pin_list>
<bind>
<StgValue><ssdm name=""/></StgValue>
</bind>
</comp>

<comp id="74" class="1001" name="const_74">
<pin_list>
<pin id="75" dir="1" index="0" bw="1" slack="0"/>
</pin_list>
<bind>
<StgValue><ssdm name=""/></StgValue>
</bind>
</comp>

<comp id="76" class="1001" name="const_76">
<pin_list>
<pin id="77" dir="1" index="0" bw="1" slack="0"/>
</pin_list>
<bind>
<StgValue><ssdm name=""/></StgValue>
</bind>
</comp>

<comp id="78" class="1001" name="const_78">
<pin_list>
<pin id="79" dir="1" index="0" bw="1" slack="2147483647"/>
</pin_list>
<bind>
<StgValue><ssdm name="_ssdm_op_SpecLoopName"/></StgValue>
</bind>
</comp>

<comp id="80" class="1001" name="const_80">
<pin_list>
<pin id="81" dir="1" index="0" bw="1" slack="2147483647"/>
</pin_list>
<bind>
<StgValue><ssdm name="K5_Dilation_VITIS_LOOP_160_18_str"/></StgValue>
</bind>
</comp>

<comp id="82" class="1001" name="const_82">
<pin_list>
<pin id="83" dir="1" index="0" bw="1" slack="2147483647"/>
</pin_list>
<bind>
<StgValue><ssdm name="_ssdm_op_SpecLoopTripCount"/></StgValue>
</bind>
</comp>

<comp id="84" class="1001" name="const_84">
<pin_list>
<pin id="85" dir="1" index="0" bw="1" slack="2147483647"/>
</pin_list>
<bind>
<StgValue><ssdm name=""/></StgValue>
</bind>
</comp>

<comp id="86" class="1001" name="const_86">
<pin_list>
<pin id="87" dir="1" index="0" bw="1" slack="0"/>
</pin_list>
<bind>
<StgValue><ssdm name="_ssdm_op_BitConcatenate.i14.i6.i8"/></StgValue>
</bind>
</comp>

<comp id="88" class="1001" name="const_88">
<pin_list>
<pin id="89" dir="1" index="0" bw="1" slack="0"/>
</pin_list>
<bind>
<StgValue><ssdm name=""/></StgValue>
</bind>
</comp>

<comp id="90" class="1001" name="const_90">
<pin_list>
<pin id="91" dir="1" index="0" bw="1" slack="0"/>
</pin_list>
<bind>
<StgValue><ssdm name=""/></StgValue>
</bind>
</comp>

<comp id="92" class="1001" name="const_92">
<pin_list>
<pin id="93" dir="1" index="0" bw="1" slack="0"/>
</pin_list>
<bind>
<StgValue><ssdm name=""/></StgValue>
</bind>
</comp>

<comp id="94" class="1001" name="const_94">
<pin_list>
<pin id="95" dir="1" index="0" bw="1" slack="0"/>
</pin_list>
<bind>
<StgValue><ssdm name="_ssdm_op_PartSelect.i62.i64.i32.i32"/></StgValue>
</bind>
</comp>

<comp id="96" class="1001" name="const_96">
<pin_list>
<pin id="97" dir="1" index="0" bw="1" slack="0"/>
</pin_list>
<bind>
<StgValue><ssdm name=""/></StgValue>
</bind>
</comp>

<comp id="98" class="1001" name="const_98">
<pin_list>
<pin id="99" dir="1" index="0" bw="1" slack="0"/>
</pin_list>
<bind>
<StgValue><ssdm name=""/></StgValue>
</bind>
</comp>

<comp id="100" class="1001" name="const_100">
<pin_list>
<pin id="101" dir="1" index="0" bw="1" slack="0"/>
</pin_list>
<bind>
<StgValue><ssdm name="_ssdm_op_BitConcatenate.i12.i6.i6"/></StgValue>
</bind>
</comp>

<comp id="102" class="1001" name="const_102">
<pin_list>
<pin id="103" dir="1" index="0" bw="1" slack="0"/>
</pin_list>
<bind>
<StgValue><ssdm name=""/></StgValue>
</bind>
</comp>

<comp id="104" class="1001" name="const_104">
<pin_list>
<pin id="105" dir="1" index="0" bw="1" slack="0"/>
</pin_list>
<bind>
<StgValue><ssdm name="_ssdm_op_WriteReq.m_axi.p1i32"/></StgValue>
</bind>
</comp>

<comp id="106" class="1001" name="const_106">
<pin_list>
<pin id="107" dir="1" index="0" bw="1" slack="2147483647"/>
</pin_list>
<bind>
<StgValue><ssdm name="_ssdm_op_SpecPipeline"/></StgValue>
</bind>
</comp>

<comp id="108" class="1001" name="const_108">
<pin_list>
<pin id="109" dir="1" index="0" bw="1" slack="0"/>
</pin_list>
<bind>
<StgValue><ssdm name="_ssdm_op_PartSelect.i8.i32.i32.i32"/></StgValue>
</bind>
</comp>

<comp id="110" class="1001" name="const_110">
<pin_list>
<pin id="111" dir="1" index="0" bw="1" slack="0"/>
</pin_list>
<bind>
<StgValue><ssdm name=""/></StgValue>
</bind>
</comp>

<comp id="112" class="1001" name="const_112">
<pin_list>
<pin id="113" dir="1" index="0" bw="1" slack="0"/>
</pin_list>
<bind>
<StgValue><ssdm name=""/></StgValue>
</bind>
</comp>

<comp id="114" class="1001" name="const_114">
<pin_list>
<pin id="115" dir="1" index="0" bw="1" slack="0"/>
</pin_list>
<bind>
<StgValue><ssdm name=""/></StgValue>
</bind>
</comp>

<comp id="116" class="1001" name="const_116">
<pin_list>
<pin id="117" dir="1" index="0" bw="1" slack="0"/>
</pin_list>
<bind>
<StgValue><ssdm name=""/></StgValue>
</bind>
</comp>

<comp id="118" class="1001" name="const_118">
<pin_list>
<pin id="119" dir="1" index="0" bw="1" slack="0"/>
</pin_list>
<bind>
<StgValue><ssdm name="_ssdm_op_Write.m_axi.p1i32"/></StgValue>
</bind>
</comp>

<comp id="120" class="1001" name="const_120">
<pin_list>
<pin id="121" dir="1" index="0" bw="1" slack="0"/>
</pin_list>
<bind>
<StgValue><ssdm name=""/></StgValue>
</bind>
</comp>

<comp id="122" class="1001" name="const_122">
<pin_list>
<pin id="123" dir="1" index="0" bw="1" slack="0"/>
</pin_list>
<bind>
<StgValue><ssdm name="_ssdm_op_WriteResp.m_axi.p1i32"/></StgValue>
</bind>
</comp>

<comp id="124" class="1001" name="const_124">
<pin_list>
<pin id="125" dir="1" index="0" bw="1" slack="0"/>
</pin_list>
<bind>
<StgValue><ssdm name="_ssdm_op_Write.ap_auto.floatP0A"/></StgValue>
</bind>
</comp>

<comp id="126" class="1004" name="m_17_fu_126">
<pin_list>
<pin id="127" dir="0" index="0" bw="1" slack="0"/>
<pin id="128" dir="1" index="1" bw="32" slack="0"/>
</pin_list>
<bind>
<opcode="alloca(26) " fcode="alloca"/>
<opset="m_17/1 "/>
</bind>
</comp>

<comp id="130" class="1004" name="m_18_fu_130">
<pin_list>
<pin id="131" dir="0" index="0" bw="1" slack="0"/>
<pin id="132" dir="1" index="1" bw="32" slack="0"/>
</pin_list>
<bind>
<opcode="alloca(26) " fcode="alloca"/>
<opset="m_18/1 "/>
</bind>
</comp>

<comp id="134" class="1004" name="m_22_fu_134">
<pin_list>
<pin id="135" dir="0" index="0" bw="1" slack="0"/>
<pin id="136" dir="1" index="1" bw="32" slack="0"/>
</pin_list>
<bind>
<opcode="alloca(26) " fcode="alloca"/>
<opset="m_22/1 "/>
</bind>
</comp>

<comp id="138" class="1004" name="m_24_fu_138">
<pin_list>
<pin id="139" dir="0" index="0" bw="1" slack="0"/>
<pin id="140" dir="1" index="1" bw="32" slack="0"/>
</pin_list>
<bind>
<opcode="alloca(26) " fcode="alloca"/>
<opset="m_24/1 "/>
</bind>
</comp>

<comp id="142" class="1004" name="m_fu_142">
<pin_list>
<pin id="143" dir="0" index="0" bw="1" slack="0"/>
<pin id="144" dir="1" index="1" bw="32" slack="0"/>
</pin_list>
<bind>
<opcode="alloca(26) " fcode="alloca"/>
<opset="m/1 "/>
</bind>
</comp>

<comp id="146" class="1004" name="m_28_fu_146">
<pin_list>
<pin id="147" dir="0" index="0" bw="1" slack="0"/>
<pin id="148" dir="1" index="1" bw="32" slack="0"/>
</pin_list>
<bind>
<opcode="alloca(26) " fcode="alloca"/>
<opset="m_28/1 "/>
</bind>
</comp>

<comp id="150" class="1004" name="c_fu_150">
<pin_list>
<pin id="151" dir="0" index="0" bw="1" slack="0"/>
<pin id="152" dir="1" index="1" bw="7" slack="0"/>
</pin_list>
<bind>
<opcode="alloca(26) " fcode="alloca"/>
<opset="c/1 "/>
</bind>
</comp>

<comp id="154" class="1004" name="r_fu_154">
<pin_list>
<pin id="155" dir="0" index="0" bw="1" slack="0"/>
<pin id="156" dir="1" index="1" bw="7" slack="0"/>
</pin_list>
<bind>
<opcode="alloca(26) " fcode="alloca"/>
<opset="r/1 "/>
</bind>
</comp>

<comp id="158" class="1004" name="indvar_flatten41_fu_158">
<pin_list>
<pin id="159" dir="0" index="0" bw="1" slack="0"/>
<pin id="160" dir="1" index="1" bw="13" slack="0"/>
</pin_list>
<bind>
<opcode="alloca(26) " fcode="alloca"/>
<opset="indvar_flatten41/1 "/>
</bind>
</comp>

<comp id="162" class="1004" name="out_r_read_read_fu_162">
<pin_list>
<pin id="163" dir="0" index="0" bw="64" slack="0"/>
<pin id="164" dir="0" index="1" bw="64" slack="0"/>
<pin id="165" dir="1" index="2" bw="64" slack="2"/>
</pin_list>
<bind>
<opcode="read(1150) " fcode="read"/>
<opset="out_r_read/1 "/>
</bind>
</comp>

<comp id="168" class="1004" name="p_ZZ10top_kernelPKfS0_S0_PfE6di_win_0_1_load_read_read_fu_168">
<pin_list>
<pin id="169" dir="0" index="0" bw="32" slack="0"/>
<pin id="170" dir="0" index="1" bw="32" slack="0"/>
<pin id="171" dir="1" index="2" bw="32" slack="0"/>
</pin_list>
<bind>
<opcode="read(1150) " fcode="read"/>
<opset="p_ZZ10top_kernelPKfS0_S0_PfE6di_win_0_1_load_read/1 "/>
</bind>
</comp>

<comp id="174" class="1004" name="p_ZZ10top_kernelPKfS0_S0_PfE6di_win_0_2_load_read_read_fu_174">
<pin_list>
<pin id="175" dir="0" index="0" bw="32" slack="0"/>
<pin id="176" dir="0" index="1" bw="32" slack="0"/>
<pin id="177" dir="1" index="2" bw="32" slack="0"/>
</pin_list>
<bind>
<opcode="read(1150) " fcode="read"/>
<opset="p_ZZ10top_kernelPKfS0_S0_PfE6di_win_0_2_load_read/1 "/>
</bind>
</comp>

<comp id="180" class="1004" name="p_ZZ10top_kernelPKfS0_S0_PfE6di_win_1_1_load_read_read_fu_180">
<pin_list>
<pin id="181" dir="0" index="0" bw="32" slack="0"/>
<pin id="182" dir="0" index="1" bw="32" slack="0"/>
<pin id="183" dir="1" index="2" bw="32" slack="0"/>
</pin_list>
<bind>
<opcode="read(1150) " fcode="read"/>
<opset="p_ZZ10top_kernelPKfS0_S0_PfE6di_win_1_1_load_read/1 "/>
</bind>
</comp>

<comp id="186" class="1004" name="p_ZZ10top_kernelPKfS0_S0_PfE6di_win_1_2_load_read_read_fu_186">
<pin_list>
<pin id="187" dir="0" index="0" bw="32" slack="0"/>
<pin id="188" dir="0" index="1" bw="32" slack="0"/>
<pin id="189" dir="1" index="2" bw="32" slack="0"/>
</pin_list>
<bind>
<opcode="read(1150) " fcode="read"/>
<opset="p_ZZ10top_kernelPKfS0_S0_PfE6di_win_1_2_load_read/1 "/>
</bind>
</comp>

<comp id="192" class="1004" name="p_ZZ10top_kernelPKfS0_S0_PfE6di_win_2_1_load_read_read_fu_192">
<pin_list>
<pin id="193" dir="0" index="0" bw="32" slack="0"/>
<pin id="194" dir="0" index="1" bw="32" slack="0"/>
<pin id="195" dir="1" index="2" bw="32" slack="0"/>
</pin_list>
<bind>
<opcode="read(1150) " fcode="read"/>
<opset="p_ZZ10top_kernelPKfS0_S0_PfE6di_win_2_1_load_read/1 "/>
</bind>
</comp>

<comp id="198" class="1004" name="p_ZZ10top_kernelPKfS0_S0_PfE6di_win_2_2_load_read_read_fu_198">
<pin_list>
<pin id="199" dir="0" index="0" bw="32" slack="0"/>
<pin id="200" dir="0" index="1" bw="32" slack="0"/>
<pin id="201" dir="1" index="2" bw="32" slack="0"/>
</pin_list>
<bind>
<opcode="read(1150) " fcode="read"/>
<opset="p_ZZ10top_kernelPKfS0_S0_PfE6di_win_2_2_load_read/1 "/>
</bind>
</comp>

<comp id="204" class="1004" name="write_ln0_write_fu_204">
<pin_list>
<pin id="205" dir="0" index="0" bw="0" slack="0"/>
<pin id="206" dir="0" index="1" bw="32" slack="0"/>
<pin id="207" dir="0" index="2" bw="32" slack="0"/>
<pin id="208" dir="1" index="3" bw="0" slack="2147483647"/>
</pin_list>
<bind>
<opcode="write(1151) " fcode="write"/>
<opset="write_ln0/49 "/>
</bind>
</comp>

<comp id="211" class="1004" name="write_ln0_write_fu_211">
<pin_list>
<pin id="212" dir="0" index="0" bw="0" slack="0"/>
<pin id="213" dir="0" index="1" bw="32" slack="0"/>
<pin id="214" dir="0" index="2" bw="32" slack="0"/>
<pin id="215" dir="1" index="3" bw="0" slack="2147483647"/>
</pin_list>
<bind>
<opcode="write(1151) " fcode="write"/>
<opset="write_ln0/49 "/>
</bind>
</comp>

<comp id="218" class="1004" name="write_ln0_write_fu_218">
<pin_list>
<pin id="219" dir="0" index="0" bw="0" slack="0"/>
<pin id="220" dir="0" index="1" bw="32" slack="0"/>
<pin id="221" dir="0" index="2" bw="32" slack="0"/>
<pin id="222" dir="1" index="3" bw="0" slack="2147483647"/>
</pin_list>
<bind>
<opcode="write(1151) " fcode="write"/>
<opset="write_ln0/49 "/>
</bind>
</comp>

<comp id="225" class="1004" name="write_ln0_write_fu_225">
<pin_list>
<pin id="226" dir="0" index="0" bw="0" slack="0"/>
<pin id="227" dir="0" index="1" bw="32" slack="0"/>
<pin id="228" dir="0" index="2" bw="32" slack="0"/>
<pin id="229" dir="1" index="3" bw="0" slack="2147483647"/>
</pin_list>
<bind>
<opcode="write(1151) " fcode="write"/>
<opset="write_ln0/49 "/>
</bind>
</comp>

<comp id="232" class="1004" name="write_ln0_write_fu_232">
<pin_list>
<pin id="233" dir="0" index="0" bw="0" slack="0"/>
<pin id="234" dir="0" index="1" bw="32" slack="0"/>
<pin id="235" dir="0" index="2" bw="32" slack="0"/>
<pin id="236" dir="1" index="3" bw="0" slack="2147483647"/>
</pin_list>
<bind>
<opcode="write(1151) " fcode="write"/>
<opset="write_ln0/49 "/>
</bind>
</comp>

<comp id="239" class="1004" name="write_ln0_write_fu_239">
<pin_list>
<pin id="240" dir="0" index="0" bw="0" slack="0"/>
<pin id="241" dir="0" index="1" bw="32" slack="0"/>
<pin id="242" dir="0" index="2" bw="32" slack="0"/>
<pin id="243" dir="1" index="3" bw="0" slack="2147483647"/>
</pin_list>
<bind>
<opcode="write(1151) " fcode="write"/>
<opset="write_ln0/49 "/>
</bind>
</comp>

<comp id="246" class="1004" name="top_kernel_float_const_float_const_float_const_float_di_line_buf_6_addr_gep_fu_246">
<pin_list>
<pin id="247" dir="0" index="0" bw="32" slack="0"/>
<pin id="248" dir="0" index="1" bw="1" slack="0"/>
<pin id="249" dir="0" index="2" bw="7" slack="0"/>
<pin id="250" dir="1" index="3" bw="6" slack="0"/>
</pin_list>
<bind>
<opcode="getelementptr(29) " fcode="getelementptr"/>
<opset="top_kernel_float_const_float_const_float_const_float_di_line_buf_6_addr/2 "/>
</bind>
</comp>

<comp id="253" class="1004" name="grp_access_fu_253">
<pin_list>
<pin id="254" dir="0" index="0" bw="6" slack="1"/>
<pin id="255" dir="0" index="1" bw="32" slack="0"/>
<pin id="256" dir="0" index="2" bw="0" slack="0"/>
<pin id="258" dir="0" index="4" bw="6" slack="2147483647"/>
<pin id="259" dir="0" index="5" bw="32" slack="2147483647"/>
<pin id="260" dir="0" index="6" bw="0" slack="2147483647"/>
<pin id="257" dir="1" index="3" bw="32" slack="2147483647"/>
<pin id="261" dir="1" index="7" bw="32" slack="0"/>
</pin_list>
<bind>
<opcode="load(27) store(28) " fcode="store"/>
<opset="m_32/2 store_ln163/3 "/>
</bind>
</comp>

<comp id="263" class="1004" name="top_kernel_float_const_float_const_float_const_float_di_line_buf_7_addr_gep_fu_263">
<pin_list>
<pin id="264" dir="0" index="0" bw="32" slack="0"/>
<pin id="265" dir="0" index="1" bw="1" slack="0"/>
<pin id="266" dir="0" index="2" bw="7" slack="0"/>
<pin id="267" dir="1" index="3" bw="6" slack="0"/>
</pin_list>
<bind>
<opcode="getelementptr(29) " fcode="getelementptr"/>
<opset="top_kernel_float_const_float_const_float_const_float_di_line_buf_7_addr/2 "/>
</bind>
</comp>

<comp id="270" class="1004" name="grp_access_fu_270">
<pin_list>
<pin id="271" dir="0" index="0" bw="6" slack="2"/>
<pin id="272" dir="0" index="1" bw="32" slack="0"/>
<pin id="273" dir="0" index="2" bw="0" slack="0"/>
<pin id="275" dir="0" index="4" bw="6" slack="2147483647"/>
<pin id="276" dir="0" index="5" bw="32" slack="2147483647"/>
<pin id="277" dir="0" index="6" bw="0" slack="2147483647"/>
<pin id="274" dir="1" index="3" bw="32" slack="2147483647"/>
<pin id="278" dir="1" index="7" bw="32" slack="0"/>
</pin_list>
<bind>
<opcode="load(27) store(28) " fcode="store"/>
<opset="m_37/2 store_ln164/4 "/>
</bind>
</comp>

<comp id="280" class="1004" name="eroded_addr_gep_fu_280">
<pin_list>
<pin id="281" dir="0" index="0" bw="32" slack="0"/>
<pin id="282" dir="0" index="1" bw="1" slack="0"/>
<pin id="283" dir="0" index="2" bw="12" slack="0"/>
<pin id="284" dir="1" index="3" bw="12" slack="0"/>
</pin_list>
<bind>
<opcode="getelementptr(29) " fcode="getelementptr"/>
<opset="eroded_addr/3 "/>
</bind>
</comp>

<comp id="287" class="1004" name="grp_access_fu_287">
<pin_list>
<pin id="288" dir="0" index="0" bw="12" slack="0"/>
<pin id="289" dir="0" index="1" bw="32" slack="2147483647"/>
<pin id="290" dir="0" index="2" bw="0" slack="2147483647"/>
<pin id="291" dir="1" index="3" bw="32" slack="0"/>
</pin_list>
<bind>
<opcode="load(27) " fcode="load"/>
<opset="m_41/3 "/>
</bind>
</comp>

<comp id="295" class="1004" name="empty_35_writereq_fu_295">
<pin_list>
<pin id="296" dir="0" index="0" bw="1" slack="0"/>
<pin id="297" dir="0" index="1" bw="32" slack="1"/>
<pin id="298" dir="0" index="2" bw="7" slack="1"/>
<pin id="299" dir="1" index="3" bw="1" slack="2147483647"/>
</pin_list>
<bind>
<opcode="writereq(1155) " fcode="writereq"/>
<opset="empty_35/4 "/>
</bind>
</comp>

<comp id="301" class="1004" name="write_ln176_write_fu_301">
<pin_list>
<pin id="302" dir="0" index="0" bw="0" slack="0"/>
<pin id="303" dir="0" index="1" bw="32" slack="42"/>
<pin id="304" dir="0" index="2" bw="32" slack="0"/>
<pin id="305" dir="0" index="3" bw="1" slack="0"/>
<pin id="306" dir="1" index="4" bw="0" slack="2147483647"/>
</pin_list>
<bind>
<opcode="write(1151) " fcode="write"/>
<opset="write_ln176/45 "/>
</bind>
</comp>

<comp id="309" class="1004" name="grp_writeresp_fu_309">
<pin_list>
<pin id="310" dir="0" index="0" bw="1" slack="0"/>
<pin id="311" dir="0" index="1" bw="32" slack="43"/>
<pin id="312" dir="1" index="2" bw="1" slack="2147483647"/>
</pin_list>
<bind>
<opcode="writeresp(1158) " fcode="writeresp"/>
<opset="empty/46 "/>
</bind>
</comp>

<comp id="314" class="1004" name="grp_fu_314">
<pin_list>
<pin id="315" dir="0" index="0" bw="32" slack="0"/>
<pin id="316" dir="0" index="1" bw="32" slack="0"/>
<pin id="317" dir="1" index="2" bw="32" slack="1"/>
</pin_list>
<bind>
<opcode="fadd(9) " fcode="fadd"/>
<opset="m_18_add/3 "/>
</bind>
</comp>

<comp id="319" class="1004" name="grp_fu_319">
<pin_list>
<pin id="320" dir="0" index="0" bw="32" slack="0"/>
<pin id="321" dir="0" index="1" bw="32" slack="0"/>
<pin id="322" dir="1" index="2" bw="32" slack="1"/>
</pin_list>
<bind>
<opcode="fadd(9) " fcode="fadd"/>
<opset="m_24_add/11 "/>
</bind>
</comp>

<comp id="324" class="1004" name="grp_fu_324">
<pin_list>
<pin id="325" dir="0" index="0" bw="32" slack="0"/>
<pin id="326" dir="0" index="1" bw="32" slack="0"/>
<pin id="327" dir="1" index="2" bw="32" slack="1"/>
</pin_list>
<bind>
<opcode="fadd(9) " fcode="fadd"/>
<opset="m_30_add/23 "/>
</bind>
</comp>

<comp id="329" class="1004" name="grp_fu_329">
<pin_list>
<pin id="330" dir="0" index="0" bw="32" slack="10"/>
<pin id="331" dir="0" index="1" bw="32" slack="0"/>
<pin id="332" dir="1" index="2" bw="1" slack="1"/>
</pin_list>
<bind>
<opcode="fcmp(46) " fcode="fcmp"/>
<opset="tmp_30/13 "/>
</bind>
</comp>

<comp id="333" class="1004" name="grp_fu_333">
<pin_list>
<pin id="334" dir="0" index="0" bw="32" slack="14"/>
<pin id="335" dir="0" index="1" bw="32" slack="1"/>
<pin id="336" dir="1" index="2" bw="1" slack="1"/>
</pin_list>
<bind>
<opcode="fcmp(46) " fcode="fcmp"/>
<opset="tmp_33/17 "/>
</bind>
</comp>

<comp id="337" class="1004" name="grp_fu_337">
<pin_list>
<pin id="338" dir="0" index="0" bw="32" slack="0"/>
<pin id="339" dir="0" index="1" bw="32" slack="1"/>
<pin id="340" dir="1" index="2" bw="1" slack="1"/>
</pin_list>
<bind>
<opcode="fcmp(46) " fcode="fcmp"/>
<opset="tmp_36/21 "/>
</bind>
</comp>

<comp id="341" class="1004" name="grp_fu_341">
<pin_list>
<pin id="342" dir="0" index="0" bw="32" slack="14"/>
<pin id="343" dir="0" index="1" bw="32" slack="1"/>
<pin id="344" dir="1" index="2" bw="1" slack="1"/>
</pin_list>
<bind>
<opcode="fcmp(46) " fcode="fcmp"/>
<opset="tmp_39/25 "/>
</bind>
</comp>

<comp id="345" class="1004" name="grp_fu_345">
<pin_list>
<pin id="346" dir="0" index="0" bw="32" slack="26"/>
<pin id="347" dir="0" index="1" bw="32" slack="1"/>
<pin id="348" dir="1" index="2" bw="1" slack="1"/>
</pin_list>
<bind>
<opcode="fcmp(46) " fcode="fcmp"/>
<opset="tmp_42/29 "/>
</bind>
</comp>

<comp id="349" class="1004" name="grp_fu_349">
<pin_list>
<pin id="350" dir="0" index="0" bw="32" slack="0"/>
<pin id="351" dir="0" index="1" bw="32" slack="1"/>
<pin id="352" dir="1" index="2" bw="1" slack="1"/>
</pin_list>
<bind>
<opcode="fcmp(46) " fcode="fcmp"/>
<opset="tmp_45/33 "/>
</bind>
</comp>

<comp id="353" class="1004" name="grp_fu_353">
<pin_list>
<pin id="354" dir="0" index="0" bw="32" slack="14"/>
<pin id="355" dir="0" index="1" bw="32" slack="1"/>
<pin id="356" dir="1" index="2" bw="1" slack="1"/>
</pin_list>
<bind>
<opcode="fcmp(46) " fcode="fcmp"/>
<opset="tmp_48/37 "/>
</bind>
</comp>

<comp id="357" class="1004" name="grp_fu_357">
<pin_list>
<pin id="358" dir="0" index="0" bw="32" slack="37"/>
<pin id="359" dir="0" index="1" bw="32" slack="1"/>
<pin id="360" dir="1" index="2" bw="1" slack="1"/>
</pin_list>
<bind>
<opcode="fcmp(46) " fcode="fcmp"/>
<opset="tmp_51/41 "/>
</bind>
</comp>

<comp id="361" class="1004" name="store_ln0_store_fu_361">
<pin_list>
<pin id="362" dir="0" index="0" bw="1" slack="0"/>
<pin id="363" dir="0" index="1" bw="13" slack="0"/>
<pin id="364" dir="1" index="2" bw="0" slack="2147483647"/>
</pin_list>
<bind>
<opcode="store(28) " fcode="store"/>
<opset="store_ln0/1 "/>
</bind>
</comp>

<comp id="366" class="1004" name="store_ln159_store_fu_366">
<pin_list>
<pin id="367" dir="0" index="0" bw="1" slack="0"/>
<pin id="368" dir="0" index="1" bw="7" slack="0"/>
<pin id="369" dir="1" index="2" bw="0" slack="2147483647"/>
</pin_list>
<bind>
<opcode="store(28) " fcode="store"/>
<opset="store_ln159/1 "/>
</bind>
</comp>

<comp id="371" class="1004" name="store_ln160_store_fu_371">
<pin_list>
<pin id="372" dir="0" index="0" bw="1" slack="0"/>
<pin id="373" dir="0" index="1" bw="7" slack="0"/>
<pin id="374" dir="1" index="2" bw="0" slack="2147483647"/>
</pin_list>
<bind>
<opcode="store(28) " fcode="store"/>
<opset="store_ln160/1 "/>
</bind>
</comp>

<comp id="376" class="1004" name="store_ln172_store_fu_376">
<pin_list>
<pin id="377" dir="0" index="0" bw="32" slack="0"/>
<pin id="378" dir="0" index="1" bw="32" slack="0"/>
<pin id="379" dir="1" index="2" bw="0" slack="2147483647"/>
</pin_list>
<bind>
<opcode="store(28) " fcode="store"/>
<opset="store_ln172/1 "/>
</bind>
</comp>

<comp id="381" class="1004" name="store_ln172_store_fu_381">
<pin_list>
<pin id="382" dir="0" index="0" bw="32" slack="0"/>
<pin id="383" dir="0" index="1" bw="32" slack="0"/>
<pin id="384" dir="1" index="2" bw="0" slack="2147483647"/>
</pin_list>
<bind>
<opcode="store(28) " fcode="store"/>
<opset="store_ln172/1 "/>
</bind>
</comp>

<comp id="386" class="1004" name="store_ln172_store_fu_386">
<pin_list>
<pin id="387" dir="0" index="0" bw="32" slack="0"/>
<pin id="388" dir="0" index="1" bw="32" slack="0"/>
<pin id="389" dir="1" index="2" bw="0" slack="2147483647"/>
</pin_list>
<bind>
<opcode="store(28) " fcode="store"/>
<opset="store_ln172/1 "/>
</bind>
</comp>

<comp id="391" class="1004" name="store_ln172_store_fu_391">
<pin_list>
<pin id="392" dir="0" index="0" bw="32" slack="0"/>
<pin id="393" dir="0" index="1" bw="32" slack="0"/>
<pin id="394" dir="1" index="2" bw="0" slack="2147483647"/>
</pin_list>
<bind>
<opcode="store(28) " fcode="store"/>
<opset="store_ln172/1 "/>
</bind>
</comp>

<comp id="396" class="1004" name="store_ln172_store_fu_396">
<pin_list>
<pin id="397" dir="0" index="0" bw="32" slack="0"/>
<pin id="398" dir="0" index="1" bw="32" slack="0"/>
<pin id="399" dir="1" index="2" bw="0" slack="2147483647"/>
</pin_list>
<bind>
<opcode="store(28) " fcode="store"/>
<opset="store_ln172/1 "/>
</bind>
</comp>

<comp id="401" class="1004" name="store_ln172_store_fu_401">
<pin_list>
<pin id="402" dir="0" index="0" bw="32" slack="0"/>
<pin id="403" dir="0" index="1" bw="32" slack="0"/>
<pin id="404" dir="1" index="2" bw="0" slack="2147483647"/>
</pin_list>
<bind>
<opcode="store(28) " fcode="store"/>
<opset="store_ln172/1 "/>
</bind>
</comp>

<comp id="406" class="1004" name="indvar_flatten41_load_load_fu_406">
<pin_list>
<pin id="407" dir="0" index="0" bw="13" slack="0"/>
<pin id="408" dir="1" index="1" bw="13" slack="0"/>
</pin_list>
<bind>
<opcode="load(27) " fcode="load"/>
<opset="indvar_flatten41_load/1 "/>
</bind>
</comp>

<comp id="409" class="1004" name="icmp_ln159_fu_409">
<pin_list>
<pin id="410" dir="0" index="0" bw="13" slack="0"/>
<pin id="411" dir="0" index="1" bw="13" slack="0"/>
<pin id="412" dir="1" index="2" bw="1" slack="48"/>
</pin_list>
<bind>
<opcode="icmp(45) " fcode="icmp"/>
<opset="icmp_ln159/1 "/>
</bind>
</comp>

<comp id="415" class="1004" name="add_ln159_1_fu_415">
<pin_list>
<pin id="416" dir="0" index="0" bw="13" slack="0"/>
<pin id="417" dir="0" index="1" bw="1" slack="0"/>
<pin id="418" dir="1" index="2" bw="13" slack="0"/>
</pin_list>
<bind>
<opcode="add(8) " fcode="add"/>
<opset="add_ln159_1/1 "/>
</bind>
</comp>

<comp id="421" class="1004" name="store_ln159_store_fu_421">
<pin_list>
<pin id="422" dir="0" index="0" bw="13" slack="0"/>
<pin id="423" dir="0" index="1" bw="13" slack="0"/>
<pin id="424" dir="1" index="2" bw="0" slack="2147483647"/>
</pin_list>
<bind>
<opcode="store(28) " fcode="store"/>
<opset="store_ln159/1 "/>
</bind>
</comp>

<comp id="426" class="1004" name="c_load_load_fu_426">
<pin_list>
<pin id="427" dir="0" index="0" bw="7" slack="1"/>
<pin id="428" dir="1" index="1" bw="7" slack="0"/>
</pin_list>
<bind>
<opcode="load(27) " fcode="load"/>
<opset="c_load/2 "/>
</bind>
</comp>

<comp id="429" class="1004" name="r_load_load_fu_429">
<pin_list>
<pin id="430" dir="0" index="0" bw="7" slack="1"/>
<pin id="431" dir="1" index="1" bw="7" slack="0"/>
</pin_list>
<bind>
<opcode="load(27) " fcode="load"/>
<opset="r_load/2 "/>
</bind>
</comp>

<comp id="432" class="1004" name="add_ln159_fu_432">
<pin_list>
<pin id="433" dir="0" index="0" bw="7" slack="0"/>
<pin id="434" dir="0" index="1" bw="1" slack="0"/>
<pin id="435" dir="1" index="2" bw="7" slack="0"/>
</pin_list>
<bind>
<opcode="add(8) " fcode="add"/>
<opset="add_ln159/2 "/>
</bind>
</comp>

<comp id="438" class="1004" name="icmp_ln160_fu_438">
<pin_list>
<pin id="439" dir="0" index="0" bw="7" slack="0"/>
<pin id="440" dir="0" index="1" bw="7" slack="0"/>
<pin id="441" dir="1" index="2" bw="1" slack="0"/>
</pin_list>
<bind>
<opcode="icmp(45) " fcode="icmp"/>
<opset="icmp_ln160/2 "/>
</bind>
</comp>

<comp id="444" class="1004" name="select_ln159_fu_444">
<pin_list>
<pin id="445" dir="0" index="0" bw="1" slack="0"/>
<pin id="446" dir="0" index="1" bw="1" slack="0"/>
<pin id="447" dir="0" index="2" bw="7" slack="0"/>
<pin id="448" dir="1" index="3" bw="7" slack="0"/>
</pin_list>
<bind>
<opcode="select(49) " fcode="select"/>
<opset="select_ln159/2 "/>
</bind>
</comp>

<comp id="452" class="1004" name="select_ln159_1_fu_452">
<pin_list>
<pin id="453" dir="0" index="0" bw="1" slack="0"/>
<pin id="454" dir="0" index="1" bw="7" slack="0"/>
<pin id="455" dir="0" index="2" bw="7" slack="0"/>
<pin id="456" dir="1" index="3" bw="7" slack="0"/>
</pin_list>
<bind>
<opcode="select(49) " fcode="select"/>
<opset="select_ln159_1/2 "/>
</bind>
</comp>

<comp id="460" class="1004" name="empty_36_fu_460">
<pin_list>
<pin id="461" dir="0" index="0" bw="7" slack="0"/>
<pin id="462" dir="1" index="1" bw="6" slack="1"/>
</pin_list>
<bind>
<opcode="trunc(33) " fcode="trunc"/>
<opset="empty_36/2 "/>
</bind>
</comp>

<comp id="464" class="1004" name="first_iter_6_fu_464">
<pin_list>
<pin id="465" dir="0" index="0" bw="7" slack="0"/>
<pin id="466" dir="0" index="1" bw="1" slack="0"/>
<pin id="467" dir="1" index="2" bw="1" slack="2"/>
</pin_list>
<bind>
<opcode="icmp(45) " fcode="icmp"/>
<opset="first_iter_6/2 "/>
</bind>
</comp>

<comp id="470" class="1004" name="tmp_fu_470">
<pin_list>
<pin id="471" dir="0" index="0" bw="6" slack="0"/>
<pin id="472" dir="0" index="1" bw="7" slack="0"/>
<pin id="473" dir="0" index="2" bw="1" slack="0"/>
<pin id="474" dir="0" index="3" bw="4" slack="0"/>
<pin id="475" dir="1" index="4" bw="6" slack="0"/>
</pin_list>
<bind>
<opcode="partselect(1002) " fcode="partselect"/>
<opset="tmp/2 "/>
</bind>
</comp>

<comp id="480" class="1004" name="icmp135_fu_480">
<pin_list>
<pin id="481" dir="0" index="0" bw="6" slack="0"/>
<pin id="482" dir="0" index="1" bw="1" slack="0"/>
<pin id="483" dir="1" index="2" bw="1" slack="0"/>
</pin_list>
<bind>
<opcode="icmp(45) " fcode="icmp"/>
<opset="icmp135/2 "/>
</bind>
</comp>

<comp id="486" class="1004" name="zext_ln160_fu_486">
<pin_list>
<pin id="487" dir="0" index="0" bw="7" slack="0"/>
<pin id="488" dir="1" index="1" bw="64" slack="0"/>
</pin_list>
<bind>
<opcode="zext(34) " fcode="zext"/>
<opset="zext_ln160/2 "/>
</bind>
</comp>

<comp id="492" class="1004" name="tmp_3_fu_492">
<pin_list>
<pin id="493" dir="0" index="0" bw="6" slack="0"/>
<pin id="494" dir="0" index="1" bw="7" slack="0"/>
<pin id="495" dir="0" index="2" bw="1" slack="0"/>
<pin id="496" dir="0" index="3" bw="4" slack="0"/>
<pin id="497" dir="1" index="4" bw="6" slack="0"/>
</pin_list>
<bind>
<opcode="partselect(1002) " fcode="partselect"/>
<opset="tmp_3/2 "/>
</bind>
</comp>

<comp id="502" class="1004" name="icmp_ln171_fu_502">
<pin_list>
<pin id="503" dir="0" index="0" bw="6" slack="0"/>
<pin id="504" dir="0" index="1" bw="1" slack="0"/>
<pin id="505" dir="1" index="2" bw="1" slack="0"/>
</pin_list>
<bind>
<opcode="icmp(45) " fcode="icmp"/>
<opset="icmp_ln171/2 "/>
</bind>
</comp>

<comp id="508" class="1004" name="and_ln171_fu_508">
<pin_list>
<pin id="509" dir="0" index="0" bw="1" slack="0"/>
<pin id="510" dir="0" index="1" bw="1" slack="0"/>
<pin id="511" dir="1" index="2" bw="1" slack="1"/>
</pin_list>
<bind>
<opcode="and(23) " fcode="and"/>
<opset="and_ln171/2 "/>
</bind>
</comp>

<comp id="514" class="1004" name="add_ln160_fu_514">
<pin_list>
<pin id="515" dir="0" index="0" bw="7" slack="0"/>
<pin id="516" dir="0" index="1" bw="1" slack="0"/>
<pin id="517" dir="1" index="2" bw="7" slack="0"/>
</pin_list>
<bind>
<opcode="add(8) " fcode="add"/>
<opset="add_ln160/2 "/>
</bind>
</comp>

<comp id="520" class="1004" name="store_ln159_store_fu_520">
<pin_list>
<pin id="521" dir="0" index="0" bw="7" slack="0"/>
<pin id="522" dir="0" index="1" bw="7" slack="1"/>
<pin id="523" dir="1" index="2" bw="0" slack="2147483647"/>
</pin_list>
<bind>
<opcode="store(28) " fcode="store"/>
<opset="store_ln159/2 "/>
</bind>
</comp>

<comp id="525" class="1004" name="store_ln160_store_fu_525">
<pin_list>
<pin id="526" dir="0" index="0" bw="7" slack="0"/>
<pin id="527" dir="0" index="1" bw="7" slack="1"/>
<pin id="528" dir="1" index="2" bw="0" slack="2147483647"/>
</pin_list>
<bind>
<opcode="store(28) " fcode="store"/>
<opset="store_ln160/2 "/>
</bind>
</comp>

<comp id="530" class="1004" name="tmp_s_fu_530">
<pin_list>
<pin id="531" dir="0" index="0" bw="14" slack="0"/>
<pin id="532" dir="0" index="1" bw="6" slack="1"/>
<pin id="533" dir="0" index="2" bw="1" slack="0"/>
<pin id="534" dir="1" index="3" bw="14" slack="0"/>
</pin_list>
<bind>
<opcode="bitconcatenate(1004) " fcode="bitconcatenate"/>
<opset="tmp_s/3 "/>
</bind>
</comp>

<comp id="537" class="1004" name="p_cast_fu_537">
<pin_list>
<pin id="538" dir="0" index="0" bw="14" slack="0"/>
<pin id="539" dir="1" index="1" bw="15" slack="0"/>
</pin_list>
<bind>
<opcode="zext(34) " fcode="zext"/>
<opset="p_cast/3 "/>
</bind>
</comp>

<comp id="541" class="1004" name="tmp1_fu_541">
<pin_list>
<pin id="542" dir="0" index="0" bw="14" slack="0"/>
<pin id="543" dir="0" index="1" bw="9" slack="0"/>
<pin id="544" dir="1" index="2" bw="15" slack="0"/>
</pin_list>
<bind>
<opcode="add(8) " fcode="add"/>
<opset="tmp1/3 "/>
</bind>
</comp>

<comp id="547" class="1004" name="tmp1_cast_fu_547">
<pin_list>
<pin id="548" dir="0" index="0" bw="15" slack="0"/>
<pin id="549" dir="1" index="1" bw="64" slack="0"/>
</pin_list>
<bind>
<opcode="sext(35) " fcode="sext"/>
<opset="tmp1_cast/3 "/>
</bind>
</comp>

<comp id="551" class="1004" name="empty_37_fu_551">
<pin_list>
<pin id="552" dir="0" index="0" bw="15" slack="0"/>
<pin id="553" dir="0" index="1" bw="64" slack="2"/>
<pin id="554" dir="1" index="2" bw="64" slack="0"/>
</pin_list>
<bind>
<opcode="add(8) " fcode="add"/>
<opset="empty_37/3 "/>
</bind>
</comp>

<comp id="556" class="1004" name="select_ln160_fu_556">
<pin_list>
<pin id="557" dir="0" index="0" bw="1" slack="1"/>
<pin id="558" dir="0" index="1" bw="7" slack="0"/>
<pin id="559" dir="0" index="2" bw="1" slack="0"/>
<pin id="560" dir="1" index="3" bw="64" slack="1"/>
</pin_list>
<bind>
<opcode="select(49) " fcode="select"/>
<opset="select_ln160/3 "/>
</bind>
</comp>

<comp id="563" class="1004" name="trunc_ln_fu_563">
<pin_list>
<pin id="564" dir="0" index="0" bw="62" slack="0"/>
<pin id="565" dir="0" index="1" bw="64" slack="0"/>
<pin id="566" dir="0" index="2" bw="3" slack="0"/>
<pin id="567" dir="0" index="3" bw="7" slack="0"/>
<pin id="568" dir="1" index="4" bw="62" slack="0"/>
</pin_list>
<bind>
<opcode="partselect(1002) " fcode="partselect"/>
<opset="trunc_ln/3 "/>
</bind>
</comp>

<comp id="573" class="1004" name="sext_ln160_fu_573">
<pin_list>
<pin id="574" dir="0" index="0" bw="62" slack="0"/>
<pin id="575" dir="1" index="1" bw="64" slack="0"/>
</pin_list>
<bind>
<opcode="sext(35) " fcode="sext"/>
<opset="sext_ln160/3 "/>
</bind>
</comp>

<comp id="577" class="1004" name="gmem3_addr_fu_577">
<pin_list>
<pin id="578" dir="0" index="0" bw="32" slack="0"/>
<pin id="579" dir="0" index="1" bw="62" slack="0"/>
<pin id="580" dir="1" index="2" bw="32" slack="1"/>
</pin_list>
<bind>
<opcode="getelementptr(29) " fcode="getelementptr"/>
<opset="gmem3_addr/3 "/>
</bind>
</comp>

<comp id="583" class="1004" name="tmp_27_fu_583">
<pin_list>
<pin id="584" dir="0" index="0" bw="12" slack="0"/>
<pin id="585" dir="0" index="1" bw="6" slack="1"/>
<pin id="586" dir="0" index="2" bw="1" slack="0"/>
<pin id="587" dir="1" index="3" bw="12" slack="0"/>
</pin_list>
<bind>
<opcode="bitconcatenate(1004) " fcode="bitconcatenate"/>
<opset="tmp_27/3 "/>
</bind>
</comp>

<comp id="590" class="1004" name="zext_ln164_fu_590">
<pin_list>
<pin id="591" dir="0" index="0" bw="7" slack="1"/>
<pin id="592" dir="1" index="1" bw="12" slack="0"/>
</pin_list>
<bind>
<opcode="zext(34) " fcode="zext"/>
<opset="zext_ln164/3 "/>
</bind>
</comp>

<comp id="593" class="1004" name="add_ln164_fu_593">
<pin_list>
<pin id="594" dir="0" index="0" bw="12" slack="0"/>
<pin id="595" dir="0" index="1" bw="7" slack="0"/>
<pin id="596" dir="1" index="2" bw="12" slack="0"/>
</pin_list>
<bind>
<opcode="add(8) " fcode="add"/>
<opset="add_ln164/3 "/>
</bind>
</comp>

<comp id="599" class="1004" name="zext_ln164_1_fu_599">
<pin_list>
<pin id="600" dir="0" index="0" bw="12" slack="0"/>
<pin id="601" dir="1" index="1" bw="64" slack="0"/>
</pin_list>
<bind>
<opcode="zext(34) " fcode="zext"/>
<opset="zext_ln164_1/3 "/>
</bind>
</comp>

<comp id="604" class="1004" name="m_18_load41_load_fu_604">
<pin_list>
<pin id="605" dir="0" index="0" bw="32" slack="2"/>
<pin id="606" dir="1" index="1" bw="32" slack="10"/>
</pin_list>
<bind>
<opcode="load(27) " fcode="load"/>
<opset="m_18_load41/3 "/>
</bind>
</comp>

<comp id="607" class="1004" name="icmp_ln160_1_fu_607">
<pin_list>
<pin id="608" dir="0" index="0" bw="7" slack="1"/>
<pin id="609" dir="0" index="1" bw="7" slack="0"/>
<pin id="610" dir="1" index="2" bw="1" slack="43"/>
</pin_list>
<bind>
<opcode="icmp(45) " fcode="icmp"/>
<opset="icmp_ln160_1/3 "/>
</bind>
</comp>

<comp id="612" class="1004" name="m_18_load_load_fu_612">
<pin_list>
<pin id="613" dir="0" index="0" bw="32" slack="2"/>
<pin id="614" dir="1" index="1" bw="32" slack="0"/>
</pin_list>
<bind>
<opcode="load(27) " fcode="load"/>
<opset="m_18_load/3 "/>
</bind>
</comp>

<comp id="616" class="1004" name="store_ln172_store_fu_616">
<pin_list>
<pin id="617" dir="0" index="0" bw="32" slack="0"/>
<pin id="618" dir="0" index="1" bw="32" slack="2"/>
<pin id="619" dir="1" index="2" bw="0" slack="2147483647"/>
</pin_list>
<bind>
<opcode="store(28) " fcode="store"/>
<opset="store_ln172/3 "/>
</bind>
</comp>

<comp id="621" class="1004" name="m_24_load_2_load_fu_621">
<pin_list>
<pin id="622" dir="0" index="0" bw="32" slack="10"/>
<pin id="623" dir="1" index="1" bw="32" slack="14"/>
</pin_list>
<bind>
<opcode="load(27) " fcode="load"/>
<opset="m_24_load_2/11 "/>
</bind>
</comp>

<comp id="624" class="1004" name="m_24_load_load_fu_624">
<pin_list>
<pin id="625" dir="0" index="0" bw="32" slack="10"/>
<pin id="626" dir="1" index="1" bw="32" slack="0"/>
</pin_list>
<bind>
<opcode="load(27) " fcode="load"/>
<opset="m_24_load/11 "/>
</bind>
</comp>

<comp id="628" class="1004" name="store_ln172_store_fu_628">
<pin_list>
<pin id="629" dir="0" index="0" bw="32" slack="8"/>
<pin id="630" dir="0" index="1" bw="32" slack="10"/>
<pin id="631" dir="1" index="2" bw="0" slack="2147483647"/>
</pin_list>
<bind>
<opcode="store(28) " fcode="store"/>
<opset="store_ln172/11 "/>
</bind>
</comp>

<comp id="632" class="1004" name="m_17_load_1_load_fu_632">
<pin_list>
<pin id="633" dir="0" index="0" bw="32" slack="12"/>
<pin id="634" dir="1" index="1" bw="32" slack="0"/>
</pin_list>
<bind>
<opcode="load(27) " fcode="load"/>
<opset="m_17_load_1/13 "/>
</bind>
</comp>

<comp id="636" class="1004" name="store_ln172_store_fu_636">
<pin_list>
<pin id="637" dir="0" index="0" bw="32" slack="1"/>
<pin id="638" dir="0" index="1" bw="32" slack="12"/>
<pin id="639" dir="1" index="2" bw="0" slack="2147483647"/>
</pin_list>
<bind>
<opcode="store(28) " fcode="store"/>
<opset="store_ln172/13 "/>
</bind>
</comp>

<comp id="640" class="1004" name="bitcast_ln175_fu_640">
<pin_list>
<pin id="641" dir="0" index="0" bw="32" slack="13"/>
<pin id="642" dir="1" index="1" bw="32" slack="0"/>
</pin_list>
<bind>
<opcode="bitcast(44) " fcode="bitcast"/>
<opset="bitcast_ln175/16 "/>
</bind>
</comp>

<comp id="643" class="1004" name="tmp_28_fu_643">
<pin_list>
<pin id="644" dir="0" index="0" bw="8" slack="0"/>
<pin id="645" dir="0" index="1" bw="32" slack="0"/>
<pin id="646" dir="0" index="2" bw="6" slack="0"/>
<pin id="647" dir="0" index="3" bw="6" slack="0"/>
<pin id="648" dir="1" index="4" bw="8" slack="0"/>
</pin_list>
<bind>
<opcode="partselect(1002) " fcode="partselect"/>
<opset="tmp_28/16 "/>
</bind>
</comp>

<comp id="653" class="1004" name="trunc_ln175_fu_653">
<pin_list>
<pin id="654" dir="0" index="0" bw="32" slack="0"/>
<pin id="655" dir="1" index="1" bw="23" slack="0"/>
</pin_list>
<bind>
<opcode="trunc(33) " fcode="trunc"/>
<opset="trunc_ln175/16 "/>
</bind>
</comp>

<comp id="657" class="1004" name="bitcast_ln175_1_fu_657">
<pin_list>
<pin id="658" dir="0" index="0" bw="32" slack="3"/>
<pin id="659" dir="1" index="1" bw="32" slack="0"/>
</pin_list>
<bind>
<opcode="bitcast(44) " fcode="bitcast"/>
<opset="bitcast_ln175_1/16 "/>
</bind>
</comp>

<comp id="660" class="1004" name="tmp_29_fu_660">
<pin_list>
<pin id="661" dir="0" index="0" bw="8" slack="0"/>
<pin id="662" dir="0" index="1" bw="32" slack="0"/>
<pin id="663" dir="0" index="2" bw="6" slack="0"/>
<pin id="664" dir="0" index="3" bw="6" slack="0"/>
<pin id="665" dir="1" index="4" bw="8" slack="0"/>
</pin_list>
<bind>
<opcode="partselect(1002) " fcode="partselect"/>
<opset="tmp_29/16 "/>
</bind>
</comp>

<comp id="670" class="1004" name="trunc_ln175_1_fu_670">
<pin_list>
<pin id="671" dir="0" index="0" bw="32" slack="0"/>
<pin id="672" dir="1" index="1" bw="23" slack="0"/>
</pin_list>
<bind>
<opcode="trunc(33) " fcode="trunc"/>
<opset="trunc_ln175_1/16 "/>
</bind>
</comp>

<comp id="674" class="1004" name="icmp_ln175_fu_674">
<pin_list>
<pin id="675" dir="0" index="0" bw="8" slack="0"/>
<pin id="676" dir="0" index="1" bw="1" slack="0"/>
<pin id="677" dir="1" index="2" bw="1" slack="0"/>
</pin_list>
<bind>
<opcode="icmp(45) " fcode="icmp"/>
<opset="icmp_ln175/16 "/>
</bind>
</comp>

<comp id="680" class="1004" name="icmp_ln175_1_fu_680">
<pin_list>
<pin id="681" dir="0" index="0" bw="23" slack="0"/>
<pin id="682" dir="0" index="1" bw="1" slack="0"/>
<pin id="683" dir="1" index="2" bw="1" slack="0"/>
</pin_list>
<bind>
<opcode="icmp(45) " fcode="icmp"/>
<opset="icmp_ln175_1/16 "/>
</bind>
</comp>

<comp id="686" class="1004" name="or_ln175_fu_686">
<pin_list>
<pin id="687" dir="0" index="0" bw="1" slack="0"/>
<pin id="688" dir="0" index="1" bw="1" slack="0"/>
<pin id="689" dir="1" index="2" bw="1" slack="0"/>
</pin_list>
<bind>
<opcode="or(24) " fcode="or"/>
<opset="or_ln175/16 "/>
</bind>
</comp>

<comp id="692" class="1004" name="icmp_ln175_2_fu_692">
<pin_list>
<pin id="693" dir="0" index="0" bw="8" slack="0"/>
<pin id="694" dir="0" index="1" bw="1" slack="0"/>
<pin id="695" dir="1" index="2" bw="1" slack="0"/>
</pin_list>
<bind>
<opcode="icmp(45) " fcode="icmp"/>
<opset="icmp_ln175_2/16 "/>
</bind>
</comp>

<comp id="698" class="1004" name="icmp_ln175_3_fu_698">
<pin_list>
<pin id="699" dir="0" index="0" bw="23" slack="0"/>
<pin id="700" dir="0" index="1" bw="1" slack="0"/>
<pin id="701" dir="1" index="2" bw="1" slack="0"/>
</pin_list>
<bind>
<opcode="icmp(45) " fcode="icmp"/>
<opset="icmp_ln175_3/16 "/>
</bind>
</comp>

<comp id="704" class="1004" name="or_ln175_1_fu_704">
<pin_list>
<pin id="705" dir="0" index="0" bw="1" slack="0"/>
<pin id="706" dir="0" index="1" bw="1" slack="0"/>
<pin id="707" dir="1" index="2" bw="1" slack="0"/>
</pin_list>
<bind>
<opcode="or(24) " fcode="or"/>
<opset="or_ln175_1/16 "/>
</bind>
</comp>

<comp id="710" class="1004" name="and_ln175_fu_710">
<pin_list>
<pin id="711" dir="0" index="0" bw="1" slack="0"/>
<pin id="712" dir="0" index="1" bw="1" slack="0"/>
<pin id="713" dir="1" index="2" bw="1" slack="0"/>
</pin_list>
<bind>
<opcode="and(23) " fcode="and"/>
<opset="and_ln175/16 "/>
</bind>
</comp>

<comp id="716" class="1004" name="and_ln175_1_fu_716">
<pin_list>
<pin id="717" dir="0" index="0" bw="1" slack="0"/>
<pin id="718" dir="0" index="1" bw="1" slack="1"/>
<pin id="719" dir="1" index="2" bw="1" slack="0"/>
</pin_list>
<bind>
<opcode="and(23) " fcode="and"/>
<opset="and_ln175_1/16 "/>
</bind>
</comp>

<comp id="721" class="1004" name="m_30_fu_721">
<pin_list>
<pin id="722" dir="0" index="0" bw="1" slack="0"/>
<pin id="723" dir="0" index="1" bw="32" slack="13"/>
<pin id="724" dir="0" index="2" bw="32" slack="3"/>
<pin id="725" dir="1" index="3" bw="32" slack="1"/>
</pin_list>
<bind>
<opcode="select(49) " fcode="select"/>
<opset="m_30/16 "/>
</bind>
</comp>

<comp id="727" class="1004" name="bitcast_ln175_2_fu_727">
<pin_list>
<pin id="728" dir="0" index="0" bw="32" slack="17"/>
<pin id="729" dir="1" index="1" bw="32" slack="0"/>
</pin_list>
<bind>
<opcode="bitcast(44) " fcode="bitcast"/>
<opset="bitcast_ln175_2/20 "/>
</bind>
</comp>

<comp id="730" class="1004" name="tmp_31_fu_730">
<pin_list>
<pin id="731" dir="0" index="0" bw="8" slack="0"/>
<pin id="732" dir="0" index="1" bw="32" slack="0"/>
<pin id="733" dir="0" index="2" bw="6" slack="0"/>
<pin id="734" dir="0" index="3" bw="6" slack="0"/>
<pin id="735" dir="1" index="4" bw="8" slack="0"/>
</pin_list>
<bind>
<opcode="partselect(1002) " fcode="partselect"/>
<opset="tmp_31/20 "/>
</bind>
</comp>

<comp id="740" class="1004" name="trunc_ln175_2_fu_740">
<pin_list>
<pin id="741" dir="0" index="0" bw="32" slack="0"/>
<pin id="742" dir="1" index="1" bw="23" slack="0"/>
</pin_list>
<bind>
<opcode="trunc(33) " fcode="trunc"/>
<opset="trunc_ln175_2/20 "/>
</bind>
</comp>

<comp id="744" class="1004" name="bitcast_ln175_3_fu_744">
<pin_list>
<pin id="745" dir="0" index="0" bw="32" slack="4"/>
<pin id="746" dir="1" index="1" bw="32" slack="0"/>
</pin_list>
<bind>
<opcode="bitcast(44) " fcode="bitcast"/>
<opset="bitcast_ln175_3/20 "/>
</bind>
</comp>

<comp id="747" class="1004" name="tmp_32_fu_747">
<pin_list>
<pin id="748" dir="0" index="0" bw="8" slack="0"/>
<pin id="749" dir="0" index="1" bw="32" slack="0"/>
<pin id="750" dir="0" index="2" bw="6" slack="0"/>
<pin id="751" dir="0" index="3" bw="6" slack="0"/>
<pin id="752" dir="1" index="4" bw="8" slack="0"/>
</pin_list>
<bind>
<opcode="partselect(1002) " fcode="partselect"/>
<opset="tmp_32/20 "/>
</bind>
</comp>

<comp id="757" class="1004" name="trunc_ln175_3_fu_757">
<pin_list>
<pin id="758" dir="0" index="0" bw="32" slack="0"/>
<pin id="759" dir="1" index="1" bw="23" slack="0"/>
</pin_list>
<bind>
<opcode="trunc(33) " fcode="trunc"/>
<opset="trunc_ln175_3/20 "/>
</bind>
</comp>

<comp id="761" class="1004" name="icmp_ln175_4_fu_761">
<pin_list>
<pin id="762" dir="0" index="0" bw="8" slack="0"/>
<pin id="763" dir="0" index="1" bw="1" slack="0"/>
<pin id="764" dir="1" index="2" bw="1" slack="0"/>
</pin_list>
<bind>
<opcode="icmp(45) " fcode="icmp"/>
<opset="icmp_ln175_4/20 "/>
</bind>
</comp>

<comp id="767" class="1004" name="icmp_ln175_5_fu_767">
<pin_list>
<pin id="768" dir="0" index="0" bw="23" slack="0"/>
<pin id="769" dir="0" index="1" bw="1" slack="0"/>
<pin id="770" dir="1" index="2" bw="1" slack="0"/>
</pin_list>
<bind>
<opcode="icmp(45) " fcode="icmp"/>
<opset="icmp_ln175_5/20 "/>
</bind>
</comp>

<comp id="773" class="1004" name="or_ln175_2_fu_773">
<pin_list>
<pin id="774" dir="0" index="0" bw="1" slack="0"/>
<pin id="775" dir="0" index="1" bw="1" slack="0"/>
<pin id="776" dir="1" index="2" bw="1" slack="0"/>
</pin_list>
<bind>
<opcode="or(24) " fcode="or"/>
<opset="or_ln175_2/20 "/>
</bind>
</comp>

<comp id="779" class="1004" name="icmp_ln175_6_fu_779">
<pin_list>
<pin id="780" dir="0" index="0" bw="8" slack="0"/>
<pin id="781" dir="0" index="1" bw="1" slack="0"/>
<pin id="782" dir="1" index="2" bw="1" slack="0"/>
</pin_list>
<bind>
<opcode="icmp(45) " fcode="icmp"/>
<opset="icmp_ln175_6/20 "/>
</bind>
</comp>

<comp id="785" class="1004" name="icmp_ln175_7_fu_785">
<pin_list>
<pin id="786" dir="0" index="0" bw="23" slack="0"/>
<pin id="787" dir="0" index="1" bw="1" slack="0"/>
<pin id="788" dir="1" index="2" bw="1" slack="0"/>
</pin_list>
<bind>
<opcode="icmp(45) " fcode="icmp"/>
<opset="icmp_ln175_7/20 "/>
</bind>
</comp>

<comp id="791" class="1004" name="or_ln175_3_fu_791">
<pin_list>
<pin id="792" dir="0" index="0" bw="1" slack="0"/>
<pin id="793" dir="0" index="1" bw="1" slack="0"/>
<pin id="794" dir="1" index="2" bw="1" slack="0"/>
</pin_list>
<bind>
<opcode="or(24) " fcode="or"/>
<opset="or_ln175_3/20 "/>
</bind>
</comp>

<comp id="797" class="1004" name="and_ln175_2_fu_797">
<pin_list>
<pin id="798" dir="0" index="0" bw="1" slack="0"/>
<pin id="799" dir="0" index="1" bw="1" slack="0"/>
<pin id="800" dir="1" index="2" bw="1" slack="0"/>
</pin_list>
<bind>
<opcode="and(23) " fcode="and"/>
<opset="and_ln175_2/20 "/>
</bind>
</comp>

<comp id="803" class="1004" name="and_ln175_3_fu_803">
<pin_list>
<pin id="804" dir="0" index="0" bw="1" slack="0"/>
<pin id="805" dir="0" index="1" bw="1" slack="1"/>
<pin id="806" dir="1" index="2" bw="1" slack="0"/>
</pin_list>
<bind>
<opcode="and(23) " fcode="and"/>
<opset="and_ln175_3/20 "/>
</bind>
</comp>

<comp id="808" class="1004" name="m_34_fu_808">
<pin_list>
<pin id="809" dir="0" index="0" bw="1" slack="0"/>
<pin id="810" dir="0" index="1" bw="32" slack="17"/>
<pin id="811" dir="0" index="2" bw="32" slack="4"/>
<pin id="812" dir="1" index="3" bw="32" slack="1"/>
</pin_list>
<bind>
<opcode="select(49) " fcode="select"/>
<opset="m_34/20 "/>
</bind>
</comp>

<comp id="814" class="1004" name="m_22_load_1_load_fu_814">
<pin_list>
<pin id="815" dir="0" index="0" bw="32" slack="20"/>
<pin id="816" dir="1" index="1" bw="32" slack="0"/>
</pin_list>
<bind>
<opcode="load(27) " fcode="load"/>
<opset="m_22_load_1/21 "/>
</bind>
</comp>

<comp id="818" class="1004" name="store_ln172_store_fu_818">
<pin_list>
<pin id="819" dir="0" index="0" bw="32" slack="1"/>
<pin id="820" dir="0" index="1" bw="32" slack="20"/>
<pin id="821" dir="1" index="2" bw="0" slack="2147483647"/>
</pin_list>
<bind>
<opcode="store(28) " fcode="store"/>
<opset="store_ln172/21 "/>
</bind>
</comp>

<comp id="822" class="1004" name="m_28_load_1_load_fu_822">
<pin_list>
<pin id="823" dir="0" index="0" bw="32" slack="22"/>
<pin id="824" dir="1" index="1" bw="32" slack="14"/>
</pin_list>
<bind>
<opcode="load(27) " fcode="load"/>
<opset="m_28_load_1/23 "/>
</bind>
</comp>

<comp id="825" class="1004" name="m_28_load_2_load_fu_825">
<pin_list>
<pin id="826" dir="0" index="0" bw="32" slack="22"/>
<pin id="827" dir="1" index="1" bw="32" slack="0"/>
</pin_list>
<bind>
<opcode="load(27) " fcode="load"/>
<opset="m_28_load_2/23 "/>
</bind>
</comp>

<comp id="829" class="1004" name="store_ln172_store_fu_829">
<pin_list>
<pin id="830" dir="0" index="0" bw="32" slack="19"/>
<pin id="831" dir="0" index="1" bw="32" slack="22"/>
<pin id="832" dir="1" index="2" bw="0" slack="2147483647"/>
</pin_list>
<bind>
<opcode="store(28) " fcode="store"/>
<opset="store_ln172/23 "/>
</bind>
</comp>

<comp id="833" class="1004" name="bitcast_ln175_4_fu_833">
<pin_list>
<pin id="834" dir="0" index="0" bw="32" slack="3"/>
<pin id="835" dir="1" index="1" bw="32" slack="0"/>
</pin_list>
<bind>
<opcode="bitcast(44) " fcode="bitcast"/>
<opset="bitcast_ln175_4/24 "/>
</bind>
</comp>

<comp id="836" class="1004" name="tmp_34_fu_836">
<pin_list>
<pin id="837" dir="0" index="0" bw="8" slack="0"/>
<pin id="838" dir="0" index="1" bw="32" slack="0"/>
<pin id="839" dir="0" index="2" bw="6" slack="0"/>
<pin id="840" dir="0" index="3" bw="6" slack="0"/>
<pin id="841" dir="1" index="4" bw="8" slack="0"/>
</pin_list>
<bind>
<opcode="partselect(1002) " fcode="partselect"/>
<opset="tmp_34/24 "/>
</bind>
</comp>

<comp id="846" class="1004" name="trunc_ln175_4_fu_846">
<pin_list>
<pin id="847" dir="0" index="0" bw="32" slack="0"/>
<pin id="848" dir="1" index="1" bw="23" slack="0"/>
</pin_list>
<bind>
<opcode="trunc(33) " fcode="trunc"/>
<opset="trunc_ln175_4/24 "/>
</bind>
</comp>

<comp id="850" class="1004" name="bitcast_ln175_5_fu_850">
<pin_list>
<pin id="851" dir="0" index="0" bw="32" slack="4"/>
<pin id="852" dir="1" index="1" bw="32" slack="0"/>
</pin_list>
<bind>
<opcode="bitcast(44) " fcode="bitcast"/>
<opset="bitcast_ln175_5/24 "/>
</bind>
</comp>

<comp id="853" class="1004" name="tmp_35_fu_853">
<pin_list>
<pin id="854" dir="0" index="0" bw="8" slack="0"/>
<pin id="855" dir="0" index="1" bw="32" slack="0"/>
<pin id="856" dir="0" index="2" bw="6" slack="0"/>
<pin id="857" dir="0" index="3" bw="6" slack="0"/>
<pin id="858" dir="1" index="4" bw="8" slack="0"/>
</pin_list>
<bind>
<opcode="partselect(1002) " fcode="partselect"/>
<opset="tmp_35/24 "/>
</bind>
</comp>

<comp id="863" class="1004" name="trunc_ln175_5_fu_863">
<pin_list>
<pin id="864" dir="0" index="0" bw="32" slack="0"/>
<pin id="865" dir="1" index="1" bw="23" slack="0"/>
</pin_list>
<bind>
<opcode="trunc(33) " fcode="trunc"/>
<opset="trunc_ln175_5/24 "/>
</bind>
</comp>

<comp id="867" class="1004" name="icmp_ln175_8_fu_867">
<pin_list>
<pin id="868" dir="0" index="0" bw="8" slack="0"/>
<pin id="869" dir="0" index="1" bw="1" slack="0"/>
<pin id="870" dir="1" index="2" bw="1" slack="0"/>
</pin_list>
<bind>
<opcode="icmp(45) " fcode="icmp"/>
<opset="icmp_ln175_8/24 "/>
</bind>
</comp>

<comp id="873" class="1004" name="icmp_ln175_9_fu_873">
<pin_list>
<pin id="874" dir="0" index="0" bw="23" slack="0"/>
<pin id="875" dir="0" index="1" bw="1" slack="0"/>
<pin id="876" dir="1" index="2" bw="1" slack="0"/>
</pin_list>
<bind>
<opcode="icmp(45) " fcode="icmp"/>
<opset="icmp_ln175_9/24 "/>
</bind>
</comp>

<comp id="879" class="1004" name="or_ln175_4_fu_879">
<pin_list>
<pin id="880" dir="0" index="0" bw="1" slack="0"/>
<pin id="881" dir="0" index="1" bw="1" slack="0"/>
<pin id="882" dir="1" index="2" bw="1" slack="0"/>
</pin_list>
<bind>
<opcode="or(24) " fcode="or"/>
<opset="or_ln175_4/24 "/>
</bind>
</comp>

<comp id="885" class="1004" name="icmp_ln175_10_fu_885">
<pin_list>
<pin id="886" dir="0" index="0" bw="8" slack="0"/>
<pin id="887" dir="0" index="1" bw="1" slack="0"/>
<pin id="888" dir="1" index="2" bw="1" slack="0"/>
</pin_list>
<bind>
<opcode="icmp(45) " fcode="icmp"/>
<opset="icmp_ln175_10/24 "/>
</bind>
</comp>

<comp id="891" class="1004" name="icmp_ln175_11_fu_891">
<pin_list>
<pin id="892" dir="0" index="0" bw="23" slack="0"/>
<pin id="893" dir="0" index="1" bw="1" slack="0"/>
<pin id="894" dir="1" index="2" bw="1" slack="0"/>
</pin_list>
<bind>
<opcode="icmp(45) " fcode="icmp"/>
<opset="icmp_ln175_11/24 "/>
</bind>
</comp>

<comp id="897" class="1004" name="or_ln175_5_fu_897">
<pin_list>
<pin id="898" dir="0" index="0" bw="1" slack="0"/>
<pin id="899" dir="0" index="1" bw="1" slack="0"/>
<pin id="900" dir="1" index="2" bw="1" slack="0"/>
</pin_list>
<bind>
<opcode="or(24) " fcode="or"/>
<opset="or_ln175_5/24 "/>
</bind>
</comp>

<comp id="903" class="1004" name="and_ln175_4_fu_903">
<pin_list>
<pin id="904" dir="0" index="0" bw="1" slack="0"/>
<pin id="905" dir="0" index="1" bw="1" slack="0"/>
<pin id="906" dir="1" index="2" bw="1" slack="0"/>
</pin_list>
<bind>
<opcode="and(23) " fcode="and"/>
<opset="and_ln175_4/24 "/>
</bind>
</comp>

<comp id="909" class="1004" name="and_ln175_5_fu_909">
<pin_list>
<pin id="910" dir="0" index="0" bw="1" slack="0"/>
<pin id="911" dir="0" index="1" bw="1" slack="1"/>
<pin id="912" dir="1" index="2" bw="1" slack="0"/>
</pin_list>
<bind>
<opcode="and(23) " fcode="and"/>
<opset="and_ln175_5/24 "/>
</bind>
</comp>

<comp id="914" class="1004" name="m_35_fu_914">
<pin_list>
<pin id="915" dir="0" index="0" bw="1" slack="0"/>
<pin id="916" dir="0" index="1" bw="32" slack="3"/>
<pin id="917" dir="0" index="2" bw="32" slack="4"/>
<pin id="918" dir="1" index="3" bw="32" slack="1"/>
</pin_list>
<bind>
<opcode="select(49) " fcode="select"/>
<opset="m_35/24 "/>
</bind>
</comp>

<comp id="920" class="1004" name="bitcast_ln175_6_fu_920">
<pin_list>
<pin id="921" dir="0" index="0" bw="32" slack="17"/>
<pin id="922" dir="1" index="1" bw="32" slack="0"/>
</pin_list>
<bind>
<opcode="bitcast(44) " fcode="bitcast"/>
<opset="bitcast_ln175_6/28 "/>
</bind>
</comp>

<comp id="923" class="1004" name="tmp_37_fu_923">
<pin_list>
<pin id="924" dir="0" index="0" bw="8" slack="0"/>
<pin id="925" dir="0" index="1" bw="32" slack="0"/>
<pin id="926" dir="0" index="2" bw="6" slack="0"/>
<pin id="927" dir="0" index="3" bw="6" slack="0"/>
<pin id="928" dir="1" index="4" bw="8" slack="0"/>
</pin_list>
<bind>
<opcode="partselect(1002) " fcode="partselect"/>
<opset="tmp_37/28 "/>
</bind>
</comp>

<comp id="933" class="1004" name="trunc_ln175_6_fu_933">
<pin_list>
<pin id="934" dir="0" index="0" bw="32" slack="0"/>
<pin id="935" dir="1" index="1" bw="23" slack="0"/>
</pin_list>
<bind>
<opcode="trunc(33) " fcode="trunc"/>
<opset="trunc_ln175_6/28 "/>
</bind>
</comp>

<comp id="937" class="1004" name="bitcast_ln175_7_fu_937">
<pin_list>
<pin id="938" dir="0" index="0" bw="32" slack="4"/>
<pin id="939" dir="1" index="1" bw="32" slack="0"/>
</pin_list>
<bind>
<opcode="bitcast(44) " fcode="bitcast"/>
<opset="bitcast_ln175_7/28 "/>
</bind>
</comp>

<comp id="940" class="1004" name="tmp_38_fu_940">
<pin_list>
<pin id="941" dir="0" index="0" bw="8" slack="0"/>
<pin id="942" dir="0" index="1" bw="32" slack="0"/>
<pin id="943" dir="0" index="2" bw="6" slack="0"/>
<pin id="944" dir="0" index="3" bw="6" slack="0"/>
<pin id="945" dir="1" index="4" bw="8" slack="0"/>
</pin_list>
<bind>
<opcode="partselect(1002) " fcode="partselect"/>
<opset="tmp_38/28 "/>
</bind>
</comp>

<comp id="950" class="1004" name="trunc_ln175_7_fu_950">
<pin_list>
<pin id="951" dir="0" index="0" bw="32" slack="0"/>
<pin id="952" dir="1" index="1" bw="23" slack="0"/>
</pin_list>
<bind>
<opcode="trunc(33) " fcode="trunc"/>
<opset="trunc_ln175_7/28 "/>
</bind>
</comp>

<comp id="954" class="1004" name="icmp_ln175_12_fu_954">
<pin_list>
<pin id="955" dir="0" index="0" bw="8" slack="0"/>
<pin id="956" dir="0" index="1" bw="1" slack="0"/>
<pin id="957" dir="1" index="2" bw="1" slack="0"/>
</pin_list>
<bind>
<opcode="icmp(45) " fcode="icmp"/>
<opset="icmp_ln175_12/28 "/>
</bind>
</comp>

<comp id="960" class="1004" name="icmp_ln175_13_fu_960">
<pin_list>
<pin id="961" dir="0" index="0" bw="23" slack="0"/>
<pin id="962" dir="0" index="1" bw="1" slack="0"/>
<pin id="963" dir="1" index="2" bw="1" slack="0"/>
</pin_list>
<bind>
<opcode="icmp(45) " fcode="icmp"/>
<opset="icmp_ln175_13/28 "/>
</bind>
</comp>

<comp id="966" class="1004" name="or_ln175_6_fu_966">
<pin_list>
<pin id="967" dir="0" index="0" bw="1" slack="0"/>
<pin id="968" dir="0" index="1" bw="1" slack="0"/>
<pin id="969" dir="1" index="2" bw="1" slack="0"/>
</pin_list>
<bind>
<opcode="or(24) " fcode="or"/>
<opset="or_ln175_6/28 "/>
</bind>
</comp>

<comp id="972" class="1004" name="icmp_ln175_14_fu_972">
<pin_list>
<pin id="973" dir="0" index="0" bw="8" slack="0"/>
<pin id="974" dir="0" index="1" bw="1" slack="0"/>
<pin id="975" dir="1" index="2" bw="1" slack="0"/>
</pin_list>
<bind>
<opcode="icmp(45) " fcode="icmp"/>
<opset="icmp_ln175_14/28 "/>
</bind>
</comp>

<comp id="978" class="1004" name="icmp_ln175_15_fu_978">
<pin_list>
<pin id="979" dir="0" index="0" bw="23" slack="0"/>
<pin id="980" dir="0" index="1" bw="1" slack="0"/>
<pin id="981" dir="1" index="2" bw="1" slack="0"/>
</pin_list>
<bind>
<opcode="icmp(45) " fcode="icmp"/>
<opset="icmp_ln175_15/28 "/>
</bind>
</comp>

<comp id="984" class="1004" name="or_ln175_7_fu_984">
<pin_list>
<pin id="985" dir="0" index="0" bw="1" slack="0"/>
<pin id="986" dir="0" index="1" bw="1" slack="0"/>
<pin id="987" dir="1" index="2" bw="1" slack="0"/>
</pin_list>
<bind>
<opcode="or(24) " fcode="or"/>
<opset="or_ln175_7/28 "/>
</bind>
</comp>

<comp id="990" class="1004" name="and_ln175_6_fu_990">
<pin_list>
<pin id="991" dir="0" index="0" bw="1" slack="0"/>
<pin id="992" dir="0" index="1" bw="1" slack="0"/>
<pin id="993" dir="1" index="2" bw="1" slack="0"/>
</pin_list>
<bind>
<opcode="and(23) " fcode="and"/>
<opset="and_ln175_6/28 "/>
</bind>
</comp>

<comp id="996" class="1004" name="and_ln175_7_fu_996">
<pin_list>
<pin id="997" dir="0" index="0" bw="1" slack="0"/>
<pin id="998" dir="0" index="1" bw="1" slack="1"/>
<pin id="999" dir="1" index="2" bw="1" slack="0"/>
</pin_list>
<bind>
<opcode="and(23) " fcode="and"/>
<opset="and_ln175_7/28 "/>
</bind>
</comp>

<comp id="1001" class="1004" name="m_36_fu_1001">
<pin_list>
<pin id="1002" dir="0" index="0" bw="1" slack="0"/>
<pin id="1003" dir="0" index="1" bw="32" slack="17"/>
<pin id="1004" dir="0" index="2" bw="32" slack="4"/>
<pin id="1005" dir="1" index="3" bw="32" slack="1"/>
</pin_list>
<bind>
<opcode="select(49) " fcode="select"/>
<opset="m_36/28 "/>
</bind>
</comp>

<comp id="1007" class="1004" name="bitcast_ln175_8_fu_1007">
<pin_list>
<pin id="1008" dir="0" index="0" bw="32" slack="29"/>
<pin id="1009" dir="1" index="1" bw="32" slack="0"/>
</pin_list>
<bind>
<opcode="bitcast(44) " fcode="bitcast"/>
<opset="bitcast_ln175_8/32 "/>
</bind>
</comp>

<comp id="1010" class="1004" name="tmp_40_fu_1010">
<pin_list>
<pin id="1011" dir="0" index="0" bw="8" slack="0"/>
<pin id="1012" dir="0" index="1" bw="32" slack="0"/>
<pin id="1013" dir="0" index="2" bw="6" slack="0"/>
<pin id="1014" dir="0" index="3" bw="6" slack="0"/>
<pin id="1015" dir="1" index="4" bw="8" slack="0"/>
</pin_list>
<bind>
<opcode="partselect(1002) " fcode="partselect"/>
<opset="tmp_40/32 "/>
</bind>
</comp>

<comp id="1020" class="1004" name="trunc_ln175_8_fu_1020">
<pin_list>
<pin id="1021" dir="0" index="0" bw="32" slack="0"/>
<pin id="1022" dir="1" index="1" bw="23" slack="0"/>
</pin_list>
<bind>
<opcode="trunc(33) " fcode="trunc"/>
<opset="trunc_ln175_8/32 "/>
</bind>
</comp>

<comp id="1024" class="1004" name="bitcast_ln175_9_fu_1024">
<pin_list>
<pin id="1025" dir="0" index="0" bw="32" slack="4"/>
<pin id="1026" dir="1" index="1" bw="32" slack="0"/>
</pin_list>
<bind>
<opcode="bitcast(44) " fcode="bitcast"/>
<opset="bitcast_ln175_9/32 "/>
</bind>
</comp>

<comp id="1027" class="1004" name="tmp_41_fu_1027">
<pin_list>
<pin id="1028" dir="0" index="0" bw="8" slack="0"/>
<pin id="1029" dir="0" index="1" bw="32" slack="0"/>
<pin id="1030" dir="0" index="2" bw="6" slack="0"/>
<pin id="1031" dir="0" index="3" bw="6" slack="0"/>
<pin id="1032" dir="1" index="4" bw="8" slack="0"/>
</pin_list>
<bind>
<opcode="partselect(1002) " fcode="partselect"/>
<opset="tmp_41/32 "/>
</bind>
</comp>

<comp id="1037" class="1004" name="trunc_ln175_9_fu_1037">
<pin_list>
<pin id="1038" dir="0" index="0" bw="32" slack="0"/>
<pin id="1039" dir="1" index="1" bw="23" slack="0"/>
</pin_list>
<bind>
<opcode="trunc(33) " fcode="trunc"/>
<opset="trunc_ln175_9/32 "/>
</bind>
</comp>

<comp id="1041" class="1004" name="icmp_ln175_16_fu_1041">
<pin_list>
<pin id="1042" dir="0" index="0" bw="8" slack="0"/>
<pin id="1043" dir="0" index="1" bw="1" slack="0"/>
<pin id="1044" dir="1" index="2" bw="1" slack="0"/>
</pin_list>
<bind>
<opcode="icmp(45) " fcode="icmp"/>
<opset="icmp_ln175_16/32 "/>
</bind>
</comp>

<comp id="1047" class="1004" name="icmp_ln175_17_fu_1047">
<pin_list>
<pin id="1048" dir="0" index="0" bw="23" slack="0"/>
<pin id="1049" dir="0" index="1" bw="1" slack="0"/>
<pin id="1050" dir="1" index="2" bw="1" slack="0"/>
</pin_list>
<bind>
<opcode="icmp(45) " fcode="icmp"/>
<opset="icmp_ln175_17/32 "/>
</bind>
</comp>

<comp id="1053" class="1004" name="or_ln175_8_fu_1053">
<pin_list>
<pin id="1054" dir="0" index="0" bw="1" slack="0"/>
<pin id="1055" dir="0" index="1" bw="1" slack="0"/>
<pin id="1056" dir="1" index="2" bw="1" slack="0"/>
</pin_list>
<bind>
<opcode="or(24) " fcode="or"/>
<opset="or_ln175_8/32 "/>
</bind>
</comp>

<comp id="1059" class="1004" name="icmp_ln175_18_fu_1059">
<pin_list>
<pin id="1060" dir="0" index="0" bw="8" slack="0"/>
<pin id="1061" dir="0" index="1" bw="1" slack="0"/>
<pin id="1062" dir="1" index="2" bw="1" slack="0"/>
</pin_list>
<bind>
<opcode="icmp(45) " fcode="icmp"/>
<opset="icmp_ln175_18/32 "/>
</bind>
</comp>

<comp id="1065" class="1004" name="icmp_ln175_19_fu_1065">
<pin_list>
<pin id="1066" dir="0" index="0" bw="23" slack="0"/>
<pin id="1067" dir="0" index="1" bw="1" slack="0"/>
<pin id="1068" dir="1" index="2" bw="1" slack="0"/>
</pin_list>
<bind>
<opcode="icmp(45) " fcode="icmp"/>
<opset="icmp_ln175_19/32 "/>
</bind>
</comp>

<comp id="1071" class="1004" name="or_ln175_9_fu_1071">
<pin_list>
<pin id="1072" dir="0" index="0" bw="1" slack="0"/>
<pin id="1073" dir="0" index="1" bw="1" slack="0"/>
<pin id="1074" dir="1" index="2" bw="1" slack="0"/>
</pin_list>
<bind>
<opcode="or(24) " fcode="or"/>
<opset="or_ln175_9/32 "/>
</bind>
</comp>

<comp id="1077" class="1004" name="and_ln175_8_fu_1077">
<pin_list>
<pin id="1078" dir="0" index="0" bw="1" slack="0"/>
<pin id="1079" dir="0" index="1" bw="1" slack="0"/>
<pin id="1080" dir="1" index="2" bw="1" slack="0"/>
</pin_list>
<bind>
<opcode="and(23) " fcode="and"/>
<opset="and_ln175_8/32 "/>
</bind>
</comp>

<comp id="1083" class="1004" name="and_ln175_9_fu_1083">
<pin_list>
<pin id="1084" dir="0" index="0" bw="1" slack="0"/>
<pin id="1085" dir="0" index="1" bw="1" slack="1"/>
<pin id="1086" dir="1" index="2" bw="1" slack="0"/>
</pin_list>
<bind>
<opcode="and(23) " fcode="and"/>
<opset="and_ln175_9/32 "/>
</bind>
</comp>

<comp id="1088" class="1004" name="m_38_fu_1088">
<pin_list>
<pin id="1089" dir="0" index="0" bw="1" slack="0"/>
<pin id="1090" dir="0" index="1" bw="32" slack="29"/>
<pin id="1091" dir="0" index="2" bw="32" slack="4"/>
<pin id="1092" dir="1" index="3" bw="32" slack="1"/>
</pin_list>
<bind>
<opcode="select(49) " fcode="select"/>
<opset="m_38/32 "/>
</bind>
</comp>

<comp id="1094" class="1004" name="m_load_2_load_fu_1094">
<pin_list>
<pin id="1095" dir="0" index="0" bw="32" slack="32"/>
<pin id="1096" dir="1" index="1" bw="32" slack="0"/>
</pin_list>
<bind>
<opcode="load(27) " fcode="load"/>
<opset="m_load_2/33 "/>
</bind>
</comp>

<comp id="1098" class="1004" name="store_ln172_store_fu_1098">
<pin_list>
<pin id="1099" dir="0" index="0" bw="32" slack="1"/>
<pin id="1100" dir="0" index="1" bw="32" slack="32"/>
<pin id="1101" dir="1" index="2" bw="0" slack="2147483647"/>
</pin_list>
<bind>
<opcode="store(28) " fcode="store"/>
<opset="store_ln172/33 "/>
</bind>
</comp>

<comp id="1102" class="1004" name="bitcast_ln175_10_fu_1102">
<pin_list>
<pin id="1103" dir="0" index="0" bw="32" slack="3"/>
<pin id="1104" dir="1" index="1" bw="32" slack="0"/>
</pin_list>
<bind>
<opcode="bitcast(44) " fcode="bitcast"/>
<opset="bitcast_ln175_10/36 "/>
</bind>
</comp>

<comp id="1105" class="1004" name="tmp_43_fu_1105">
<pin_list>
<pin id="1106" dir="0" index="0" bw="8" slack="0"/>
<pin id="1107" dir="0" index="1" bw="32" slack="0"/>
<pin id="1108" dir="0" index="2" bw="6" slack="0"/>
<pin id="1109" dir="0" index="3" bw="6" slack="0"/>
<pin id="1110" dir="1" index="4" bw="8" slack="0"/>
</pin_list>
<bind>
<opcode="partselect(1002) " fcode="partselect"/>
<opset="tmp_43/36 "/>
</bind>
</comp>

<comp id="1115" class="1004" name="trunc_ln175_10_fu_1115">
<pin_list>
<pin id="1116" dir="0" index="0" bw="32" slack="0"/>
<pin id="1117" dir="1" index="1" bw="23" slack="0"/>
</pin_list>
<bind>
<opcode="trunc(33) " fcode="trunc"/>
<opset="trunc_ln175_10/36 "/>
</bind>
</comp>

<comp id="1119" class="1004" name="bitcast_ln175_11_fu_1119">
<pin_list>
<pin id="1120" dir="0" index="0" bw="32" slack="4"/>
<pin id="1121" dir="1" index="1" bw="32" slack="0"/>
</pin_list>
<bind>
<opcode="bitcast(44) " fcode="bitcast"/>
<opset="bitcast_ln175_11/36 "/>
</bind>
</comp>

<comp id="1122" class="1004" name="tmp_44_fu_1122">
<pin_list>
<pin id="1123" dir="0" index="0" bw="8" slack="0"/>
<pin id="1124" dir="0" index="1" bw="32" slack="0"/>
<pin id="1125" dir="0" index="2" bw="6" slack="0"/>
<pin id="1126" dir="0" index="3" bw="6" slack="0"/>
<pin id="1127" dir="1" index="4" bw="8" slack="0"/>
</pin_list>
<bind>
<opcode="partselect(1002) " fcode="partselect"/>
<opset="tmp_44/36 "/>
</bind>
</comp>

<comp id="1132" class="1004" name="trunc_ln175_11_fu_1132">
<pin_list>
<pin id="1133" dir="0" index="0" bw="32" slack="0"/>
<pin id="1134" dir="1" index="1" bw="23" slack="0"/>
</pin_list>
<bind>
<opcode="trunc(33) " fcode="trunc"/>
<opset="trunc_ln175_11/36 "/>
</bind>
</comp>

<comp id="1136" class="1004" name="icmp_ln175_20_fu_1136">
<pin_list>
<pin id="1137" dir="0" index="0" bw="8" slack="0"/>
<pin id="1138" dir="0" index="1" bw="1" slack="0"/>
<pin id="1139" dir="1" index="2" bw="1" slack="0"/>
</pin_list>
<bind>
<opcode="icmp(45) " fcode="icmp"/>
<opset="icmp_ln175_20/36 "/>
</bind>
</comp>

<comp id="1142" class="1004" name="icmp_ln175_21_fu_1142">
<pin_list>
<pin id="1143" dir="0" index="0" bw="23" slack="0"/>
<pin id="1144" dir="0" index="1" bw="1" slack="0"/>
<pin id="1145" dir="1" index="2" bw="1" slack="0"/>
</pin_list>
<bind>
<opcode="icmp(45) " fcode="icmp"/>
<opset="icmp_ln175_21/36 "/>
</bind>
</comp>

<comp id="1148" class="1004" name="or_ln175_10_fu_1148">
<pin_list>
<pin id="1149" dir="0" index="0" bw="1" slack="0"/>
<pin id="1150" dir="0" index="1" bw="1" slack="0"/>
<pin id="1151" dir="1" index="2" bw="1" slack="0"/>
</pin_list>
<bind>
<opcode="or(24) " fcode="or"/>
<opset="or_ln175_10/36 "/>
</bind>
</comp>

<comp id="1154" class="1004" name="icmp_ln175_22_fu_1154">
<pin_list>
<pin id="1155" dir="0" index="0" bw="8" slack="0"/>
<pin id="1156" dir="0" index="1" bw="1" slack="0"/>
<pin id="1157" dir="1" index="2" bw="1" slack="0"/>
</pin_list>
<bind>
<opcode="icmp(45) " fcode="icmp"/>
<opset="icmp_ln175_22/36 "/>
</bind>
</comp>

<comp id="1160" class="1004" name="icmp_ln175_23_fu_1160">
<pin_list>
<pin id="1161" dir="0" index="0" bw="23" slack="0"/>
<pin id="1162" dir="0" index="1" bw="1" slack="0"/>
<pin id="1163" dir="1" index="2" bw="1" slack="0"/>
</pin_list>
<bind>
<opcode="icmp(45) " fcode="icmp"/>
<opset="icmp_ln175_23/36 "/>
</bind>
</comp>

<comp id="1166" class="1004" name="or_ln175_11_fu_1166">
<pin_list>
<pin id="1167" dir="0" index="0" bw="1" slack="0"/>
<pin id="1168" dir="0" index="1" bw="1" slack="0"/>
<pin id="1169" dir="1" index="2" bw="1" slack="0"/>
</pin_list>
<bind>
<opcode="or(24) " fcode="or"/>
<opset="or_ln175_11/36 "/>
</bind>
</comp>

<comp id="1172" class="1004" name="and_ln175_10_fu_1172">
<pin_list>
<pin id="1173" dir="0" index="0" bw="1" slack="0"/>
<pin id="1174" dir="0" index="1" bw="1" slack="0"/>
<pin id="1175" dir="1" index="2" bw="1" slack="0"/>
</pin_list>
<bind>
<opcode="and(23) " fcode="and"/>
<opset="and_ln175_10/36 "/>
</bind>
</comp>

<comp id="1178" class="1004" name="and_ln175_11_fu_1178">
<pin_list>
<pin id="1179" dir="0" index="0" bw="1" slack="0"/>
<pin id="1180" dir="0" index="1" bw="1" slack="1"/>
<pin id="1181" dir="1" index="2" bw="1" slack="0"/>
</pin_list>
<bind>
<opcode="and(23) " fcode="and"/>
<opset="and_ln175_11/36 "/>
</bind>
</comp>

<comp id="1183" class="1004" name="m_39_fu_1183">
<pin_list>
<pin id="1184" dir="0" index="0" bw="1" slack="0"/>
<pin id="1185" dir="0" index="1" bw="32" slack="3"/>
<pin id="1186" dir="0" index="2" bw="32" slack="4"/>
<pin id="1187" dir="1" index="3" bw="32" slack="1"/>
</pin_list>
<bind>
<opcode="select(49) " fcode="select"/>
<opset="m_39/36 "/>
</bind>
</comp>

<comp id="1189" class="1004" name="bitcast_ln175_12_fu_1189">
<pin_list>
<pin id="1190" dir="0" index="0" bw="32" slack="17"/>
<pin id="1191" dir="1" index="1" bw="32" slack="0"/>
</pin_list>
<bind>
<opcode="bitcast(44) " fcode="bitcast"/>
<opset="bitcast_ln175_12/40 "/>
</bind>
</comp>

<comp id="1192" class="1004" name="tmp_46_fu_1192">
<pin_list>
<pin id="1193" dir="0" index="0" bw="8" slack="0"/>
<pin id="1194" dir="0" index="1" bw="32" slack="0"/>
<pin id="1195" dir="0" index="2" bw="6" slack="0"/>
<pin id="1196" dir="0" index="3" bw="6" slack="0"/>
<pin id="1197" dir="1" index="4" bw="8" slack="0"/>
</pin_list>
<bind>
<opcode="partselect(1002) " fcode="partselect"/>
<opset="tmp_46/40 "/>
</bind>
</comp>

<comp id="1202" class="1004" name="trunc_ln175_12_fu_1202">
<pin_list>
<pin id="1203" dir="0" index="0" bw="32" slack="0"/>
<pin id="1204" dir="1" index="1" bw="23" slack="0"/>
</pin_list>
<bind>
<opcode="trunc(33) " fcode="trunc"/>
<opset="trunc_ln175_12/40 "/>
</bind>
</comp>

<comp id="1206" class="1004" name="bitcast_ln175_13_fu_1206">
<pin_list>
<pin id="1207" dir="0" index="0" bw="32" slack="4"/>
<pin id="1208" dir="1" index="1" bw="32" slack="0"/>
</pin_list>
<bind>
<opcode="bitcast(44) " fcode="bitcast"/>
<opset="bitcast_ln175_13/40 "/>
</bind>
</comp>

<comp id="1209" class="1004" name="tmp_47_fu_1209">
<pin_list>
<pin id="1210" dir="0" index="0" bw="8" slack="0"/>
<pin id="1211" dir="0" index="1" bw="32" slack="0"/>
<pin id="1212" dir="0" index="2" bw="6" slack="0"/>
<pin id="1213" dir="0" index="3" bw="6" slack="0"/>
<pin id="1214" dir="1" index="4" bw="8" slack="0"/>
</pin_list>
<bind>
<opcode="partselect(1002) " fcode="partselect"/>
<opset="tmp_47/40 "/>
</bind>
</comp>

<comp id="1219" class="1004" name="trunc_ln175_13_fu_1219">
<pin_list>
<pin id="1220" dir="0" index="0" bw="32" slack="0"/>
<pin id="1221" dir="1" index="1" bw="23" slack="0"/>
</pin_list>
<bind>
<opcode="trunc(33) " fcode="trunc"/>
<opset="trunc_ln175_13/40 "/>
</bind>
</comp>

<comp id="1223" class="1004" name="icmp_ln175_24_fu_1223">
<pin_list>
<pin id="1224" dir="0" index="0" bw="8" slack="0"/>
<pin id="1225" dir="0" index="1" bw="1" slack="0"/>
<pin id="1226" dir="1" index="2" bw="1" slack="0"/>
</pin_list>
<bind>
<opcode="icmp(45) " fcode="icmp"/>
<opset="icmp_ln175_24/40 "/>
</bind>
</comp>

<comp id="1229" class="1004" name="icmp_ln175_25_fu_1229">
<pin_list>
<pin id="1230" dir="0" index="0" bw="23" slack="0"/>
<pin id="1231" dir="0" index="1" bw="1" slack="0"/>
<pin id="1232" dir="1" index="2" bw="1" slack="0"/>
</pin_list>
<bind>
<opcode="icmp(45) " fcode="icmp"/>
<opset="icmp_ln175_25/40 "/>
</bind>
</comp>

<comp id="1235" class="1004" name="or_ln175_12_fu_1235">
<pin_list>
<pin id="1236" dir="0" index="0" bw="1" slack="0"/>
<pin id="1237" dir="0" index="1" bw="1" slack="0"/>
<pin id="1238" dir="1" index="2" bw="1" slack="0"/>
</pin_list>
<bind>
<opcode="or(24) " fcode="or"/>
<opset="or_ln175_12/40 "/>
</bind>
</comp>

<comp id="1241" class="1004" name="icmp_ln175_26_fu_1241">
<pin_list>
<pin id="1242" dir="0" index="0" bw="8" slack="0"/>
<pin id="1243" dir="0" index="1" bw="1" slack="0"/>
<pin id="1244" dir="1" index="2" bw="1" slack="0"/>
</pin_list>
<bind>
<opcode="icmp(45) " fcode="icmp"/>
<opset="icmp_ln175_26/40 "/>
</bind>
</comp>

<comp id="1247" class="1004" name="icmp_ln175_27_fu_1247">
<pin_list>
<pin id="1248" dir="0" index="0" bw="23" slack="0"/>
<pin id="1249" dir="0" index="1" bw="1" slack="0"/>
<pin id="1250" dir="1" index="2" bw="1" slack="0"/>
</pin_list>
<bind>
<opcode="icmp(45) " fcode="icmp"/>
<opset="icmp_ln175_27/40 "/>
</bind>
</comp>

<comp id="1253" class="1004" name="or_ln175_13_fu_1253">
<pin_list>
<pin id="1254" dir="0" index="0" bw="1" slack="0"/>
<pin id="1255" dir="0" index="1" bw="1" slack="0"/>
<pin id="1256" dir="1" index="2" bw="1" slack="0"/>
</pin_list>
<bind>
<opcode="or(24) " fcode="or"/>
<opset="or_ln175_13/40 "/>
</bind>
</comp>

<comp id="1259" class="1004" name="and_ln175_12_fu_1259">
<pin_list>
<pin id="1260" dir="0" index="0" bw="1" slack="0"/>
<pin id="1261" dir="0" index="1" bw="1" slack="0"/>
<pin id="1262" dir="1" index="2" bw="1" slack="0"/>
</pin_list>
<bind>
<opcode="and(23) " fcode="and"/>
<opset="and_ln175_12/40 "/>
</bind>
</comp>

<comp id="1265" class="1004" name="and_ln175_13_fu_1265">
<pin_list>
<pin id="1266" dir="0" index="0" bw="1" slack="0"/>
<pin id="1267" dir="0" index="1" bw="1" slack="1"/>
<pin id="1268" dir="1" index="2" bw="1" slack="0"/>
</pin_list>
<bind>
<opcode="and(23) " fcode="and"/>
<opset="and_ln175_13/40 "/>
</bind>
</comp>

<comp id="1270" class="1004" name="m_40_fu_1270">
<pin_list>
<pin id="1271" dir="0" index="0" bw="1" slack="0"/>
<pin id="1272" dir="0" index="1" bw="32" slack="17"/>
<pin id="1273" dir="0" index="2" bw="32" slack="4"/>
<pin id="1274" dir="1" index="3" bw="32" slack="1"/>
</pin_list>
<bind>
<opcode="select(49) " fcode="select"/>
<opset="m_40/40 "/>
</bind>
</comp>

<comp id="1276" class="1004" name="bitcast_ln175_14_fu_1276">
<pin_list>
<pin id="1277" dir="0" index="0" bw="32" slack="40"/>
<pin id="1278" dir="1" index="1" bw="32" slack="0"/>
</pin_list>
<bind>
<opcode="bitcast(44) " fcode="bitcast"/>
<opset="bitcast_ln175_14/44 "/>
</bind>
</comp>

<comp id="1279" class="1004" name="tmp_49_fu_1279">
<pin_list>
<pin id="1280" dir="0" index="0" bw="8" slack="0"/>
<pin id="1281" dir="0" index="1" bw="32" slack="0"/>
<pin id="1282" dir="0" index="2" bw="6" slack="0"/>
<pin id="1283" dir="0" index="3" bw="6" slack="0"/>
<pin id="1284" dir="1" index="4" bw="8" slack="0"/>
</pin_list>
<bind>
<opcode="partselect(1002) " fcode="partselect"/>
<opset="tmp_49/44 "/>
</bind>
</comp>

<comp id="1289" class="1004" name="trunc_ln175_14_fu_1289">
<pin_list>
<pin id="1290" dir="0" index="0" bw="32" slack="0"/>
<pin id="1291" dir="1" index="1" bw="23" slack="0"/>
</pin_list>
<bind>
<opcode="trunc(33) " fcode="trunc"/>
<opset="trunc_ln175_14/44 "/>
</bind>
</comp>

<comp id="1293" class="1004" name="bitcast_ln175_15_fu_1293">
<pin_list>
<pin id="1294" dir="0" index="0" bw="32" slack="4"/>
<pin id="1295" dir="1" index="1" bw="32" slack="0"/>
</pin_list>
<bind>
<opcode="bitcast(44) " fcode="bitcast"/>
<opset="bitcast_ln175_15/44 "/>
</bind>
</comp>

<comp id="1296" class="1004" name="tmp_50_fu_1296">
<pin_list>
<pin id="1297" dir="0" index="0" bw="8" slack="0"/>
<pin id="1298" dir="0" index="1" bw="32" slack="0"/>
<pin id="1299" dir="0" index="2" bw="6" slack="0"/>
<pin id="1300" dir="0" index="3" bw="6" slack="0"/>
<pin id="1301" dir="1" index="4" bw="8" slack="0"/>
</pin_list>
<bind>
<opcode="partselect(1002) " fcode="partselect"/>
<opset="tmp_50/44 "/>
</bind>
</comp>

<comp id="1306" class="1004" name="trunc_ln175_15_fu_1306">
<pin_list>
<pin id="1307" dir="0" index="0" bw="32" slack="0"/>
<pin id="1308" dir="1" index="1" bw="23" slack="0"/>
</pin_list>
<bind>
<opcode="trunc(33) " fcode="trunc"/>
<opset="trunc_ln175_15/44 "/>
</bind>
</comp>

<comp id="1310" class="1004" name="icmp_ln175_28_fu_1310">
<pin_list>
<pin id="1311" dir="0" index="0" bw="8" slack="0"/>
<pin id="1312" dir="0" index="1" bw="1" slack="0"/>
<pin id="1313" dir="1" index="2" bw="1" slack="0"/>
</pin_list>
<bind>
<opcode="icmp(45) " fcode="icmp"/>
<opset="icmp_ln175_28/44 "/>
</bind>
</comp>

<comp id="1316" class="1004" name="icmp_ln175_29_fu_1316">
<pin_list>
<pin id="1317" dir="0" index="0" bw="23" slack="0"/>
<pin id="1318" dir="0" index="1" bw="1" slack="0"/>
<pin id="1319" dir="1" index="2" bw="1" slack="0"/>
</pin_list>
<bind>
<opcode="icmp(45) " fcode="icmp"/>
<opset="icmp_ln175_29/44 "/>
</bind>
</comp>

<comp id="1322" class="1004" name="or_ln175_14_fu_1322">
<pin_list>
<pin id="1323" dir="0" index="0" bw="1" slack="0"/>
<pin id="1324" dir="0" index="1" bw="1" slack="0"/>
<pin id="1325" dir="1" index="2" bw="1" slack="0"/>
</pin_list>
<bind>
<opcode="or(24) " fcode="or"/>
<opset="or_ln175_14/44 "/>
</bind>
</comp>

<comp id="1328" class="1004" name="icmp_ln175_30_fu_1328">
<pin_list>
<pin id="1329" dir="0" index="0" bw="8" slack="0"/>
<pin id="1330" dir="0" index="1" bw="1" slack="0"/>
<pin id="1331" dir="1" index="2" bw="1" slack="0"/>
</pin_list>
<bind>
<opcode="icmp(45) " fcode="icmp"/>
<opset="icmp_ln175_30/44 "/>
</bind>
</comp>

<comp id="1334" class="1004" name="icmp_ln175_31_fu_1334">
<pin_list>
<pin id="1335" dir="0" index="0" bw="23" slack="0"/>
<pin id="1336" dir="0" index="1" bw="1" slack="0"/>
<pin id="1337" dir="1" index="2" bw="1" slack="0"/>
</pin_list>
<bind>
<opcode="icmp(45) " fcode="icmp"/>
<opset="icmp_ln175_31/44 "/>
</bind>
</comp>

<comp id="1340" class="1004" name="or_ln175_15_fu_1340">
<pin_list>
<pin id="1341" dir="0" index="0" bw="1" slack="0"/>
<pin id="1342" dir="0" index="1" bw="1" slack="0"/>
<pin id="1343" dir="1" index="2" bw="1" slack="0"/>
</pin_list>
<bind>
<opcode="or(24) " fcode="or"/>
<opset="or_ln175_15/44 "/>
</bind>
</comp>

<comp id="1346" class="1004" name="and_ln175_14_fu_1346">
<pin_list>
<pin id="1347" dir="0" index="0" bw="1" slack="0"/>
<pin id="1348" dir="0" index="1" bw="1" slack="0"/>
<pin id="1349" dir="1" index="2" bw="1" slack="0"/>
</pin_list>
<bind>
<opcode="and(23) " fcode="and"/>
<opset="and_ln175_14/44 "/>
</bind>
</comp>

<comp id="1352" class="1004" name="and_ln175_15_fu_1352">
<pin_list>
<pin id="1353" dir="0" index="0" bw="1" slack="0"/>
<pin id="1354" dir="0" index="1" bw="1" slack="1"/>
<pin id="1355" dir="1" index="2" bw="1" slack="0"/>
</pin_list>
<bind>
<opcode="and(23) " fcode="and"/>
<opset="and_ln175_15/44 "/>
</bind>
</comp>

<comp id="1357" class="1004" name="m_42_fu_1357">
<pin_list>
<pin id="1358" dir="0" index="0" bw="1" slack="0"/>
<pin id="1359" dir="0" index="1" bw="32" slack="40"/>
<pin id="1360" dir="0" index="2" bw="32" slack="4"/>
<pin id="1361" dir="1" index="3" bw="32" slack="1"/>
</pin_list>
<bind>
<opcode="select(49) " fcode="select"/>
<opset="m_42/44 "/>
</bind>
</comp>

<comp id="1363" class="1004" name="bitcast_ln176_fu_1363">
<pin_list>
<pin id="1364" dir="0" index="0" bw="32" slack="1"/>
<pin id="1365" dir="1" index="1" bw="32" slack="0"/>
</pin_list>
<bind>
<opcode="bitcast(44) " fcode="bitcast"/>
<opset="bitcast_ln176/45 "/>
</bind>
</comp>

<comp id="1367" class="1004" name="m_17_load_load_fu_1367">
<pin_list>
<pin id="1368" dir="0" index="0" bw="32" slack="48"/>
<pin id="1369" dir="1" index="1" bw="32" slack="0"/>
</pin_list>
<bind>
<opcode="load(27) " fcode="load"/>
<opset="m_17_load/49 "/>
</bind>
</comp>

<comp id="1371" class="1004" name="m_18_load_1_load_fu_1371">
<pin_list>
<pin id="1372" dir="0" index="0" bw="32" slack="48"/>
<pin id="1373" dir="1" index="1" bw="32" slack="0"/>
</pin_list>
<bind>
<opcode="load(27) " fcode="load"/>
<opset="m_18_load_1/49 "/>
</bind>
</comp>

<comp id="1375" class="1004" name="m_22_load_load_fu_1375">
<pin_list>
<pin id="1376" dir="0" index="0" bw="32" slack="48"/>
<pin id="1377" dir="1" index="1" bw="32" slack="0"/>
</pin_list>
<bind>
<opcode="load(27) " fcode="load"/>
<opset="m_22_load/49 "/>
</bind>
</comp>

<comp id="1379" class="1004" name="m_24_load_1_load_fu_1379">
<pin_list>
<pin id="1380" dir="0" index="0" bw="32" slack="48"/>
<pin id="1381" dir="1" index="1" bw="32" slack="0"/>
</pin_list>
<bind>
<opcode="load(27) " fcode="load"/>
<opset="m_24_load_1/49 "/>
</bind>
</comp>

<comp id="1383" class="1004" name="m_load_load_fu_1383">
<pin_list>
<pin id="1384" dir="0" index="0" bw="32" slack="48"/>
<pin id="1385" dir="1" index="1" bw="32" slack="0"/>
</pin_list>
<bind>
<opcode="load(27) " fcode="load"/>
<opset="m_load/49 "/>
</bind>
</comp>

<comp id="1387" class="1004" name="m_28_load_load_fu_1387">
<pin_list>
<pin id="1388" dir="0" index="0" bw="32" slack="48"/>
<pin id="1389" dir="1" index="1" bw="32" slack="0"/>
</pin_list>
<bind>
<opcode="load(27) " fcode="load"/>
<opset="m_28_load/49 "/>
</bind>
</comp>

<comp id="1391" class="1005" name="m_17_reg_1391">
<pin_list>
<pin id="1392" dir="0" index="0" bw="32" slack="0"/>
<pin id="1393" dir="1" index="1" bw="32" slack="0"/>
</pin_list>
<bind>
<opset="m_17 "/>
</bind>
</comp>

<comp id="1399" class="1005" name="m_18_reg_1399">
<pin_list>
<pin id="1400" dir="0" index="0" bw="32" slack="0"/>
<pin id="1401" dir="1" index="1" bw="32" slack="0"/>
</pin_list>
<bind>
<opset="m_18 "/>
</bind>
</comp>

<comp id="1408" class="1005" name="m_22_reg_1408">
<pin_list>
<pin id="1409" dir="0" index="0" bw="32" slack="0"/>
<pin id="1410" dir="1" index="1" bw="32" slack="0"/>
</pin_list>
<bind>
<opset="m_22 "/>
</bind>
</comp>

<comp id="1416" class="1005" name="m_24_reg_1416">
<pin_list>
<pin id="1417" dir="0" index="0" bw="32" slack="0"/>
<pin id="1418" dir="1" index="1" bw="32" slack="0"/>
</pin_list>
<bind>
<opset="m_24 "/>
</bind>
</comp>

<comp id="1425" class="1005" name="m_reg_1425">
<pin_list>
<pin id="1426" dir="0" index="0" bw="32" slack="0"/>
<pin id="1427" dir="1" index="1" bw="32" slack="0"/>
</pin_list>
<bind>
<opset="m "/>
</bind>
</comp>

<comp id="1433" class="1005" name="m_28_reg_1433">
<pin_list>
<pin id="1434" dir="0" index="0" bw="32" slack="0"/>
<pin id="1435" dir="1" index="1" bw="32" slack="0"/>
</pin_list>
<bind>
<opset="m_28 "/>
</bind>
</comp>

<comp id="1442" class="1005" name="c_reg_1442">
<pin_list>
<pin id="1443" dir="0" index="0" bw="7" slack="0"/>
<pin id="1444" dir="1" index="1" bw="7" slack="0"/>
</pin_list>
<bind>
<opset="c "/>
</bind>
</comp>

<comp id="1449" class="1005" name="r_reg_1449">
<pin_list>
<pin id="1450" dir="0" index="0" bw="7" slack="0"/>
<pin id="1451" dir="1" index="1" bw="7" slack="0"/>
</pin_list>
<bind>
<opset="r "/>
</bind>
</comp>

<comp id="1456" class="1005" name="indvar_flatten41_reg_1456">
<pin_list>
<pin id="1457" dir="0" index="0" bw="13" slack="0"/>
<pin id="1458" dir="1" index="1" bw="13" slack="0"/>
</pin_list>
<bind>
<opset="indvar_flatten41 "/>
</bind>
</comp>

<comp id="1463" class="1005" name="out_r_read_reg_1463">
<pin_list>
<pin id="1464" dir="0" index="0" bw="64" slack="2"/>
<pin id="1465" dir="1" index="1" bw="64" slack="2"/>
</pin_list>
<bind>
<opset="out_r_read "/>
</bind>
</comp>

<comp id="1468" class="1005" name="icmp_ln159_reg_1468">
<pin_list>
<pin id="1469" dir="0" index="0" bw="1" slack="48"/>
<pin id="1470" dir="1" index="1" bw="1" slack="2147483647"/>
</pin_list>
<bind>
<opset="icmp_ln159 "/>
</bind>
</comp>

<comp id="1472" class="1005" name="select_ln159_reg_1472">
<pin_list>
<pin id="1473" dir="0" index="0" bw="7" slack="1"/>
<pin id="1474" dir="1" index="1" bw="7" slack="1"/>
</pin_list>
<bind>
<opset="select_ln159 "/>
</bind>
</comp>

<comp id="1477" class="1005" name="empty_36_reg_1477">
<pin_list>
<pin id="1478" dir="0" index="0" bw="6" slack="1"/>
<pin id="1479" dir="1" index="1" bw="6" slack="1"/>
</pin_list>
<bind>
<opset="empty_36 "/>
</bind>
</comp>

<comp id="1483" class="1005" name="first_iter_6_reg_1483">
<pin_list>
<pin id="1484" dir="0" index="0" bw="1" slack="2"/>
<pin id="1485" dir="1" index="1" bw="1" slack="2147483647"/>
</pin_list>
<bind>
<opset="first_iter_6 "/>
</bind>
</comp>

<comp id="1487" class="1005" name="icmp135_reg_1487">
<pin_list>
<pin id="1488" dir="0" index="0" bw="1" slack="1"/>
<pin id="1489" dir="1" index="1" bw="1" slack="1"/>
</pin_list>
<bind>
<opset="icmp135 "/>
</bind>
</comp>

<comp id="1492" class="1005" name="top_kernel_float_const_float_const_float_const_float_di_line_buf_6_addr_reg_1492">
<pin_list>
<pin id="1493" dir="0" index="0" bw="6" slack="1"/>
<pin id="1494" dir="1" index="1" bw="6" slack="1"/>
</pin_list>
<bind>
<opset="top_kernel_float_const_float_const_float_const_float_di_line_buf_6_addr "/>
</bind>
</comp>

<comp id="1498" class="1005" name="top_kernel_float_const_float_const_float_const_float_di_line_buf_7_addr_reg_1498">
<pin_list>
<pin id="1499" dir="0" index="0" bw="6" slack="1"/>
<pin id="1500" dir="1" index="1" bw="6" slack="1"/>
</pin_list>
<bind>
<opset="top_kernel_float_const_float_const_float_const_float_di_line_buf_7_addr "/>
</bind>
</comp>

<comp id="1504" class="1005" name="and_ln171_reg_1504">
<pin_list>
<pin id="1505" dir="0" index="0" bw="1" slack="1"/>
<pin id="1506" dir="1" index="1" bw="1" slack="2147483647"/>
</pin_list>
<bind>
<opset="and_ln171 "/>
</bind>
</comp>

<comp id="1508" class="1005" name="add_ln160_reg_1508">
<pin_list>
<pin id="1509" dir="0" index="0" bw="7" slack="1"/>
<pin id="1510" dir="1" index="1" bw="7" slack="1"/>
</pin_list>
<bind>
<opset="add_ln160 "/>
</bind>
</comp>

<comp id="1513" class="1005" name="select_ln160_reg_1513">
<pin_list>
<pin id="1514" dir="0" index="0" bw="64" slack="1"/>
<pin id="1515" dir="1" index="1" bw="64" slack="1"/>
</pin_list>
<bind>
<opset="select_ln160 "/>
</bind>
</comp>

<comp id="1518" class="1005" name="gmem3_addr_reg_1518">
<pin_list>
<pin id="1519" dir="0" index="0" bw="32" slack="1"/>
<pin id="1520" dir="1" index="1" bw="32" slack="1"/>
</pin_list>
<bind>
<opset="gmem3_addr "/>
</bind>
</comp>

<comp id="1525" class="1005" name="eroded_addr_reg_1525">
<pin_list>
<pin id="1526" dir="0" index="0" bw="12" slack="1"/>
<pin id="1527" dir="1" index="1" bw="12" slack="1"/>
</pin_list>
<bind>
<opset="eroded_addr "/>
</bind>
</comp>

<comp id="1530" class="1005" name="m_32_reg_1530">
<pin_list>
<pin id="1531" dir="0" index="0" bw="32" slack="14"/>
<pin id="1532" dir="1" index="1" bw="32" slack="14"/>
</pin_list>
<bind>
<opset="m_32 "/>
</bind>
</comp>

<comp id="1537" class="1005" name="m_37_reg_1537">
<pin_list>
<pin id="1538" dir="0" index="0" bw="32" slack="8"/>
<pin id="1539" dir="1" index="1" bw="32" slack="8"/>
</pin_list>
<bind>
<opset="m_37 "/>
</bind>
</comp>

<comp id="1545" class="1005" name="m_18_load41_reg_1545">
<pin_list>
<pin id="1546" dir="0" index="0" bw="32" slack="10"/>
<pin id="1547" dir="1" index="1" bw="32" slack="10"/>
</pin_list>
<bind>
<opset="m_18_load41 "/>
</bind>
</comp>

<comp id="1552" class="1005" name="icmp_ln160_1_reg_1552">
<pin_list>
<pin id="1553" dir="0" index="0" bw="1" slack="43"/>
<pin id="1554" dir="1" index="1" bw="1" slack="2147483647"/>
</pin_list>
<bind>
<opset="icmp_ln160_1 "/>
</bind>
</comp>

<comp id="1556" class="1005" name="m_18_load_reg_1556">
<pin_list>
<pin id="1557" dir="0" index="0" bw="32" slack="1"/>
<pin id="1558" dir="1" index="1" bw="32" slack="1"/>
</pin_list>
<bind>
<opset="m_18_load "/>
</bind>
</comp>

<comp id="1561" class="1005" name="m_41_reg_1561">
<pin_list>
<pin id="1562" dir="0" index="0" bw="32" slack="19"/>
<pin id="1563" dir="1" index="1" bw="32" slack="19"/>
</pin_list>
<bind>
<opset="m_41 "/>
</bind>
</comp>

<comp id="1569" class="1005" name="m_24_load_2_reg_1569">
<pin_list>
<pin id="1570" dir="0" index="0" bw="32" slack="14"/>
<pin id="1571" dir="1" index="1" bw="32" slack="14"/>
</pin_list>
<bind>
<opset="m_24_load_2 "/>
</bind>
</comp>

<comp id="1576" class="1005" name="m_24_load_reg_1576">
<pin_list>
<pin id="1577" dir="0" index="0" bw="32" slack="1"/>
<pin id="1578" dir="1" index="1" bw="32" slack="1"/>
</pin_list>
<bind>
<opset="m_24_load "/>
</bind>
</comp>

<comp id="1581" class="1005" name="m_18_add_reg_1581">
<pin_list>
<pin id="1582" dir="0" index="0" bw="32" slack="1"/>
<pin id="1583" dir="1" index="1" bw="32" slack="1"/>
</pin_list>
<bind>
<opset="m_18_add "/>
</bind>
</comp>

<comp id="1586" class="1005" name="m_17_load_1_reg_1586">
<pin_list>
<pin id="1587" dir="0" index="0" bw="32" slack="1"/>
<pin id="1588" dir="1" index="1" bw="32" slack="1"/>
</pin_list>
<bind>
<opset="m_17_load_1 "/>
</bind>
</comp>

<comp id="1593" class="1005" name="tmp_30_reg_1593">
<pin_list>
<pin id="1594" dir="0" index="0" bw="1" slack="1"/>
<pin id="1595" dir="1" index="1" bw="1" slack="1"/>
</pin_list>
<bind>
<opset="tmp_30 "/>
</bind>
</comp>

<comp id="1598" class="1005" name="m_30_reg_1598">
<pin_list>
<pin id="1599" dir="0" index="0" bw="32" slack="1"/>
<pin id="1600" dir="1" index="1" bw="32" slack="1"/>
</pin_list>
<bind>
<opset="m_30 "/>
</bind>
</comp>

<comp id="1605" class="1005" name="tmp_33_reg_1605">
<pin_list>
<pin id="1606" dir="0" index="0" bw="1" slack="1"/>
<pin id="1607" dir="1" index="1" bw="1" slack="1"/>
</pin_list>
<bind>
<opset="tmp_33 "/>
</bind>
</comp>

<comp id="1610" class="1005" name="m_34_reg_1610">
<pin_list>
<pin id="1611" dir="0" index="0" bw="32" slack="1"/>
<pin id="1612" dir="1" index="1" bw="32" slack="1"/>
</pin_list>
<bind>
<opset="m_34 "/>
</bind>
</comp>

<comp id="1617" class="1005" name="m_24_add_reg_1617">
<pin_list>
<pin id="1618" dir="0" index="0" bw="32" slack="1"/>
<pin id="1619" dir="1" index="1" bw="32" slack="1"/>
</pin_list>
<bind>
<opset="m_24_add "/>
</bind>
</comp>

<comp id="1622" class="1005" name="m_22_load_1_reg_1622">
<pin_list>
<pin id="1623" dir="0" index="0" bw="32" slack="1"/>
<pin id="1624" dir="1" index="1" bw="32" slack="1"/>
</pin_list>
<bind>
<opset="m_22_load_1 "/>
</bind>
</comp>

<comp id="1629" class="1005" name="m_28_load_1_reg_1629">
<pin_list>
<pin id="1630" dir="0" index="0" bw="32" slack="14"/>
<pin id="1631" dir="1" index="1" bw="32" slack="14"/>
</pin_list>
<bind>
<opset="m_28_load_1 "/>
</bind>
</comp>

<comp id="1636" class="1005" name="tmp_36_reg_1636">
<pin_list>
<pin id="1637" dir="0" index="0" bw="1" slack="1"/>
<pin id="1638" dir="1" index="1" bw="1" slack="1"/>
</pin_list>
<bind>
<opset="tmp_36 "/>
</bind>
</comp>

<comp id="1641" class="1005" name="m_28_load_2_reg_1641">
<pin_list>
<pin id="1642" dir="0" index="0" bw="32" slack="1"/>
<pin id="1643" dir="1" index="1" bw="32" slack="1"/>
</pin_list>
<bind>
<opset="m_28_load_2 "/>
</bind>
</comp>

<comp id="1646" class="1005" name="m_35_reg_1646">
<pin_list>
<pin id="1647" dir="0" index="0" bw="32" slack="1"/>
<pin id="1648" dir="1" index="1" bw="32" slack="1"/>
</pin_list>
<bind>
<opset="m_35 "/>
</bind>
</comp>

<comp id="1653" class="1005" name="tmp_39_reg_1653">
<pin_list>
<pin id="1654" dir="0" index="0" bw="1" slack="1"/>
<pin id="1655" dir="1" index="1" bw="1" slack="1"/>
</pin_list>
<bind>
<opset="tmp_39 "/>
</bind>
</comp>

<comp id="1658" class="1005" name="m_36_reg_1658">
<pin_list>
<pin id="1659" dir="0" index="0" bw="32" slack="1"/>
<pin id="1660" dir="1" index="1" bw="32" slack="1"/>
</pin_list>
<bind>
<opset="m_36 "/>
</bind>
</comp>

<comp id="1665" class="1005" name="tmp_42_reg_1665">
<pin_list>
<pin id="1666" dir="0" index="0" bw="1" slack="1"/>
<pin id="1667" dir="1" index="1" bw="1" slack="1"/>
</pin_list>
<bind>
<opset="tmp_42 "/>
</bind>
</comp>

<comp id="1670" class="1005" name="m_38_reg_1670">
<pin_list>
<pin id="1671" dir="0" index="0" bw="32" slack="1"/>
<pin id="1672" dir="1" index="1" bw="32" slack="1"/>
</pin_list>
<bind>
<opset="m_38 "/>
</bind>
</comp>

<comp id="1677" class="1005" name="m_30_add_reg_1677">
<pin_list>
<pin id="1678" dir="0" index="0" bw="32" slack="1"/>
<pin id="1679" dir="1" index="1" bw="32" slack="1"/>
</pin_list>
<bind>
<opset="m_30_add "/>
</bind>
</comp>

<comp id="1682" class="1005" name="m_load_2_reg_1682">
<pin_list>
<pin id="1683" dir="0" index="0" bw="32" slack="1"/>
<pin id="1684" dir="1" index="1" bw="32" slack="1"/>
</pin_list>
<bind>
<opset="m_load_2 "/>
</bind>
</comp>

<comp id="1689" class="1005" name="tmp_45_reg_1689">
<pin_list>
<pin id="1690" dir="0" index="0" bw="1" slack="1"/>
<pin id="1691" dir="1" index="1" bw="1" slack="1"/>
</pin_list>
<bind>
<opset="tmp_45 "/>
</bind>
</comp>

<comp id="1694" class="1005" name="m_39_reg_1694">
<pin_list>
<pin id="1695" dir="0" index="0" bw="32" slack="1"/>
<pin id="1696" dir="1" index="1" bw="32" slack="1"/>
</pin_list>
<bind>
<opset="m_39 "/>
</bind>
</comp>

<comp id="1701" class="1005" name="tmp_48_reg_1701">
<pin_list>
<pin id="1702" dir="0" index="0" bw="1" slack="1"/>
<pin id="1703" dir="1" index="1" bw="1" slack="1"/>
</pin_list>
<bind>
<opset="tmp_48 "/>
</bind>
</comp>

<comp id="1706" class="1005" name="m_40_reg_1706">
<pin_list>
<pin id="1707" dir="0" index="0" bw="32" slack="1"/>
<pin id="1708" dir="1" index="1" bw="32" slack="1"/>
</pin_list>
<bind>
<opset="m_40 "/>
</bind>
</comp>

<comp id="1713" class="1005" name="tmp_51_reg_1713">
<pin_list>
<pin id="1714" dir="0" index="0" bw="1" slack="1"/>
<pin id="1715" dir="1" index="1" bw="1" slack="1"/>
</pin_list>
<bind>
<opset="tmp_51 "/>
</bind>
</comp>

<comp id="1718" class="1005" name="m_42_reg_1718">
<pin_list>
<pin id="1719" dir="0" index="0" bw="32" slack="1"/>
<pin id="1720" dir="1" index="1" bw="32" slack="1"/>
</pin_list>
<bind>
<opset="m_42 "/>
</bind>
</comp>

</comp_list>

<net_list>
<net id="129"><net_src comp="34" pin="0"/><net_sink comp="126" pin=0"/></net>

<net id="133"><net_src comp="34" pin="0"/><net_sink comp="130" pin=0"/></net>

<net id="137"><net_src comp="34" pin="0"/><net_sink comp="134" pin=0"/></net>

<net id="141"><net_src comp="34" pin="0"/><net_sink comp="138" pin=0"/></net>

<net id="145"><net_src comp="34" pin="0"/><net_sink comp="142" pin=0"/></net>

<net id="149"><net_src comp="34" pin="0"/><net_sink comp="146" pin=0"/></net>

<net id="153"><net_src comp="34" pin="0"/><net_sink comp="150" pin=0"/></net>

<net id="157"><net_src comp="34" pin="0"/><net_sink comp="154" pin=0"/></net>

<net id="161"><net_src comp="34" pin="0"/><net_sink comp="158" pin=0"/></net>

<net id="166"><net_src comp="52" pin="0"/><net_sink comp="162" pin=0"/></net>

<net id="167"><net_src comp="14" pin="0"/><net_sink comp="162" pin=1"/></net>

<net id="172"><net_src comp="54" pin="0"/><net_sink comp="168" pin=0"/></net>

<net id="173"><net_src comp="10" pin="0"/><net_sink comp="168" pin=1"/></net>

<net id="178"><net_src comp="54" pin="0"/><net_sink comp="174" pin=0"/></net>

<net id="179"><net_src comp="8" pin="0"/><net_sink comp="174" pin=1"/></net>

<net id="184"><net_src comp="54" pin="0"/><net_sink comp="180" pin=0"/></net>

<net id="185"><net_src comp="6" pin="0"/><net_sink comp="180" pin=1"/></net>

<net id="190"><net_src comp="54" pin="0"/><net_sink comp="186" pin=0"/></net>

<net id="191"><net_src comp="4" pin="0"/><net_sink comp="186" pin=1"/></net>

<net id="196"><net_src comp="54" pin="0"/><net_sink comp="192" pin=0"/></net>

<net id="197"><net_src comp="2" pin="0"/><net_sink comp="192" pin=1"/></net>

<net id="202"><net_src comp="54" pin="0"/><net_sink comp="198" pin=0"/></net>

<net id="203"><net_src comp="0" pin="0"/><net_sink comp="198" pin=1"/></net>

<net id="209"><net_src comp="124" pin="0"/><net_sink comp="204" pin=0"/></net>

<net id="210"><net_src comp="16" pin="0"/><net_sink comp="204" pin=1"/></net>

<net id="216"><net_src comp="124" pin="0"/><net_sink comp="211" pin=0"/></net>

<net id="217"><net_src comp="18" pin="0"/><net_sink comp="211" pin=1"/></net>

<net id="223"><net_src comp="124" pin="0"/><net_sink comp="218" pin=0"/></net>

<net id="224"><net_src comp="20" pin="0"/><net_sink comp="218" pin=1"/></net>

<net id="230"><net_src comp="124" pin="0"/><net_sink comp="225" pin=0"/></net>

<net id="231"><net_src comp="22" pin="0"/><net_sink comp="225" pin=1"/></net>

<net id="237"><net_src comp="124" pin="0"/><net_sink comp="232" pin=0"/></net>

<net id="238"><net_src comp="24" pin="0"/><net_sink comp="232" pin=1"/></net>

<net id="244"><net_src comp="124" pin="0"/><net_sink comp="239" pin=0"/></net>

<net id="245"><net_src comp="26" pin="0"/><net_sink comp="239" pin=1"/></net>

<net id="251"><net_src comp="28" pin="0"/><net_sink comp="246" pin=0"/></net>

<net id="252"><net_src comp="76" pin="0"/><net_sink comp="246" pin=1"/></net>

<net id="262"><net_src comp="246" pin="3"/><net_sink comp="253" pin=2"/></net>

<net id="268"><net_src comp="32" pin="0"/><net_sink comp="263" pin=0"/></net>

<net id="269"><net_src comp="76" pin="0"/><net_sink comp="263" pin=1"/></net>

<net id="279"><net_src comp="263" pin="3"/><net_sink comp="270" pin=2"/></net>

<net id="285"><net_src comp="30" pin="0"/><net_sink comp="280" pin=0"/></net>

<net id="286"><net_src comp="76" pin="0"/><net_sink comp="280" pin=1"/></net>

<net id="292"><net_src comp="280" pin="3"/><net_sink comp="287" pin=0"/></net>

<net id="293"><net_src comp="270" pin="7"/><net_sink comp="253" pin=1"/></net>

<net id="294"><net_src comp="287" pin="3"/><net_sink comp="270" pin=1"/></net>

<net id="300"><net_src comp="104" pin="0"/><net_sink comp="295" pin=0"/></net>

<net id="307"><net_src comp="118" pin="0"/><net_sink comp="301" pin=0"/></net>

<net id="308"><net_src comp="120" pin="0"/><net_sink comp="301" pin=3"/></net>

<net id="313"><net_src comp="122" pin="0"/><net_sink comp="309" pin=0"/></net>

<net id="318"><net_src comp="102" pin="0"/><net_sink comp="314" pin=1"/></net>

<net id="323"><net_src comp="102" pin="0"/><net_sink comp="319" pin=1"/></net>

<net id="328"><net_src comp="102" pin="0"/><net_sink comp="324" pin=1"/></net>

<net id="365"><net_src comp="56" pin="0"/><net_sink comp="361" pin=0"/></net>

<net id="370"><net_src comp="58" pin="0"/><net_sink comp="366" pin=0"/></net>

<net id="375"><net_src comp="58" pin="0"/><net_sink comp="371" pin=0"/></net>

<net id="380"><net_src comp="198" pin="2"/><net_sink comp="376" pin=0"/></net>

<net id="385"><net_src comp="192" pin="2"/><net_sink comp="381" pin=0"/></net>

<net id="390"><net_src comp="186" pin="2"/><net_sink comp="386" pin=0"/></net>

<net id="395"><net_src comp="180" pin="2"/><net_sink comp="391" pin=0"/></net>

<net id="400"><net_src comp="174" pin="2"/><net_sink comp="396" pin=0"/></net>

<net id="405"><net_src comp="168" pin="2"/><net_sink comp="401" pin=0"/></net>

<net id="413"><net_src comp="406" pin="1"/><net_sink comp="409" pin=0"/></net>

<net id="414"><net_src comp="62" pin="0"/><net_sink comp="409" pin=1"/></net>

<net id="419"><net_src comp="406" pin="1"/><net_sink comp="415" pin=0"/></net>

<net id="420"><net_src comp="64" pin="0"/><net_sink comp="415" pin=1"/></net>

<net id="425"><net_src comp="415" pin="2"/><net_sink comp="421" pin=0"/></net>

<net id="436"><net_src comp="429" pin="1"/><net_sink comp="432" pin=0"/></net>

<net id="437"><net_src comp="66" pin="0"/><net_sink comp="432" pin=1"/></net>

<net id="442"><net_src comp="426" pin="1"/><net_sink comp="438" pin=0"/></net>

<net id="443"><net_src comp="68" pin="0"/><net_sink comp="438" pin=1"/></net>

<net id="449"><net_src comp="438" pin="2"/><net_sink comp="444" pin=0"/></net>

<net id="450"><net_src comp="58" pin="0"/><net_sink comp="444" pin=1"/></net>

<net id="451"><net_src comp="426" pin="1"/><net_sink comp="444" pin=2"/></net>

<net id="457"><net_src comp="438" pin="2"/><net_sink comp="452" pin=0"/></net>

<net id="458"><net_src comp="432" pin="2"/><net_sink comp="452" pin=1"/></net>

<net id="459"><net_src comp="429" pin="1"/><net_sink comp="452" pin=2"/></net>

<net id="463"><net_src comp="452" pin="3"/><net_sink comp="460" pin=0"/></net>

<net id="468"><net_src comp="444" pin="3"/><net_sink comp="464" pin=0"/></net>

<net id="469"><net_src comp="58" pin="0"/><net_sink comp="464" pin=1"/></net>

<net id="476"><net_src comp="70" pin="0"/><net_sink comp="470" pin=0"/></net>

<net id="477"><net_src comp="452" pin="3"/><net_sink comp="470" pin=1"/></net>

<net id="478"><net_src comp="34" pin="0"/><net_sink comp="470" pin=2"/></net>

<net id="479"><net_src comp="72" pin="0"/><net_sink comp="470" pin=3"/></net>

<net id="484"><net_src comp="470" pin="4"/><net_sink comp="480" pin=0"/></net>

<net id="485"><net_src comp="74" pin="0"/><net_sink comp="480" pin=1"/></net>

<net id="489"><net_src comp="444" pin="3"/><net_sink comp="486" pin=0"/></net>

<net id="490"><net_src comp="486" pin="1"/><net_sink comp="246" pin=2"/></net>

<net id="491"><net_src comp="486" pin="1"/><net_sink comp="263" pin=2"/></net>

<net id="498"><net_src comp="70" pin="0"/><net_sink comp="492" pin=0"/></net>

<net id="499"><net_src comp="444" pin="3"/><net_sink comp="492" pin=1"/></net>

<net id="500"><net_src comp="34" pin="0"/><net_sink comp="492" pin=2"/></net>

<net id="501"><net_src comp="72" pin="0"/><net_sink comp="492" pin=3"/></net>

<net id="506"><net_src comp="492" pin="4"/><net_sink comp="502" pin=0"/></net>

<net id="507"><net_src comp="74" pin="0"/><net_sink comp="502" pin=1"/></net>

<net id="512"><net_src comp="480" pin="2"/><net_sink comp="508" pin=0"/></net>

<net id="513"><net_src comp="502" pin="2"/><net_sink comp="508" pin=1"/></net>

<net id="518"><net_src comp="444" pin="3"/><net_sink comp="514" pin=0"/></net>

<net id="519"><net_src comp="66" pin="0"/><net_sink comp="514" pin=1"/></net>

<net id="524"><net_src comp="452" pin="3"/><net_sink comp="520" pin=0"/></net>

<net id="529"><net_src comp="514" pin="2"/><net_sink comp="525" pin=0"/></net>

<net id="535"><net_src comp="86" pin="0"/><net_sink comp="530" pin=0"/></net>

<net id="536"><net_src comp="88" pin="0"/><net_sink comp="530" pin=2"/></net>

<net id="540"><net_src comp="530" pin="3"/><net_sink comp="537" pin=0"/></net>

<net id="545"><net_src comp="537" pin="1"/><net_sink comp="541" pin=0"/></net>

<net id="546"><net_src comp="90" pin="0"/><net_sink comp="541" pin=1"/></net>

<net id="550"><net_src comp="541" pin="2"/><net_sink comp="547" pin=0"/></net>

<net id="555"><net_src comp="547" pin="1"/><net_sink comp="551" pin=0"/></net>

<net id="561"><net_src comp="92" pin="0"/><net_sink comp="556" pin=1"/></net>

<net id="562"><net_src comp="76" pin="0"/><net_sink comp="556" pin=2"/></net>

<net id="569"><net_src comp="94" pin="0"/><net_sink comp="563" pin=0"/></net>

<net id="570"><net_src comp="551" pin="2"/><net_sink comp="563" pin=1"/></net>

<net id="571"><net_src comp="96" pin="0"/><net_sink comp="563" pin=2"/></net>

<net id="572"><net_src comp="98" pin="0"/><net_sink comp="563" pin=3"/></net>

<net id="576"><net_src comp="563" pin="4"/><net_sink comp="573" pin=0"/></net>

<net id="581"><net_src comp="12" pin="0"/><net_sink comp="577" pin=0"/></net>

<net id="582"><net_src comp="573" pin="1"/><net_sink comp="577" pin=1"/></net>

<net id="588"><net_src comp="100" pin="0"/><net_sink comp="583" pin=0"/></net>

<net id="589"><net_src comp="74" pin="0"/><net_sink comp="583" pin=2"/></net>

<net id="597"><net_src comp="583" pin="3"/><net_sink comp="593" pin=0"/></net>

<net id="598"><net_src comp="590" pin="1"/><net_sink comp="593" pin=1"/></net>

<net id="602"><net_src comp="593" pin="2"/><net_sink comp="599" pin=0"/></net>

<net id="603"><net_src comp="599" pin="1"/><net_sink comp="280" pin=2"/></net>

<net id="611"><net_src comp="68" pin="0"/><net_sink comp="607" pin=1"/></net>

<net id="615"><net_src comp="612" pin="1"/><net_sink comp="314" pin=0"/></net>

<net id="620"><net_src comp="253" pin="7"/><net_sink comp="616" pin=0"/></net>

<net id="627"><net_src comp="624" pin="1"/><net_sink comp="319" pin=0"/></net>

<net id="635"><net_src comp="632" pin="1"/><net_sink comp="329" pin=1"/></net>

<net id="649"><net_src comp="108" pin="0"/><net_sink comp="643" pin=0"/></net>

<net id="650"><net_src comp="640" pin="1"/><net_sink comp="643" pin=1"/></net>

<net id="651"><net_src comp="110" pin="0"/><net_sink comp="643" pin=2"/></net>

<net id="652"><net_src comp="112" pin="0"/><net_sink comp="643" pin=3"/></net>

<net id="656"><net_src comp="640" pin="1"/><net_sink comp="653" pin=0"/></net>

<net id="666"><net_src comp="108" pin="0"/><net_sink comp="660" pin=0"/></net>

<net id="667"><net_src comp="657" pin="1"/><net_sink comp="660" pin=1"/></net>

<net id="668"><net_src comp="110" pin="0"/><net_sink comp="660" pin=2"/></net>

<net id="669"><net_src comp="112" pin="0"/><net_sink comp="660" pin=3"/></net>

<net id="673"><net_src comp="657" pin="1"/><net_sink comp="670" pin=0"/></net>

<net id="678"><net_src comp="643" pin="4"/><net_sink comp="674" pin=0"/></net>

<net id="679"><net_src comp="114" pin="0"/><net_sink comp="674" pin=1"/></net>

<net id="684"><net_src comp="653" pin="1"/><net_sink comp="680" pin=0"/></net>

<net id="685"><net_src comp="116" pin="0"/><net_sink comp="680" pin=1"/></net>

<net id="690"><net_src comp="680" pin="2"/><net_sink comp="686" pin=0"/></net>

<net id="691"><net_src comp="674" pin="2"/><net_sink comp="686" pin=1"/></net>

<net id="696"><net_src comp="660" pin="4"/><net_sink comp="692" pin=0"/></net>

<net id="697"><net_src comp="114" pin="0"/><net_sink comp="692" pin=1"/></net>

<net id="702"><net_src comp="670" pin="1"/><net_sink comp="698" pin=0"/></net>

<net id="703"><net_src comp="116" pin="0"/><net_sink comp="698" pin=1"/></net>

<net id="708"><net_src comp="698" pin="2"/><net_sink comp="704" pin=0"/></net>

<net id="709"><net_src comp="692" pin="2"/><net_sink comp="704" pin=1"/></net>

<net id="714"><net_src comp="686" pin="2"/><net_sink comp="710" pin=0"/></net>

<net id="715"><net_src comp="704" pin="2"/><net_sink comp="710" pin=1"/></net>

<net id="720"><net_src comp="710" pin="2"/><net_sink comp="716" pin=0"/></net>

<net id="726"><net_src comp="716" pin="2"/><net_sink comp="721" pin=0"/></net>

<net id="736"><net_src comp="108" pin="0"/><net_sink comp="730" pin=0"/></net>

<net id="737"><net_src comp="727" pin="1"/><net_sink comp="730" pin=1"/></net>

<net id="738"><net_src comp="110" pin="0"/><net_sink comp="730" pin=2"/></net>

<net id="739"><net_src comp="112" pin="0"/><net_sink comp="730" pin=3"/></net>

<net id="743"><net_src comp="727" pin="1"/><net_sink comp="740" pin=0"/></net>

<net id="753"><net_src comp="108" pin="0"/><net_sink comp="747" pin=0"/></net>

<net id="754"><net_src comp="744" pin="1"/><net_sink comp="747" pin=1"/></net>

<net id="755"><net_src comp="110" pin="0"/><net_sink comp="747" pin=2"/></net>

<net id="756"><net_src comp="112" pin="0"/><net_sink comp="747" pin=3"/></net>

<net id="760"><net_src comp="744" pin="1"/><net_sink comp="757" pin=0"/></net>

<net id="765"><net_src comp="730" pin="4"/><net_sink comp="761" pin=0"/></net>

<net id="766"><net_src comp="114" pin="0"/><net_sink comp="761" pin=1"/></net>

<net id="771"><net_src comp="740" pin="1"/><net_sink comp="767" pin=0"/></net>

<net id="772"><net_src comp="116" pin="0"/><net_sink comp="767" pin=1"/></net>

<net id="777"><net_src comp="767" pin="2"/><net_sink comp="773" pin=0"/></net>

<net id="778"><net_src comp="761" pin="2"/><net_sink comp="773" pin=1"/></net>

<net id="783"><net_src comp="747" pin="4"/><net_sink comp="779" pin=0"/></net>

<net id="784"><net_src comp="114" pin="0"/><net_sink comp="779" pin=1"/></net>

<net id="789"><net_src comp="757" pin="1"/><net_sink comp="785" pin=0"/></net>

<net id="790"><net_src comp="116" pin="0"/><net_sink comp="785" pin=1"/></net>

<net id="795"><net_src comp="785" pin="2"/><net_sink comp="791" pin=0"/></net>

<net id="796"><net_src comp="779" pin="2"/><net_sink comp="791" pin=1"/></net>

<net id="801"><net_src comp="773" pin="2"/><net_sink comp="797" pin=0"/></net>

<net id="802"><net_src comp="791" pin="2"/><net_sink comp="797" pin=1"/></net>

<net id="807"><net_src comp="797" pin="2"/><net_sink comp="803" pin=0"/></net>

<net id="813"><net_src comp="803" pin="2"/><net_sink comp="808" pin=0"/></net>

<net id="817"><net_src comp="814" pin="1"/><net_sink comp="337" pin=0"/></net>

<net id="828"><net_src comp="825" pin="1"/><net_sink comp="324" pin=0"/></net>

<net id="842"><net_src comp="108" pin="0"/><net_sink comp="836" pin=0"/></net>

<net id="843"><net_src comp="833" pin="1"/><net_sink comp="836" pin=1"/></net>

<net id="844"><net_src comp="110" pin="0"/><net_sink comp="836" pin=2"/></net>

<net id="845"><net_src comp="112" pin="0"/><net_sink comp="836" pin=3"/></net>

<net id="849"><net_src comp="833" pin="1"/><net_sink comp="846" pin=0"/></net>

<net id="859"><net_src comp="108" pin="0"/><net_sink comp="853" pin=0"/></net>

<net id="860"><net_src comp="850" pin="1"/><net_sink comp="853" pin=1"/></net>

<net id="861"><net_src comp="110" pin="0"/><net_sink comp="853" pin=2"/></net>

<net id="862"><net_src comp="112" pin="0"/><net_sink comp="853" pin=3"/></net>

<net id="866"><net_src comp="850" pin="1"/><net_sink comp="863" pin=0"/></net>

<net id="871"><net_src comp="836" pin="4"/><net_sink comp="867" pin=0"/></net>

<net id="872"><net_src comp="114" pin="0"/><net_sink comp="867" pin=1"/></net>

<net id="877"><net_src comp="846" pin="1"/><net_sink comp="873" pin=0"/></net>

<net id="878"><net_src comp="116" pin="0"/><net_sink comp="873" pin=1"/></net>

<net id="883"><net_src comp="873" pin="2"/><net_sink comp="879" pin=0"/></net>

<net id="884"><net_src comp="867" pin="2"/><net_sink comp="879" pin=1"/></net>

<net id="889"><net_src comp="853" pin="4"/><net_sink comp="885" pin=0"/></net>

<net id="890"><net_src comp="114" pin="0"/><net_sink comp="885" pin=1"/></net>

<net id="895"><net_src comp="863" pin="1"/><net_sink comp="891" pin=0"/></net>

<net id="896"><net_src comp="116" pin="0"/><net_sink comp="891" pin=1"/></net>

<net id="901"><net_src comp="891" pin="2"/><net_sink comp="897" pin=0"/></net>

<net id="902"><net_src comp="885" pin="2"/><net_sink comp="897" pin=1"/></net>

<net id="907"><net_src comp="879" pin="2"/><net_sink comp="903" pin=0"/></net>

<net id="908"><net_src comp="897" pin="2"/><net_sink comp="903" pin=1"/></net>

<net id="913"><net_src comp="903" pin="2"/><net_sink comp="909" pin=0"/></net>

<net id="919"><net_src comp="909" pin="2"/><net_sink comp="914" pin=0"/></net>

<net id="929"><net_src comp="108" pin="0"/><net_sink comp="923" pin=0"/></net>

<net id="930"><net_src comp="920" pin="1"/><net_sink comp="923" pin=1"/></net>

<net id="931"><net_src comp="110" pin="0"/><net_sink comp="923" pin=2"/></net>

<net id="932"><net_src comp="112" pin="0"/><net_sink comp="923" pin=3"/></net>

<net id="936"><net_src comp="920" pin="1"/><net_sink comp="933" pin=0"/></net>

<net id="946"><net_src comp="108" pin="0"/><net_sink comp="940" pin=0"/></net>

<net id="947"><net_src comp="937" pin="1"/><net_sink comp="940" pin=1"/></net>

<net id="948"><net_src comp="110" pin="0"/><net_sink comp="940" pin=2"/></net>

<net id="949"><net_src comp="112" pin="0"/><net_sink comp="940" pin=3"/></net>

<net id="953"><net_src comp="937" pin="1"/><net_sink comp="950" pin=0"/></net>

<net id="958"><net_src comp="923" pin="4"/><net_sink comp="954" pin=0"/></net>

<net id="959"><net_src comp="114" pin="0"/><net_sink comp="954" pin=1"/></net>

<net id="964"><net_src comp="933" pin="1"/><net_sink comp="960" pin=0"/></net>

<net id="965"><net_src comp="116" pin="0"/><net_sink comp="960" pin=1"/></net>

<net id="970"><net_src comp="960" pin="2"/><net_sink comp="966" pin=0"/></net>

<net id="971"><net_src comp="954" pin="2"/><net_sink comp="966" pin=1"/></net>

<net id="976"><net_src comp="940" pin="4"/><net_sink comp="972" pin=0"/></net>

<net id="977"><net_src comp="114" pin="0"/><net_sink comp="972" pin=1"/></net>

<net id="982"><net_src comp="950" pin="1"/><net_sink comp="978" pin=0"/></net>

<net id="983"><net_src comp="116" pin="0"/><net_sink comp="978" pin=1"/></net>

<net id="988"><net_src comp="978" pin="2"/><net_sink comp="984" pin=0"/></net>

<net id="989"><net_src comp="972" pin="2"/><net_sink comp="984" pin=1"/></net>

<net id="994"><net_src comp="966" pin="2"/><net_sink comp="990" pin=0"/></net>

<net id="995"><net_src comp="984" pin="2"/><net_sink comp="990" pin=1"/></net>

<net id="1000"><net_src comp="990" pin="2"/><net_sink comp="996" pin=0"/></net>

<net id="1006"><net_src comp="996" pin="2"/><net_sink comp="1001" pin=0"/></net>

<net id="1016"><net_src comp="108" pin="0"/><net_sink comp="1010" pin=0"/></net>

<net id="1017"><net_src comp="1007" pin="1"/><net_sink comp="1010" pin=1"/></net>

<net id="1018"><net_src comp="110" pin="0"/><net_sink comp="1010" pin=2"/></net>

<net id="1019"><net_src comp="112" pin="0"/><net_sink comp="1010" pin=3"/></net>

<net id="1023"><net_src comp="1007" pin="1"/><net_sink comp="1020" pin=0"/></net>

<net id="1033"><net_src comp="108" pin="0"/><net_sink comp="1027" pin=0"/></net>

<net id="1034"><net_src comp="1024" pin="1"/><net_sink comp="1027" pin=1"/></net>

<net id="1035"><net_src comp="110" pin="0"/><net_sink comp="1027" pin=2"/></net>

<net id="1036"><net_src comp="112" pin="0"/><net_sink comp="1027" pin=3"/></net>

<net id="1040"><net_src comp="1024" pin="1"/><net_sink comp="1037" pin=0"/></net>

<net id="1045"><net_src comp="1010" pin="4"/><net_sink comp="1041" pin=0"/></net>

<net id="1046"><net_src comp="114" pin="0"/><net_sink comp="1041" pin=1"/></net>

<net id="1051"><net_src comp="1020" pin="1"/><net_sink comp="1047" pin=0"/></net>

<net id="1052"><net_src comp="116" pin="0"/><net_sink comp="1047" pin=1"/></net>

<net id="1057"><net_src comp="1047" pin="2"/><net_sink comp="1053" pin=0"/></net>

<net id="1058"><net_src comp="1041" pin="2"/><net_sink comp="1053" pin=1"/></net>

<net id="1063"><net_src comp="1027" pin="4"/><net_sink comp="1059" pin=0"/></net>

<net id="1064"><net_src comp="114" pin="0"/><net_sink comp="1059" pin=1"/></net>

<net id="1069"><net_src comp="1037" pin="1"/><net_sink comp="1065" pin=0"/></net>

<net id="1070"><net_src comp="116" pin="0"/><net_sink comp="1065" pin=1"/></net>

<net id="1075"><net_src comp="1065" pin="2"/><net_sink comp="1071" pin=0"/></net>

<net id="1076"><net_src comp="1059" pin="2"/><net_sink comp="1071" pin=1"/></net>

<net id="1081"><net_src comp="1053" pin="2"/><net_sink comp="1077" pin=0"/></net>

<net id="1082"><net_src comp="1071" pin="2"/><net_sink comp="1077" pin=1"/></net>

<net id="1087"><net_src comp="1077" pin="2"/><net_sink comp="1083" pin=0"/></net>

<net id="1093"><net_src comp="1083" pin="2"/><net_sink comp="1088" pin=0"/></net>

<net id="1097"><net_src comp="1094" pin="1"/><net_sink comp="349" pin=0"/></net>

<net id="1111"><net_src comp="108" pin="0"/><net_sink comp="1105" pin=0"/></net>

<net id="1112"><net_src comp="1102" pin="1"/><net_sink comp="1105" pin=1"/></net>

<net id="1113"><net_src comp="110" pin="0"/><net_sink comp="1105" pin=2"/></net>

<net id="1114"><net_src comp="112" pin="0"/><net_sink comp="1105" pin=3"/></net>

<net id="1118"><net_src comp="1102" pin="1"/><net_sink comp="1115" pin=0"/></net>

<net id="1128"><net_src comp="108" pin="0"/><net_sink comp="1122" pin=0"/></net>

<net id="1129"><net_src comp="1119" pin="1"/><net_sink comp="1122" pin=1"/></net>

<net id="1130"><net_src comp="110" pin="0"/><net_sink comp="1122" pin=2"/></net>

<net id="1131"><net_src comp="112" pin="0"/><net_sink comp="1122" pin=3"/></net>

<net id="1135"><net_src comp="1119" pin="1"/><net_sink comp="1132" pin=0"/></net>

<net id="1140"><net_src comp="1105" pin="4"/><net_sink comp="1136" pin=0"/></net>

<net id="1141"><net_src comp="114" pin="0"/><net_sink comp="1136" pin=1"/></net>

<net id="1146"><net_src comp="1115" pin="1"/><net_sink comp="1142" pin=0"/></net>

<net id="1147"><net_src comp="116" pin="0"/><net_sink comp="1142" pin=1"/></net>

<net id="1152"><net_src comp="1142" pin="2"/><net_sink comp="1148" pin=0"/></net>

<net id="1153"><net_src comp="1136" pin="2"/><net_sink comp="1148" pin=1"/></net>

<net id="1158"><net_src comp="1122" pin="4"/><net_sink comp="1154" pin=0"/></net>

<net id="1159"><net_src comp="114" pin="0"/><net_sink comp="1154" pin=1"/></net>

<net id="1164"><net_src comp="1132" pin="1"/><net_sink comp="1160" pin=0"/></net>

<net id="1165"><net_src comp="116" pin="0"/><net_sink comp="1160" pin=1"/></net>

<net id="1170"><net_src comp="1160" pin="2"/><net_sink comp="1166" pin=0"/></net>

<net id="1171"><net_src comp="1154" pin="2"/><net_sink comp="1166" pin=1"/></net>

<net id="1176"><net_src comp="1148" pin="2"/><net_sink comp="1172" pin=0"/></net>

<net id="1177"><net_src comp="1166" pin="2"/><net_sink comp="1172" pin=1"/></net>

<net id="1182"><net_src comp="1172" pin="2"/><net_sink comp="1178" pin=0"/></net>

<net id="1188"><net_src comp="1178" pin="2"/><net_sink comp="1183" pin=0"/></net>

<net id="1198"><net_src comp="108" pin="0"/><net_sink comp="1192" pin=0"/></net>

<net id="1199"><net_src comp="1189" pin="1"/><net_sink comp="1192" pin=1"/></net>

<net id="1200"><net_src comp="110" pin="0"/><net_sink comp="1192" pin=2"/></net>

<net id="1201"><net_src comp="112" pin="0"/><net_sink comp="1192" pin=3"/></net>

<net id="1205"><net_src comp="1189" pin="1"/><net_sink comp="1202" pin=0"/></net>

<net id="1215"><net_src comp="108" pin="0"/><net_sink comp="1209" pin=0"/></net>

<net id="1216"><net_src comp="1206" pin="1"/><net_sink comp="1209" pin=1"/></net>

<net id="1217"><net_src comp="110" pin="0"/><net_sink comp="1209" pin=2"/></net>

<net id="1218"><net_src comp="112" pin="0"/><net_sink comp="1209" pin=3"/></net>

<net id="1222"><net_src comp="1206" pin="1"/><net_sink comp="1219" pin=0"/></net>

<net id="1227"><net_src comp="1192" pin="4"/><net_sink comp="1223" pin=0"/></net>

<net id="1228"><net_src comp="114" pin="0"/><net_sink comp="1223" pin=1"/></net>

<net id="1233"><net_src comp="1202" pin="1"/><net_sink comp="1229" pin=0"/></net>

<net id="1234"><net_src comp="116" pin="0"/><net_sink comp="1229" pin=1"/></net>

<net id="1239"><net_src comp="1229" pin="2"/><net_sink comp="1235" pin=0"/></net>

<net id="1240"><net_src comp="1223" pin="2"/><net_sink comp="1235" pin=1"/></net>

<net id="1245"><net_src comp="1209" pin="4"/><net_sink comp="1241" pin=0"/></net>

<net id="1246"><net_src comp="114" pin="0"/><net_sink comp="1241" pin=1"/></net>

<net id="1251"><net_src comp="1219" pin="1"/><net_sink comp="1247" pin=0"/></net>

<net id="1252"><net_src comp="116" pin="0"/><net_sink comp="1247" pin=1"/></net>

<net id="1257"><net_src comp="1247" pin="2"/><net_sink comp="1253" pin=0"/></net>

<net id="1258"><net_src comp="1241" pin="2"/><net_sink comp="1253" pin=1"/></net>

<net id="1263"><net_src comp="1235" pin="2"/><net_sink comp="1259" pin=0"/></net>

<net id="1264"><net_src comp="1253" pin="2"/><net_sink comp="1259" pin=1"/></net>

<net id="1269"><net_src comp="1259" pin="2"/><net_sink comp="1265" pin=0"/></net>

<net id="1275"><net_src comp="1265" pin="2"/><net_sink comp="1270" pin=0"/></net>

<net id="1285"><net_src comp="108" pin="0"/><net_sink comp="1279" pin=0"/></net>

<net id="1286"><net_src comp="1276" pin="1"/><net_sink comp="1279" pin=1"/></net>

<net id="1287"><net_src comp="110" pin="0"/><net_sink comp="1279" pin=2"/></net>

<net id="1288"><net_src comp="112" pin="0"/><net_sink comp="1279" pin=3"/></net>

<net id="1292"><net_src comp="1276" pin="1"/><net_sink comp="1289" pin=0"/></net>

<net id="1302"><net_src comp="108" pin="0"/><net_sink comp="1296" pin=0"/></net>

<net id="1303"><net_src comp="1293" pin="1"/><net_sink comp="1296" pin=1"/></net>

<net id="1304"><net_src comp="110" pin="0"/><net_sink comp="1296" pin=2"/></net>

<net id="1305"><net_src comp="112" pin="0"/><net_sink comp="1296" pin=3"/></net>

<net id="1309"><net_src comp="1293" pin="1"/><net_sink comp="1306" pin=0"/></net>

<net id="1314"><net_src comp="1279" pin="4"/><net_sink comp="1310" pin=0"/></net>

<net id="1315"><net_src comp="114" pin="0"/><net_sink comp="1310" pin=1"/></net>

<net id="1320"><net_src comp="1289" pin="1"/><net_sink comp="1316" pin=0"/></net>

<net id="1321"><net_src comp="116" pin="0"/><net_sink comp="1316" pin=1"/></net>

<net id="1326"><net_src comp="1316" pin="2"/><net_sink comp="1322" pin=0"/></net>

<net id="1327"><net_src comp="1310" pin="2"/><net_sink comp="1322" pin=1"/></net>

<net id="1332"><net_src comp="1296" pin="4"/><net_sink comp="1328" pin=0"/></net>

<net id="1333"><net_src comp="114" pin="0"/><net_sink comp="1328" pin=1"/></net>

<net id="1338"><net_src comp="1306" pin="1"/><net_sink comp="1334" pin=0"/></net>

<net id="1339"><net_src comp="116" pin="0"/><net_sink comp="1334" pin=1"/></net>

<net id="1344"><net_src comp="1334" pin="2"/><net_sink comp="1340" pin=0"/></net>

<net id="1345"><net_src comp="1328" pin="2"/><net_sink comp="1340" pin=1"/></net>

<net id="1350"><net_src comp="1322" pin="2"/><net_sink comp="1346" pin=0"/></net>

<net id="1351"><net_src comp="1340" pin="2"/><net_sink comp="1346" pin=1"/></net>

<net id="1356"><net_src comp="1346" pin="2"/><net_sink comp="1352" pin=0"/></net>

<net id="1362"><net_src comp="1352" pin="2"/><net_sink comp="1357" pin=0"/></net>

<net id="1366"><net_src comp="1363" pin="1"/><net_sink comp="301" pin=2"/></net>

<net id="1370"><net_src comp="1367" pin="1"/><net_sink comp="239" pin=2"/></net>

<net id="1374"><net_src comp="1371" pin="1"/><net_sink comp="232" pin=2"/></net>

<net id="1378"><net_src comp="1375" pin="1"/><net_sink comp="225" pin=2"/></net>

<net id="1382"><net_src comp="1379" pin="1"/><net_sink comp="218" pin=2"/></net>

<net id="1386"><net_src comp="1383" pin="1"/><net_sink comp="211" pin=2"/></net>

<net id="1390"><net_src comp="1387" pin="1"/><net_sink comp="204" pin=2"/></net>

<net id="1394"><net_src comp="126" pin="1"/><net_sink comp="1391" pin=0"/></net>

<net id="1395"><net_src comp="1391" pin="1"/><net_sink comp="401" pin=1"/></net>

<net id="1396"><net_src comp="1391" pin="1"/><net_sink comp="632" pin=0"/></net>

<net id="1397"><net_src comp="1391" pin="1"/><net_sink comp="636" pin=1"/></net>

<net id="1398"><net_src comp="1391" pin="1"/><net_sink comp="1367" pin=0"/></net>

<net id="1402"><net_src comp="130" pin="1"/><net_sink comp="1399" pin=0"/></net>

<net id="1403"><net_src comp="1399" pin="1"/><net_sink comp="396" pin=1"/></net>

<net id="1404"><net_src comp="1399" pin="1"/><net_sink comp="604" pin=0"/></net>

<net id="1405"><net_src comp="1399" pin="1"/><net_sink comp="612" pin=0"/></net>

<net id="1406"><net_src comp="1399" pin="1"/><net_sink comp="616" pin=1"/></net>

<net id="1407"><net_src comp="1399" pin="1"/><net_sink comp="1371" pin=0"/></net>

<net id="1411"><net_src comp="134" pin="1"/><net_sink comp="1408" pin=0"/></net>

<net id="1412"><net_src comp="1408" pin="1"/><net_sink comp="391" pin=1"/></net>

<net id="1413"><net_src comp="1408" pin="1"/><net_sink comp="814" pin=0"/></net>

<net id="1414"><net_src comp="1408" pin="1"/><net_sink comp="818" pin=1"/></net>

<net id="1415"><net_src comp="1408" pin="1"/><net_sink comp="1375" pin=0"/></net>

<net id="1419"><net_src comp="138" pin="1"/><net_sink comp="1416" pin=0"/></net>

<net id="1420"><net_src comp="1416" pin="1"/><net_sink comp="386" pin=1"/></net>

<net id="1421"><net_src comp="1416" pin="1"/><net_sink comp="621" pin=0"/></net>

<net id="1422"><net_src comp="1416" pin="1"/><net_sink comp="624" pin=0"/></net>

<net id="1423"><net_src comp="1416" pin="1"/><net_sink comp="628" pin=1"/></net>

<net id="1424"><net_src comp="1416" pin="1"/><net_sink comp="1379" pin=0"/></net>

<net id="1428"><net_src comp="142" pin="1"/><net_sink comp="1425" pin=0"/></net>

<net id="1429"><net_src comp="1425" pin="1"/><net_sink comp="381" pin=1"/></net>

<net id="1430"><net_src comp="1425" pin="1"/><net_sink comp="1094" pin=0"/></net>

<net id="1431"><net_src comp="1425" pin="1"/><net_sink comp="1098" pin=1"/></net>

<net id="1432"><net_src comp="1425" pin="1"/><net_sink comp="1383" pin=0"/></net>

<net id="1436"><net_src comp="146" pin="1"/><net_sink comp="1433" pin=0"/></net>

<net id="1437"><net_src comp="1433" pin="1"/><net_sink comp="376" pin=1"/></net>

<net id="1438"><net_src comp="1433" pin="1"/><net_sink comp="822" pin=0"/></net>

<net id="1439"><net_src comp="1433" pin="1"/><net_sink comp="825" pin=0"/></net>

<net id="1440"><net_src comp="1433" pin="1"/><net_sink comp="829" pin=1"/></net>

<net id="1441"><net_src comp="1433" pin="1"/><net_sink comp="1387" pin=0"/></net>

<net id="1445"><net_src comp="150" pin="1"/><net_sink comp="1442" pin=0"/></net>

<net id="1446"><net_src comp="1442" pin="1"/><net_sink comp="371" pin=1"/></net>

<net id="1447"><net_src comp="1442" pin="1"/><net_sink comp="426" pin=0"/></net>

<net id="1448"><net_src comp="1442" pin="1"/><net_sink comp="525" pin=1"/></net>

<net id="1452"><net_src comp="154" pin="1"/><net_sink comp="1449" pin=0"/></net>

<net id="1453"><net_src comp="1449" pin="1"/><net_sink comp="366" pin=1"/></net>

<net id="1454"><net_src comp="1449" pin="1"/><net_sink comp="429" pin=0"/></net>

<net id="1455"><net_src comp="1449" pin="1"/><net_sink comp="520" pin=1"/></net>

<net id="1459"><net_src comp="158" pin="1"/><net_sink comp="1456" pin=0"/></net>

<net id="1460"><net_src comp="1456" pin="1"/><net_sink comp="361" pin=1"/></net>

<net id="1461"><net_src comp="1456" pin="1"/><net_sink comp="406" pin=0"/></net>

<net id="1462"><net_src comp="1456" pin="1"/><net_sink comp="421" pin=1"/></net>

<net id="1466"><net_src comp="162" pin="2"/><net_sink comp="1463" pin=0"/></net>

<net id="1467"><net_src comp="1463" pin="1"/><net_sink comp="551" pin=1"/></net>

<net id="1471"><net_src comp="409" pin="2"/><net_sink comp="1468" pin=0"/></net>

<net id="1475"><net_src comp="444" pin="3"/><net_sink comp="1472" pin=0"/></net>

<net id="1476"><net_src comp="1472" pin="1"/><net_sink comp="590" pin=0"/></net>

<net id="1480"><net_src comp="460" pin="1"/><net_sink comp="1477" pin=0"/></net>

<net id="1481"><net_src comp="1477" pin="1"/><net_sink comp="530" pin=1"/></net>

<net id="1482"><net_src comp="1477" pin="1"/><net_sink comp="583" pin=1"/></net>

<net id="1486"><net_src comp="464" pin="2"/><net_sink comp="1483" pin=0"/></net>

<net id="1490"><net_src comp="480" pin="2"/><net_sink comp="1487" pin=0"/></net>

<net id="1491"><net_src comp="1487" pin="1"/><net_sink comp="556" pin=0"/></net>

<net id="1495"><net_src comp="246" pin="3"/><net_sink comp="1492" pin=0"/></net>

<net id="1496"><net_src comp="1492" pin="1"/><net_sink comp="253" pin=2"/></net>

<net id="1497"><net_src comp="1492" pin="1"/><net_sink comp="253" pin=0"/></net>

<net id="1501"><net_src comp="263" pin="3"/><net_sink comp="1498" pin=0"/></net>

<net id="1502"><net_src comp="1498" pin="1"/><net_sink comp="270" pin=2"/></net>

<net id="1503"><net_src comp="1498" pin="1"/><net_sink comp="270" pin=0"/></net>

<net id="1507"><net_src comp="508" pin="2"/><net_sink comp="1504" pin=0"/></net>

<net id="1511"><net_src comp="514" pin="2"/><net_sink comp="1508" pin=0"/></net>

<net id="1512"><net_src comp="1508" pin="1"/><net_sink comp="607" pin=0"/></net>

<net id="1516"><net_src comp="556" pin="3"/><net_sink comp="1513" pin=0"/></net>

<net id="1517"><net_src comp="1513" pin="1"/><net_sink comp="295" pin=2"/></net>

<net id="1521"><net_src comp="577" pin="2"/><net_sink comp="1518" pin=0"/></net>

<net id="1522"><net_src comp="1518" pin="1"/><net_sink comp="295" pin=1"/></net>

<net id="1523"><net_src comp="1518" pin="1"/><net_sink comp="301" pin=1"/></net>

<net id="1524"><net_src comp="1518" pin="1"/><net_sink comp="309" pin=1"/></net>

<net id="1528"><net_src comp="280" pin="3"/><net_sink comp="1525" pin=0"/></net>

<net id="1529"><net_src comp="1525" pin="1"/><net_sink comp="287" pin=0"/></net>

<net id="1533"><net_src comp="253" pin="7"/><net_sink comp="1530" pin=0"/></net>

<net id="1534"><net_src comp="1530" pin="1"/><net_sink comp="333" pin=0"/></net>

<net id="1535"><net_src comp="1530" pin="1"/><net_sink comp="727" pin=0"/></net>

<net id="1536"><net_src comp="1530" pin="1"/><net_sink comp="808" pin=1"/></net>

<net id="1540"><net_src comp="270" pin="7"/><net_sink comp="1537" pin=0"/></net>

<net id="1541"><net_src comp="1537" pin="1"/><net_sink comp="628" pin=0"/></net>

<net id="1542"><net_src comp="1537" pin="1"/><net_sink comp="345" pin=0"/></net>

<net id="1543"><net_src comp="1537" pin="1"/><net_sink comp="1007" pin=0"/></net>

<net id="1544"><net_src comp="1537" pin="1"/><net_sink comp="1088" pin=1"/></net>

<net id="1548"><net_src comp="604" pin="1"/><net_sink comp="1545" pin=0"/></net>

<net id="1549"><net_src comp="1545" pin="1"/><net_sink comp="329" pin=0"/></net>

<net id="1550"><net_src comp="1545" pin="1"/><net_sink comp="640" pin=0"/></net>

<net id="1551"><net_src comp="1545" pin="1"/><net_sink comp="721" pin=1"/></net>

<net id="1555"><net_src comp="607" pin="2"/><net_sink comp="1552" pin=0"/></net>

<net id="1559"><net_src comp="612" pin="1"/><net_sink comp="1556" pin=0"/></net>

<net id="1560"><net_src comp="1556" pin="1"/><net_sink comp="314" pin=0"/></net>

<net id="1564"><net_src comp="287" pin="3"/><net_sink comp="1561" pin=0"/></net>

<net id="1565"><net_src comp="1561" pin="1"/><net_sink comp="829" pin=0"/></net>

<net id="1566"><net_src comp="1561" pin="1"/><net_sink comp="357" pin=0"/></net>

<net id="1567"><net_src comp="1561" pin="1"/><net_sink comp="1276" pin=0"/></net>

<net id="1568"><net_src comp="1561" pin="1"/><net_sink comp="1357" pin=1"/></net>

<net id="1572"><net_src comp="621" pin="1"/><net_sink comp="1569" pin=0"/></net>

<net id="1573"><net_src comp="1569" pin="1"/><net_sink comp="341" pin=0"/></net>

<net id="1574"><net_src comp="1569" pin="1"/><net_sink comp="920" pin=0"/></net>

<net id="1575"><net_src comp="1569" pin="1"/><net_sink comp="1001" pin=1"/></net>

<net id="1579"><net_src comp="624" pin="1"/><net_sink comp="1576" pin=0"/></net>

<net id="1580"><net_src comp="1576" pin="1"/><net_sink comp="319" pin=0"/></net>

<net id="1584"><net_src comp="314" pin="2"/><net_sink comp="1581" pin=0"/></net>

<net id="1585"><net_src comp="1581" pin="1"/><net_sink comp="636" pin=0"/></net>

<net id="1589"><net_src comp="632" pin="1"/><net_sink comp="1586" pin=0"/></net>

<net id="1590"><net_src comp="1586" pin="1"/><net_sink comp="329" pin=1"/></net>

<net id="1591"><net_src comp="1586" pin="1"/><net_sink comp="657" pin=0"/></net>

<net id="1592"><net_src comp="1586" pin="1"/><net_sink comp="721" pin=2"/></net>

<net id="1596"><net_src comp="329" pin="2"/><net_sink comp="1593" pin=0"/></net>

<net id="1597"><net_src comp="1593" pin="1"/><net_sink comp="716" pin=1"/></net>

<net id="1601"><net_src comp="721" pin="3"/><net_sink comp="1598" pin=0"/></net>

<net id="1602"><net_src comp="1598" pin="1"/><net_sink comp="333" pin=1"/></net>

<net id="1603"><net_src comp="1598" pin="1"/><net_sink comp="744" pin=0"/></net>

<net id="1604"><net_src comp="1598" pin="1"/><net_sink comp="808" pin=2"/></net>

<net id="1608"><net_src comp="333" pin="2"/><net_sink comp="1605" pin=0"/></net>

<net id="1609"><net_src comp="1605" pin="1"/><net_sink comp="803" pin=1"/></net>

<net id="1613"><net_src comp="808" pin="3"/><net_sink comp="1610" pin=0"/></net>

<net id="1614"><net_src comp="1610" pin="1"/><net_sink comp="337" pin=1"/></net>

<net id="1615"><net_src comp="1610" pin="1"/><net_sink comp="850" pin=0"/></net>

<net id="1616"><net_src comp="1610" pin="1"/><net_sink comp="914" pin=2"/></net>

<net id="1620"><net_src comp="319" pin="2"/><net_sink comp="1617" pin=0"/></net>

<net id="1621"><net_src comp="1617" pin="1"/><net_sink comp="818" pin=0"/></net>

<net id="1625"><net_src comp="814" pin="1"/><net_sink comp="1622" pin=0"/></net>

<net id="1626"><net_src comp="1622" pin="1"/><net_sink comp="337" pin=0"/></net>

<net id="1627"><net_src comp="1622" pin="1"/><net_sink comp="833" pin=0"/></net>

<net id="1628"><net_src comp="1622" pin="1"/><net_sink comp="914" pin=1"/></net>

<net id="1632"><net_src comp="822" pin="1"/><net_sink comp="1629" pin=0"/></net>

<net id="1633"><net_src comp="1629" pin="1"/><net_sink comp="353" pin=0"/></net>

<net id="1634"><net_src comp="1629" pin="1"/><net_sink comp="1189" pin=0"/></net>

<net id="1635"><net_src comp="1629" pin="1"/><net_sink comp="1270" pin=1"/></net>

<net id="1639"><net_src comp="337" pin="2"/><net_sink comp="1636" pin=0"/></net>

<net id="1640"><net_src comp="1636" pin="1"/><net_sink comp="909" pin=1"/></net>

<net id="1644"><net_src comp="825" pin="1"/><net_sink comp="1641" pin=0"/></net>

<net id="1645"><net_src comp="1641" pin="1"/><net_sink comp="324" pin=0"/></net>

<net id="1649"><net_src comp="914" pin="3"/><net_sink comp="1646" pin=0"/></net>

<net id="1650"><net_src comp="1646" pin="1"/><net_sink comp="341" pin=1"/></net>

<net id="1651"><net_src comp="1646" pin="1"/><net_sink comp="937" pin=0"/></net>

<net id="1652"><net_src comp="1646" pin="1"/><net_sink comp="1001" pin=2"/></net>

<net id="1656"><net_src comp="341" pin="2"/><net_sink comp="1653" pin=0"/></net>

<net id="1657"><net_src comp="1653" pin="1"/><net_sink comp="996" pin=1"/></net>

<net id="1661"><net_src comp="1001" pin="3"/><net_sink comp="1658" pin=0"/></net>

<net id="1662"><net_src comp="1658" pin="1"/><net_sink comp="345" pin=1"/></net>

<net id="1663"><net_src comp="1658" pin="1"/><net_sink comp="1024" pin=0"/></net>

<net id="1664"><net_src comp="1658" pin="1"/><net_sink comp="1088" pin=2"/></net>

<net id="1668"><net_src comp="345" pin="2"/><net_sink comp="1665" pin=0"/></net>

<net id="1669"><net_src comp="1665" pin="1"/><net_sink comp="1083" pin=1"/></net>

<net id="1673"><net_src comp="1088" pin="3"/><net_sink comp="1670" pin=0"/></net>

<net id="1674"><net_src comp="1670" pin="1"/><net_sink comp="349" pin=1"/></net>

<net id="1675"><net_src comp="1670" pin="1"/><net_sink comp="1119" pin=0"/></net>

<net id="1676"><net_src comp="1670" pin="1"/><net_sink comp="1183" pin=2"/></net>

<net id="1680"><net_src comp="324" pin="2"/><net_sink comp="1677" pin=0"/></net>

<net id="1681"><net_src comp="1677" pin="1"/><net_sink comp="1098" pin=0"/></net>

<net id="1685"><net_src comp="1094" pin="1"/><net_sink comp="1682" pin=0"/></net>

<net id="1686"><net_src comp="1682" pin="1"/><net_sink comp="349" pin=0"/></net>

<net id="1687"><net_src comp="1682" pin="1"/><net_sink comp="1102" pin=0"/></net>

<net id="1688"><net_src comp="1682" pin="1"/><net_sink comp="1183" pin=1"/></net>

<net id="1692"><net_src comp="349" pin="2"/><net_sink comp="1689" pin=0"/></net>

<net id="1693"><net_src comp="1689" pin="1"/><net_sink comp="1178" pin=1"/></net>

<net id="1697"><net_src comp="1183" pin="3"/><net_sink comp="1694" pin=0"/></net>

<net id="1698"><net_src comp="1694" pin="1"/><net_sink comp="353" pin=1"/></net>

<net id="1699"><net_src comp="1694" pin="1"/><net_sink comp="1206" pin=0"/></net>

<net id="1700"><net_src comp="1694" pin="1"/><net_sink comp="1270" pin=2"/></net>

<net id="1704"><net_src comp="353" pin="2"/><net_sink comp="1701" pin=0"/></net>

<net id="1705"><net_src comp="1701" pin="1"/><net_sink comp="1265" pin=1"/></net>

<net id="1709"><net_src comp="1270" pin="3"/><net_sink comp="1706" pin=0"/></net>

<net id="1710"><net_src comp="1706" pin="1"/><net_sink comp="357" pin=1"/></net>

<net id="1711"><net_src comp="1706" pin="1"/><net_sink comp="1293" pin=0"/></net>

<net id="1712"><net_src comp="1706" pin="1"/><net_sink comp="1357" pin=2"/></net>

<net id="1716"><net_src comp="357" pin="2"/><net_sink comp="1713" pin=0"/></net>

<net id="1717"><net_src comp="1713" pin="1"/><net_sink comp="1352" pin=1"/></net>

<net id="1721"><net_src comp="1357" pin="3"/><net_sink comp="1718" pin=0"/></net>

<net id="1722"><net_src comp="1718" pin="1"/><net_sink comp="1363" pin=0"/></net>

</net_list>

</model> 
---------------- Datapath Model END ------------------

* FSMD analyzer results:
  - Output states:
	Port: gmem3 | {4 45 46 47 48 49 50 }
	Port: m_30_out | {49 }
	Port: m_28_out | {49 }
	Port: m_24_out | {49 }
	Port: m_22_out | {49 }
	Port: m_18_out | {49 }
	Port: m_17_out | {49 }
	Port: top_kernel_float_const_float_const_float_const_float_di_line_buf_6 | {3 }
	Port: top_kernel_float_const_float_const_float_const_float_di_line_buf_7 | {4 }
 - Input state : 
	Port: top_kernel_Pipeline_K5_Dilation_VITIS_LOOP_160_18 : p_ZZ10top_kernelPKfS0_S0_PfE6di_win_2_2_load | {1 }
	Port: top_kernel_Pipeline_K5_Dilation_VITIS_LOOP_160_18 : p_ZZ10top_kernelPKfS0_S0_PfE6di_win_2_1_load | {1 }
	Port: top_kernel_Pipeline_K5_Dilation_VITIS_LOOP_160_18 : p_ZZ10top_kernelPKfS0_S0_PfE6di_win_1_2_load | {1 }
	Port: top_kernel_Pipeline_K5_Dilation_VITIS_LOOP_160_18 : p_ZZ10top_kernelPKfS0_S0_PfE6di_win_1_1_load | {1 }
	Port: top_kernel_Pipeline_K5_Dilation_VITIS_LOOP_160_18 : p_ZZ10top_kernelPKfS0_S0_PfE6di_win_0_2_load | {1 }
	Port: top_kernel_Pipeline_K5_Dilation_VITIS_LOOP_160_18 : p_ZZ10top_kernelPKfS0_S0_PfE6di_win_0_1_load | {1 }
	Port: top_kernel_Pipeline_K5_Dilation_VITIS_LOOP_160_18 : out_r | {1 }
	Port: top_kernel_Pipeline_K5_Dilation_VITIS_LOOP_160_18 : top_kernel_float_const_float_const_float_const_float_di_line_buf_6 | {2 3 }
	Port: top_kernel_Pipeline_K5_Dilation_VITIS_LOOP_160_18 : eroded | {3 4 }
	Port: top_kernel_Pipeline_K5_Dilation_VITIS_LOOP_160_18 : top_kernel_float_const_float_const_float_const_float_di_line_buf_7 | {2 3 }
  - Chain level:
	State 1
		store_ln0 : 1
		store_ln159 : 1
		store_ln160 : 1
		indvar_flatten41_load : 1
		icmp_ln159 : 2
		add_ln159_1 : 2
		br_ln159 : 3
		store_ln159 : 3
	State 2
		add_ln159 : 1
		icmp_ln160 : 1
		select_ln159 : 2
		select_ln159_1 : 2
		empty_36 : 3
		first_iter_6 : 3
		tmp : 3
		icmp135 : 4
		br_ln160 : 4
		zext_ln160 : 3
		top_kernel_float_const_float_const_float_const_float_di_line_buf_6_addr : 4
		m_32 : 5
		top_kernel_float_const_float_const_float_const_float_di_line_buf_7_addr : 4
		m_37 : 5
		tmp_3 : 3
		icmp_ln171 : 4
		and_ln171 : 5
		br_ln171 : 5
		add_ln160 : 3
		store_ln159 : 3
		store_ln160 : 4
	State 3
		p_cast : 1
		tmp1 : 2
		tmp1_cast : 3
		empty_37 : 4
		trunc_ln : 5
		sext_ln160 : 6
		gmem3_addr : 7
		add_ln164 : 1
		zext_ln164_1 : 2
		eroded_addr : 3
		m_41 : 4
		store_ln163 : 1
		br_ln160 : 1
		m_18_add : 1
		store_ln172 : 1
	State 4
		store_ln164 : 1
	State 5
	State 6
	State 7
	State 8
	State 9
	State 10
	State 11
		m_24_add : 1
	State 12
	State 13
		tmp_30 : 1
	State 14
	State 15
	State 16
		tmp_28 : 1
		trunc_ln175 : 1
		tmp_29 : 1
		trunc_ln175_1 : 1
		icmp_ln175 : 2
		icmp_ln175_1 : 2
		or_ln175 : 3
		icmp_ln175_2 : 2
		icmp_ln175_3 : 2
		or_ln175_1 : 3
		and_ln175 : 3
		and_ln175_1 : 3
		m_30 : 3
	State 17
	State 18
	State 19
	State 20
		tmp_31 : 1
		trunc_ln175_2 : 1
		tmp_32 : 1
		trunc_ln175_3 : 1
		icmp_ln175_4 : 2
		icmp_ln175_5 : 2
		or_ln175_2 : 3
		icmp_ln175_6 : 2
		icmp_ln175_7 : 2
		or_ln175_3 : 3
		and_ln175_2 : 3
		and_ln175_3 : 3
		m_34 : 3
	State 21
		tmp_36 : 1
	State 22
	State 23
		m_30_add : 1
	State 24
		tmp_34 : 1
		trunc_ln175_4 : 1
		tmp_35 : 1
		trunc_ln175_5 : 1
		icmp_ln175_8 : 2
		icmp_ln175_9 : 2
		or_ln175_4 : 3
		icmp_ln175_10 : 2
		icmp_ln175_11 : 2
		or_ln175_5 : 3
		and_ln175_4 : 3
		and_ln175_5 : 3
		m_35 : 3
	State 25
	State 26
	State 27
	State 28
		tmp_37 : 1
		trunc_ln175_6 : 1
		tmp_38 : 1
		trunc_ln175_7 : 1
		icmp_ln175_12 : 2
		icmp_ln175_13 : 2
		or_ln175_6 : 3
		icmp_ln175_14 : 2
		icmp_ln175_15 : 2
		or_ln175_7 : 3
		and_ln175_6 : 3
		and_ln175_7 : 3
		m_36 : 3
	State 29
	State 30
	State 31
	State 32
		tmp_40 : 1
		trunc_ln175_8 : 1
		tmp_41 : 1
		trunc_ln175_9 : 1
		icmp_ln175_16 : 2
		icmp_ln175_17 : 2
		or_ln175_8 : 3
		icmp_ln175_18 : 2
		icmp_ln175_19 : 2
		or_ln175_9 : 3
		and_ln175_8 : 3
		and_ln175_9 : 3
		m_38 : 3
	State 33
		tmp_45 : 1
	State 34
	State 35
	State 36
		tmp_43 : 1
		trunc_ln175_10 : 1
		tmp_44 : 1
		trunc_ln175_11 : 1
		icmp_ln175_20 : 2
		icmp_ln175_21 : 2
		or_ln175_10 : 3
		icmp_ln175_22 : 2
		icmp_ln175_23 : 2
		or_ln175_11 : 3
		and_ln175_10 : 3
		and_ln175_11 : 3
		m_39 : 3
	State 37
	State 38
	State 39
	State 40
		tmp_46 : 1
		trunc_ln175_12 : 1
		tmp_47 : 1
		trunc_ln175_13 : 1
		icmp_ln175_24 : 2
		icmp_ln175_25 : 2
		or_ln175_12 : 3
		icmp_ln175_26 : 2
		icmp_ln175_27 : 2
		or_ln175_13 : 3
		and_ln175_12 : 3
		and_ln175_13 : 3
		m_40 : 3
	State 41
	State 42
	State 43
	State 44
		tmp_49 : 1
		trunc_ln175_14 : 1
		tmp_50 : 1
		trunc_ln175_15 : 1
		icmp_ln175_28 : 2
		icmp_ln175_29 : 2
		or_ln175_14 : 3
		icmp_ln175_30 : 2
		icmp_ln175_31 : 2
		or_ln175_15 : 3
		and_ln175_14 : 3
		and_ln175_15 : 3
		m_42 : 3
	State 45
		write_ln176 : 1
	State 46
	State 47
	State 48
	State 49
		write_ln0 : 1
		write_ln0 : 1
		write_ln0 : 1
		write_ln0 : 1
		write_ln0 : 1
		write_ln0 : 1
	State 50


============================================================
+ Verbose Summary: Datapath Resource usage 
============================================================

* Functional unit list:
|----------|---------------------------------------------------------------|---------|---------|---------|
| Operation|                        Functional Unit                        |   DSP   |    FF   |   LUT   |
|----------|---------------------------------------------------------------|---------|---------|---------|
|          |                           grp_fu_314                          |    2    |   365   |   244   |
|   fadd   |                           grp_fu_319                          |    2    |   365   |   244   |
|          |                           grp_fu_324                          |    2    |   365   |   244   |
|----------|---------------------------------------------------------------|---------|---------|---------|
|          |                       icmp_ln159_fu_409                       |    0    |    0    |    20   |
|          |                       icmp_ln160_fu_438                       |    0    |    0    |    14   |
|          |                      first_iter_6_fu_464                      |    0    |    0    |    14   |
|          |                         icmp135_fu_480                        |    0    |    0    |    13   |
|          |                       icmp_ln171_fu_502                       |    0    |    0    |    13   |
|          |                      icmp_ln160_1_fu_607                      |    0    |    0    |    14   |
|          |                       icmp_ln175_fu_674                       |    0    |    0    |    15   |
|          |                      icmp_ln175_1_fu_680                      |    0    |    0    |    30   |
|          |                      icmp_ln175_2_fu_692                      |    0    |    0    |    15   |
|          |                      icmp_ln175_3_fu_698                      |    0    |    0    |    30   |
|          |                      icmp_ln175_4_fu_761                      |    0    |    0    |    15   |
|          |                      icmp_ln175_5_fu_767                      |    0    |    0    |    30   |
|          |                      icmp_ln175_6_fu_779                      |    0    |    0    |    15   |
|          |                      icmp_ln175_7_fu_785                      |    0    |    0    |    30   |
|          |                      icmp_ln175_8_fu_867                      |    0    |    0    |    15   |
|          |                      icmp_ln175_9_fu_873                      |    0    |    0    |    30   |
|          |                      icmp_ln175_10_fu_885                     |    0    |    0    |    15   |
|          |                      icmp_ln175_11_fu_891                     |    0    |    0    |    30   |
|   icmp   |                      icmp_ln175_12_fu_954                     |    0    |    0    |    15   |
|          |                      icmp_ln175_13_fu_960                     |    0    |    0    |    30   |
|          |                      icmp_ln175_14_fu_972                     |    0    |    0    |    15   |
|          |                      icmp_ln175_15_fu_978                     |    0    |    0    |    30   |
|          |                     icmp_ln175_16_fu_1041                     |    0    |    0    |    15   |
|          |                     icmp_ln175_17_fu_1047                     |    0    |    0    |    30   |
|          |                     icmp_ln175_18_fu_1059                     |    0    |    0    |    15   |
|          |                     icmp_ln175_19_fu_1065                     |    0    |    0    |    30   |
|          |                     icmp_ln175_20_fu_1136                     |    0    |    0    |    15   |
|          |                     icmp_ln175_21_fu_1142                     |    0    |    0    |    30   |
|          |                     icmp_ln175_22_fu_1154                     |    0    |    0    |    15   |
|          |                     icmp_ln175_23_fu_1160                     |    0    |    0    |    30   |
|          |                     icmp_ln175_24_fu_1223                     |    0    |    0    |    15   |
|          |                     icmp_ln175_25_fu_1229                     |    0    |    0    |    30   |
|          |                     icmp_ln175_26_fu_1241                     |    0    |    0    |    15   |
|          |                     icmp_ln175_27_fu_1247                     |    0    |    0    |    30   |
|          |                     icmp_ln175_28_fu_1310                     |    0    |    0    |    15   |
|          |                     icmp_ln175_29_fu_1316                     |    0    |    0    |    30   |
|          |                     icmp_ln175_30_fu_1328                     |    0    |    0    |    15   |
|          |                     icmp_ln175_31_fu_1334                     |    0    |    0    |    30   |
|----------|---------------------------------------------------------------|---------|---------|---------|
|          |                      select_ln159_fu_444                      |    0    |    0    |    7    |
|          |                     select_ln159_1_fu_452                     |    0    |    0    |    7    |
|          |                      select_ln160_fu_556                      |    0    |    0    |    7    |
|          |                          m_30_fu_721                          |    0    |    0    |    32   |
|          |                          m_34_fu_808                          |    0    |    0    |    32   |
|  select  |                          m_35_fu_914                          |    0    |    0    |    32   |
|          |                          m_36_fu_1001                         |    0    |    0    |    32   |
|          |                          m_38_fu_1088                         |    0    |    0    |    32   |
|          |                          m_39_fu_1183                         |    0    |    0    |    32   |
|          |                          m_40_fu_1270                         |    0    |    0    |    32   |
|          |                          m_42_fu_1357                         |    0    |    0    |    32   |
|----------|---------------------------------------------------------------|---------|---------|---------|
|          |                       add_ln159_1_fu_415                      |    0    |    0    |    20   |
|          |                        add_ln159_fu_432                       |    0    |    0    |    14   |
|    add   |                        add_ln160_fu_514                       |    0    |    0    |    14   |
|          |                          tmp1_fu_541                          |    0    |    0    |    21   |
|          |                        empty_37_fu_551                        |    0    |    0    |    71   |
|          |                        add_ln164_fu_593                       |    0    |    0    |    19   |
|----------|---------------------------------------------------------------|---------|---------|---------|
|          |                        and_ln171_fu_508                       |    0    |    0    |    2    |
|          |                        and_ln175_fu_710                       |    0    |    0    |    2    |
|          |                       and_ln175_1_fu_716                      |    0    |    0    |    2    |
|          |                       and_ln175_2_fu_797                      |    0    |    0    |    2    |
|          |                       and_ln175_3_fu_803                      |    0    |    0    |    2    |
|          |                       and_ln175_4_fu_903                      |    0    |    0    |    2    |
|          |                       and_ln175_5_fu_909                      |    0    |    0    |    2    |
|          |                       and_ln175_6_fu_990                      |    0    |    0    |    2    |
|    and   |                       and_ln175_7_fu_996                      |    0    |    0    |    2    |
|          |                      and_ln175_8_fu_1077                      |    0    |    0    |    2    |
|          |                      and_ln175_9_fu_1083                      |    0    |    0    |    2    |
|          |                      and_ln175_10_fu_1172                     |    0    |    0    |    2    |
|          |                      and_ln175_11_fu_1178                     |    0    |    0    |    2    |
|          |                      and_ln175_12_fu_1259                     |    0    |    0    |    2    |
|          |                      and_ln175_13_fu_1265                     |    0    |    0    |    2    |
|          |                      and_ln175_14_fu_1346                     |    0    |    0    |    2    |
|          |                      and_ln175_15_fu_1352                     |    0    |    0    |    2    |
|----------|---------------------------------------------------------------|---------|---------|---------|
|          |                        or_ln175_fu_686                        |    0    |    0    |    2    |
|          |                       or_ln175_1_fu_704                       |    0    |    0    |    2    |
|          |                       or_ln175_2_fu_773                       |    0    |    0    |    2    |
|          |                       or_ln175_3_fu_791                       |    0    |    0    |    2    |
|          |                       or_ln175_4_fu_879                       |    0    |    0    |    2    |
|          |                       or_ln175_5_fu_897                       |    0    |    0    |    2    |
|          |                       or_ln175_6_fu_966                       |    0    |    0    |    2    |
|    or    |                       or_ln175_7_fu_984                       |    0    |    0    |    2    |
|          |                       or_ln175_8_fu_1053                      |    0    |    0    |    2    |
|          |                       or_ln175_9_fu_1071                      |    0    |    0    |    2    |
|          |                      or_ln175_10_fu_1148                      |    0    |    0    |    2    |
|          |                      or_ln175_11_fu_1166                      |    0    |    0    |    2    |
|          |                      or_ln175_12_fu_1235                      |    0    |    0    |    2    |
|          |                      or_ln175_13_fu_1253                      |    0    |    0    |    2    |
|          |                      or_ln175_14_fu_1322                      |    0    |    0    |    2    |
|          |                      or_ln175_15_fu_1340                      |    0    |    0    |    2    |
|----------|---------------------------------------------------------------|---------|---------|---------|
|          |                     out_r_read_read_fu_162                    |    0    |    0    |    0    |
|          | p_ZZ10top_kernelPKfS0_S0_PfE6di_win_0_1_load_read_read_fu_168 |    0    |    0    |    0    |
|          | p_ZZ10top_kernelPKfS0_S0_PfE6di_win_0_2_load_read_read_fu_174 |    0    |    0    |    0    |
|   read   | p_ZZ10top_kernelPKfS0_S0_PfE6di_win_1_1_load_read_read_fu_180 |    0    |    0    |    0    |
|          | p_ZZ10top_kernelPKfS0_S0_PfE6di_win_1_2_load_read_read_fu_186 |    0    |    0    |    0    |
|          | p_ZZ10top_kernelPKfS0_S0_PfE6di_win_2_1_load_read_read_fu_192 |    0    |    0    |    0    |
|          | p_ZZ10top_kernelPKfS0_S0_PfE6di_win_2_2_load_read_read_fu_198 |    0    |    0    |    0    |
|----------|---------------------------------------------------------------|---------|---------|---------|
|          |                     write_ln0_write_fu_204                    |    0    |    0    |    0    |
|          |                     write_ln0_write_fu_211                    |    0    |    0    |    0    |
|          |                     write_ln0_write_fu_218                    |    0    |    0    |    0    |
|   write  |                     write_ln0_write_fu_225                    |    0    |    0    |    0    |
|          |                     write_ln0_write_fu_232                    |    0    |    0    |    0    |
|          |                     write_ln0_write_fu_239                    |    0    |    0    |    0    |
|          |                    write_ln176_write_fu_301                   |    0    |    0    |    0    |
|----------|---------------------------------------------------------------|---------|---------|---------|
| writereq |                    empty_35_writereq_fu_295                   |    0    |    0    |    0    |
|----------|---------------------------------------------------------------|---------|---------|---------|
| writeresp|                      grp_writeresp_fu_309                     |    0    |    0    |    0    |
|----------|---------------------------------------------------------------|---------|---------|---------|
|          |                           grp_fu_329                          |    0    |    0    |    0    |
|          |                           grp_fu_333                          |    0    |    0    |    0    |
|          |                           grp_fu_337                          |    0    |    0    |    0    |
|   fcmp   |                           grp_fu_341                          |    0    |    0    |    0    |
|          |                           grp_fu_345                          |    0    |    0    |    0    |
|          |                           grp_fu_349                          |    0    |    0    |    0    |
|          |                           grp_fu_353                          |    0    |    0    |    0    |
|          |                           grp_fu_357                          |    0    |    0    |    0    |
|----------|---------------------------------------------------------------|---------|---------|---------|
|          |                        empty_36_fu_460                        |    0    |    0    |    0    |
|          |                       trunc_ln175_fu_653                      |    0    |    0    |    0    |
|          |                      trunc_ln175_1_fu_670                     |    0    |    0    |    0    |
|          |                      trunc_ln175_2_fu_740                     |    0    |    0    |    0    |
|          |                      trunc_ln175_3_fu_757                     |    0    |    0    |    0    |
|          |                      trunc_ln175_4_fu_846                     |    0    |    0    |    0    |
|          |                      trunc_ln175_5_fu_863                     |    0    |    0    |    0    |
|          |                      trunc_ln175_6_fu_933                     |    0    |    0    |    0    |
|   trunc  |                      trunc_ln175_7_fu_950                     |    0    |    0    |    0    |
|          |                     trunc_ln175_8_fu_1020                     |    0    |    0    |    0    |
|          |                     trunc_ln175_9_fu_1037                     |    0    |    0    |    0    |
|          |                     trunc_ln175_10_fu_1115                    |    0    |    0    |    0    |
|          |                     trunc_ln175_11_fu_1132                    |    0    |    0    |    0    |
|          |                     trunc_ln175_12_fu_1202                    |    0    |    0    |    0    |
|          |                     trunc_ln175_13_fu_1219                    |    0    |    0    |    0    |
|          |                     trunc_ln175_14_fu_1289                    |    0    |    0    |    0    |
|          |                     trunc_ln175_15_fu_1306                    |    0    |    0    |    0    |
|----------|---------------------------------------------------------------|---------|---------|---------|
|          |                           tmp_fu_470                          |    0    |    0    |    0    |
|          |                          tmp_3_fu_492                         |    0    |    0    |    0    |
|          |                        trunc_ln_fu_563                        |    0    |    0    |    0    |
|          |                         tmp_28_fu_643                         |    0    |    0    |    0    |
|          |                         tmp_29_fu_660                         |    0    |    0    |    0    |
|          |                         tmp_31_fu_730                         |    0    |    0    |    0    |
|          |                         tmp_32_fu_747                         |    0    |    0    |    0    |
|          |                         tmp_34_fu_836                         |    0    |    0    |    0    |
|          |                         tmp_35_fu_853                         |    0    |    0    |    0    |
|partselect|                         tmp_37_fu_923                         |    0    |    0    |    0    |
|          |                         tmp_38_fu_940                         |    0    |    0    |    0    |
|          |                         tmp_40_fu_1010                        |    0    |    0    |    0    |
|          |                         tmp_41_fu_1027                        |    0    |    0    |    0    |
|          |                         tmp_43_fu_1105                        |    0    |    0    |    0    |
|          |                         tmp_44_fu_1122                        |    0    |    0    |    0    |
|          |                         tmp_46_fu_1192                        |    0    |    0    |    0    |
|          |                         tmp_47_fu_1209                        |    0    |    0    |    0    |
|          |                         tmp_49_fu_1279                        |    0    |    0    |    0    |
|          |                         tmp_50_fu_1296                        |    0    |    0    |    0    |
|----------|---------------------------------------------------------------|---------|---------|---------|
|          |                       zext_ln160_fu_486                       |    0    |    0    |    0    |
|   zext   |                         p_cast_fu_537                         |    0    |    0    |    0    |
|          |                       zext_ln164_fu_590                       |    0    |    0    |    0    |
|          |                      zext_ln164_1_fu_599                      |    0    |    0    |    0    |
|----------|---------------------------------------------------------------|---------|---------|---------|
|bitconcatenate|                          tmp_s_fu_530                         |    0    |    0    |    0    |
|          |                         tmp_27_fu_583                         |    0    |    0    |    0    |
|----------|---------------------------------------------------------------|---------|---------|---------|
|   sext   |                        tmp1_cast_fu_547                       |    0    |    0    |    0    |
|          |                       sext_ln160_fu_573                       |    0    |    0    |    0    |
|----------|---------------------------------------------------------------|---------|---------|---------|
|   Total  |                                                               |    6    |   1095  |   2042  |
|----------|---------------------------------------------------------------|---------|---------|---------|

Memories:
N/A

* Register list:
+--------------------------------------------------------------------------------+--------+
|                                                                                |   FF   |
+--------------------------------------------------------------------------------+--------+
|                               add_ln160_reg_1508                               |    7   |
|                               and_ln171_reg_1504                               |    1   |
|                                   c_reg_1442                                   |    7   |
|                                empty_36_reg_1477                               |    6   |
|                              eroded_addr_reg_1525                              |   12   |
|                              first_iter_6_reg_1483                             |    1   |
|                               gmem3_addr_reg_1518                              |   32   |
|                                icmp135_reg_1487                                |    1   |
|                               icmp_ln159_reg_1468                              |    1   |
|                              icmp_ln160_1_reg_1552                             |    1   |
|                            indvar_flatten41_reg_1456                           |   13   |
|                              m_17_load_1_reg_1586                              |   32   |
|                                  m_17_reg_1391                                 |   32   |
|                                m_18_add_reg_1581                               |   32   |
|                              m_18_load41_reg_1545                              |   32   |
|                               m_18_load_reg_1556                               |   32   |
|                                  m_18_reg_1399                                 |   32   |
|                              m_22_load_1_reg_1622                              |   32   |
|                                  m_22_reg_1408                                 |   32   |
|                                m_24_add_reg_1617                               |   32   |
|                              m_24_load_2_reg_1569                              |   32   |
|                               m_24_load_reg_1576                               |   32   |
|                                  m_24_reg_1416                                 |   32   |
|                              m_28_load_1_reg_1629                              |   32   |
|                              m_28_load_2_reg_1641                              |   32   |
|                                  m_28_reg_1433                                 |   32   |
|                                m_30_add_reg_1677                               |   32   |
|                                  m_30_reg_1598                                 |   32   |
|                                  m_32_reg_1530                                 |   32   |
|                                  m_34_reg_1610                                 |   32   |
|                                  m_35_reg_1646                                 |   32   |
|                                  m_36_reg_1658                                 |   32   |
|                                  m_37_reg_1537                                 |   32   |
|                                  m_38_reg_1670                                 |   32   |
|                                  m_39_reg_1694                                 |   32   |
|                                  m_40_reg_1706                                 |   32   |
|                                  m_41_reg_1561                                 |   32   |
|                                  m_42_reg_1718                                 |   32   |
|                                m_load_2_reg_1682                               |   32   |
|                                   m_reg_1425                                   |   32   |
|                               out_r_read_reg_1463                              |   64   |
|                                   r_reg_1449                                   |    7   |
|                              select_ln159_reg_1472                             |    7   |
|                              select_ln160_reg_1513                             |   64   |
|                                 tmp_30_reg_1593                                |    1   |
|                                 tmp_33_reg_1605                                |    1   |
|                                 tmp_36_reg_1636                                |    1   |
|                                 tmp_39_reg_1653                                |    1   |
|                                 tmp_42_reg_1665                                |    1   |
|                                 tmp_45_reg_1689                                |    1   |
|                                 tmp_48_reg_1701                                |    1   |
|                                 tmp_51_reg_1713                                |    1   |
|top_kernel_float_const_float_const_float_const_float_di_line_buf_6_addr_reg_1492|    6   |
|top_kernel_float_const_float_const_float_const_float_di_line_buf_7_addr_reg_1498|    6   |
+--------------------------------------------------------------------------------+--------+
|                                      Total                                     |  1172  |
+--------------------------------------------------------------------------------+--------+

* Multiplexer (MUX) list: 
|-------------------|------|------|------|--------||---------||---------||---------|
|        Comp       |  Pin | Size |  BW  | S x BW ||  Delay  ||    FF   ||   LUT   |
|-------------------|------|------|------|--------||---------||---------||---------|
| grp_access_fu_253 |  p2  |   2  |   0  |    0   ||    0    ||    9    |
| grp_access_fu_270 |  p2  |   2  |   0  |    0   ||    0    ||    9    |
| grp_access_fu_287 |  p0  |   2  |  12  |   24   ||    0    ||    9    |
|     grp_fu_314    |  p0  |   2  |  32  |   64   ||    0    ||    9    |
|     grp_fu_319    |  p0  |   2  |  32  |   64   ||    0    ||    9    |
|     grp_fu_324    |  p0  |   2  |  32  |   64   ||    0    ||    9    |
|     grp_fu_329    |  p1  |   2  |  32  |   64   ||    0    ||    9    |
|     grp_fu_337    |  p0  |   2  |  32  |   64   ||    0    ||    9    |
|     grp_fu_349    |  p0  |   2  |  32  |   64   ||    0    ||    9    |
|-------------------|------|------|------|--------||---------||---------||---------|
|       Total       |      |      |      |   408  ||  4.401  ||    0    ||    81   |
|-------------------|------|------|------|--------||---------||---------||---------|



* Summary:
+-----------+--------+--------+--------+--------+
|           |   DSP  |  Delay |   FF   |   LUT  |
+-----------+--------+--------+--------+--------+
|  Function |    6   |    -   |  1095  |  2042  |
|   Memory  |    -   |    -   |    -   |    -   |
|Multiplexer|    -   |    4   |    0   |   81   |
|  Register |    -   |    -   |  1172  |    -   |
+-----------+--------+--------+--------+--------+
|   Total   |    6   |    4   |  2267  |  2123  |
+-----------+--------+--------+--------+--------+
