

================================================================
== Vitis HLS Report for 'top_kernel_Pipeline_VITIS_LOOP_153_19_VITIS_LOOP_155_20'
================================================================
* Date:           Sat Apr  4 14:09:47 2026

* Version:        2025.1.1 (Build 6214317 on Sep 11 2025)
* Project:        project_1
* Solution:       hls (Vivado IP Flow Target)
* Product family: zynquplus
* Target device:  xczu3eg-sbva484-1-e


================================================================
== Performance Estimates
================================================================
+ Timing: 
    * Summary: 
    +--------+----------+----------+------------+
    |  Clock |  Target  | Estimated| Uncertainty|
    +--------+----------+----------+------------+
    |ap_clk  |  10.00 ns|  7.039 ns|     2.70 ns|
    +--------+----------+----------+------------+

+ Latency: 
    * Summary: 
    +---------+---------+----------+----------+-------+-------+------------------------------------------------+
    |  Latency (cycles) |  Latency (absolute) |    Interval   |                    Pipeline                    |
    |   min   |   max   |    min   |    max   |  min  |  max  |                      Type                      |
    +---------+---------+----------+----------+-------+-------+------------------------------------------------+
    |    11636|    11636|  0.116 ms|  0.116 ms|  11538|  11538|  loop auto-rewind stp (delay=0 clock cycles(s))|
    +---------+---------+----------+----------+-------+-------+------------------------------------------------+

    + Detail: 
        * Instance: 
        N/A

        * Loop: 
        +---------------------------------------+---------+---------+----------+-----------+-----------+------+----------+
        |                                       |  Latency (cycles) | Iteration|  Initiation Interval  | Trip |          |
        |               Loop Name               |   min   |   max   |  Latency |  achieved |   target  | Count| Pipelined|
        +---------------------------------------+---------+---------+----------+-----------+-----------+------+----------+
        |- VITIS_LOOP_153_19_VITIS_LOOP_155_20  |    11634|    11634|       109|          6|          4|  1922|       yes|
        +---------------------------------------+---------+---------+----------+-----------+-----------+------+----------+

============================================================
+ Verbose Summary: Synthesis Manager
============================================================
InlineROM: 1
ExposeGlobal: 0
============================================================
+ Verbose Summary: CDFG Model
============================================================
IsTopModel: 0
ResetActiveHigh: 1
IsCombinational: 0
IsDatapathOnly: 0
HasWiredReturn: 1
HasMFsm: 2
HasVarLatency: 1
IsPipeline: 0
IsRtlPipelined: 0
IsInstanceOverlapped: 0
IsDontTouch: 0
HasImplIP: 0
IsGatedGlobalClock: 0

+ Individual pipeline summary: 
  * Pipeline-0: initiation interval (II) = 6, depth = 109


============================================================
+ Verbose Summary: Schedule
============================================================
* Number of FSM states : 109
* Pipeline : 1
  Pipeline-0 : II = 6, D = 109, States = { 1 2 3 4 5 6 7 8 9 10 11 12 13 14 15 16 17 18 19 20 21 22 23 24 25 26 27 28 29 30 31 32 33 34 35 36 37 38 39 40 41 42 43 44 45 46 47 48 49 50 51 52 53 54 55 56 57 58 59 60 61 62 63 64 65 66 67 68 69 70 71 72 73 74 75 76 77 78 79 80 81 82 83 84 85 86 87 88 89 90 91 92 93 94 95 96 97 98 99 100 101 102 103 104 105 106 107 108 109 }
* Dataflow Pipeline: 0

* FSM state transitions: 
1 --> 2 
2 --> 3 
3 --> 4 
4 --> 5 
5 --> 6 
6 --> 7 
7 --> 8 
8 --> 9 
9 --> 10 
10 --> 11 
11 --> 12 
12 --> 13 
13 --> 14 
14 --> 15 
15 --> 16 
16 --> 17 
17 --> 18 
18 --> 19 
19 --> 20 
20 --> 21 
21 --> 22 
22 --> 23 
23 --> 24 
24 --> 25 
25 --> 26 
26 --> 27 
27 --> 28 
28 --> 29 
29 --> 30 
30 --> 31 
31 --> 32 
32 --> 33 
33 --> 34 
34 --> 35 
35 --> 36 
36 --> 37 
37 --> 38 
38 --> 39 
39 --> 40 
40 --> 41 
41 --> 42 
42 --> 43 
43 --> 44 
44 --> 45 
45 --> 46 
46 --> 47 
47 --> 48 
48 --> 49 
49 --> 50 
50 --> 51 
51 --> 52 
52 --> 53 
53 --> 54 
54 --> 55 
55 --> 56 
56 --> 57 
57 --> 58 
58 --> 59 
59 --> 60 
60 --> 61 
61 --> 62 
62 --> 63 
63 --> 64 
64 --> 65 
65 --> 66 
66 --> 67 
67 --> 68 
68 --> 69 
69 --> 70 
70 --> 71 
71 --> 72 
72 --> 73 
73 --> 74 
74 --> 75 
75 --> 76 
76 --> 77 
77 --> 78 
78 --> 79 
79 --> 80 
80 --> 81 
81 --> 82 
82 --> 83 
83 --> 84 
84 --> 85 
85 --> 86 
86 --> 87 
87 --> 88 
88 --> 89 
89 --> 90 
90 --> 91 
91 --> 92 
92 --> 93 
93 --> 94 
94 --> 95 
95 --> 96 
96 --> 97 
97 --> 98 
98 --> 99 
99 --> 100 
100 --> 101 
101 --> 102 
102 --> 103 
103 --> 104 
104 --> 105 
105 --> 106 
106 --> 107 
107 --> 108 
108 --> 109 
109 --> 

* FSM state operations: 

State 1 <SV = 0> <Delay = 4.05>
ST_1 : Operation 112 [1/1] (0.00ns)   --->   "%nc = alloca i32 1" [top.cpp:165]   --->   Operation 112 'alloca' 'nc' <Predicate = true> <Delay = 0.00>
ST_1 : Operation 113 [1/1] (0.00ns)   --->   "%r = alloca i32 1" [top.cpp:153]   --->   Operation 113 'alloca' 'r' <Predicate = true> <Delay = 0.00>
ST_1 : Operation 114 [1/1] (0.00ns)   --->   "%indvar_flatten20 = alloca i32 1"   --->   Operation 114 'alloca' 'indvar_flatten20' <Predicate = true> <Delay = 0.00>
ST_1 : Operation 115 [1/1] (0.48ns)   --->   "%store_ln0 = store i11 0, i11 %indvar_flatten20"   --->   Operation 115 'store' 'store_ln0' <Predicate = true> <Delay = 0.48>
ST_1 : Operation 116 [1/1] (0.48ns)   --->   "%store_ln153 = store i6 1, i6 %r" [top.cpp:153]   --->   Operation 116 'store' 'store_ln153' <Predicate = true> <Delay = 0.48>
ST_1 : Operation 117 [1/1] (0.48ns)   --->   "%store_ln165 = store i6 1, i6 %nc" [top.cpp:165]   --->   Operation 117 'store' 'store_ln165' <Predicate = true> <Delay = 0.48>
ST_1 : Operation 118 [1/1] (0.00ns)   --->   "%br_ln0 = br void %VITIS_LOOP_162_21"   --->   Operation 118 'br' 'br_ln0' <Predicate = true> <Delay = 0.00>
ST_1 : Operation 119 [1/1] (0.00ns)   --->   "%indvar_flatten20_load = load i11 %indvar_flatten20" [top.cpp:153]   --->   Operation 119 'load' 'indvar_flatten20_load' <Predicate = true> <Delay = 0.00>
ST_1 : Operation 120 [1/1] (0.94ns)   --->   "%icmp_ln153 = icmp_eq  i11 %indvar_flatten20_load, i11 1922" [top.cpp:153]   --->   Operation 120 'icmp' 'icmp_ln153' <Predicate = true> <Delay = 0.94> <CoreInst = "Cmp">   --->   Core 9 'Cmp' <Latency = 0> <II = 1> <Delay = 0.94> <FuncUnit> <Opcode : 'seteq' 'setne' 'setle' 'setge' 'setlt' 'setgt'> <InPorts = 2> <OutPorts = 1>
ST_1 : Operation 121 [1/1] (0.94ns)   --->   "%add_ln153 = add i11 %indvar_flatten20_load, i11 1" [top.cpp:153]   --->   Operation 121 'add' 'add_ln153' <Predicate = true> <Delay = 0.94> <CoreInst = "Adder">   --->   Core 1 'Adder' <Latency = 0> <II = 1> <Delay = 0.94> <FuncUnit> <Opcode : 'add' 'sub'> <InPorts = 2> <OutPorts = 1>
ST_1 : Operation 122 [1/1] (0.00ns)   --->   "%br_ln153 = br i1 %icmp_ln153, void %for.inc389, void %for.inc409.preheader.exitStub" [top.cpp:153]   --->   Operation 122 'br' 'br_ln153' <Predicate = true> <Delay = 0.00>
ST_1 : Operation 123 [1/1] (0.00ns)   --->   "%nc_load = load i6 %nc" [top.cpp:155]   --->   Operation 123 'load' 'nc_load' <Predicate = (!icmp_ln153)> <Delay = 0.00>
ST_1 : Operation 124 [1/1] (0.00ns)   --->   "%r_load = load i6 %r"   --->   Operation 124 'load' 'r_load' <Predicate = (!icmp_ln153)> <Delay = 0.00>
ST_1 : Operation 125 [1/1] (0.88ns)   --->   "%icmp_ln155 = icmp_eq  i6 %nc_load, i6 63" [top.cpp:155]   --->   Operation 125 'icmp' 'icmp_ln155' <Predicate = (!icmp_ln153)> <Delay = 0.88> <CoreInst = "Cmp">   --->   Core 9 'Cmp' <Latency = 0> <II = 1> <Delay = 0.88> <FuncUnit> <Opcode : 'seteq' 'setne' 'setle' 'setge' 'setlt' 'setgt'> <InPorts = 2> <OutPorts = 1>
ST_1 : Operation 126 [1/1] (0.44ns)   --->   "%select_ln154 = select i1 %icmp_ln155, i6 1, i6 %nc_load" [top.cpp:154]   --->   Operation 126 'select' 'select_ln154' <Predicate = (!icmp_ln153)> <Delay = 0.44> <CoreInst = "Sel">   --->   Core 73 'Sel' <Latency = 0> <II = 1> <Delay = 0.44> <FuncUnit> <Opcode : 'select'> <InPorts = 3> <OutPorts = 1>
ST_1 : Operation 127 [1/1] (0.88ns)   --->   "%indvars_iv_next368_mid1 = add i6 %r_load, i6 2"   --->   Operation 127 'add' 'indvars_iv_next368_mid1' <Predicate = (!icmp_ln153)> <Delay = 0.88> <CoreInst = "Adder">   --->   Core 1 'Adder' <Latency = 0> <II = 1> <Delay = 0.88> <FuncUnit> <Opcode : 'add' 'sub'> <InPorts = 2> <OutPorts = 1>
ST_1 : Operation 128 [1/1] (0.88ns)   --->   "%indvars_iv_next368132 = add i6 %r_load, i6 1"   --->   Operation 128 'add' 'indvars_iv_next368132' <Predicate = (!icmp_ln153)> <Delay = 0.88> <CoreInst = "Adder">   --->   Core 1 'Adder' <Latency = 0> <II = 1> <Delay = 0.88> <FuncUnit> <Opcode : 'add' 'sub'> <InPorts = 2> <OutPorts = 1>
ST_1 : Operation 129 [1/1] (0.44ns)   --->   "%select_ln153 = select i1 %icmp_ln155, i6 %indvars_iv_next368132, i6 %r_load" [top.cpp:153]   --->   Operation 129 'select' 'select_ln153' <Predicate = (!icmp_ln153)> <Delay = 0.44> <CoreInst = "Sel">   --->   Core 73 'Sel' <Latency = 0> <II = 1> <Delay = 0.44> <FuncUnit> <Opcode : 'select'> <InPorts = 3> <OutPorts = 1>
ST_1 : Operation 130 [1/1] (0.00ns)   --->   "%trunc_ln176 = trunc i6 %select_ln153" [top.cpp:176]   --->   Operation 130 'trunc' 'trunc_ln176' <Predicate = (!icmp_ln153)> <Delay = 0.00>
ST_1 : Operation 131 [1/1] (0.44ns)   --->   "%select_ln154_1 = select i1 %icmp_ln155, i6 %indvars_iv_next368_mid1, i6 %indvars_iv_next368132" [top.cpp:154]   --->   Operation 131 'select' 'select_ln154_1' <Predicate = (!icmp_ln153)> <Delay = 0.44> <CoreInst = "Sel">   --->   Core 73 'Sel' <Latency = 0> <II = 1> <Delay = 0.44> <FuncUnit> <Opcode : 'select'> <InPorts = 3> <OutPorts = 1>
ST_1 : Operation 132 [1/1] (0.00ns)   --->   "%trunc_ln166 = trunc i6 %select_ln154_1" [top.cpp:166]   --->   Operation 132 'trunc' 'trunc_ln166' <Predicate = (!icmp_ln153)> <Delay = 0.00>
ST_1 : Operation 133 [1/1] (0.88ns)   --->   "%empty = add i6 %select_ln153, i6 63" [top.cpp:153]   --->   Operation 133 'add' 'empty' <Predicate = (!icmp_ln153)> <Delay = 0.88> <CoreInst = "Adder">   --->   Core 1 'Adder' <Latency = 0> <II = 1> <Delay = 0.88> <FuncUnit> <Opcode : 'add' 'sub'> <InPorts = 2> <OutPorts = 1>
ST_1 : Operation 134 [1/1] (0.00ns)   --->   "%trunc_ln166_1 = trunc i6 %empty" [top.cpp:166]   --->   Operation 134 'trunc' 'trunc_ln166_1' <Predicate = (!icmp_ln153)> <Delay = 0.00>
ST_1 : Operation 135 [1/1] (0.00ns)   --->   "%tmp_s = bitconcatenate i12 @_ssdm_op_BitConcatenate.i12.i6.i6, i6 %select_ln153, i6 %select_ln154" [top.cpp:176]   --->   Operation 135 'bitconcatenate' 'tmp_s' <Predicate = (!icmp_ln153)> <Delay = 0.00>
ST_1 : Operation 136 [1/1] (0.00ns)   --->   "%zext_ln176 = zext i12 %tmp_s" [top.cpp:176]   --->   Operation 136 'zext' 'zext_ln176' <Predicate = (!icmp_ln153)> <Delay = 0.00>
ST_1 : Operation 137 [1/1] (0.00ns)   --->   "%gaussian_blurred_addr = getelementptr i32 %gaussian_blurred, i64 0, i64 %zext_ln176" [top.cpp:158]   --->   Operation 137 'getelementptr' 'gaussian_blurred_addr' <Predicate = (!icmp_ln153)> <Delay = 0.00>
ST_1 : Operation 138 [2/2] (1.35ns)   --->   "%center_1 = load i12 %gaussian_blurred_addr" [top.cpp:158]   --->   Operation 138 'load' 'center_1' <Predicate = (!icmp_ln153)> <Delay = 1.35> <CoreInst = "RAM">   --->   Core 82 'RAM' <Latency = 1> <II = 1> <Delay = 1.35> <Storage> <Opcode : 'load' 'store'> <Ports = 2> <Width = 32> <Depth = 4096> <RAM>
ST_1 : Operation 139 [1/1] (0.88ns)   --->   "%add_ln165 = add i6 %select_ln154, i6 63" [top.cpp:165]   --->   Operation 139 'add' 'add_ln165' <Predicate = (!icmp_ln153)> <Delay = 0.88> <CoreInst = "Adder">   --->   Core 1 'Adder' <Latency = 0> <II = 1> <Delay = 0.88> <FuncUnit> <Opcode : 'add' 'sub'> <InPorts = 2> <OutPorts = 1>
ST_1 : Operation 140 [1/1] (0.00ns)   --->   "%tmp_89 = bitconcatenate i12 @_ssdm_op_BitConcatenate.i12.i6.i6, i6 %empty, i6 %add_ln165" [top.cpp:166]   --->   Operation 140 'bitconcatenate' 'tmp_89' <Predicate = (!icmp_ln153)> <Delay = 0.00>
ST_1 : Operation 141 [1/1] (0.00ns)   --->   "%zext_ln166_2 = zext i12 %tmp_89" [top.cpp:166]   --->   Operation 141 'zext' 'zext_ln166_2' <Predicate = (!icmp_ln153)> <Delay = 0.00>
ST_1 : Operation 142 [1/1] (0.00ns)   --->   "%gaussian_blurred_addr_3 = getelementptr i32 %gaussian_blurred, i64 0, i64 %zext_ln166_2" [top.cpp:166]   --->   Operation 142 'getelementptr' 'gaussian_blurred_addr_3' <Predicate = (!icmp_ln153)> <Delay = 0.00>
ST_1 : Operation 143 [2/2] (1.35ns)   --->   "%neighbor = load i12 %gaussian_blurred_addr_3" [top.cpp:166]   --->   Operation 143 'load' 'neighbor' <Predicate = (!icmp_ln153)> <Delay = 1.35> <CoreInst = "RAM">   --->   Core 82 'RAM' <Latency = 1> <II = 1> <Delay = 1.35> <Storage> <Opcode : 'load' 'store'> <Ports = 2> <Width = 32> <Depth = 4096> <RAM>
ST_1 : Operation 144 [1/1] (0.00ns)   --->   "%tmp_96 = partselect i5 @_ssdm_op_PartSelect.i5.i6.i32.i32, i6 %empty, i32 1, i32 5" [top.cpp:166]   --->   Operation 144 'partselect' 'tmp_96' <Predicate = (!icmp_ln153)> <Delay = 0.00>
ST_1 : Operation 145 [1/1] (0.00ns)   --->   "%tmp_99 = partselect i5 @_ssdm_op_PartSelect.i5.i6.i32.i32, i6 %select_ln153, i32 1, i32 5" [top.cpp:166]   --->   Operation 145 'partselect' 'tmp_99' <Predicate = (!icmp_ln153)> <Delay = 0.00>
ST_1 : Operation 146 [1/1] (0.00ns)   --->   "%tmp_102 = partselect i5 @_ssdm_op_PartSelect.i5.i6.i32.i32, i6 %select_ln154_1, i32 1, i32 5" [top.cpp:166]   --->   Operation 146 'partselect' 'tmp_102' <Predicate = (!icmp_ln153)> <Delay = 0.00>
ST_1 : Operation 147 [1/1] (0.48ns)   --->   "%store_ln153 = store i11 %add_ln153, i11 %indvar_flatten20" [top.cpp:153]   --->   Operation 147 'store' 'store_ln153' <Predicate = (!icmp_ln153)> <Delay = 0.48>
ST_1 : Operation 148 [1/1] (0.48ns)   --->   "%store_ln153 = store i6 %select_ln153, i6 %r" [top.cpp:153]   --->   Operation 148 'store' 'store_ln153' <Predicate = (!icmp_ln153)> <Delay = 0.48>

State 2 <SV = 1> <Delay = 2.23>
ST_2 : Operation 149 [1/1] (0.00ns)   --->   "%tmp_87 = bitconcatenate i12 @_ssdm_op_BitConcatenate.i12.i6.i6, i6 %empty, i6 %select_ln154" [top.cpp:166]   --->   Operation 149 'bitconcatenate' 'tmp_87' <Predicate = (!icmp_ln153)> <Delay = 0.00>
ST_2 : Operation 150 [1/1] (0.00ns)   --->   "%zext_ln166 = zext i12 %tmp_87" [top.cpp:166]   --->   Operation 150 'zext' 'zext_ln166' <Predicate = (!icmp_ln153)> <Delay = 0.00>
ST_2 : Operation 151 [1/1] (0.00ns)   --->   "%gaussian_blurred_addr_1 = getelementptr i32 %gaussian_blurred, i64 0, i64 %zext_ln166" [top.cpp:166]   --->   Operation 151 'getelementptr' 'gaussian_blurred_addr_1' <Predicate = (!icmp_ln153)> <Delay = 0.00>
ST_2 : Operation 152 [1/2] ( I:1.35ns O:1.35ns )   --->   "%center_1 = load i12 %gaussian_blurred_addr" [top.cpp:158]   --->   Operation 152 'load' 'center_1' <Predicate = (!icmp_ln153)> <Delay = 1.35> <CoreInst = "RAM">   --->   Core 82 'RAM' <Latency = 1> <II = 1> <Delay = 1.35> <Storage> <Opcode : 'load' 'store'> <Ports = 2> <Width = 32> <Depth = 4096> <RAM>
ST_2 : Operation 153 [1/2] ( I:1.35ns O:1.35ns )   --->   "%neighbor = load i12 %gaussian_blurred_addr_3" [top.cpp:166]   --->   Operation 153 'load' 'neighbor' <Predicate = (!icmp_ln153)> <Delay = 1.35> <CoreInst = "RAM">   --->   Core 82 'RAM' <Latency = 1> <II = 1> <Delay = 1.35> <Storage> <Opcode : 'load' 'store'> <Ports = 2> <Width = 32> <Depth = 4096> <RAM>
ST_2 : Operation 154 [2/2] (1.35ns)   --->   "%neighbor_1 = load i12 %gaussian_blurred_addr_1" [top.cpp:166]   --->   Operation 154 'load' 'neighbor_1' <Predicate = (!icmp_ln153)> <Delay = 1.35> <CoreInst = "RAM">   --->   Core 82 'RAM' <Latency = 1> <II = 1> <Delay = 1.35> <Storage> <Opcode : 'load' 'store'> <Ports = 2> <Width = 32> <Depth = 4096> <RAM>
ST_2 : Operation 155 [1/1] (0.88ns)   --->   "%add_ln165_1 = add i6 %select_ln154, i6 1" [top.cpp:165]   --->   Operation 155 'add' 'add_ln165_1' <Predicate = (!icmp_ln153)> <Delay = 0.88> <CoreInst = "Adder">   --->   Core 1 'Adder' <Latency = 0> <II = 1> <Delay = 0.88> <FuncUnit> <Opcode : 'add' 'sub'> <InPorts = 2> <OutPorts = 1>
ST_2 : Operation 156 [1/1] (0.00ns)   --->   "%tmp_92 = bitconcatenate i12 @_ssdm_op_BitConcatenate.i12.i6.i6, i6 %select_ln153, i6 %add_ln165_1" [top.cpp:176]   --->   Operation 156 'bitconcatenate' 'tmp_92' <Predicate = (!icmp_ln153)> <Delay = 0.00>
ST_2 : Operation 157 [1/1] (0.00ns)   --->   "%zext_ln176_1 = zext i12 %tmp_92" [top.cpp:176]   --->   Operation 157 'zext' 'zext_ln176_1' <Predicate = (!icmp_ln153)> <Delay = 0.00>
ST_2 : Operation 158 [1/1] (0.00ns)   --->   "%gaussian_blurred_addr_7 = getelementptr i32 %gaussian_blurred, i64 0, i64 %zext_ln176_1" [top.cpp:166]   --->   Operation 158 'getelementptr' 'gaussian_blurred_addr_7' <Predicate = (!icmp_ln153)> <Delay = 0.00>
ST_2 : Operation 159 [2/2] (1.35ns)   --->   "%neighbor_12 = load i12 %gaussian_blurred_addr_7" [top.cpp:166]   --->   Operation 159 'load' 'neighbor_12' <Predicate = (!icmp_ln153)> <Delay = 1.35> <CoreInst = "RAM">   --->   Core 82 'RAM' <Latency = 1> <II = 1> <Delay = 1.35> <Storage> <Opcode : 'load' 'store'> <Ports = 2> <Width = 32> <Depth = 4096> <RAM>

State 3 <SV = 2> <Delay = 6.01>
ST_3 : Operation 160 [1/1] (0.00ns)   --->   "%zext_ln155 = zext i6 %select_ln154" [top.cpp:155]   --->   Operation 160 'zext' 'zext_ln155' <Predicate = (!icmp_ln153)> <Delay = 0.00>
ST_3 : Operation 161 [5/5] (6.01ns)   --->   "%intensity_diff = fsub i32 %neighbor, i32 %center_1" [top.cpp:168]   --->   Operation 161 'fsub' 'intensity_diff' <Predicate = (!icmp_ln153)> <Delay = 6.01> <CoreInst = "FAddSub_fulldsp">   --->   Core 18 'FAddSub_fulldsp' <Latency = 4> <II = 1> <Delay = 6.01> <FuncUnit> <Opcode : 'fadd' 'fsub'> <InPorts = 2> <OutPorts = 1>
ST_3 : Operation 162 [1/2] ( I:1.35ns O:1.35ns )   --->   "%neighbor_1 = load i12 %gaussian_blurred_addr_1" [top.cpp:166]   --->   Operation 162 'load' 'neighbor_1' <Predicate = (!icmp_ln153)> <Delay = 1.35> <CoreInst = "RAM">   --->   Core 82 'RAM' <Latency = 1> <II = 1> <Delay = 1.35> <Storage> <Opcode : 'load' 'store'> <Ports = 2> <Width = 32> <Depth = 4096> <RAM>
ST_3 : Operation 163 [1/1] (0.00ns)   --->   "%tmp_93 = bitconcatenate i12 @_ssdm_op_BitConcatenate.i12.i6.i6, i6 %empty, i6 %add_ln165_1" [top.cpp:166]   --->   Operation 163 'bitconcatenate' 'tmp_93' <Predicate = (!icmp_ln153)> <Delay = 0.00>
ST_3 : Operation 164 [1/1] (0.00ns)   --->   "%zext_ln166_5 = zext i12 %tmp_93" [top.cpp:166]   --->   Operation 164 'zext' 'zext_ln166_5' <Predicate = (!icmp_ln153)> <Delay = 0.00>
ST_3 : Operation 165 [1/1] (0.00ns)   --->   "%gaussian_blurred_addr_6 = getelementptr i32 %gaussian_blurred, i64 0, i64 %zext_ln166_5" [top.cpp:166]   --->   Operation 165 'getelementptr' 'gaussian_blurred_addr_6' <Predicate = (!icmp_ln153)> <Delay = 0.00>
ST_3 : Operation 166 [2/2] (1.35ns)   --->   "%neighbor_2 = load i12 %gaussian_blurred_addr_6" [top.cpp:166]   --->   Operation 166 'load' 'neighbor_2' <Predicate = (!icmp_ln153)> <Delay = 1.35> <CoreInst = "RAM">   --->   Core 82 'RAM' <Latency = 1> <II = 1> <Delay = 1.35> <Storage> <Opcode : 'load' 'store'> <Ports = 2> <Width = 32> <Depth = 4096> <RAM>
ST_3 : Operation 167 [5/5] (6.01ns)   --->   "%intensity_diff_4 = fsub i32 %center_1, i32 %center_1" [top.cpp:168]   --->   Operation 167 'fsub' 'intensity_diff_4' <Predicate = (!icmp_ln153)> <Delay = 6.01> <CoreInst = "FAddSub_fulldsp">   --->   Core 18 'FAddSub_fulldsp' <Latency = 4> <II = 1> <Delay = 6.01> <FuncUnit> <Opcode : 'fadd' 'fsub'> <InPorts = 2> <OutPorts = 1>
ST_3 : Operation 168 [1/2] ( I:1.35ns O:1.35ns )   --->   "%neighbor_12 = load i12 %gaussian_blurred_addr_7" [top.cpp:166]   --->   Operation 168 'load' 'neighbor_12' <Predicate = (!icmp_ln153)> <Delay = 1.35> <CoreInst = "RAM">   --->   Core 82 'RAM' <Latency = 1> <II = 1> <Delay = 1.35> <Storage> <Opcode : 'load' 'store'> <Ports = 2> <Width = 32> <Depth = 4096> <RAM>
ST_3 : Operation 169 [1/1] (0.88ns)   --->   "%add_ln165_2 = add i7 %zext_ln155, i7 2" [top.cpp:165]   --->   Operation 169 'add' 'add_ln165_2' <Predicate = (!icmp_ln153)> <Delay = 0.88> <CoreInst = "Adder">   --->   Core 1 'Adder' <Latency = 0> <II = 1> <Delay = 0.88> <FuncUnit> <Opcode : 'add' 'sub'> <InPorts = 2> <OutPorts = 1>
ST_3 : Operation 170 [1/1] (0.00ns)   --->   "%tmp_95 = bitconcatenate i7 @_ssdm_op_BitConcatenate.i7.i1.i6, i1 %trunc_ln166_1, i6 0" [top.cpp:166]   --->   Operation 170 'bitconcatenate' 'tmp_95' <Predicate = (!icmp_ln153)> <Delay = 0.00>
ST_3 : Operation 171 [1/1] (0.40ns)   --->   "%or_ln166 = or i7 %tmp_95, i7 %add_ln165_2" [top.cpp:166]   --->   Operation 171 'or' 'or_ln166' <Predicate = (!icmp_ln153)> <Delay = 0.40> <CoreInst = "LogicGate">   --->   Core 74 'LogicGate' <Latency = 0> <II = 1> <Delay = 0.40> <FuncUnit> <Opcode : 'and' 'or' 'xor'> <InPorts = 2> <OutPorts = 1>
ST_3 : Operation 172 [1/1] (0.00ns)   --->   "%tmp_97 = bitconcatenate i12 @_ssdm_op_BitConcatenate.i12.i5.i7, i5 %tmp_96, i7 %or_ln166" [top.cpp:166]   --->   Operation 172 'bitconcatenate' 'tmp_97' <Predicate = (!icmp_ln153)> <Delay = 0.00>
ST_3 : Operation 173 [1/1] (0.00ns)   --->   "%zext_ln166_7 = zext i12 %tmp_97" [top.cpp:166]   --->   Operation 173 'zext' 'zext_ln166_7' <Predicate = (!icmp_ln153)> <Delay = 0.00>
ST_3 : Operation 174 [1/1] (0.00ns)   --->   "%gaussian_blurred_addr_9 = getelementptr i32 %gaussian_blurred, i64 0, i64 %zext_ln166_7" [top.cpp:166]   --->   Operation 174 'getelementptr' 'gaussian_blurred_addr_9' <Predicate = (!icmp_ln153)> <Delay = 0.00>
ST_3 : Operation 175 [1/1] (0.00ns)   --->   "%trunc_ln166_2 = trunc i7 %add_ln165_2" [top.cpp:166]   --->   Operation 175 'trunc' 'trunc_ln166_2' <Predicate = (!icmp_ln153)> <Delay = 0.00>
ST_3 : Operation 176 [2/2] (1.35ns)   --->   "%neighbor_9 = load i12 %gaussian_blurred_addr_9" [top.cpp:166]   --->   Operation 176 'load' 'neighbor_9' <Predicate = (!icmp_ln153)> <Delay = 1.35> <CoreInst = "RAM">   --->   Core 82 'RAM' <Latency = 1> <II = 1> <Delay = 1.35> <Storage> <Opcode : 'load' 'store'> <Ports = 2> <Width = 32> <Depth = 4096> <RAM>
ST_3 : Operation 177 [1/1] (0.48ns)   --->   "%store_ln165 = store i6 %trunc_ln166_2, i6 %nc" [top.cpp:165]   --->   Operation 177 'store' 'store_ln165' <Predicate = (!icmp_ln153)> <Delay = 0.48>

State 4 <SV = 3> <Delay = 6.01>
ST_4 : Operation 178 [1/1] (0.00ns)   --->   "%tmp_90 = bitconcatenate i12 @_ssdm_op_BitConcatenate.i12.i6.i6, i6 %select_ln153, i6 %add_ln165" [top.cpp:166]   --->   Operation 178 'bitconcatenate' 'tmp_90' <Predicate = (!icmp_ln153)> <Delay = 0.00>
ST_4 : Operation 179 [1/1] (0.00ns)   --->   "%zext_ln166_3 = zext i12 %tmp_90" [top.cpp:166]   --->   Operation 179 'zext' 'zext_ln166_3' <Predicate = (!icmp_ln153)> <Delay = 0.00>
ST_4 : Operation 180 [1/1] (0.00ns)   --->   "%gaussian_blurred_addr_4 = getelementptr i32 %gaussian_blurred, i64 0, i64 %zext_ln166_3" [top.cpp:166]   --->   Operation 180 'getelementptr' 'gaussian_blurred_addr_4' <Predicate = (!icmp_ln153)> <Delay = 0.00>
ST_4 : Operation 181 [4/5] (6.01ns)   --->   "%intensity_diff = fsub i32 %neighbor, i32 %center_1" [top.cpp:168]   --->   Operation 181 'fsub' 'intensity_diff' <Predicate = (!icmp_ln153)> <Delay = 6.01> <CoreInst = "FAddSub_fulldsp">   --->   Core 18 'FAddSub_fulldsp' <Latency = 4> <II = 1> <Delay = 6.01> <FuncUnit> <Opcode : 'fadd' 'fsub'> <InPorts = 2> <OutPorts = 1>
ST_4 : Operation 182 [5/5] (6.01ns)   --->   "%intensity_diff_1 = fsub i32 %neighbor_1, i32 %center_1" [top.cpp:168]   --->   Operation 182 'fsub' 'intensity_diff_1' <Predicate = (!icmp_ln153)> <Delay = 6.01> <CoreInst = "FAddSub_fulldsp">   --->   Core 18 'FAddSub_fulldsp' <Latency = 4> <II = 1> <Delay = 6.01> <FuncUnit> <Opcode : 'fadd' 'fsub'> <InPorts = 2> <OutPorts = 1>
ST_4 : Operation 183 [1/2] ( I:1.35ns O:1.35ns )   --->   "%neighbor_2 = load i12 %gaussian_blurred_addr_6" [top.cpp:166]   --->   Operation 183 'load' 'neighbor_2' <Predicate = (!icmp_ln153)> <Delay = 1.35> <CoreInst = "RAM">   --->   Core 82 'RAM' <Latency = 1> <II = 1> <Delay = 1.35> <Storage> <Opcode : 'load' 'store'> <Ports = 2> <Width = 32> <Depth = 4096> <RAM>
ST_4 : Operation 184 [2/2] (1.35ns)   --->   "%neighbor_3 = load i12 %gaussian_blurred_addr_4" [top.cpp:166]   --->   Operation 184 'load' 'neighbor_3' <Predicate = (!icmp_ln153)> <Delay = 1.35> <CoreInst = "RAM">   --->   Core 82 'RAM' <Latency = 1> <II = 1> <Delay = 1.35> <Storage> <Opcode : 'load' 'store'> <Ports = 2> <Width = 32> <Depth = 4096> <RAM>
ST_4 : Operation 185 [4/5] (6.01ns)   --->   "%intensity_diff_4 = fsub i32 %center_1, i32 %center_1" [top.cpp:168]   --->   Operation 185 'fsub' 'intensity_diff_4' <Predicate = (!icmp_ln153)> <Delay = 6.01> <CoreInst = "FAddSub_fulldsp">   --->   Core 18 'FAddSub_fulldsp' <Latency = 4> <II = 1> <Delay = 6.01> <FuncUnit> <Opcode : 'fadd' 'fsub'> <InPorts = 2> <OutPorts = 1>
ST_4 : Operation 186 [5/5] (6.01ns)   --->   "%intensity_diff_5 = fsub i32 %neighbor_12, i32 %center_1" [top.cpp:168]   --->   Operation 186 'fsub' 'intensity_diff_5' <Predicate = (!icmp_ln153)> <Delay = 6.01> <CoreInst = "FAddSub_fulldsp">   --->   Core 18 'FAddSub_fulldsp' <Latency = 4> <II = 1> <Delay = 6.01> <FuncUnit> <Opcode : 'fadd' 'fsub'> <InPorts = 2> <OutPorts = 1>
ST_4 : Operation 187 [5/5] (6.01ns)   --->   "%intensity_diff_9 = fsub i32 %neighbor_1, i32 %neighbor_12" [top.cpp:168]   --->   Operation 187 'fsub' 'intensity_diff_9' <Predicate = (!icmp_ln153)> <Delay = 6.01> <CoreInst = "FAddSub_fulldsp">   --->   Core 18 'FAddSub_fulldsp' <Latency = 4> <II = 1> <Delay = 6.01> <FuncUnit> <Opcode : 'fadd' 'fsub'> <InPorts = 2> <OutPorts = 1>
ST_4 : Operation 188 [1/1] (0.00ns)   --->   "%tmp_98 = bitconcatenate i7 @_ssdm_op_BitConcatenate.i7.i1.i6, i1 %trunc_ln176, i6 0" [top.cpp:166]   --->   Operation 188 'bitconcatenate' 'tmp_98' <Predicate = (!icmp_ln153)> <Delay = 0.00>
ST_4 : Operation 189 [1/1] (0.40ns)   --->   "%or_ln166_1 = or i7 %tmp_98, i7 %add_ln165_2" [top.cpp:166]   --->   Operation 189 'or' 'or_ln166_1' <Predicate = (!icmp_ln153)> <Delay = 0.40> <CoreInst = "LogicGate">   --->   Core 74 'LogicGate' <Latency = 0> <II = 1> <Delay = 0.40> <FuncUnit> <Opcode : 'and' 'or' 'xor'> <InPorts = 2> <OutPorts = 1>
ST_4 : Operation 190 [1/1] (0.00ns)   --->   "%tmp_100 = bitconcatenate i12 @_ssdm_op_BitConcatenate.i12.i5.i7, i5 %tmp_99, i7 %or_ln166_1" [top.cpp:166]   --->   Operation 190 'bitconcatenate' 'tmp_100' <Predicate = (!icmp_ln153)> <Delay = 0.00>
ST_4 : Operation 191 [1/1] (0.00ns)   --->   "%zext_ln166_8 = zext i12 %tmp_100" [top.cpp:166]   --->   Operation 191 'zext' 'zext_ln166_8' <Predicate = (!icmp_ln153)> <Delay = 0.00>
ST_4 : Operation 192 [1/1] (0.00ns)   --->   "%gaussian_blurred_addr_10 = getelementptr i32 %gaussian_blurred, i64 0, i64 %zext_ln166_8" [top.cpp:166]   --->   Operation 192 'getelementptr' 'gaussian_blurred_addr_10' <Predicate = (!icmp_ln153)> <Delay = 0.00>
ST_4 : Operation 193 [1/1] (0.00ns)   --->   "%tmp_101 = bitconcatenate i7 @_ssdm_op_BitConcatenate.i7.i1.i6, i1 %trunc_ln166, i6 0" [top.cpp:166]   --->   Operation 193 'bitconcatenate' 'tmp_101' <Predicate = (!icmp_ln153)> <Delay = 0.00>
ST_4 : Operation 194 [1/1] (0.40ns)   --->   "%or_ln166_2 = or i7 %tmp_101, i7 %add_ln165_2" [top.cpp:166]   --->   Operation 194 'or' 'or_ln166_2' <Predicate = (!icmp_ln153)> <Delay = 0.40> <CoreInst = "LogicGate">   --->   Core 74 'LogicGate' <Latency = 0> <II = 1> <Delay = 0.40> <FuncUnit> <Opcode : 'and' 'or' 'xor'> <InPorts = 2> <OutPorts = 1>
ST_4 : Operation 195 [1/2] ( I:1.35ns O:1.35ns )   --->   "%neighbor_9 = load i12 %gaussian_blurred_addr_9" [top.cpp:166]   --->   Operation 195 'load' 'neighbor_9' <Predicate = (!icmp_ln153)> <Delay = 1.35> <CoreInst = "RAM">   --->   Core 82 'RAM' <Latency = 1> <II = 1> <Delay = 1.35> <Storage> <Opcode : 'load' 'store'> <Ports = 2> <Width = 32> <Depth = 4096> <RAM>
ST_4 : Operation 196 [5/5] (6.01ns)   --->   "%intensity_diff_12 = fsub i32 %center_1, i32 %neighbor_12" [top.cpp:168]   --->   Operation 196 'fsub' 'intensity_diff_12' <Predicate = (!icmp_ln153)> <Delay = 6.01> <CoreInst = "FAddSub_fulldsp">   --->   Core 18 'FAddSub_fulldsp' <Latency = 4> <II = 1> <Delay = 6.01> <FuncUnit> <Opcode : 'fadd' 'fsub'> <InPorts = 2> <OutPorts = 1>
ST_4 : Operation 197 [5/5] (6.01ns)   --->   "%intensity_diff_13 = fsub i32 %neighbor_12, i32 %neighbor_12" [top.cpp:168]   --->   Operation 197 'fsub' 'intensity_diff_13' <Predicate = (!icmp_ln153)> <Delay = 6.01> <CoreInst = "FAddSub_fulldsp">   --->   Core 18 'FAddSub_fulldsp' <Latency = 4> <II = 1> <Delay = 6.01> <FuncUnit> <Opcode : 'fadd' 'fsub'> <InPorts = 2> <OutPorts = 1>
ST_4 : Operation 198 [2/2] (1.35ns)   --->   "%neighbor_10 = load i12 %gaussian_blurred_addr_10" [top.cpp:166]   --->   Operation 198 'load' 'neighbor_10' <Predicate = (!icmp_ln153)> <Delay = 1.35> <CoreInst = "RAM">   --->   Core 82 'RAM' <Latency = 1> <II = 1> <Delay = 1.35> <Storage> <Opcode : 'load' 'store'> <Ports = 2> <Width = 32> <Depth = 4096> <RAM>

State 5 <SV = 4> <Delay = 6.01>
ST_5 : Operation 199 [1/1] (0.00ns)   --->   "%tmp_88 = bitconcatenate i12 @_ssdm_op_BitConcatenate.i12.i6.i6, i6 %select_ln154_1, i6 %select_ln154" [top.cpp:166]   --->   Operation 199 'bitconcatenate' 'tmp_88' <Predicate = (!icmp_ln153)> <Delay = 0.00>
ST_5 : Operation 200 [1/1] (0.00ns)   --->   "%zext_ln166_1 = zext i12 %tmp_88" [top.cpp:166]   --->   Operation 200 'zext' 'zext_ln166_1' <Predicate = (!icmp_ln153)> <Delay = 0.00>
ST_5 : Operation 201 [1/1] (0.00ns)   --->   "%gaussian_blurred_addr_2 = getelementptr i32 %gaussian_blurred, i64 0, i64 %zext_ln166_1" [top.cpp:166]   --->   Operation 201 'getelementptr' 'gaussian_blurred_addr_2' <Predicate = (!icmp_ln153)> <Delay = 0.00>
ST_5 : Operation 202 [1/1] (0.00ns)   --->   "%tmp_91 = bitconcatenate i12 @_ssdm_op_BitConcatenate.i12.i6.i6, i6 %select_ln154_1, i6 %add_ln165" [top.cpp:166]   --->   Operation 202 'bitconcatenate' 'tmp_91' <Predicate = (!icmp_ln153)> <Delay = 0.00>
ST_5 : Operation 203 [1/1] (0.00ns)   --->   "%zext_ln166_4 = zext i12 %tmp_91" [top.cpp:166]   --->   Operation 203 'zext' 'zext_ln166_4' <Predicate = (!icmp_ln153)> <Delay = 0.00>
ST_5 : Operation 204 [1/1] (0.00ns)   --->   "%gaussian_blurred_addr_5 = getelementptr i32 %gaussian_blurred, i64 0, i64 %zext_ln166_4" [top.cpp:166]   --->   Operation 204 'getelementptr' 'gaussian_blurred_addr_5' <Predicate = (!icmp_ln153)> <Delay = 0.00>
ST_5 : Operation 205 [3/5] (6.01ns)   --->   "%intensity_diff = fsub i32 %neighbor, i32 %center_1" [top.cpp:168]   --->   Operation 205 'fsub' 'intensity_diff' <Predicate = (!icmp_ln153)> <Delay = 6.01> <CoreInst = "FAddSub_fulldsp">   --->   Core 18 'FAddSub_fulldsp' <Latency = 4> <II = 1> <Delay = 6.01> <FuncUnit> <Opcode : 'fadd' 'fsub'> <InPorts = 2> <OutPorts = 1>
ST_5 : Operation 206 [4/5] (6.01ns)   --->   "%intensity_diff_1 = fsub i32 %neighbor_1, i32 %center_1" [top.cpp:168]   --->   Operation 206 'fsub' 'intensity_diff_1' <Predicate = (!icmp_ln153)> <Delay = 6.01> <CoreInst = "FAddSub_fulldsp">   --->   Core 18 'FAddSub_fulldsp' <Latency = 4> <II = 1> <Delay = 6.01> <FuncUnit> <Opcode : 'fadd' 'fsub'> <InPorts = 2> <OutPorts = 1>
ST_5 : Operation 207 [5/5] (6.01ns)   --->   "%intensity_diff_2 = fsub i32 %neighbor_2, i32 %center_1" [top.cpp:168]   --->   Operation 207 'fsub' 'intensity_diff_2' <Predicate = (!icmp_ln153)> <Delay = 6.01> <CoreInst = "FAddSub_fulldsp">   --->   Core 18 'FAddSub_fulldsp' <Latency = 4> <II = 1> <Delay = 6.01> <FuncUnit> <Opcode : 'fadd' 'fsub'> <InPorts = 2> <OutPorts = 1>
ST_5 : Operation 208 [1/2] ( I:1.35ns O:1.35ns )   --->   "%neighbor_3 = load i12 %gaussian_blurred_addr_4" [top.cpp:166]   --->   Operation 208 'load' 'neighbor_3' <Predicate = (!icmp_ln153)> <Delay = 1.35> <CoreInst = "RAM">   --->   Core 82 'RAM' <Latency = 1> <II = 1> <Delay = 1.35> <Storage> <Opcode : 'load' 'store'> <Ports = 2> <Width = 32> <Depth = 4096> <RAM>
ST_5 : Operation 209 [3/5] (6.01ns)   --->   "%intensity_diff_4 = fsub i32 %center_1, i32 %center_1" [top.cpp:168]   --->   Operation 209 'fsub' 'intensity_diff_4' <Predicate = (!icmp_ln153)> <Delay = 6.01> <CoreInst = "FAddSub_fulldsp">   --->   Core 18 'FAddSub_fulldsp' <Latency = 4> <II = 1> <Delay = 6.01> <FuncUnit> <Opcode : 'fadd' 'fsub'> <InPorts = 2> <OutPorts = 1>
ST_5 : Operation 210 [4/5] (6.01ns)   --->   "%intensity_diff_5 = fsub i32 %neighbor_12, i32 %center_1" [top.cpp:168]   --->   Operation 210 'fsub' 'intensity_diff_5' <Predicate = (!icmp_ln153)> <Delay = 6.01> <CoreInst = "FAddSub_fulldsp">   --->   Core 18 'FAddSub_fulldsp' <Latency = 4> <II = 1> <Delay = 6.01> <FuncUnit> <Opcode : 'fadd' 'fsub'> <InPorts = 2> <OutPorts = 1>
ST_5 : Operation 211 [2/2] (1.35ns)   --->   "%neighbor_6 = load i12 %gaussian_blurred_addr_5" [top.cpp:166]   --->   Operation 211 'load' 'neighbor_6' <Predicate = (!icmp_ln153)> <Delay = 1.35> <CoreInst = "RAM">   --->   Core 82 'RAM' <Latency = 1> <II = 1> <Delay = 1.35> <Storage> <Opcode : 'load' 'store'> <Ports = 2> <Width = 32> <Depth = 4096> <RAM>
ST_5 : Operation 212 [2/2] (1.35ns)   --->   "%neighbor_7 = load i12 %gaussian_blurred_addr_2" [top.cpp:166]   --->   Operation 212 'load' 'neighbor_7' <Predicate = (!icmp_ln153)> <Delay = 1.35> <CoreInst = "RAM">   --->   Core 82 'RAM' <Latency = 1> <II = 1> <Delay = 1.35> <Storage> <Opcode : 'load' 'store'> <Ports = 2> <Width = 32> <Depth = 4096> <RAM>
ST_5 : Operation 213 [4/5] (6.01ns)   --->   "%intensity_diff_9 = fsub i32 %neighbor_1, i32 %neighbor_12" [top.cpp:168]   --->   Operation 213 'fsub' 'intensity_diff_9' <Predicate = (!icmp_ln153)> <Delay = 6.01> <CoreInst = "FAddSub_fulldsp">   --->   Core 18 'FAddSub_fulldsp' <Latency = 4> <II = 1> <Delay = 6.01> <FuncUnit> <Opcode : 'fadd' 'fsub'> <InPorts = 2> <OutPorts = 1>
ST_5 : Operation 214 [5/5] (6.01ns)   --->   "%intensity_diff_10 = fsub i32 %neighbor_2, i32 %neighbor_12" [top.cpp:168]   --->   Operation 214 'fsub' 'intensity_diff_10' <Predicate = (!icmp_ln153)> <Delay = 6.01> <CoreInst = "FAddSub_fulldsp">   --->   Core 18 'FAddSub_fulldsp' <Latency = 4> <II = 1> <Delay = 6.01> <FuncUnit> <Opcode : 'fadd' 'fsub'> <InPorts = 2> <OutPorts = 1>
ST_5 : Operation 215 [5/5] (6.01ns)   --->   "%intensity_diff_11 = fsub i32 %neighbor_9, i32 %neighbor_12" [top.cpp:168]   --->   Operation 215 'fsub' 'intensity_diff_11' <Predicate = (!icmp_ln153)> <Delay = 6.01> <CoreInst = "FAddSub_fulldsp">   --->   Core 18 'FAddSub_fulldsp' <Latency = 4> <II = 1> <Delay = 6.01> <FuncUnit> <Opcode : 'fadd' 'fsub'> <InPorts = 2> <OutPorts = 1>
ST_5 : Operation 216 [4/5] (6.01ns)   --->   "%intensity_diff_12 = fsub i32 %center_1, i32 %neighbor_12" [top.cpp:168]   --->   Operation 216 'fsub' 'intensity_diff_12' <Predicate = (!icmp_ln153)> <Delay = 6.01> <CoreInst = "FAddSub_fulldsp">   --->   Core 18 'FAddSub_fulldsp' <Latency = 4> <II = 1> <Delay = 6.01> <FuncUnit> <Opcode : 'fadd' 'fsub'> <InPorts = 2> <OutPorts = 1>
ST_5 : Operation 217 [4/5] (6.01ns)   --->   "%intensity_diff_13 = fsub i32 %neighbor_12, i32 %neighbor_12" [top.cpp:168]   --->   Operation 217 'fsub' 'intensity_diff_13' <Predicate = (!icmp_ln153)> <Delay = 6.01> <CoreInst = "FAddSub_fulldsp">   --->   Core 18 'FAddSub_fulldsp' <Latency = 4> <II = 1> <Delay = 6.01> <FuncUnit> <Opcode : 'fadd' 'fsub'> <InPorts = 2> <OutPorts = 1>
ST_5 : Operation 218 [1/2] ( I:1.35ns O:1.35ns )   --->   "%neighbor_10 = load i12 %gaussian_blurred_addr_10" [top.cpp:166]   --->   Operation 218 'load' 'neighbor_10' <Predicate = (!icmp_ln153)> <Delay = 1.35> <CoreInst = "RAM">   --->   Core 82 'RAM' <Latency = 1> <II = 1> <Delay = 1.35> <Storage> <Opcode : 'load' 'store'> <Ports = 2> <Width = 32> <Depth = 4096> <RAM>

State 6 <SV = 5> <Delay = 6.01>
ST_6 : Operation 219 [2/5] (6.01ns)   --->   "%intensity_diff = fsub i32 %neighbor, i32 %center_1" [top.cpp:168]   --->   Operation 219 'fsub' 'intensity_diff' <Predicate = (!icmp_ln153)> <Delay = 6.01> <CoreInst = "FAddSub_fulldsp">   --->   Core 18 'FAddSub_fulldsp' <Latency = 4> <II = 1> <Delay = 6.01> <FuncUnit> <Opcode : 'fadd' 'fsub'> <InPorts = 2> <OutPorts = 1>
ST_6 : Operation 220 [3/5] (6.01ns)   --->   "%intensity_diff_1 = fsub i32 %neighbor_1, i32 %center_1" [top.cpp:168]   --->   Operation 220 'fsub' 'intensity_diff_1' <Predicate = (!icmp_ln153)> <Delay = 6.01> <CoreInst = "FAddSub_fulldsp">   --->   Core 18 'FAddSub_fulldsp' <Latency = 4> <II = 1> <Delay = 6.01> <FuncUnit> <Opcode : 'fadd' 'fsub'> <InPorts = 2> <OutPorts = 1>
ST_6 : Operation 221 [1/1] (0.00ns)   --->   "%tmp_94 = bitconcatenate i12 @_ssdm_op_BitConcatenate.i12.i6.i6, i6 %select_ln154_1, i6 %add_ln165_1" [top.cpp:166]   --->   Operation 221 'bitconcatenate' 'tmp_94' <Predicate = (!icmp_ln153)> <Delay = 0.00>
ST_6 : Operation 222 [1/1] (0.00ns)   --->   "%zext_ln166_6 = zext i12 %tmp_94" [top.cpp:166]   --->   Operation 222 'zext' 'zext_ln166_6' <Predicate = (!icmp_ln153)> <Delay = 0.00>
ST_6 : Operation 223 [1/1] (0.00ns)   --->   "%gaussian_blurred_addr_8 = getelementptr i32 %gaussian_blurred, i64 0, i64 %zext_ln166_6" [top.cpp:166]   --->   Operation 223 'getelementptr' 'gaussian_blurred_addr_8' <Predicate = (!icmp_ln153)> <Delay = 0.00>
ST_6 : Operation 224 [4/5] (6.01ns)   --->   "%intensity_diff_2 = fsub i32 %neighbor_2, i32 %center_1" [top.cpp:168]   --->   Operation 224 'fsub' 'intensity_diff_2' <Predicate = (!icmp_ln153)> <Delay = 6.01> <CoreInst = "FAddSub_fulldsp">   --->   Core 18 'FAddSub_fulldsp' <Latency = 4> <II = 1> <Delay = 6.01> <FuncUnit> <Opcode : 'fadd' 'fsub'> <InPorts = 2> <OutPorts = 1>
ST_6 : Operation 225 [5/5] (6.01ns)   --->   "%intensity_diff_3 = fsub i32 %neighbor_3, i32 %center_1" [top.cpp:168]   --->   Operation 225 'fsub' 'intensity_diff_3' <Predicate = (!icmp_ln153)> <Delay = 6.01> <CoreInst = "FAddSub_fulldsp">   --->   Core 18 'FAddSub_fulldsp' <Latency = 4> <II = 1> <Delay = 6.01> <FuncUnit> <Opcode : 'fadd' 'fsub'> <InPorts = 2> <OutPorts = 1>
ST_6 : Operation 226 [2/5] (6.01ns)   --->   "%intensity_diff_4 = fsub i32 %center_1, i32 %center_1" [top.cpp:168]   --->   Operation 226 'fsub' 'intensity_diff_4' <Predicate = (!icmp_ln153)> <Delay = 6.01> <CoreInst = "FAddSub_fulldsp">   --->   Core 18 'FAddSub_fulldsp' <Latency = 4> <II = 1> <Delay = 6.01> <FuncUnit> <Opcode : 'fadd' 'fsub'> <InPorts = 2> <OutPorts = 1>
ST_6 : Operation 227 [3/5] (6.01ns)   --->   "%intensity_diff_5 = fsub i32 %neighbor_12, i32 %center_1" [top.cpp:168]   --->   Operation 227 'fsub' 'intensity_diff_5' <Predicate = (!icmp_ln153)> <Delay = 6.01> <CoreInst = "FAddSub_fulldsp">   --->   Core 18 'FAddSub_fulldsp' <Latency = 4> <II = 1> <Delay = 6.01> <FuncUnit> <Opcode : 'fadd' 'fsub'> <InPorts = 2> <OutPorts = 1>
ST_6 : Operation 228 [1/2] ( I:1.35ns O:1.35ns )   --->   "%neighbor_6 = load i12 %gaussian_blurred_addr_5" [top.cpp:166]   --->   Operation 228 'load' 'neighbor_6' <Predicate = (!icmp_ln153)> <Delay = 1.35> <CoreInst = "RAM">   --->   Core 82 'RAM' <Latency = 1> <II = 1> <Delay = 1.35> <Storage> <Opcode : 'load' 'store'> <Ports = 2> <Width = 32> <Depth = 4096> <RAM>
ST_6 : Operation 229 [1/2] ( I:1.35ns O:1.35ns )   --->   "%neighbor_7 = load i12 %gaussian_blurred_addr_2" [top.cpp:166]   --->   Operation 229 'load' 'neighbor_7' <Predicate = (!icmp_ln153)> <Delay = 1.35> <CoreInst = "RAM">   --->   Core 82 'RAM' <Latency = 1> <II = 1> <Delay = 1.35> <Storage> <Opcode : 'load' 'store'> <Ports = 2> <Width = 32> <Depth = 4096> <RAM>
ST_6 : Operation 230 [2/2] (1.35ns)   --->   "%neighbor_8 = load i12 %gaussian_blurred_addr_8" [top.cpp:166]   --->   Operation 230 'load' 'neighbor_8' <Predicate = (!icmp_ln153)> <Delay = 1.35> <CoreInst = "RAM">   --->   Core 82 'RAM' <Latency = 1> <II = 1> <Delay = 1.35> <Storage> <Opcode : 'load' 'store'> <Ports = 2> <Width = 32> <Depth = 4096> <RAM>
ST_6 : Operation 231 [3/5] (6.01ns)   --->   "%intensity_diff_9 = fsub i32 %neighbor_1, i32 %neighbor_12" [top.cpp:168]   --->   Operation 231 'fsub' 'intensity_diff_9' <Predicate = (!icmp_ln153)> <Delay = 6.01> <CoreInst = "FAddSub_fulldsp">   --->   Core 18 'FAddSub_fulldsp' <Latency = 4> <II = 1> <Delay = 6.01> <FuncUnit> <Opcode : 'fadd' 'fsub'> <InPorts = 2> <OutPorts = 1>
ST_6 : Operation 232 [4/5] (6.01ns)   --->   "%intensity_diff_10 = fsub i32 %neighbor_2, i32 %neighbor_12" [top.cpp:168]   --->   Operation 232 'fsub' 'intensity_diff_10' <Predicate = (!icmp_ln153)> <Delay = 6.01> <CoreInst = "FAddSub_fulldsp">   --->   Core 18 'FAddSub_fulldsp' <Latency = 4> <II = 1> <Delay = 6.01> <FuncUnit> <Opcode : 'fadd' 'fsub'> <InPorts = 2> <OutPorts = 1>
ST_6 : Operation 233 [1/1] (0.00ns)   --->   "%tmp_103 = bitconcatenate i12 @_ssdm_op_BitConcatenate.i12.i5.i7, i5 %tmp_102, i7 %or_ln166_2" [top.cpp:166]   --->   Operation 233 'bitconcatenate' 'tmp_103' <Predicate = (!icmp_ln153)> <Delay = 0.00>
ST_6 : Operation 234 [1/1] (0.00ns)   --->   "%zext_ln166_9 = zext i12 %tmp_103" [top.cpp:166]   --->   Operation 234 'zext' 'zext_ln166_9' <Predicate = (!icmp_ln153)> <Delay = 0.00>
ST_6 : Operation 235 [1/1] (0.00ns)   --->   "%gaussian_blurred_addr_11 = getelementptr i32 %gaussian_blurred, i64 0, i64 %zext_ln166_9" [top.cpp:166]   --->   Operation 235 'getelementptr' 'gaussian_blurred_addr_11' <Predicate = (!icmp_ln153)> <Delay = 0.00>
ST_6 : Operation 236 [4/5] (6.01ns)   --->   "%intensity_diff_11 = fsub i32 %neighbor_9, i32 %neighbor_12" [top.cpp:168]   --->   Operation 236 'fsub' 'intensity_diff_11' <Predicate = (!icmp_ln153)> <Delay = 6.01> <CoreInst = "FAddSub_fulldsp">   --->   Core 18 'FAddSub_fulldsp' <Latency = 4> <II = 1> <Delay = 6.01> <FuncUnit> <Opcode : 'fadd' 'fsub'> <InPorts = 2> <OutPorts = 1>
ST_6 : Operation 237 [3/5] (6.01ns)   --->   "%intensity_diff_12 = fsub i32 %center_1, i32 %neighbor_12" [top.cpp:168]   --->   Operation 237 'fsub' 'intensity_diff_12' <Predicate = (!icmp_ln153)> <Delay = 6.01> <CoreInst = "FAddSub_fulldsp">   --->   Core 18 'FAddSub_fulldsp' <Latency = 4> <II = 1> <Delay = 6.01> <FuncUnit> <Opcode : 'fadd' 'fsub'> <InPorts = 2> <OutPorts = 1>
ST_6 : Operation 238 [3/5] (6.01ns)   --->   "%intensity_diff_13 = fsub i32 %neighbor_12, i32 %neighbor_12" [top.cpp:168]   --->   Operation 238 'fsub' 'intensity_diff_13' <Predicate = (!icmp_ln153)> <Delay = 6.01> <CoreInst = "FAddSub_fulldsp">   --->   Core 18 'FAddSub_fulldsp' <Latency = 4> <II = 1> <Delay = 6.01> <FuncUnit> <Opcode : 'fadd' 'fsub'> <InPorts = 2> <OutPorts = 1>
ST_6 : Operation 239 [5/5] (6.01ns)   --->   "%intensity_diff_14 = fsub i32 %neighbor_10, i32 %neighbor_12" [top.cpp:168]   --->   Operation 239 'fsub' 'intensity_diff_14' <Predicate = (!icmp_ln153)> <Delay = 6.01> <CoreInst = "FAddSub_fulldsp">   --->   Core 18 'FAddSub_fulldsp' <Latency = 4> <II = 1> <Delay = 6.01> <FuncUnit> <Opcode : 'fadd' 'fsub'> <InPorts = 2> <OutPorts = 1>
ST_6 : Operation 240 [2/2] (1.35ns)   --->   "%neighbor_11 = load i12 %gaussian_blurred_addr_11" [top.cpp:166]   --->   Operation 240 'load' 'neighbor_11' <Predicate = (!icmp_ln153)> <Delay = 1.35> <CoreInst = "RAM">   --->   Core 82 'RAM' <Latency = 1> <II = 1> <Delay = 1.35> <Storage> <Opcode : 'load' 'store'> <Ports = 2> <Width = 32> <Depth = 4096> <RAM>

State 7 <SV = 6> <Delay = 6.01>
ST_7 : Operation 241 [1/5] (6.01ns)   --->   "%intensity_diff = fsub i32 %neighbor, i32 %center_1" [top.cpp:168]   --->   Operation 241 'fsub' 'intensity_diff' <Predicate = true> <Delay = 6.01> <CoreInst = "FAddSub_fulldsp">   --->   Core 18 'FAddSub_fulldsp' <Latency = 4> <II = 1> <Delay = 6.01> <FuncUnit> <Opcode : 'fadd' 'fsub'> <InPorts = 2> <OutPorts = 1>
ST_7 : Operation 242 [2/5] (6.01ns)   --->   "%intensity_diff_1 = fsub i32 %neighbor_1, i32 %center_1" [top.cpp:168]   --->   Operation 242 'fsub' 'intensity_diff_1' <Predicate = true> <Delay = 6.01> <CoreInst = "FAddSub_fulldsp">   --->   Core 18 'FAddSub_fulldsp' <Latency = 4> <II = 1> <Delay = 6.01> <FuncUnit> <Opcode : 'fadd' 'fsub'> <InPorts = 2> <OutPorts = 1>
ST_7 : Operation 243 [3/5] (6.01ns)   --->   "%intensity_diff_2 = fsub i32 %neighbor_2, i32 %center_1" [top.cpp:168]   --->   Operation 243 'fsub' 'intensity_diff_2' <Predicate = true> <Delay = 6.01> <CoreInst = "FAddSub_fulldsp">   --->   Core 18 'FAddSub_fulldsp' <Latency = 4> <II = 1> <Delay = 6.01> <FuncUnit> <Opcode : 'fadd' 'fsub'> <InPorts = 2> <OutPorts = 1>
ST_7 : Operation 244 [4/5] (6.01ns)   --->   "%intensity_diff_3 = fsub i32 %neighbor_3, i32 %center_1" [top.cpp:168]   --->   Operation 244 'fsub' 'intensity_diff_3' <Predicate = true> <Delay = 6.01> <CoreInst = "FAddSub_fulldsp">   --->   Core 18 'FAddSub_fulldsp' <Latency = 4> <II = 1> <Delay = 6.01> <FuncUnit> <Opcode : 'fadd' 'fsub'> <InPorts = 2> <OutPorts = 1>
ST_7 : Operation 245 [1/5] (6.01ns)   --->   "%intensity_diff_4 = fsub i32 %center_1, i32 %center_1" [top.cpp:168]   --->   Operation 245 'fsub' 'intensity_diff_4' <Predicate = true> <Delay = 6.01> <CoreInst = "FAddSub_fulldsp">   --->   Core 18 'FAddSub_fulldsp' <Latency = 4> <II = 1> <Delay = 6.01> <FuncUnit> <Opcode : 'fadd' 'fsub'> <InPorts = 2> <OutPorts = 1>
ST_7 : Operation 246 [2/5] (6.01ns)   --->   "%intensity_diff_5 = fsub i32 %neighbor_12, i32 %center_1" [top.cpp:168]   --->   Operation 246 'fsub' 'intensity_diff_5' <Predicate = true> <Delay = 6.01> <CoreInst = "FAddSub_fulldsp">   --->   Core 18 'FAddSub_fulldsp' <Latency = 4> <II = 1> <Delay = 6.01> <FuncUnit> <Opcode : 'fadd' 'fsub'> <InPorts = 2> <OutPorts = 1>
ST_7 : Operation 247 [5/5] (6.01ns)   --->   "%intensity_diff_6 = fsub i32 %neighbor_6, i32 %center_1" [top.cpp:168]   --->   Operation 247 'fsub' 'intensity_diff_6' <Predicate = true> <Delay = 6.01> <CoreInst = "FAddSub_fulldsp">   --->   Core 18 'FAddSub_fulldsp' <Latency = 4> <II = 1> <Delay = 6.01> <FuncUnit> <Opcode : 'fadd' 'fsub'> <InPorts = 2> <OutPorts = 1>
ST_7 : Operation 248 [5/5] (6.01ns)   --->   "%intensity_diff_7 = fsub i32 %neighbor_7, i32 %center_1" [top.cpp:168]   --->   Operation 248 'fsub' 'intensity_diff_7' <Predicate = true> <Delay = 6.01> <CoreInst = "FAddSub_fulldsp">   --->   Core 18 'FAddSub_fulldsp' <Latency = 4> <II = 1> <Delay = 6.01> <FuncUnit> <Opcode : 'fadd' 'fsub'> <InPorts = 2> <OutPorts = 1>
ST_7 : Operation 249 [1/2] ( I:1.35ns O:1.35ns )   --->   "%neighbor_8 = load i12 %gaussian_blurred_addr_8" [top.cpp:166]   --->   Operation 249 'load' 'neighbor_8' <Predicate = true> <Delay = 1.35> <CoreInst = "RAM">   --->   Core 82 'RAM' <Latency = 1> <II = 1> <Delay = 1.35> <Storage> <Opcode : 'load' 'store'> <Ports = 2> <Width = 32> <Depth = 4096> <RAM>
ST_7 : Operation 250 [2/5] (6.01ns)   --->   "%intensity_diff_9 = fsub i32 %neighbor_1, i32 %neighbor_12" [top.cpp:168]   --->   Operation 250 'fsub' 'intensity_diff_9' <Predicate = true> <Delay = 6.01> <CoreInst = "FAddSub_fulldsp">   --->   Core 18 'FAddSub_fulldsp' <Latency = 4> <II = 1> <Delay = 6.01> <FuncUnit> <Opcode : 'fadd' 'fsub'> <InPorts = 2> <OutPorts = 1>
ST_7 : Operation 251 [3/5] (6.01ns)   --->   "%intensity_diff_10 = fsub i32 %neighbor_2, i32 %neighbor_12" [top.cpp:168]   --->   Operation 251 'fsub' 'intensity_diff_10' <Predicate = true> <Delay = 6.01> <CoreInst = "FAddSub_fulldsp">   --->   Core 18 'FAddSub_fulldsp' <Latency = 4> <II = 1> <Delay = 6.01> <FuncUnit> <Opcode : 'fadd' 'fsub'> <InPorts = 2> <OutPorts = 1>
ST_7 : Operation 252 [3/5] (6.01ns)   --->   "%intensity_diff_11 = fsub i32 %neighbor_9, i32 %neighbor_12" [top.cpp:168]   --->   Operation 252 'fsub' 'intensity_diff_11' <Predicate = true> <Delay = 6.01> <CoreInst = "FAddSub_fulldsp">   --->   Core 18 'FAddSub_fulldsp' <Latency = 4> <II = 1> <Delay = 6.01> <FuncUnit> <Opcode : 'fadd' 'fsub'> <InPorts = 2> <OutPorts = 1>
ST_7 : Operation 253 [2/5] (6.01ns)   --->   "%intensity_diff_12 = fsub i32 %center_1, i32 %neighbor_12" [top.cpp:168]   --->   Operation 253 'fsub' 'intensity_diff_12' <Predicate = true> <Delay = 6.01> <CoreInst = "FAddSub_fulldsp">   --->   Core 18 'FAddSub_fulldsp' <Latency = 4> <II = 1> <Delay = 6.01> <FuncUnit> <Opcode : 'fadd' 'fsub'> <InPorts = 2> <OutPorts = 1>
ST_7 : Operation 254 [2/5] (6.01ns)   --->   "%intensity_diff_13 = fsub i32 %neighbor_12, i32 %neighbor_12" [top.cpp:168]   --->   Operation 254 'fsub' 'intensity_diff_13' <Predicate = true> <Delay = 6.01> <CoreInst = "FAddSub_fulldsp">   --->   Core 18 'FAddSub_fulldsp' <Latency = 4> <II = 1> <Delay = 6.01> <FuncUnit> <Opcode : 'fadd' 'fsub'> <InPorts = 2> <OutPorts = 1>
ST_7 : Operation 255 [4/5] (6.01ns)   --->   "%intensity_diff_14 = fsub i32 %neighbor_10, i32 %neighbor_12" [top.cpp:168]   --->   Operation 255 'fsub' 'intensity_diff_14' <Predicate = true> <Delay = 6.01> <CoreInst = "FAddSub_fulldsp">   --->   Core 18 'FAddSub_fulldsp' <Latency = 4> <II = 1> <Delay = 6.01> <FuncUnit> <Opcode : 'fadd' 'fsub'> <InPorts = 2> <OutPorts = 1>
ST_7 : Operation 256 [5/5] (6.01ns)   --->   "%intensity_diff_15 = fsub i32 %neighbor_7, i32 %neighbor_12" [top.cpp:168]   --->   Operation 256 'fsub' 'intensity_diff_15' <Predicate = true> <Delay = 6.01> <CoreInst = "FAddSub_fulldsp">   --->   Core 18 'FAddSub_fulldsp' <Latency = 4> <II = 1> <Delay = 6.01> <FuncUnit> <Opcode : 'fadd' 'fsub'> <InPorts = 2> <OutPorts = 1>
ST_7 : Operation 257 [1/2] ( I:1.35ns O:1.35ns )   --->   "%neighbor_11 = load i12 %gaussian_blurred_addr_11" [top.cpp:166]   --->   Operation 257 'load' 'neighbor_11' <Predicate = true> <Delay = 1.35> <CoreInst = "RAM">   --->   Core 82 'RAM' <Latency = 1> <II = 1> <Delay = 1.35> <Storage> <Opcode : 'load' 'store'> <Ports = 2> <Width = 32> <Depth = 4096> <RAM>

State 8 <SV = 7> <Delay = 6.01>
ST_8 : Operation 258 [4/4] (4.67ns)   --->   "%mul1 = fmul i32 %intensity_diff, i32 %intensity_diff" [top.cpp:169]   --->   Operation 258 'fmul' 'mul1' <Predicate = true> <Delay = 4.67> <CoreInst = "FMul_maxdsp">   --->   Core 30 'FMul_maxdsp' <Latency = 3> <II = 1> <Delay = 4.67> <FuncUnit> <Opcode : 'fmul'> <InPorts = 2> <OutPorts = 1>
ST_8 : Operation 259 [1/5] (6.01ns)   --->   "%intensity_diff_1 = fsub i32 %neighbor_1, i32 %center_1" [top.cpp:168]   --->   Operation 259 'fsub' 'intensity_diff_1' <Predicate = true> <Delay = 6.01> <CoreInst = "FAddSub_fulldsp">   --->   Core 18 'FAddSub_fulldsp' <Latency = 4> <II = 1> <Delay = 6.01> <FuncUnit> <Opcode : 'fadd' 'fsub'> <InPorts = 2> <OutPorts = 1>
ST_8 : Operation 260 [2/5] (6.01ns)   --->   "%intensity_diff_2 = fsub i32 %neighbor_2, i32 %center_1" [top.cpp:168]   --->   Operation 260 'fsub' 'intensity_diff_2' <Predicate = true> <Delay = 6.01> <CoreInst = "FAddSub_fulldsp">   --->   Core 18 'FAddSub_fulldsp' <Latency = 4> <II = 1> <Delay = 6.01> <FuncUnit> <Opcode : 'fadd' 'fsub'> <InPorts = 2> <OutPorts = 1>
ST_8 : Operation 261 [3/5] (6.01ns)   --->   "%intensity_diff_3 = fsub i32 %neighbor_3, i32 %center_1" [top.cpp:168]   --->   Operation 261 'fsub' 'intensity_diff_3' <Predicate = true> <Delay = 6.01> <CoreInst = "FAddSub_fulldsp">   --->   Core 18 'FAddSub_fulldsp' <Latency = 4> <II = 1> <Delay = 6.01> <FuncUnit> <Opcode : 'fadd' 'fsub'> <InPorts = 2> <OutPorts = 1>
ST_8 : Operation 262 [4/4] (4.67ns)   --->   "%mul366_1166_1 = fmul i32 %intensity_diff_4, i32 %intensity_diff_4" [top.cpp:169]   --->   Operation 262 'fmul' 'mul366_1166_1' <Predicate = true> <Delay = 4.67> <CoreInst = "FMul_maxdsp">   --->   Core 30 'FMul_maxdsp' <Latency = 3> <II = 1> <Delay = 4.67> <FuncUnit> <Opcode : 'fmul'> <InPorts = 2> <OutPorts = 1>
ST_8 : Operation 263 [1/5] (6.01ns)   --->   "%intensity_diff_5 = fsub i32 %neighbor_12, i32 %center_1" [top.cpp:168]   --->   Operation 263 'fsub' 'intensity_diff_5' <Predicate = true> <Delay = 6.01> <CoreInst = "FAddSub_fulldsp">   --->   Core 18 'FAddSub_fulldsp' <Latency = 4> <II = 1> <Delay = 6.01> <FuncUnit> <Opcode : 'fadd' 'fsub'> <InPorts = 2> <OutPorts = 1>
ST_8 : Operation 264 [4/5] (6.01ns)   --->   "%intensity_diff_6 = fsub i32 %neighbor_6, i32 %center_1" [top.cpp:168]   --->   Operation 264 'fsub' 'intensity_diff_6' <Predicate = true> <Delay = 6.01> <CoreInst = "FAddSub_fulldsp">   --->   Core 18 'FAddSub_fulldsp' <Latency = 4> <II = 1> <Delay = 6.01> <FuncUnit> <Opcode : 'fadd' 'fsub'> <InPorts = 2> <OutPorts = 1>
ST_8 : Operation 265 [4/5] (6.01ns)   --->   "%intensity_diff_7 = fsub i32 %neighbor_7, i32 %center_1" [top.cpp:168]   --->   Operation 265 'fsub' 'intensity_diff_7' <Predicate = true> <Delay = 6.01> <CoreInst = "FAddSub_fulldsp">   --->   Core 18 'FAddSub_fulldsp' <Latency = 4> <II = 1> <Delay = 6.01> <FuncUnit> <Opcode : 'fadd' 'fsub'> <InPorts = 2> <OutPorts = 1>
ST_8 : Operation 266 [5/5] (6.01ns)   --->   "%intensity_diff_8 = fsub i32 %neighbor_8, i32 %center_1" [top.cpp:168]   --->   Operation 266 'fsub' 'intensity_diff_8' <Predicate = true> <Delay = 6.01> <CoreInst = "FAddSub_fulldsp">   --->   Core 18 'FAddSub_fulldsp' <Latency = 4> <II = 1> <Delay = 6.01> <FuncUnit> <Opcode : 'fadd' 'fsub'> <InPorts = 2> <OutPorts = 1>
ST_8 : Operation 267 [1/5] (6.01ns)   --->   "%intensity_diff_9 = fsub i32 %neighbor_1, i32 %neighbor_12" [top.cpp:168]   --->   Operation 267 'fsub' 'intensity_diff_9' <Predicate = true> <Delay = 6.01> <CoreInst = "FAddSub_fulldsp">   --->   Core 18 'FAddSub_fulldsp' <Latency = 4> <II = 1> <Delay = 6.01> <FuncUnit> <Opcode : 'fadd' 'fsub'> <InPorts = 2> <OutPorts = 1>
ST_8 : Operation 268 [2/5] (6.01ns)   --->   "%intensity_diff_10 = fsub i32 %neighbor_2, i32 %neighbor_12" [top.cpp:168]   --->   Operation 268 'fsub' 'intensity_diff_10' <Predicate = true> <Delay = 6.01> <CoreInst = "FAddSub_fulldsp">   --->   Core 18 'FAddSub_fulldsp' <Latency = 4> <II = 1> <Delay = 6.01> <FuncUnit> <Opcode : 'fadd' 'fsub'> <InPorts = 2> <OutPorts = 1>
ST_8 : Operation 269 [2/5] (6.01ns)   --->   "%intensity_diff_11 = fsub i32 %neighbor_9, i32 %neighbor_12" [top.cpp:168]   --->   Operation 269 'fsub' 'intensity_diff_11' <Predicate = true> <Delay = 6.01> <CoreInst = "FAddSub_fulldsp">   --->   Core 18 'FAddSub_fulldsp' <Latency = 4> <II = 1> <Delay = 6.01> <FuncUnit> <Opcode : 'fadd' 'fsub'> <InPorts = 2> <OutPorts = 1>
ST_8 : Operation 270 [1/5] (6.01ns)   --->   "%intensity_diff_12 = fsub i32 %center_1, i32 %neighbor_12" [top.cpp:168]   --->   Operation 270 'fsub' 'intensity_diff_12' <Predicate = true> <Delay = 6.01> <CoreInst = "FAddSub_fulldsp">   --->   Core 18 'FAddSub_fulldsp' <Latency = 4> <II = 1> <Delay = 6.01> <FuncUnit> <Opcode : 'fadd' 'fsub'> <InPorts = 2> <OutPorts = 1>
ST_8 : Operation 271 [1/5] (6.01ns)   --->   "%intensity_diff_13 = fsub i32 %neighbor_12, i32 %neighbor_12" [top.cpp:168]   --->   Operation 271 'fsub' 'intensity_diff_13' <Predicate = true> <Delay = 6.01> <CoreInst = "FAddSub_fulldsp">   --->   Core 18 'FAddSub_fulldsp' <Latency = 4> <II = 1> <Delay = 6.01> <FuncUnit> <Opcode : 'fadd' 'fsub'> <InPorts = 2> <OutPorts = 1>
ST_8 : Operation 272 [3/5] (6.01ns)   --->   "%intensity_diff_14 = fsub i32 %neighbor_10, i32 %neighbor_12" [top.cpp:168]   --->   Operation 272 'fsub' 'intensity_diff_14' <Predicate = true> <Delay = 6.01> <CoreInst = "FAddSub_fulldsp">   --->   Core 18 'FAddSub_fulldsp' <Latency = 4> <II = 1> <Delay = 6.01> <FuncUnit> <Opcode : 'fadd' 'fsub'> <InPorts = 2> <OutPorts = 1>
ST_8 : Operation 273 [4/5] (6.01ns)   --->   "%intensity_diff_15 = fsub i32 %neighbor_7, i32 %neighbor_12" [top.cpp:168]   --->   Operation 273 'fsub' 'intensity_diff_15' <Predicate = true> <Delay = 6.01> <CoreInst = "FAddSub_fulldsp">   --->   Core 18 'FAddSub_fulldsp' <Latency = 4> <II = 1> <Delay = 6.01> <FuncUnit> <Opcode : 'fadd' 'fsub'> <InPorts = 2> <OutPorts = 1>
ST_8 : Operation 274 [5/5] (6.01ns)   --->   "%intensity_diff_16 = fsub i32 %neighbor_8, i32 %neighbor_12" [top.cpp:168]   --->   Operation 274 'fsub' 'intensity_diff_16' <Predicate = true> <Delay = 6.01> <CoreInst = "FAddSub_fulldsp">   --->   Core 18 'FAddSub_fulldsp' <Latency = 4> <II = 1> <Delay = 6.01> <FuncUnit> <Opcode : 'fadd' 'fsub'> <InPorts = 2> <OutPorts = 1>
ST_8 : Operation 275 [5/5] (6.01ns)   --->   "%intensity_diff_17 = fsub i32 %neighbor_11, i32 %neighbor_12" [top.cpp:168]   --->   Operation 275 'fsub' 'intensity_diff_17' <Predicate = true> <Delay = 6.01> <CoreInst = "FAddSub_fulldsp">   --->   Core 18 'FAddSub_fulldsp' <Latency = 4> <II = 1> <Delay = 6.01> <FuncUnit> <Opcode : 'fadd' 'fsub'> <InPorts = 2> <OutPorts = 1>

State 9 <SV = 8> <Delay = 6.01>
ST_9 : Operation 276 [3/4] (4.67ns)   --->   "%mul1 = fmul i32 %intensity_diff, i32 %intensity_diff" [top.cpp:169]   --->   Operation 276 'fmul' 'mul1' <Predicate = true> <Delay = 4.67> <CoreInst = "FMul_maxdsp">   --->   Core 30 'FMul_maxdsp' <Latency = 3> <II = 1> <Delay = 4.67> <FuncUnit> <Opcode : 'fmul'> <InPorts = 2> <OutPorts = 1>
ST_9 : Operation 277 [4/4] (4.67ns)   --->   "%mul366_s = fmul i32 %intensity_diff_1, i32 %intensity_diff_1" [top.cpp:169]   --->   Operation 277 'fmul' 'mul366_s' <Predicate = true> <Delay = 4.67> <CoreInst = "FMul_maxdsp">   --->   Core 30 'FMul_maxdsp' <Latency = 3> <II = 1> <Delay = 4.67> <FuncUnit> <Opcode : 'fmul'> <InPorts = 2> <OutPorts = 1>
ST_9 : Operation 278 [1/5] (6.01ns)   --->   "%intensity_diff_2 = fsub i32 %neighbor_2, i32 %center_1" [top.cpp:168]   --->   Operation 278 'fsub' 'intensity_diff_2' <Predicate = true> <Delay = 6.01> <CoreInst = "FAddSub_fulldsp">   --->   Core 18 'FAddSub_fulldsp' <Latency = 4> <II = 1> <Delay = 6.01> <FuncUnit> <Opcode : 'fadd' 'fsub'> <InPorts = 2> <OutPorts = 1>
ST_9 : Operation 279 [2/5] (6.01ns)   --->   "%intensity_diff_3 = fsub i32 %neighbor_3, i32 %center_1" [top.cpp:168]   --->   Operation 279 'fsub' 'intensity_diff_3' <Predicate = true> <Delay = 6.01> <CoreInst = "FAddSub_fulldsp">   --->   Core 18 'FAddSub_fulldsp' <Latency = 4> <II = 1> <Delay = 6.01> <FuncUnit> <Opcode : 'fadd' 'fsub'> <InPorts = 2> <OutPorts = 1>
ST_9 : Operation 280 [3/4] (4.67ns)   --->   "%mul366_1166_1 = fmul i32 %intensity_diff_4, i32 %intensity_diff_4" [top.cpp:169]   --->   Operation 280 'fmul' 'mul366_1166_1' <Predicate = true> <Delay = 4.67> <CoreInst = "FMul_maxdsp">   --->   Core 30 'FMul_maxdsp' <Latency = 3> <II = 1> <Delay = 4.67> <FuncUnit> <Opcode : 'fmul'> <InPorts = 2> <OutPorts = 1>
ST_9 : Operation 281 [4/4] (4.67ns)   --->   "%mul366_1166_2 = fmul i32 %intensity_diff_5, i32 %intensity_diff_5" [top.cpp:169]   --->   Operation 281 'fmul' 'mul366_1166_2' <Predicate = true> <Delay = 4.67> <CoreInst = "FMul_maxdsp">   --->   Core 30 'FMul_maxdsp' <Latency = 3> <II = 1> <Delay = 4.67> <FuncUnit> <Opcode : 'fmul'> <InPorts = 2> <OutPorts = 1>
ST_9 : Operation 282 [3/5] (6.01ns)   --->   "%intensity_diff_6 = fsub i32 %neighbor_6, i32 %center_1" [top.cpp:168]   --->   Operation 282 'fsub' 'intensity_diff_6' <Predicate = true> <Delay = 6.01> <CoreInst = "FAddSub_fulldsp">   --->   Core 18 'FAddSub_fulldsp' <Latency = 4> <II = 1> <Delay = 6.01> <FuncUnit> <Opcode : 'fadd' 'fsub'> <InPorts = 2> <OutPorts = 1>
ST_9 : Operation 283 [3/5] (6.01ns)   --->   "%intensity_diff_7 = fsub i32 %neighbor_7, i32 %center_1" [top.cpp:168]   --->   Operation 283 'fsub' 'intensity_diff_7' <Predicate = true> <Delay = 6.01> <CoreInst = "FAddSub_fulldsp">   --->   Core 18 'FAddSub_fulldsp' <Latency = 4> <II = 1> <Delay = 6.01> <FuncUnit> <Opcode : 'fadd' 'fsub'> <InPorts = 2> <OutPorts = 1>
ST_9 : Operation 284 [4/5] (6.01ns)   --->   "%intensity_diff_8 = fsub i32 %neighbor_8, i32 %center_1" [top.cpp:168]   --->   Operation 284 'fsub' 'intensity_diff_8' <Predicate = true> <Delay = 6.01> <CoreInst = "FAddSub_fulldsp">   --->   Core 18 'FAddSub_fulldsp' <Latency = 4> <II = 1> <Delay = 6.01> <FuncUnit> <Opcode : 'fadd' 'fsub'> <InPorts = 2> <OutPorts = 1>
ST_9 : Operation 285 [4/4] (4.67ns)   --->   "%mul366_1 = fmul i32 %intensity_diff_9, i32 %intensity_diff_9" [top.cpp:169]   --->   Operation 285 'fmul' 'mul366_1' <Predicate = true> <Delay = 4.67> <CoreInst = "FMul_maxdsp">   --->   Core 30 'FMul_maxdsp' <Latency = 3> <II = 1> <Delay = 4.67> <FuncUnit> <Opcode : 'fmul'> <InPorts = 2> <OutPorts = 1>
ST_9 : Operation 286 [1/5] (6.01ns)   --->   "%intensity_diff_10 = fsub i32 %neighbor_2, i32 %neighbor_12" [top.cpp:168]   --->   Operation 286 'fsub' 'intensity_diff_10' <Predicate = true> <Delay = 6.01> <CoreInst = "FAddSub_fulldsp">   --->   Core 18 'FAddSub_fulldsp' <Latency = 4> <II = 1> <Delay = 6.01> <FuncUnit> <Opcode : 'fadd' 'fsub'> <InPorts = 2> <OutPorts = 1>
ST_9 : Operation 287 [1/5] (6.01ns)   --->   "%intensity_diff_11 = fsub i32 %neighbor_9, i32 %neighbor_12" [top.cpp:168]   --->   Operation 287 'fsub' 'intensity_diff_11' <Predicate = true> <Delay = 6.01> <CoreInst = "FAddSub_fulldsp">   --->   Core 18 'FAddSub_fulldsp' <Latency = 4> <II = 1> <Delay = 6.01> <FuncUnit> <Opcode : 'fadd' 'fsub'> <InPorts = 2> <OutPorts = 1>
ST_9 : Operation 288 [4/4] (4.67ns)   --->   "%mul366_1_1 = fmul i32 %intensity_diff_12, i32 %intensity_diff_12" [top.cpp:169]   --->   Operation 288 'fmul' 'mul366_1_1' <Predicate = true> <Delay = 4.67> <CoreInst = "FMul_maxdsp">   --->   Core 30 'FMul_maxdsp' <Latency = 3> <II = 1> <Delay = 4.67> <FuncUnit> <Opcode : 'fmul'> <InPorts = 2> <OutPorts = 1>
ST_9 : Operation 289 [4/4] (4.67ns)   --->   "%mul366_1_1_1 = fmul i32 %intensity_diff_13, i32 %intensity_diff_13" [top.cpp:169]   --->   Operation 289 'fmul' 'mul366_1_1_1' <Predicate = true> <Delay = 4.67> <CoreInst = "FMul_maxdsp">   --->   Core 30 'FMul_maxdsp' <Latency = 3> <II = 1> <Delay = 4.67> <FuncUnit> <Opcode : 'fmul'> <InPorts = 2> <OutPorts = 1>
ST_9 : Operation 290 [2/5] (6.01ns)   --->   "%intensity_diff_14 = fsub i32 %neighbor_10, i32 %neighbor_12" [top.cpp:168]   --->   Operation 290 'fsub' 'intensity_diff_14' <Predicate = true> <Delay = 6.01> <CoreInst = "FAddSub_fulldsp">   --->   Core 18 'FAddSub_fulldsp' <Latency = 4> <II = 1> <Delay = 6.01> <FuncUnit> <Opcode : 'fadd' 'fsub'> <InPorts = 2> <OutPorts = 1>
ST_9 : Operation 291 [3/5] (6.01ns)   --->   "%intensity_diff_15 = fsub i32 %neighbor_7, i32 %neighbor_12" [top.cpp:168]   --->   Operation 291 'fsub' 'intensity_diff_15' <Predicate = true> <Delay = 6.01> <CoreInst = "FAddSub_fulldsp">   --->   Core 18 'FAddSub_fulldsp' <Latency = 4> <II = 1> <Delay = 6.01> <FuncUnit> <Opcode : 'fadd' 'fsub'> <InPorts = 2> <OutPorts = 1>
ST_9 : Operation 292 [4/5] (6.01ns)   --->   "%intensity_diff_16 = fsub i32 %neighbor_8, i32 %neighbor_12" [top.cpp:168]   --->   Operation 292 'fsub' 'intensity_diff_16' <Predicate = true> <Delay = 6.01> <CoreInst = "FAddSub_fulldsp">   --->   Core 18 'FAddSub_fulldsp' <Latency = 4> <II = 1> <Delay = 6.01> <FuncUnit> <Opcode : 'fadd' 'fsub'> <InPorts = 2> <OutPorts = 1>
ST_9 : Operation 293 [4/5] (6.01ns)   --->   "%intensity_diff_17 = fsub i32 %neighbor_11, i32 %neighbor_12" [top.cpp:168]   --->   Operation 293 'fsub' 'intensity_diff_17' <Predicate = true> <Delay = 6.01> <CoreInst = "FAddSub_fulldsp">   --->   Core 18 'FAddSub_fulldsp' <Latency = 4> <II = 1> <Delay = 6.01> <FuncUnit> <Opcode : 'fadd' 'fsub'> <InPorts = 2> <OutPorts = 1>

State 10 <SV = 9> <Delay = 6.01>
ST_10 : Operation 294 [2/4] (4.67ns)   --->   "%mul1 = fmul i32 %intensity_diff, i32 %intensity_diff" [top.cpp:169]   --->   Operation 294 'fmul' 'mul1' <Predicate = true> <Delay = 4.67> <CoreInst = "FMul_maxdsp">   --->   Core 30 'FMul_maxdsp' <Latency = 3> <II = 1> <Delay = 4.67> <FuncUnit> <Opcode : 'fmul'> <InPorts = 2> <OutPorts = 1>
ST_10 : Operation 295 [3/4] (4.67ns)   --->   "%mul366_s = fmul i32 %intensity_diff_1, i32 %intensity_diff_1" [top.cpp:169]   --->   Operation 295 'fmul' 'mul366_s' <Predicate = true> <Delay = 4.67> <CoreInst = "FMul_maxdsp">   --->   Core 30 'FMul_maxdsp' <Latency = 3> <II = 1> <Delay = 4.67> <FuncUnit> <Opcode : 'fmul'> <InPorts = 2> <OutPorts = 1>
ST_10 : Operation 296 [4/4] (4.67ns)   --->   "%mul366_3 = fmul i32 %intensity_diff_2, i32 %intensity_diff_2" [top.cpp:169]   --->   Operation 296 'fmul' 'mul366_3' <Predicate = true> <Delay = 4.67> <CoreInst = "FMul_maxdsp">   --->   Core 30 'FMul_maxdsp' <Latency = 3> <II = 1> <Delay = 4.67> <FuncUnit> <Opcode : 'fmul'> <InPorts = 2> <OutPorts = 1>
ST_10 : Operation 297 [1/5] (6.01ns)   --->   "%intensity_diff_3 = fsub i32 %neighbor_3, i32 %center_1" [top.cpp:168]   --->   Operation 297 'fsub' 'intensity_diff_3' <Predicate = true> <Delay = 6.01> <CoreInst = "FAddSub_fulldsp">   --->   Core 18 'FAddSub_fulldsp' <Latency = 4> <II = 1> <Delay = 6.01> <FuncUnit> <Opcode : 'fadd' 'fsub'> <InPorts = 2> <OutPorts = 1>
ST_10 : Operation 298 [2/4] (4.67ns)   --->   "%mul366_1166_1 = fmul i32 %intensity_diff_4, i32 %intensity_diff_4" [top.cpp:169]   --->   Operation 298 'fmul' 'mul366_1166_1' <Predicate = true> <Delay = 4.67> <CoreInst = "FMul_maxdsp">   --->   Core 30 'FMul_maxdsp' <Latency = 3> <II = 1> <Delay = 4.67> <FuncUnit> <Opcode : 'fmul'> <InPorts = 2> <OutPorts = 1>
ST_10 : Operation 299 [3/4] (4.67ns)   --->   "%mul366_1166_2 = fmul i32 %intensity_diff_5, i32 %intensity_diff_5" [top.cpp:169]   --->   Operation 299 'fmul' 'mul366_1166_2' <Predicate = true> <Delay = 4.67> <CoreInst = "FMul_maxdsp">   --->   Core 30 'FMul_maxdsp' <Latency = 3> <II = 1> <Delay = 4.67> <FuncUnit> <Opcode : 'fmul'> <InPorts = 2> <OutPorts = 1>
ST_10 : Operation 300 [2/5] (6.01ns)   --->   "%intensity_diff_6 = fsub i32 %neighbor_6, i32 %center_1" [top.cpp:168]   --->   Operation 300 'fsub' 'intensity_diff_6' <Predicate = true> <Delay = 6.01> <CoreInst = "FAddSub_fulldsp">   --->   Core 18 'FAddSub_fulldsp' <Latency = 4> <II = 1> <Delay = 6.01> <FuncUnit> <Opcode : 'fadd' 'fsub'> <InPorts = 2> <OutPorts = 1>
ST_10 : Operation 301 [2/5] (6.01ns)   --->   "%intensity_diff_7 = fsub i32 %neighbor_7, i32 %center_1" [top.cpp:168]   --->   Operation 301 'fsub' 'intensity_diff_7' <Predicate = true> <Delay = 6.01> <CoreInst = "FAddSub_fulldsp">   --->   Core 18 'FAddSub_fulldsp' <Latency = 4> <II = 1> <Delay = 6.01> <FuncUnit> <Opcode : 'fadd' 'fsub'> <InPorts = 2> <OutPorts = 1>
ST_10 : Operation 302 [3/5] (6.01ns)   --->   "%intensity_diff_8 = fsub i32 %neighbor_8, i32 %center_1" [top.cpp:168]   --->   Operation 302 'fsub' 'intensity_diff_8' <Predicate = true> <Delay = 6.01> <CoreInst = "FAddSub_fulldsp">   --->   Core 18 'FAddSub_fulldsp' <Latency = 4> <II = 1> <Delay = 6.01> <FuncUnit> <Opcode : 'fadd' 'fsub'> <InPorts = 2> <OutPorts = 1>
ST_10 : Operation 303 [3/4] (4.67ns)   --->   "%mul366_1 = fmul i32 %intensity_diff_9, i32 %intensity_diff_9" [top.cpp:169]   --->   Operation 303 'fmul' 'mul366_1' <Predicate = true> <Delay = 4.67> <CoreInst = "FMul_maxdsp">   --->   Core 30 'FMul_maxdsp' <Latency = 3> <II = 1> <Delay = 4.67> <FuncUnit> <Opcode : 'fmul'> <InPorts = 2> <OutPorts = 1>
ST_10 : Operation 304 [4/4] (4.67ns)   --->   "%mul366_1_s = fmul i32 %intensity_diff_10, i32 %intensity_diff_10" [top.cpp:169]   --->   Operation 304 'fmul' 'mul366_1_s' <Predicate = true> <Delay = 4.67> <CoreInst = "FMul_maxdsp">   --->   Core 30 'FMul_maxdsp' <Latency = 3> <II = 1> <Delay = 4.67> <FuncUnit> <Opcode : 'fmul'> <InPorts = 2> <OutPorts = 1>
ST_10 : Operation 305 [4/4] (4.67ns)   --->   "%mul366_1_3 = fmul i32 %intensity_diff_11, i32 %intensity_diff_11" [top.cpp:169]   --->   Operation 305 'fmul' 'mul366_1_3' <Predicate = true> <Delay = 4.67> <CoreInst = "FMul_maxdsp">   --->   Core 30 'FMul_maxdsp' <Latency = 3> <II = 1> <Delay = 4.67> <FuncUnit> <Opcode : 'fmul'> <InPorts = 2> <OutPorts = 1>
ST_10 : Operation 306 [3/4] (4.67ns)   --->   "%mul366_1_1 = fmul i32 %intensity_diff_12, i32 %intensity_diff_12" [top.cpp:169]   --->   Operation 306 'fmul' 'mul366_1_1' <Predicate = true> <Delay = 4.67> <CoreInst = "FMul_maxdsp">   --->   Core 30 'FMul_maxdsp' <Latency = 3> <II = 1> <Delay = 4.67> <FuncUnit> <Opcode : 'fmul'> <InPorts = 2> <OutPorts = 1>
ST_10 : Operation 307 [3/4] (4.67ns)   --->   "%mul366_1_1_1 = fmul i32 %intensity_diff_13, i32 %intensity_diff_13" [top.cpp:169]   --->   Operation 307 'fmul' 'mul366_1_1_1' <Predicate = true> <Delay = 4.67> <CoreInst = "FMul_maxdsp">   --->   Core 30 'FMul_maxdsp' <Latency = 3> <II = 1> <Delay = 4.67> <FuncUnit> <Opcode : 'fmul'> <InPorts = 2> <OutPorts = 1>
ST_10 : Operation 308 [1/5] (6.01ns)   --->   "%intensity_diff_14 = fsub i32 %neighbor_10, i32 %neighbor_12" [top.cpp:168]   --->   Operation 308 'fsub' 'intensity_diff_14' <Predicate = true> <Delay = 6.01> <CoreInst = "FAddSub_fulldsp">   --->   Core 18 'FAddSub_fulldsp' <Latency = 4> <II = 1> <Delay = 6.01> <FuncUnit> <Opcode : 'fadd' 'fsub'> <InPorts = 2> <OutPorts = 1>
ST_10 : Operation 309 [2/5] (6.01ns)   --->   "%intensity_diff_15 = fsub i32 %neighbor_7, i32 %neighbor_12" [top.cpp:168]   --->   Operation 309 'fsub' 'intensity_diff_15' <Predicate = true> <Delay = 6.01> <CoreInst = "FAddSub_fulldsp">   --->   Core 18 'FAddSub_fulldsp' <Latency = 4> <II = 1> <Delay = 6.01> <FuncUnit> <Opcode : 'fadd' 'fsub'> <InPorts = 2> <OutPorts = 1>
ST_10 : Operation 310 [3/5] (6.01ns)   --->   "%intensity_diff_16 = fsub i32 %neighbor_8, i32 %neighbor_12" [top.cpp:168]   --->   Operation 310 'fsub' 'intensity_diff_16' <Predicate = true> <Delay = 6.01> <CoreInst = "FAddSub_fulldsp">   --->   Core 18 'FAddSub_fulldsp' <Latency = 4> <II = 1> <Delay = 6.01> <FuncUnit> <Opcode : 'fadd' 'fsub'> <InPorts = 2> <OutPorts = 1>
ST_10 : Operation 311 [3/5] (6.01ns)   --->   "%intensity_diff_17 = fsub i32 %neighbor_11, i32 %neighbor_12" [top.cpp:168]   --->   Operation 311 'fsub' 'intensity_diff_17' <Predicate = true> <Delay = 6.01> <CoreInst = "FAddSub_fulldsp">   --->   Core 18 'FAddSub_fulldsp' <Latency = 4> <II = 1> <Delay = 6.01> <FuncUnit> <Opcode : 'fadd' 'fsub'> <InPorts = 2> <OutPorts = 1>

State 11 <SV = 10> <Delay = 6.01>
ST_11 : Operation 312 [1/4] (4.67ns)   --->   "%mul1 = fmul i32 %intensity_diff, i32 %intensity_diff" [top.cpp:169]   --->   Operation 312 'fmul' 'mul1' <Predicate = true> <Delay = 4.67> <CoreInst = "FMul_maxdsp">   --->   Core 30 'FMul_maxdsp' <Latency = 3> <II = 1> <Delay = 4.67> <FuncUnit> <Opcode : 'fmul'> <InPorts = 2> <OutPorts = 1>
ST_11 : Operation 313 [2/4] (4.67ns)   --->   "%mul366_s = fmul i32 %intensity_diff_1, i32 %intensity_diff_1" [top.cpp:169]   --->   Operation 313 'fmul' 'mul366_s' <Predicate = true> <Delay = 4.67> <CoreInst = "FMul_maxdsp">   --->   Core 30 'FMul_maxdsp' <Latency = 3> <II = 1> <Delay = 4.67> <FuncUnit> <Opcode : 'fmul'> <InPorts = 2> <OutPorts = 1>
ST_11 : Operation 314 [3/4] (4.67ns)   --->   "%mul366_3 = fmul i32 %intensity_diff_2, i32 %intensity_diff_2" [top.cpp:169]   --->   Operation 314 'fmul' 'mul366_3' <Predicate = true> <Delay = 4.67> <CoreInst = "FMul_maxdsp">   --->   Core 30 'FMul_maxdsp' <Latency = 3> <II = 1> <Delay = 4.67> <FuncUnit> <Opcode : 'fmul'> <InPorts = 2> <OutPorts = 1>
ST_11 : Operation 315 [4/4] (4.67ns)   --->   "%mul366_4 = fmul i32 %intensity_diff_3, i32 %intensity_diff_3" [top.cpp:169]   --->   Operation 315 'fmul' 'mul366_4' <Predicate = true> <Delay = 4.67> <CoreInst = "FMul_maxdsp">   --->   Core 30 'FMul_maxdsp' <Latency = 3> <II = 1> <Delay = 4.67> <FuncUnit> <Opcode : 'fmul'> <InPorts = 2> <OutPorts = 1>
ST_11 : Operation 316 [1/4] (4.67ns)   --->   "%mul366_1166_1 = fmul i32 %intensity_diff_4, i32 %intensity_diff_4" [top.cpp:169]   --->   Operation 316 'fmul' 'mul366_1166_1' <Predicate = true> <Delay = 4.67> <CoreInst = "FMul_maxdsp">   --->   Core 30 'FMul_maxdsp' <Latency = 3> <II = 1> <Delay = 4.67> <FuncUnit> <Opcode : 'fmul'> <InPorts = 2> <OutPorts = 1>
ST_11 : Operation 317 [2/4] (4.67ns)   --->   "%mul366_1166_2 = fmul i32 %intensity_diff_5, i32 %intensity_diff_5" [top.cpp:169]   --->   Operation 317 'fmul' 'mul366_1166_2' <Predicate = true> <Delay = 4.67> <CoreInst = "FMul_maxdsp">   --->   Core 30 'FMul_maxdsp' <Latency = 3> <II = 1> <Delay = 4.67> <FuncUnit> <Opcode : 'fmul'> <InPorts = 2> <OutPorts = 1>
ST_11 : Operation 318 [1/5] (6.01ns)   --->   "%intensity_diff_6 = fsub i32 %neighbor_6, i32 %center_1" [top.cpp:168]   --->   Operation 318 'fsub' 'intensity_diff_6' <Predicate = true> <Delay = 6.01> <CoreInst = "FAddSub_fulldsp">   --->   Core 18 'FAddSub_fulldsp' <Latency = 4> <II = 1> <Delay = 6.01> <FuncUnit> <Opcode : 'fadd' 'fsub'> <InPorts = 2> <OutPorts = 1>
ST_11 : Operation 319 [1/5] (6.01ns)   --->   "%intensity_diff_7 = fsub i32 %neighbor_7, i32 %center_1" [top.cpp:168]   --->   Operation 319 'fsub' 'intensity_diff_7' <Predicate = true> <Delay = 6.01> <CoreInst = "FAddSub_fulldsp">   --->   Core 18 'FAddSub_fulldsp' <Latency = 4> <II = 1> <Delay = 6.01> <FuncUnit> <Opcode : 'fadd' 'fsub'> <InPorts = 2> <OutPorts = 1>
ST_11 : Operation 320 [2/5] (6.01ns)   --->   "%intensity_diff_8 = fsub i32 %neighbor_8, i32 %center_1" [top.cpp:168]   --->   Operation 320 'fsub' 'intensity_diff_8' <Predicate = true> <Delay = 6.01> <CoreInst = "FAddSub_fulldsp">   --->   Core 18 'FAddSub_fulldsp' <Latency = 4> <II = 1> <Delay = 6.01> <FuncUnit> <Opcode : 'fadd' 'fsub'> <InPorts = 2> <OutPorts = 1>
ST_11 : Operation 321 [2/4] (4.67ns)   --->   "%mul366_1 = fmul i32 %intensity_diff_9, i32 %intensity_diff_9" [top.cpp:169]   --->   Operation 321 'fmul' 'mul366_1' <Predicate = true> <Delay = 4.67> <CoreInst = "FMul_maxdsp">   --->   Core 30 'FMul_maxdsp' <Latency = 3> <II = 1> <Delay = 4.67> <FuncUnit> <Opcode : 'fmul'> <InPorts = 2> <OutPorts = 1>
ST_11 : Operation 322 [3/4] (4.67ns)   --->   "%mul366_1_s = fmul i32 %intensity_diff_10, i32 %intensity_diff_10" [top.cpp:169]   --->   Operation 322 'fmul' 'mul366_1_s' <Predicate = true> <Delay = 4.67> <CoreInst = "FMul_maxdsp">   --->   Core 30 'FMul_maxdsp' <Latency = 3> <II = 1> <Delay = 4.67> <FuncUnit> <Opcode : 'fmul'> <InPorts = 2> <OutPorts = 1>
ST_11 : Operation 323 [3/4] (4.67ns)   --->   "%mul366_1_3 = fmul i32 %intensity_diff_11, i32 %intensity_diff_11" [top.cpp:169]   --->   Operation 323 'fmul' 'mul366_1_3' <Predicate = true> <Delay = 4.67> <CoreInst = "FMul_maxdsp">   --->   Core 30 'FMul_maxdsp' <Latency = 3> <II = 1> <Delay = 4.67> <FuncUnit> <Opcode : 'fmul'> <InPorts = 2> <OutPorts = 1>
ST_11 : Operation 324 [2/4] (4.67ns)   --->   "%mul366_1_1 = fmul i32 %intensity_diff_12, i32 %intensity_diff_12" [top.cpp:169]   --->   Operation 324 'fmul' 'mul366_1_1' <Predicate = true> <Delay = 4.67> <CoreInst = "FMul_maxdsp">   --->   Core 30 'FMul_maxdsp' <Latency = 3> <II = 1> <Delay = 4.67> <FuncUnit> <Opcode : 'fmul'> <InPorts = 2> <OutPorts = 1>
ST_11 : Operation 325 [2/4] (4.67ns)   --->   "%mul366_1_1_1 = fmul i32 %intensity_diff_13, i32 %intensity_diff_13" [top.cpp:169]   --->   Operation 325 'fmul' 'mul366_1_1_1' <Predicate = true> <Delay = 4.67> <CoreInst = "FMul_maxdsp">   --->   Core 30 'FMul_maxdsp' <Latency = 3> <II = 1> <Delay = 4.67> <FuncUnit> <Opcode : 'fmul'> <InPorts = 2> <OutPorts = 1>
ST_11 : Operation 326 [4/4] (4.67ns)   --->   "%mul366_1_1_2 = fmul i32 %intensity_diff_14, i32 %intensity_diff_14" [top.cpp:169]   --->   Operation 326 'fmul' 'mul366_1_1_2' <Predicate = true> <Delay = 4.67> <CoreInst = "FMul_maxdsp">   --->   Core 30 'FMul_maxdsp' <Latency = 3> <II = 1> <Delay = 4.67> <FuncUnit> <Opcode : 'fmul'> <InPorts = 2> <OutPorts = 1>
ST_11 : Operation 327 [1/5] (6.01ns)   --->   "%intensity_diff_15 = fsub i32 %neighbor_7, i32 %neighbor_12" [top.cpp:168]   --->   Operation 327 'fsub' 'intensity_diff_15' <Predicate = true> <Delay = 6.01> <CoreInst = "FAddSub_fulldsp">   --->   Core 18 'FAddSub_fulldsp' <Latency = 4> <II = 1> <Delay = 6.01> <FuncUnit> <Opcode : 'fadd' 'fsub'> <InPorts = 2> <OutPorts = 1>
ST_11 : Operation 328 [2/5] (6.01ns)   --->   "%intensity_diff_16 = fsub i32 %neighbor_8, i32 %neighbor_12" [top.cpp:168]   --->   Operation 328 'fsub' 'intensity_diff_16' <Predicate = true> <Delay = 6.01> <CoreInst = "FAddSub_fulldsp">   --->   Core 18 'FAddSub_fulldsp' <Latency = 4> <II = 1> <Delay = 6.01> <FuncUnit> <Opcode : 'fadd' 'fsub'> <InPorts = 2> <OutPorts = 1>
ST_11 : Operation 329 [2/5] (6.01ns)   --->   "%intensity_diff_17 = fsub i32 %neighbor_11, i32 %neighbor_12" [top.cpp:168]   --->   Operation 329 'fsub' 'intensity_diff_17' <Predicate = true> <Delay = 6.01> <CoreInst = "FAddSub_fulldsp">   --->   Core 18 'FAddSub_fulldsp' <Latency = 4> <II = 1> <Delay = 6.01> <FuncUnit> <Opcode : 'fadd' 'fsub'> <InPorts = 2> <OutPorts = 1>

State 12 <SV = 11> <Delay = 7.03>
ST_12 : Operation 330 [1/1] (0.00ns)   --->   "%bitcast_ln169 = bitcast i32 %mul1" [top.cpp:169]   --->   Operation 330 'bitcast' 'bitcast_ln169' <Predicate = true> <Delay = 0.00>
ST_12 : Operation 331 [1/1] (0.00ns)   --->   "%bit_sel1 = bitselect i1 @_ssdm_op_BitSelect.i1.i32.i32, i32 %bitcast_ln169, i32 31" [top.cpp:169]   --->   Operation 331 'bitselect' 'bit_sel1' <Predicate = true> <Delay = 0.00>
ST_12 : Operation 332 [1/1] (0.33ns)   --->   "%xor_ln169_17 = xor i1 %bit_sel1, i1 1" [top.cpp:169]   --->   Operation 332 'xor' 'xor_ln169_17' <Predicate = true> <Delay = 0.33> <CoreInst = "LogicGate">   --->   Core 74 'LogicGate' <Latency = 0> <II = 1> <Delay = 0.33> <FuncUnit> <Opcode : 'and' 'or' 'xor'> <InPorts = 2> <OutPorts = 1>
ST_12 : Operation 333 [1/1] (0.00ns)   --->   "%trunc_ln169 = trunc i32 %bitcast_ln169" [top.cpp:169]   --->   Operation 333 'trunc' 'trunc_ln169' <Predicate = true> <Delay = 0.00>
ST_12 : Operation 334 [1/1] (0.00ns)   --->   "%xor_ln = bitconcatenate i32 @_ssdm_op_BitConcatenate.i32.i1.i31, i1 %xor_ln169_17, i31 %trunc_ln169" [top.cpp:169]   --->   Operation 334 'bitconcatenate' 'xor_ln' <Predicate = true> <Delay = 0.00>
ST_12 : Operation 335 [1/1] (0.00ns)   --->   "%bitcast_ln169_1 = bitcast i32 %xor_ln" [top.cpp:169]   --->   Operation 335 'bitcast' 'bitcast_ln169_1' <Predicate = true> <Delay = 0.00>
ST_12 : Operation 336 [10/10] (6.70ns)   --->   "%div1 = fdiv i32 %bitcast_ln169_1, i32 0.02" [top.cpp:169]   --->   Operation 336 'fdiv' 'div1' <Predicate = true> <Delay = 6.70> <CoreInst = "FDiv">   --->   Core 20 'FDiv' <Latency = 9> <II = 1> <Delay = 6.70> <FuncUnit> <Opcode : 'fdiv' 'frem'> <InPorts = 2> <OutPorts = 1>
ST_12 : Operation 337 [1/4] (4.67ns)   --->   "%mul366_s = fmul i32 %intensity_diff_1, i32 %intensity_diff_1" [top.cpp:169]   --->   Operation 337 'fmul' 'mul366_s' <Predicate = true> <Delay = 4.67> <CoreInst = "FMul_maxdsp">   --->   Core 30 'FMul_maxdsp' <Latency = 3> <II = 1> <Delay = 4.67> <FuncUnit> <Opcode : 'fmul'> <InPorts = 2> <OutPorts = 1>
ST_12 : Operation 338 [2/4] (4.67ns)   --->   "%mul366_3 = fmul i32 %intensity_diff_2, i32 %intensity_diff_2" [top.cpp:169]   --->   Operation 338 'fmul' 'mul366_3' <Predicate = true> <Delay = 4.67> <CoreInst = "FMul_maxdsp">   --->   Core 30 'FMul_maxdsp' <Latency = 3> <II = 1> <Delay = 4.67> <FuncUnit> <Opcode : 'fmul'> <InPorts = 2> <OutPorts = 1>
ST_12 : Operation 339 [3/4] (4.67ns)   --->   "%mul366_4 = fmul i32 %intensity_diff_3, i32 %intensity_diff_3" [top.cpp:169]   --->   Operation 339 'fmul' 'mul366_4' <Predicate = true> <Delay = 4.67> <CoreInst = "FMul_maxdsp">   --->   Core 30 'FMul_maxdsp' <Latency = 3> <II = 1> <Delay = 4.67> <FuncUnit> <Opcode : 'fmul'> <InPorts = 2> <OutPorts = 1>
ST_12 : Operation 340 [1/1] (0.00ns)   --->   "%bitcast_ln169_8 = bitcast i32 %mul366_1166_1" [top.cpp:169]   --->   Operation 340 'bitcast' 'bitcast_ln169_8' <Predicate = true> <Delay = 0.00>
ST_12 : Operation 341 [1/1] (0.00ns)   --->   "%bit_sel5 = bitselect i1 @_ssdm_op_BitSelect.i1.i32.i32, i32 %bitcast_ln169_8, i32 31" [top.cpp:169]   --->   Operation 341 'bitselect' 'bit_sel5' <Predicate = true> <Delay = 0.00>
ST_12 : Operation 342 [1/1] (0.33ns)   --->   "%xor_ln169_20 = xor i1 %bit_sel5, i1 1" [top.cpp:169]   --->   Operation 342 'xor' 'xor_ln169_20' <Predicate = true> <Delay = 0.33> <CoreInst = "LogicGate">   --->   Core 74 'LogicGate' <Latency = 0> <II = 1> <Delay = 0.33> <FuncUnit> <Opcode : 'and' 'or' 'xor'> <InPorts = 2> <OutPorts = 1>
ST_12 : Operation 343 [1/1] (0.00ns)   --->   "%trunc_ln169_4 = trunc i32 %bitcast_ln169_8" [top.cpp:169]   --->   Operation 343 'trunc' 'trunc_ln169_4' <Predicate = true> <Delay = 0.00>
ST_12 : Operation 344 [1/1] (0.00ns)   --->   "%xor_ln169_4 = bitconcatenate i32 @_ssdm_op_BitConcatenate.i32.i1.i31, i1 %xor_ln169_20, i31 %trunc_ln169_4" [top.cpp:169]   --->   Operation 344 'bitconcatenate' 'xor_ln169_4' <Predicate = true> <Delay = 0.00>
ST_12 : Operation 345 [1/1] (0.00ns)   --->   "%bitcast_ln169_9 = bitcast i32 %xor_ln169_4" [top.cpp:169]   --->   Operation 345 'bitcast' 'bitcast_ln169_9' <Predicate = true> <Delay = 0.00>
ST_12 : Operation 346 [10/10] (6.70ns)   --->   "%div368_1168_1 = fdiv i32 %bitcast_ln169_9, i32 0.02" [top.cpp:169]   --->   Operation 346 'fdiv' 'div368_1168_1' <Predicate = true> <Delay = 6.70> <CoreInst = "FDiv">   --->   Core 20 'FDiv' <Latency = 9> <II = 1> <Delay = 6.70> <FuncUnit> <Opcode : 'fdiv' 'frem'> <InPorts = 2> <OutPorts = 1>
ST_12 : Operation 347 [1/4] (4.67ns)   --->   "%mul366_1166_2 = fmul i32 %intensity_diff_5, i32 %intensity_diff_5" [top.cpp:169]   --->   Operation 347 'fmul' 'mul366_1166_2' <Predicate = true> <Delay = 4.67> <CoreInst = "FMul_maxdsp">   --->   Core 30 'FMul_maxdsp' <Latency = 3> <II = 1> <Delay = 4.67> <FuncUnit> <Opcode : 'fmul'> <InPorts = 2> <OutPorts = 1>
ST_12 : Operation 348 [4/4] (4.67ns)   --->   "%mul366_2 = fmul i32 %intensity_diff_6, i32 %intensity_diff_6" [top.cpp:169]   --->   Operation 348 'fmul' 'mul366_2' <Predicate = true> <Delay = 4.67> <CoreInst = "FMul_maxdsp">   --->   Core 30 'FMul_maxdsp' <Latency = 3> <II = 1> <Delay = 4.67> <FuncUnit> <Opcode : 'fmul'> <InPorts = 2> <OutPorts = 1>
ST_12 : Operation 349 [4/4] (4.67ns)   --->   "%mul366_2_1 = fmul i32 %intensity_diff_7, i32 %intensity_diff_7" [top.cpp:169]   --->   Operation 349 'fmul' 'mul366_2_1' <Predicate = true> <Delay = 4.67> <CoreInst = "FMul_maxdsp">   --->   Core 30 'FMul_maxdsp' <Latency = 3> <II = 1> <Delay = 4.67> <FuncUnit> <Opcode : 'fmul'> <InPorts = 2> <OutPorts = 1>
ST_12 : Operation 350 [1/5] (6.01ns)   --->   "%intensity_diff_8 = fsub i32 %neighbor_8, i32 %center_1" [top.cpp:168]   --->   Operation 350 'fsub' 'intensity_diff_8' <Predicate = true> <Delay = 6.01> <CoreInst = "FAddSub_fulldsp">   --->   Core 18 'FAddSub_fulldsp' <Latency = 4> <II = 1> <Delay = 6.01> <FuncUnit> <Opcode : 'fadd' 'fsub'> <InPorts = 2> <OutPorts = 1>
ST_12 : Operation 351 [1/4] (4.67ns)   --->   "%mul366_1 = fmul i32 %intensity_diff_9, i32 %intensity_diff_9" [top.cpp:169]   --->   Operation 351 'fmul' 'mul366_1' <Predicate = true> <Delay = 4.67> <CoreInst = "FMul_maxdsp">   --->   Core 30 'FMul_maxdsp' <Latency = 3> <II = 1> <Delay = 4.67> <FuncUnit> <Opcode : 'fmul'> <InPorts = 2> <OutPorts = 1>
ST_12 : Operation 352 [2/4] (4.67ns)   --->   "%mul366_1_s = fmul i32 %intensity_diff_10, i32 %intensity_diff_10" [top.cpp:169]   --->   Operation 352 'fmul' 'mul366_1_s' <Predicate = true> <Delay = 4.67> <CoreInst = "FMul_maxdsp">   --->   Core 30 'FMul_maxdsp' <Latency = 3> <II = 1> <Delay = 4.67> <FuncUnit> <Opcode : 'fmul'> <InPorts = 2> <OutPorts = 1>
ST_12 : Operation 353 [2/4] (4.67ns)   --->   "%mul366_1_3 = fmul i32 %intensity_diff_11, i32 %intensity_diff_11" [top.cpp:169]   --->   Operation 353 'fmul' 'mul366_1_3' <Predicate = true> <Delay = 4.67> <CoreInst = "FMul_maxdsp">   --->   Core 30 'FMul_maxdsp' <Latency = 3> <II = 1> <Delay = 4.67> <FuncUnit> <Opcode : 'fmul'> <InPorts = 2> <OutPorts = 1>
ST_12 : Operation 354 [1/4] (4.67ns)   --->   "%mul366_1_1 = fmul i32 %intensity_diff_12, i32 %intensity_diff_12" [top.cpp:169]   --->   Operation 354 'fmul' 'mul366_1_1' <Predicate = true> <Delay = 4.67> <CoreInst = "FMul_maxdsp">   --->   Core 30 'FMul_maxdsp' <Latency = 3> <II = 1> <Delay = 4.67> <FuncUnit> <Opcode : 'fmul'> <InPorts = 2> <OutPorts = 1>
ST_12 : Operation 355 [1/4] (4.67ns)   --->   "%mul366_1_1_1 = fmul i32 %intensity_diff_13, i32 %intensity_diff_13" [top.cpp:169]   --->   Operation 355 'fmul' 'mul366_1_1_1' <Predicate = true> <Delay = 4.67> <CoreInst = "FMul_maxdsp">   --->   Core 30 'FMul_maxdsp' <Latency = 3> <II = 1> <Delay = 4.67> <FuncUnit> <Opcode : 'fmul'> <InPorts = 2> <OutPorts = 1>
ST_12 : Operation 356 [3/4] (4.67ns)   --->   "%mul366_1_1_2 = fmul i32 %intensity_diff_14, i32 %intensity_diff_14" [top.cpp:169]   --->   Operation 356 'fmul' 'mul366_1_1_2' <Predicate = true> <Delay = 4.67> <CoreInst = "FMul_maxdsp">   --->   Core 30 'FMul_maxdsp' <Latency = 3> <II = 1> <Delay = 4.67> <FuncUnit> <Opcode : 'fmul'> <InPorts = 2> <OutPorts = 1>
ST_12 : Operation 357 [4/4] (4.67ns)   --->   "%mul366_1_2 = fmul i32 %intensity_diff_15, i32 %intensity_diff_15" [top.cpp:169]   --->   Operation 357 'fmul' 'mul366_1_2' <Predicate = true> <Delay = 4.67> <CoreInst = "FMul_maxdsp">   --->   Core 30 'FMul_maxdsp' <Latency = 3> <II = 1> <Delay = 4.67> <FuncUnit> <Opcode : 'fmul'> <InPorts = 2> <OutPorts = 1>
ST_12 : Operation 358 [1/5] (6.01ns)   --->   "%intensity_diff_16 = fsub i32 %neighbor_8, i32 %neighbor_12" [top.cpp:168]   --->   Operation 358 'fsub' 'intensity_diff_16' <Predicate = true> <Delay = 6.01> <CoreInst = "FAddSub_fulldsp">   --->   Core 18 'FAddSub_fulldsp' <Latency = 4> <II = 1> <Delay = 6.01> <FuncUnit> <Opcode : 'fadd' 'fsub'> <InPorts = 2> <OutPorts = 1>
ST_12 : Operation 359 [1/5] (6.01ns)   --->   "%intensity_diff_17 = fsub i32 %neighbor_11, i32 %neighbor_12" [top.cpp:168]   --->   Operation 359 'fsub' 'intensity_diff_17' <Predicate = true> <Delay = 6.01> <CoreInst = "FAddSub_fulldsp">   --->   Core 18 'FAddSub_fulldsp' <Latency = 4> <II = 1> <Delay = 6.01> <FuncUnit> <Opcode : 'fadd' 'fsub'> <InPorts = 2> <OutPorts = 1>

State 13 <SV = 12> <Delay = 7.03>
ST_13 : Operation 360 [9/10] (6.70ns)   --->   "%div1 = fdiv i32 %bitcast_ln169_1, i32 0.02" [top.cpp:169]   --->   Operation 360 'fdiv' 'div1' <Predicate = true> <Delay = 6.70> <CoreInst = "FDiv">   --->   Core 20 'FDiv' <Latency = 9> <II = 1> <Delay = 6.70> <FuncUnit> <Opcode : 'fdiv' 'frem'> <InPorts = 2> <OutPorts = 1>
ST_13 : Operation 361 [1/1] (0.00ns)   --->   "%bitcast_ln169_2 = bitcast i32 %mul366_s" [top.cpp:169]   --->   Operation 361 'bitcast' 'bitcast_ln169_2' <Predicate = true> <Delay = 0.00>
ST_13 : Operation 362 [1/1] (0.00ns)   --->   "%bit_sel2 = bitselect i1 @_ssdm_op_BitSelect.i1.i32.i32, i32 %bitcast_ln169_2, i32 31" [top.cpp:169]   --->   Operation 362 'bitselect' 'bit_sel2' <Predicate = true> <Delay = 0.00>
ST_13 : Operation 363 [1/1] (0.33ns)   --->   "%xor_ln169 = xor i1 %bit_sel2, i1 1" [top.cpp:169]   --->   Operation 363 'xor' 'xor_ln169' <Predicate = true> <Delay = 0.33> <CoreInst = "LogicGate">   --->   Core 74 'LogicGate' <Latency = 0> <II = 1> <Delay = 0.33> <FuncUnit> <Opcode : 'and' 'or' 'xor'> <InPorts = 2> <OutPorts = 1>
ST_13 : Operation 364 [1/1] (0.00ns)   --->   "%trunc_ln169_1 = trunc i32 %bitcast_ln169_2" [top.cpp:169]   --->   Operation 364 'trunc' 'trunc_ln169_1' <Predicate = true> <Delay = 0.00>
ST_13 : Operation 365 [1/1] (0.00ns)   --->   "%xor_ln169_1 = bitconcatenate i32 @_ssdm_op_BitConcatenate.i32.i1.i31, i1 %xor_ln169, i31 %trunc_ln169_1" [top.cpp:169]   --->   Operation 365 'bitconcatenate' 'xor_ln169_1' <Predicate = true> <Delay = 0.00>
ST_13 : Operation 366 [1/1] (0.00ns)   --->   "%bitcast_ln169_3 = bitcast i32 %xor_ln169_1" [top.cpp:169]   --->   Operation 366 'bitcast' 'bitcast_ln169_3' <Predicate = true> <Delay = 0.00>
ST_13 : Operation 367 [10/10] (6.70ns)   --->   "%div368_s = fdiv i32 %bitcast_ln169_3, i32 0.02" [top.cpp:169]   --->   Operation 367 'fdiv' 'div368_s' <Predicate = true> <Delay = 6.70> <CoreInst = "FDiv">   --->   Core 20 'FDiv' <Latency = 9> <II = 1> <Delay = 6.70> <FuncUnit> <Opcode : 'fdiv' 'frem'> <InPorts = 2> <OutPorts = 1>
ST_13 : Operation 368 [1/4] (4.67ns)   --->   "%mul366_3 = fmul i32 %intensity_diff_2, i32 %intensity_diff_2" [top.cpp:169]   --->   Operation 368 'fmul' 'mul366_3' <Predicate = true> <Delay = 4.67> <CoreInst = "FMul_maxdsp">   --->   Core 30 'FMul_maxdsp' <Latency = 3> <II = 1> <Delay = 4.67> <FuncUnit> <Opcode : 'fmul'> <InPorts = 2> <OutPorts = 1>
ST_13 : Operation 369 [2/4] (4.67ns)   --->   "%mul366_4 = fmul i32 %intensity_diff_3, i32 %intensity_diff_3" [top.cpp:169]   --->   Operation 369 'fmul' 'mul366_4' <Predicate = true> <Delay = 4.67> <CoreInst = "FMul_maxdsp">   --->   Core 30 'FMul_maxdsp' <Latency = 3> <II = 1> <Delay = 4.67> <FuncUnit> <Opcode : 'fmul'> <InPorts = 2> <OutPorts = 1>
ST_13 : Operation 370 [9/10] (6.70ns)   --->   "%div368_1168_1 = fdiv i32 %bitcast_ln169_9, i32 0.02" [top.cpp:169]   --->   Operation 370 'fdiv' 'div368_1168_1' <Predicate = true> <Delay = 6.70> <CoreInst = "FDiv">   --->   Core 20 'FDiv' <Latency = 9> <II = 1> <Delay = 6.70> <FuncUnit> <Opcode : 'fdiv' 'frem'> <InPorts = 2> <OutPorts = 1>
ST_13 : Operation 371 [3/4] (4.67ns)   --->   "%mul366_2 = fmul i32 %intensity_diff_6, i32 %intensity_diff_6" [top.cpp:169]   --->   Operation 371 'fmul' 'mul366_2' <Predicate = true> <Delay = 4.67> <CoreInst = "FMul_maxdsp">   --->   Core 30 'FMul_maxdsp' <Latency = 3> <II = 1> <Delay = 4.67> <FuncUnit> <Opcode : 'fmul'> <InPorts = 2> <OutPorts = 1>
ST_13 : Operation 372 [3/4] (4.67ns)   --->   "%mul366_2_1 = fmul i32 %intensity_diff_7, i32 %intensity_diff_7" [top.cpp:169]   --->   Operation 372 'fmul' 'mul366_2_1' <Predicate = true> <Delay = 4.67> <CoreInst = "FMul_maxdsp">   --->   Core 30 'FMul_maxdsp' <Latency = 3> <II = 1> <Delay = 4.67> <FuncUnit> <Opcode : 'fmul'> <InPorts = 2> <OutPorts = 1>
ST_13 : Operation 373 [4/4] (4.67ns)   --->   "%mul366_2_2 = fmul i32 %intensity_diff_8, i32 %intensity_diff_8" [top.cpp:169]   --->   Operation 373 'fmul' 'mul366_2_2' <Predicate = true> <Delay = 4.67> <CoreInst = "FMul_maxdsp">   --->   Core 30 'FMul_maxdsp' <Latency = 3> <II = 1> <Delay = 4.67> <FuncUnit> <Opcode : 'fmul'> <InPorts = 2> <OutPorts = 1>
ST_13 : Operation 374 [1/1] (0.00ns)   --->   "%bitcast_ln169_18 = bitcast i32 %mul366_1" [top.cpp:169]   --->   Operation 374 'bitcast' 'bitcast_ln169_18' <Predicate = true> <Delay = 0.00>
ST_13 : Operation 375 [1/1] (0.00ns)   --->   "%bit_sel10 = bitselect i1 @_ssdm_op_BitSelect.i1.i32.i32, i32 %bitcast_ln169_18, i32 31" [top.cpp:169]   --->   Operation 375 'bitselect' 'bit_sel10' <Predicate = true> <Delay = 0.00>
ST_13 : Operation 376 [1/1] (0.33ns)   --->   "%xor_ln169_25 = xor i1 %bit_sel10, i1 1" [top.cpp:169]   --->   Operation 376 'xor' 'xor_ln169_25' <Predicate = true> <Delay = 0.33> <CoreInst = "LogicGate">   --->   Core 74 'LogicGate' <Latency = 0> <II = 1> <Delay = 0.33> <FuncUnit> <Opcode : 'and' 'or' 'xor'> <InPorts = 2> <OutPorts = 1>
ST_13 : Operation 377 [1/1] (0.00ns)   --->   "%trunc_ln169_9 = trunc i32 %bitcast_ln169_18" [top.cpp:169]   --->   Operation 377 'trunc' 'trunc_ln169_9' <Predicate = true> <Delay = 0.00>
ST_13 : Operation 378 [1/1] (0.00ns)   --->   "%xor_ln169_9 = bitconcatenate i32 @_ssdm_op_BitConcatenate.i32.i1.i31, i1 %xor_ln169_25, i31 %trunc_ln169_9" [top.cpp:169]   --->   Operation 378 'bitconcatenate' 'xor_ln169_9' <Predicate = true> <Delay = 0.00>
ST_13 : Operation 379 [1/1] (0.00ns)   --->   "%bitcast_ln169_19 = bitcast i32 %xor_ln169_9" [top.cpp:169]   --->   Operation 379 'bitcast' 'bitcast_ln169_19' <Predicate = true> <Delay = 0.00>
ST_13 : Operation 380 [10/10] (6.70ns)   --->   "%div368_1 = fdiv i32 %bitcast_ln169_19, i32 0.02" [top.cpp:169]   --->   Operation 380 'fdiv' 'div368_1' <Predicate = true> <Delay = 6.70> <CoreInst = "FDiv">   --->   Core 20 'FDiv' <Latency = 9> <II = 1> <Delay = 6.70> <FuncUnit> <Opcode : 'fdiv' 'frem'> <InPorts = 2> <OutPorts = 1>
ST_13 : Operation 381 [1/4] (4.67ns)   --->   "%mul366_1_s = fmul i32 %intensity_diff_10, i32 %intensity_diff_10" [top.cpp:169]   --->   Operation 381 'fmul' 'mul366_1_s' <Predicate = true> <Delay = 4.67> <CoreInst = "FMul_maxdsp">   --->   Core 30 'FMul_maxdsp' <Latency = 3> <II = 1> <Delay = 4.67> <FuncUnit> <Opcode : 'fmul'> <InPorts = 2> <OutPorts = 1>
ST_13 : Operation 382 [1/4] (4.67ns)   --->   "%mul366_1_3 = fmul i32 %intensity_diff_11, i32 %intensity_diff_11" [top.cpp:169]   --->   Operation 382 'fmul' 'mul366_1_3' <Predicate = true> <Delay = 4.67> <CoreInst = "FMul_maxdsp">   --->   Core 30 'FMul_maxdsp' <Latency = 3> <II = 1> <Delay = 4.67> <FuncUnit> <Opcode : 'fmul'> <InPorts = 2> <OutPorts = 1>
ST_13 : Operation 383 [1/1] (0.00ns)   --->   "%bitcast_ln169_24 = bitcast i32 %mul366_1_1" [top.cpp:169]   --->   Operation 383 'bitcast' 'bitcast_ln169_24' <Predicate = true> <Delay = 0.00>
ST_13 : Operation 384 [1/1] (0.00ns)   --->   "%bit_sel13 = bitselect i1 @_ssdm_op_BitSelect.i1.i32.i32, i32 %bitcast_ln169_24, i32 31" [top.cpp:169]   --->   Operation 384 'bitselect' 'bit_sel13' <Predicate = true> <Delay = 0.00>
ST_13 : Operation 385 [1/1] (0.33ns)   --->   "%xor_ln169_28 = xor i1 %bit_sel13, i1 1" [top.cpp:169]   --->   Operation 385 'xor' 'xor_ln169_28' <Predicate = true> <Delay = 0.33> <CoreInst = "LogicGate">   --->   Core 74 'LogicGate' <Latency = 0> <II = 1> <Delay = 0.33> <FuncUnit> <Opcode : 'and' 'or' 'xor'> <InPorts = 2> <OutPorts = 1>
ST_13 : Operation 386 [1/1] (0.00ns)   --->   "%trunc_ln169_12 = trunc i32 %bitcast_ln169_24" [top.cpp:169]   --->   Operation 386 'trunc' 'trunc_ln169_12' <Predicate = true> <Delay = 0.00>
ST_13 : Operation 387 [1/1] (0.00ns)   --->   "%xor_ln169_11 = bitconcatenate i32 @_ssdm_op_BitConcatenate.i32.i1.i31, i1 %xor_ln169_28, i31 %trunc_ln169_12" [top.cpp:169]   --->   Operation 387 'bitconcatenate' 'xor_ln169_11' <Predicate = true> <Delay = 0.00>
ST_13 : Operation 388 [1/1] (0.00ns)   --->   "%bitcast_ln169_25 = bitcast i32 %xor_ln169_11" [top.cpp:169]   --->   Operation 388 'bitcast' 'bitcast_ln169_25' <Predicate = true> <Delay = 0.00>
ST_13 : Operation 389 [10/10] (6.70ns)   --->   "%div368_1_1 = fdiv i32 %bitcast_ln169_25, i32 0.02" [top.cpp:169]   --->   Operation 389 'fdiv' 'div368_1_1' <Predicate = true> <Delay = 6.70> <CoreInst = "FDiv">   --->   Core 20 'FDiv' <Latency = 9> <II = 1> <Delay = 6.70> <FuncUnit> <Opcode : 'fdiv' 'frem'> <InPorts = 2> <OutPorts = 1>
ST_13 : Operation 390 [1/1] (0.00ns)   --->   "%bitcast_ln169_26 = bitcast i32 %mul366_1_1_1" [top.cpp:169]   --->   Operation 390 'bitcast' 'bitcast_ln169_26' <Predicate = true> <Delay = 0.00>
ST_13 : Operation 391 [1/1] (0.00ns)   --->   "%bit_sel14 = bitselect i1 @_ssdm_op_BitSelect.i1.i32.i32, i32 %bitcast_ln169_26, i32 31" [top.cpp:169]   --->   Operation 391 'bitselect' 'bit_sel14' <Predicate = true> <Delay = 0.00>
ST_13 : Operation 392 [1/1] (0.33ns)   --->   "%xor_ln169_29 = xor i1 %bit_sel14, i1 1" [top.cpp:169]   --->   Operation 392 'xor' 'xor_ln169_29' <Predicate = true> <Delay = 0.33> <CoreInst = "LogicGate">   --->   Core 74 'LogicGate' <Latency = 0> <II = 1> <Delay = 0.33> <FuncUnit> <Opcode : 'and' 'or' 'xor'> <InPorts = 2> <OutPorts = 1>
ST_13 : Operation 393 [1/1] (0.00ns)   --->   "%trunc_ln169_13 = trunc i32 %bitcast_ln169_26" [top.cpp:169]   --->   Operation 393 'trunc' 'trunc_ln169_13' <Predicate = true> <Delay = 0.00>
ST_13 : Operation 394 [1/1] (0.00ns)   --->   "%xor_ln169_12 = bitconcatenate i32 @_ssdm_op_BitConcatenate.i32.i1.i31, i1 %xor_ln169_29, i31 %trunc_ln169_13" [top.cpp:169]   --->   Operation 394 'bitconcatenate' 'xor_ln169_12' <Predicate = true> <Delay = 0.00>
ST_13 : Operation 395 [1/1] (0.00ns)   --->   "%bitcast_ln169_27 = bitcast i32 %xor_ln169_12" [top.cpp:169]   --->   Operation 395 'bitcast' 'bitcast_ln169_27' <Predicate = true> <Delay = 0.00>
ST_13 : Operation 396 [10/10] (6.70ns)   --->   "%div368_1_1_1 = fdiv i32 %bitcast_ln169_27, i32 0.02" [top.cpp:169]   --->   Operation 396 'fdiv' 'div368_1_1_1' <Predicate = true> <Delay = 6.70> <CoreInst = "FDiv">   --->   Core 20 'FDiv' <Latency = 9> <II = 1> <Delay = 6.70> <FuncUnit> <Opcode : 'fdiv' 'frem'> <InPorts = 2> <OutPorts = 1>
ST_13 : Operation 397 [2/4] (4.67ns)   --->   "%mul366_1_1_2 = fmul i32 %intensity_diff_14, i32 %intensity_diff_14" [top.cpp:169]   --->   Operation 397 'fmul' 'mul366_1_1_2' <Predicate = true> <Delay = 4.67> <CoreInst = "FMul_maxdsp">   --->   Core 30 'FMul_maxdsp' <Latency = 3> <II = 1> <Delay = 4.67> <FuncUnit> <Opcode : 'fmul'> <InPorts = 2> <OutPorts = 1>
ST_13 : Operation 398 [3/4] (4.67ns)   --->   "%mul366_1_2 = fmul i32 %intensity_diff_15, i32 %intensity_diff_15" [top.cpp:169]   --->   Operation 398 'fmul' 'mul366_1_2' <Predicate = true> <Delay = 4.67> <CoreInst = "FMul_maxdsp">   --->   Core 30 'FMul_maxdsp' <Latency = 3> <II = 1> <Delay = 4.67> <FuncUnit> <Opcode : 'fmul'> <InPorts = 2> <OutPorts = 1>
ST_13 : Operation 399 [4/4] (4.67ns)   --->   "%mul366_1_2_1 = fmul i32 %intensity_diff_16, i32 %intensity_diff_16" [top.cpp:169]   --->   Operation 399 'fmul' 'mul366_1_2_1' <Predicate = true> <Delay = 4.67> <CoreInst = "FMul_maxdsp">   --->   Core 30 'FMul_maxdsp' <Latency = 3> <II = 1> <Delay = 4.67> <FuncUnit> <Opcode : 'fmul'> <InPorts = 2> <OutPorts = 1>
ST_13 : Operation 400 [4/4] (4.67ns)   --->   "%mul366_1_2_2 = fmul i32 %intensity_diff_17, i32 %intensity_diff_17" [top.cpp:169]   --->   Operation 400 'fmul' 'mul366_1_2_2' <Predicate = true> <Delay = 4.67> <CoreInst = "FMul_maxdsp">   --->   Core 30 'FMul_maxdsp' <Latency = 3> <II = 1> <Delay = 4.67> <FuncUnit> <Opcode : 'fmul'> <InPorts = 2> <OutPorts = 1>

State 14 <SV = 13> <Delay = 7.03>
ST_14 : Operation 401 [8/10] (6.70ns)   --->   "%div1 = fdiv i32 %bitcast_ln169_1, i32 0.02" [top.cpp:169]   --->   Operation 401 'fdiv' 'div1' <Predicate = true> <Delay = 6.70> <CoreInst = "FDiv">   --->   Core 20 'FDiv' <Latency = 9> <II = 1> <Delay = 6.70> <FuncUnit> <Opcode : 'fdiv' 'frem'> <InPorts = 2> <OutPorts = 1>
ST_14 : Operation 402 [9/10] (6.70ns)   --->   "%div368_s = fdiv i32 %bitcast_ln169_3, i32 0.02" [top.cpp:169]   --->   Operation 402 'fdiv' 'div368_s' <Predicate = true> <Delay = 6.70> <CoreInst = "FDiv">   --->   Core 20 'FDiv' <Latency = 9> <II = 1> <Delay = 6.70> <FuncUnit> <Opcode : 'fdiv' 'frem'> <InPorts = 2> <OutPorts = 1>
ST_14 : Operation 403 [1/1] (0.00ns)   --->   "%bitcast_ln169_4 = bitcast i32 %mul366_3" [top.cpp:169]   --->   Operation 403 'bitcast' 'bitcast_ln169_4' <Predicate = true> <Delay = 0.00>
ST_14 : Operation 404 [1/1] (0.00ns)   --->   "%bit_sel3 = bitselect i1 @_ssdm_op_BitSelect.i1.i32.i32, i32 %bitcast_ln169_4, i32 31" [top.cpp:169]   --->   Operation 404 'bitselect' 'bit_sel3' <Predicate = true> <Delay = 0.00>
ST_14 : Operation 405 [1/1] (0.33ns)   --->   "%xor_ln169_18 = xor i1 %bit_sel3, i1 1" [top.cpp:169]   --->   Operation 405 'xor' 'xor_ln169_18' <Predicate = true> <Delay = 0.33> <CoreInst = "LogicGate">   --->   Core 74 'LogicGate' <Latency = 0> <II = 1> <Delay = 0.33> <FuncUnit> <Opcode : 'and' 'or' 'xor'> <InPorts = 2> <OutPorts = 1>
ST_14 : Operation 406 [1/1] (0.00ns)   --->   "%trunc_ln169_2 = trunc i32 %bitcast_ln169_4" [top.cpp:169]   --->   Operation 406 'trunc' 'trunc_ln169_2' <Predicate = true> <Delay = 0.00>
ST_14 : Operation 407 [1/1] (0.00ns)   --->   "%xor_ln169_2 = bitconcatenate i32 @_ssdm_op_BitConcatenate.i32.i1.i31, i1 %xor_ln169_18, i31 %trunc_ln169_2" [top.cpp:169]   --->   Operation 407 'bitconcatenate' 'xor_ln169_2' <Predicate = true> <Delay = 0.00>
ST_14 : Operation 408 [1/1] (0.00ns)   --->   "%bitcast_ln169_5 = bitcast i32 %xor_ln169_2" [top.cpp:169]   --->   Operation 408 'bitcast' 'bitcast_ln169_5' <Predicate = true> <Delay = 0.00>
ST_14 : Operation 409 [10/10] (6.70ns)   --->   "%div368_3 = fdiv i32 %bitcast_ln169_5, i32 0.02" [top.cpp:169]   --->   Operation 409 'fdiv' 'div368_3' <Predicate = true> <Delay = 6.70> <CoreInst = "FDiv">   --->   Core 20 'FDiv' <Latency = 9> <II = 1> <Delay = 6.70> <FuncUnit> <Opcode : 'fdiv' 'frem'> <InPorts = 2> <OutPorts = 1>
ST_14 : Operation 410 [1/4] (4.67ns)   --->   "%mul366_4 = fmul i32 %intensity_diff_3, i32 %intensity_diff_3" [top.cpp:169]   --->   Operation 410 'fmul' 'mul366_4' <Predicate = true> <Delay = 4.67> <CoreInst = "FMul_maxdsp">   --->   Core 30 'FMul_maxdsp' <Latency = 3> <II = 1> <Delay = 4.67> <FuncUnit> <Opcode : 'fmul'> <InPorts = 2> <OutPorts = 1>
ST_14 : Operation 411 [8/10] (6.70ns)   --->   "%div368_1168_1 = fdiv i32 %bitcast_ln169_9, i32 0.02" [top.cpp:169]   --->   Operation 411 'fdiv' 'div368_1168_1' <Predicate = true> <Delay = 6.70> <CoreInst = "FDiv">   --->   Core 20 'FDiv' <Latency = 9> <II = 1> <Delay = 6.70> <FuncUnit> <Opcode : 'fdiv' 'frem'> <InPorts = 2> <OutPorts = 1>
ST_14 : Operation 412 [1/1] (0.00ns)   --->   "%bitcast_ln169_10 = bitcast i32 %mul366_1166_2" [top.cpp:169]   --->   Operation 412 'bitcast' 'bitcast_ln169_10' <Predicate = true> <Delay = 0.00>
ST_14 : Operation 413 [1/1] (0.00ns)   --->   "%bit_sel6 = bitselect i1 @_ssdm_op_BitSelect.i1.i32.i32, i32 %bitcast_ln169_10, i32 31" [top.cpp:169]   --->   Operation 413 'bitselect' 'bit_sel6' <Predicate = true> <Delay = 0.00>
ST_14 : Operation 414 [1/1] (0.33ns)   --->   "%xor_ln169_21 = xor i1 %bit_sel6, i1 1" [top.cpp:169]   --->   Operation 414 'xor' 'xor_ln169_21' <Predicate = true> <Delay = 0.33> <CoreInst = "LogicGate">   --->   Core 74 'LogicGate' <Latency = 0> <II = 1> <Delay = 0.33> <FuncUnit> <Opcode : 'and' 'or' 'xor'> <InPorts = 2> <OutPorts = 1>
ST_14 : Operation 415 [1/1] (0.00ns)   --->   "%trunc_ln169_5 = trunc i32 %bitcast_ln169_10" [top.cpp:169]   --->   Operation 415 'trunc' 'trunc_ln169_5' <Predicate = true> <Delay = 0.00>
ST_14 : Operation 416 [1/1] (0.00ns)   --->   "%xor_ln169_5 = bitconcatenate i32 @_ssdm_op_BitConcatenate.i32.i1.i31, i1 %xor_ln169_21, i31 %trunc_ln169_5" [top.cpp:169]   --->   Operation 416 'bitconcatenate' 'xor_ln169_5' <Predicate = true> <Delay = 0.00>
ST_14 : Operation 417 [1/1] (0.00ns)   --->   "%bitcast_ln169_11 = bitcast i32 %xor_ln169_5" [top.cpp:169]   --->   Operation 417 'bitcast' 'bitcast_ln169_11' <Predicate = true> <Delay = 0.00>
ST_14 : Operation 418 [10/10] (6.70ns)   --->   "%div368_1168_2 = fdiv i32 %bitcast_ln169_11, i32 0.02" [top.cpp:169]   --->   Operation 418 'fdiv' 'div368_1168_2' <Predicate = true> <Delay = 6.70> <CoreInst = "FDiv">   --->   Core 20 'FDiv' <Latency = 9> <II = 1> <Delay = 6.70> <FuncUnit> <Opcode : 'fdiv' 'frem'> <InPorts = 2> <OutPorts = 1>
ST_14 : Operation 419 [2/4] (4.67ns)   --->   "%mul366_2 = fmul i32 %intensity_diff_6, i32 %intensity_diff_6" [top.cpp:169]   --->   Operation 419 'fmul' 'mul366_2' <Predicate = true> <Delay = 4.67> <CoreInst = "FMul_maxdsp">   --->   Core 30 'FMul_maxdsp' <Latency = 3> <II = 1> <Delay = 4.67> <FuncUnit> <Opcode : 'fmul'> <InPorts = 2> <OutPorts = 1>
ST_14 : Operation 420 [2/4] (4.67ns)   --->   "%mul366_2_1 = fmul i32 %intensity_diff_7, i32 %intensity_diff_7" [top.cpp:169]   --->   Operation 420 'fmul' 'mul366_2_1' <Predicate = true> <Delay = 4.67> <CoreInst = "FMul_maxdsp">   --->   Core 30 'FMul_maxdsp' <Latency = 3> <II = 1> <Delay = 4.67> <FuncUnit> <Opcode : 'fmul'> <InPorts = 2> <OutPorts = 1>
ST_14 : Operation 421 [3/4] (4.67ns)   --->   "%mul366_2_2 = fmul i32 %intensity_diff_8, i32 %intensity_diff_8" [top.cpp:169]   --->   Operation 421 'fmul' 'mul366_2_2' <Predicate = true> <Delay = 4.67> <CoreInst = "FMul_maxdsp">   --->   Core 30 'FMul_maxdsp' <Latency = 3> <II = 1> <Delay = 4.67> <FuncUnit> <Opcode : 'fmul'> <InPorts = 2> <OutPorts = 1>
ST_14 : Operation 422 [9/10] (6.70ns)   --->   "%div368_1 = fdiv i32 %bitcast_ln169_19, i32 0.02" [top.cpp:169]   --->   Operation 422 'fdiv' 'div368_1' <Predicate = true> <Delay = 6.70> <CoreInst = "FDiv">   --->   Core 20 'FDiv' <Latency = 9> <II = 1> <Delay = 6.70> <FuncUnit> <Opcode : 'fdiv' 'frem'> <InPorts = 2> <OutPorts = 1>
ST_14 : Operation 423 [1/1] (0.00ns)   --->   "%bitcast_ln169_20 = bitcast i32 %mul366_1_s" [top.cpp:169]   --->   Operation 423 'bitcast' 'bitcast_ln169_20' <Predicate = true> <Delay = 0.00>
ST_14 : Operation 424 [1/1] (0.00ns)   --->   "%bit_sel11 = bitselect i1 @_ssdm_op_BitSelect.i1.i32.i32, i32 %bitcast_ln169_20, i32 31" [top.cpp:169]   --->   Operation 424 'bitselect' 'bit_sel11' <Predicate = true> <Delay = 0.00>
ST_14 : Operation 425 [1/1] (0.33ns)   --->   "%xor_ln169_26 = xor i1 %bit_sel11, i1 1" [top.cpp:169]   --->   Operation 425 'xor' 'xor_ln169_26' <Predicate = true> <Delay = 0.33> <CoreInst = "LogicGate">   --->   Core 74 'LogicGate' <Latency = 0> <II = 1> <Delay = 0.33> <FuncUnit> <Opcode : 'and' 'or' 'xor'> <InPorts = 2> <OutPorts = 1>
ST_14 : Operation 426 [1/1] (0.00ns)   --->   "%trunc_ln169_10 = trunc i32 %bitcast_ln169_20" [top.cpp:169]   --->   Operation 426 'trunc' 'trunc_ln169_10' <Predicate = true> <Delay = 0.00>
ST_14 : Operation 427 [1/1] (0.00ns)   --->   "%xor_ln169_s = bitconcatenate i32 @_ssdm_op_BitConcatenate.i32.i1.i31, i1 %xor_ln169_26, i31 %trunc_ln169_10" [top.cpp:169]   --->   Operation 427 'bitconcatenate' 'xor_ln169_s' <Predicate = true> <Delay = 0.00>
ST_14 : Operation 428 [1/1] (0.00ns)   --->   "%bitcast_ln169_21 = bitcast i32 %xor_ln169_s" [top.cpp:169]   --->   Operation 428 'bitcast' 'bitcast_ln169_21' <Predicate = true> <Delay = 0.00>
ST_14 : Operation 429 [10/10] (6.70ns)   --->   "%div368_1_s = fdiv i32 %bitcast_ln169_21, i32 0.02" [top.cpp:169]   --->   Operation 429 'fdiv' 'div368_1_s' <Predicate = true> <Delay = 6.70> <CoreInst = "FDiv">   --->   Core 20 'FDiv' <Latency = 9> <II = 1> <Delay = 6.70> <FuncUnit> <Opcode : 'fdiv' 'frem'> <InPorts = 2> <OutPorts = 1>
ST_14 : Operation 430 [1/1] (0.00ns)   --->   "%bitcast_ln169_22 = bitcast i32 %mul366_1_3" [top.cpp:169]   --->   Operation 430 'bitcast' 'bitcast_ln169_22' <Predicate = true> <Delay = 0.00>
ST_14 : Operation 431 [1/1] (0.00ns)   --->   "%bit_sel12 = bitselect i1 @_ssdm_op_BitSelect.i1.i32.i32, i32 %bitcast_ln169_22, i32 31" [top.cpp:169]   --->   Operation 431 'bitselect' 'bit_sel12' <Predicate = true> <Delay = 0.00>
ST_14 : Operation 432 [1/1] (0.33ns)   --->   "%xor_ln169_27 = xor i1 %bit_sel12, i1 1" [top.cpp:169]   --->   Operation 432 'xor' 'xor_ln169_27' <Predicate = true> <Delay = 0.33> <CoreInst = "LogicGate">   --->   Core 74 'LogicGate' <Latency = 0> <II = 1> <Delay = 0.33> <FuncUnit> <Opcode : 'and' 'or' 'xor'> <InPorts = 2> <OutPorts = 1>
ST_14 : Operation 433 [1/1] (0.00ns)   --->   "%trunc_ln169_11 = trunc i32 %bitcast_ln169_22" [top.cpp:169]   --->   Operation 433 'trunc' 'trunc_ln169_11' <Predicate = true> <Delay = 0.00>
ST_14 : Operation 434 [1/1] (0.00ns)   --->   "%xor_ln169_10 = bitconcatenate i32 @_ssdm_op_BitConcatenate.i32.i1.i31, i1 %xor_ln169_27, i31 %trunc_ln169_11" [top.cpp:169]   --->   Operation 434 'bitconcatenate' 'xor_ln169_10' <Predicate = true> <Delay = 0.00>
ST_14 : Operation 435 [1/1] (0.00ns)   --->   "%bitcast_ln169_23 = bitcast i32 %xor_ln169_10" [top.cpp:169]   --->   Operation 435 'bitcast' 'bitcast_ln169_23' <Predicate = true> <Delay = 0.00>
ST_14 : Operation 436 [10/10] (6.70ns)   --->   "%div368_1_3 = fdiv i32 %bitcast_ln169_23, i32 0.02" [top.cpp:169]   --->   Operation 436 'fdiv' 'div368_1_3' <Predicate = true> <Delay = 6.70> <CoreInst = "FDiv">   --->   Core 20 'FDiv' <Latency = 9> <II = 1> <Delay = 6.70> <FuncUnit> <Opcode : 'fdiv' 'frem'> <InPorts = 2> <OutPorts = 1>
ST_14 : Operation 437 [9/10] (6.70ns)   --->   "%div368_1_1 = fdiv i32 %bitcast_ln169_25, i32 0.02" [top.cpp:169]   --->   Operation 437 'fdiv' 'div368_1_1' <Predicate = true> <Delay = 6.70> <CoreInst = "FDiv">   --->   Core 20 'FDiv' <Latency = 9> <II = 1> <Delay = 6.70> <FuncUnit> <Opcode : 'fdiv' 'frem'> <InPorts = 2> <OutPorts = 1>
ST_14 : Operation 438 [9/10] (6.70ns)   --->   "%div368_1_1_1 = fdiv i32 %bitcast_ln169_27, i32 0.02" [top.cpp:169]   --->   Operation 438 'fdiv' 'div368_1_1_1' <Predicate = true> <Delay = 6.70> <CoreInst = "FDiv">   --->   Core 20 'FDiv' <Latency = 9> <II = 1> <Delay = 6.70> <FuncUnit> <Opcode : 'fdiv' 'frem'> <InPorts = 2> <OutPorts = 1>
ST_14 : Operation 439 [1/4] (4.67ns)   --->   "%mul366_1_1_2 = fmul i32 %intensity_diff_14, i32 %intensity_diff_14" [top.cpp:169]   --->   Operation 439 'fmul' 'mul366_1_1_2' <Predicate = true> <Delay = 4.67> <CoreInst = "FMul_maxdsp">   --->   Core 30 'FMul_maxdsp' <Latency = 3> <II = 1> <Delay = 4.67> <FuncUnit> <Opcode : 'fmul'> <InPorts = 2> <OutPorts = 1>
ST_14 : Operation 440 [2/4] (4.67ns)   --->   "%mul366_1_2 = fmul i32 %intensity_diff_15, i32 %intensity_diff_15" [top.cpp:169]   --->   Operation 440 'fmul' 'mul366_1_2' <Predicate = true> <Delay = 4.67> <CoreInst = "FMul_maxdsp">   --->   Core 30 'FMul_maxdsp' <Latency = 3> <II = 1> <Delay = 4.67> <FuncUnit> <Opcode : 'fmul'> <InPorts = 2> <OutPorts = 1>
ST_14 : Operation 441 [3/4] (4.67ns)   --->   "%mul366_1_2_1 = fmul i32 %intensity_diff_16, i32 %intensity_diff_16" [top.cpp:169]   --->   Operation 441 'fmul' 'mul366_1_2_1' <Predicate = true> <Delay = 4.67> <CoreInst = "FMul_maxdsp">   --->   Core 30 'FMul_maxdsp' <Latency = 3> <II = 1> <Delay = 4.67> <FuncUnit> <Opcode : 'fmul'> <InPorts = 2> <OutPorts = 1>
ST_14 : Operation 442 [3/4] (4.67ns)   --->   "%mul366_1_2_2 = fmul i32 %intensity_diff_17, i32 %intensity_diff_17" [top.cpp:169]   --->   Operation 442 'fmul' 'mul366_1_2_2' <Predicate = true> <Delay = 4.67> <CoreInst = "FMul_maxdsp">   --->   Core 30 'FMul_maxdsp' <Latency = 3> <II = 1> <Delay = 4.67> <FuncUnit> <Opcode : 'fmul'> <InPorts = 2> <OutPorts = 1>

State 15 <SV = 14> <Delay = 7.03>
ST_15 : Operation 443 [7/10] (6.70ns)   --->   "%div1 = fdiv i32 %bitcast_ln169_1, i32 0.02" [top.cpp:169]   --->   Operation 443 'fdiv' 'div1' <Predicate = true> <Delay = 6.70> <CoreInst = "FDiv">   --->   Core 20 'FDiv' <Latency = 9> <II = 1> <Delay = 6.70> <FuncUnit> <Opcode : 'fdiv' 'frem'> <InPorts = 2> <OutPorts = 1>
ST_15 : Operation 444 [8/10] (6.70ns)   --->   "%div368_s = fdiv i32 %bitcast_ln169_3, i32 0.02" [top.cpp:169]   --->   Operation 444 'fdiv' 'div368_s' <Predicate = true> <Delay = 6.70> <CoreInst = "FDiv">   --->   Core 20 'FDiv' <Latency = 9> <II = 1> <Delay = 6.70> <FuncUnit> <Opcode : 'fdiv' 'frem'> <InPorts = 2> <OutPorts = 1>
ST_15 : Operation 445 [9/10] (6.70ns)   --->   "%div368_3 = fdiv i32 %bitcast_ln169_5, i32 0.02" [top.cpp:169]   --->   Operation 445 'fdiv' 'div368_3' <Predicate = true> <Delay = 6.70> <CoreInst = "FDiv">   --->   Core 20 'FDiv' <Latency = 9> <II = 1> <Delay = 6.70> <FuncUnit> <Opcode : 'fdiv' 'frem'> <InPorts = 2> <OutPorts = 1>
ST_15 : Operation 446 [1/1] (0.00ns)   --->   "%bitcast_ln169_6 = bitcast i32 %mul366_4" [top.cpp:169]   --->   Operation 446 'bitcast' 'bitcast_ln169_6' <Predicate = true> <Delay = 0.00>
ST_15 : Operation 447 [1/1] (0.00ns)   --->   "%bit_sel4 = bitselect i1 @_ssdm_op_BitSelect.i1.i32.i32, i32 %bitcast_ln169_6, i32 31" [top.cpp:169]   --->   Operation 447 'bitselect' 'bit_sel4' <Predicate = true> <Delay = 0.00>
ST_15 : Operation 448 [1/1] (0.33ns)   --->   "%xor_ln169_19 = xor i1 %bit_sel4, i1 1" [top.cpp:169]   --->   Operation 448 'xor' 'xor_ln169_19' <Predicate = true> <Delay = 0.33> <CoreInst = "LogicGate">   --->   Core 74 'LogicGate' <Latency = 0> <II = 1> <Delay = 0.33> <FuncUnit> <Opcode : 'and' 'or' 'xor'> <InPorts = 2> <OutPorts = 1>
ST_15 : Operation 449 [1/1] (0.00ns)   --->   "%trunc_ln169_3 = trunc i32 %bitcast_ln169_6" [top.cpp:169]   --->   Operation 449 'trunc' 'trunc_ln169_3' <Predicate = true> <Delay = 0.00>
ST_15 : Operation 450 [1/1] (0.00ns)   --->   "%xor_ln169_3 = bitconcatenate i32 @_ssdm_op_BitConcatenate.i32.i1.i31, i1 %xor_ln169_19, i31 %trunc_ln169_3" [top.cpp:169]   --->   Operation 450 'bitconcatenate' 'xor_ln169_3' <Predicate = true> <Delay = 0.00>
ST_15 : Operation 451 [1/1] (0.00ns)   --->   "%bitcast_ln169_7 = bitcast i32 %xor_ln169_3" [top.cpp:169]   --->   Operation 451 'bitcast' 'bitcast_ln169_7' <Predicate = true> <Delay = 0.00>
ST_15 : Operation 452 [10/10] (6.70ns)   --->   "%div368_4 = fdiv i32 %bitcast_ln169_7, i32 0.02" [top.cpp:169]   --->   Operation 452 'fdiv' 'div368_4' <Predicate = true> <Delay = 6.70> <CoreInst = "FDiv">   --->   Core 20 'FDiv' <Latency = 9> <II = 1> <Delay = 6.70> <FuncUnit> <Opcode : 'fdiv' 'frem'> <InPorts = 2> <OutPorts = 1>
ST_15 : Operation 453 [7/10] (6.70ns)   --->   "%div368_1168_1 = fdiv i32 %bitcast_ln169_9, i32 0.02" [top.cpp:169]   --->   Operation 453 'fdiv' 'div368_1168_1' <Predicate = true> <Delay = 6.70> <CoreInst = "FDiv">   --->   Core 20 'FDiv' <Latency = 9> <II = 1> <Delay = 6.70> <FuncUnit> <Opcode : 'fdiv' 'frem'> <InPorts = 2> <OutPorts = 1>
ST_15 : Operation 454 [9/10] (6.70ns)   --->   "%div368_1168_2 = fdiv i32 %bitcast_ln169_11, i32 0.02" [top.cpp:169]   --->   Operation 454 'fdiv' 'div368_1168_2' <Predicate = true> <Delay = 6.70> <CoreInst = "FDiv">   --->   Core 20 'FDiv' <Latency = 9> <II = 1> <Delay = 6.70> <FuncUnit> <Opcode : 'fdiv' 'frem'> <InPorts = 2> <OutPorts = 1>
ST_15 : Operation 455 [1/4] (4.67ns)   --->   "%mul366_2 = fmul i32 %intensity_diff_6, i32 %intensity_diff_6" [top.cpp:169]   --->   Operation 455 'fmul' 'mul366_2' <Predicate = true> <Delay = 4.67> <CoreInst = "FMul_maxdsp">   --->   Core 30 'FMul_maxdsp' <Latency = 3> <II = 1> <Delay = 4.67> <FuncUnit> <Opcode : 'fmul'> <InPorts = 2> <OutPorts = 1>
ST_15 : Operation 456 [1/4] (4.67ns)   --->   "%mul366_2_1 = fmul i32 %intensity_diff_7, i32 %intensity_diff_7" [top.cpp:169]   --->   Operation 456 'fmul' 'mul366_2_1' <Predicate = true> <Delay = 4.67> <CoreInst = "FMul_maxdsp">   --->   Core 30 'FMul_maxdsp' <Latency = 3> <II = 1> <Delay = 4.67> <FuncUnit> <Opcode : 'fmul'> <InPorts = 2> <OutPorts = 1>
ST_15 : Operation 457 [2/4] (4.67ns)   --->   "%mul366_2_2 = fmul i32 %intensity_diff_8, i32 %intensity_diff_8" [top.cpp:169]   --->   Operation 457 'fmul' 'mul366_2_2' <Predicate = true> <Delay = 4.67> <CoreInst = "FMul_maxdsp">   --->   Core 30 'FMul_maxdsp' <Latency = 3> <II = 1> <Delay = 4.67> <FuncUnit> <Opcode : 'fmul'> <InPorts = 2> <OutPorts = 1>
ST_15 : Operation 458 [8/10] (6.70ns)   --->   "%div368_1 = fdiv i32 %bitcast_ln169_19, i32 0.02" [top.cpp:169]   --->   Operation 458 'fdiv' 'div368_1' <Predicate = true> <Delay = 6.70> <CoreInst = "FDiv">   --->   Core 20 'FDiv' <Latency = 9> <II = 1> <Delay = 6.70> <FuncUnit> <Opcode : 'fdiv' 'frem'> <InPorts = 2> <OutPorts = 1>
ST_15 : Operation 459 [9/10] (6.70ns)   --->   "%div368_1_s = fdiv i32 %bitcast_ln169_21, i32 0.02" [top.cpp:169]   --->   Operation 459 'fdiv' 'div368_1_s' <Predicate = true> <Delay = 6.70> <CoreInst = "FDiv">   --->   Core 20 'FDiv' <Latency = 9> <II = 1> <Delay = 6.70> <FuncUnit> <Opcode : 'fdiv' 'frem'> <InPorts = 2> <OutPorts = 1>
ST_15 : Operation 460 [9/10] (6.70ns)   --->   "%div368_1_3 = fdiv i32 %bitcast_ln169_23, i32 0.02" [top.cpp:169]   --->   Operation 460 'fdiv' 'div368_1_3' <Predicate = true> <Delay = 6.70> <CoreInst = "FDiv">   --->   Core 20 'FDiv' <Latency = 9> <II = 1> <Delay = 6.70> <FuncUnit> <Opcode : 'fdiv' 'frem'> <InPorts = 2> <OutPorts = 1>
ST_15 : Operation 461 [8/10] (6.70ns)   --->   "%div368_1_1 = fdiv i32 %bitcast_ln169_25, i32 0.02" [top.cpp:169]   --->   Operation 461 'fdiv' 'div368_1_1' <Predicate = true> <Delay = 6.70> <CoreInst = "FDiv">   --->   Core 20 'FDiv' <Latency = 9> <II = 1> <Delay = 6.70> <FuncUnit> <Opcode : 'fdiv' 'frem'> <InPorts = 2> <OutPorts = 1>
ST_15 : Operation 462 [8/10] (6.70ns)   --->   "%div368_1_1_1 = fdiv i32 %bitcast_ln169_27, i32 0.02" [top.cpp:169]   --->   Operation 462 'fdiv' 'div368_1_1_1' <Predicate = true> <Delay = 6.70> <CoreInst = "FDiv">   --->   Core 20 'FDiv' <Latency = 9> <II = 1> <Delay = 6.70> <FuncUnit> <Opcode : 'fdiv' 'frem'> <InPorts = 2> <OutPorts = 1>
ST_15 : Operation 463 [1/1] (0.00ns)   --->   "%bitcast_ln169_28 = bitcast i32 %mul366_1_1_2" [top.cpp:169]   --->   Operation 463 'bitcast' 'bitcast_ln169_28' <Predicate = true> <Delay = 0.00>
ST_15 : Operation 464 [1/1] (0.00ns)   --->   "%bit_sel15 = bitselect i1 @_ssdm_op_BitSelect.i1.i32.i32, i32 %bitcast_ln169_28, i32 31" [top.cpp:169]   --->   Operation 464 'bitselect' 'bit_sel15' <Predicate = true> <Delay = 0.00>
ST_15 : Operation 465 [1/1] (0.33ns)   --->   "%xor_ln169_30 = xor i1 %bit_sel15, i1 1" [top.cpp:169]   --->   Operation 465 'xor' 'xor_ln169_30' <Predicate = true> <Delay = 0.33> <CoreInst = "LogicGate">   --->   Core 74 'LogicGate' <Latency = 0> <II = 1> <Delay = 0.33> <FuncUnit> <Opcode : 'and' 'or' 'xor'> <InPorts = 2> <OutPorts = 1>
ST_15 : Operation 466 [1/1] (0.00ns)   --->   "%trunc_ln169_14 = trunc i32 %bitcast_ln169_28" [top.cpp:169]   --->   Operation 466 'trunc' 'trunc_ln169_14' <Predicate = true> <Delay = 0.00>
ST_15 : Operation 467 [1/1] (0.00ns)   --->   "%xor_ln169_13 = bitconcatenate i32 @_ssdm_op_BitConcatenate.i32.i1.i31, i1 %xor_ln169_30, i31 %trunc_ln169_14" [top.cpp:169]   --->   Operation 467 'bitconcatenate' 'xor_ln169_13' <Predicate = true> <Delay = 0.00>
ST_15 : Operation 468 [1/1] (0.00ns)   --->   "%bitcast_ln169_29 = bitcast i32 %xor_ln169_13" [top.cpp:169]   --->   Operation 468 'bitcast' 'bitcast_ln169_29' <Predicate = true> <Delay = 0.00>
ST_15 : Operation 469 [10/10] (6.70ns)   --->   "%div368_1_1_2 = fdiv i32 %bitcast_ln169_29, i32 0.02" [top.cpp:169]   --->   Operation 469 'fdiv' 'div368_1_1_2' <Predicate = true> <Delay = 6.70> <CoreInst = "FDiv">   --->   Core 20 'FDiv' <Latency = 9> <II = 1> <Delay = 6.70> <FuncUnit> <Opcode : 'fdiv' 'frem'> <InPorts = 2> <OutPorts = 1>
ST_15 : Operation 470 [1/4] (4.67ns)   --->   "%mul366_1_2 = fmul i32 %intensity_diff_15, i32 %intensity_diff_15" [top.cpp:169]   --->   Operation 470 'fmul' 'mul366_1_2' <Predicate = true> <Delay = 4.67> <CoreInst = "FMul_maxdsp">   --->   Core 30 'FMul_maxdsp' <Latency = 3> <II = 1> <Delay = 4.67> <FuncUnit> <Opcode : 'fmul'> <InPorts = 2> <OutPorts = 1>
ST_15 : Operation 471 [2/4] (4.67ns)   --->   "%mul366_1_2_1 = fmul i32 %intensity_diff_16, i32 %intensity_diff_16" [top.cpp:169]   --->   Operation 471 'fmul' 'mul366_1_2_1' <Predicate = true> <Delay = 4.67> <CoreInst = "FMul_maxdsp">   --->   Core 30 'FMul_maxdsp' <Latency = 3> <II = 1> <Delay = 4.67> <FuncUnit> <Opcode : 'fmul'> <InPorts = 2> <OutPorts = 1>
ST_15 : Operation 472 [2/4] (4.67ns)   --->   "%mul366_1_2_2 = fmul i32 %intensity_diff_17, i32 %intensity_diff_17" [top.cpp:169]   --->   Operation 472 'fmul' 'mul366_1_2_2' <Predicate = true> <Delay = 4.67> <CoreInst = "FMul_maxdsp">   --->   Core 30 'FMul_maxdsp' <Latency = 3> <II = 1> <Delay = 4.67> <FuncUnit> <Opcode : 'fmul'> <InPorts = 2> <OutPorts = 1>

State 16 <SV = 15> <Delay = 7.03>
ST_16 : Operation 473 [6/10] (6.70ns)   --->   "%div1 = fdiv i32 %bitcast_ln169_1, i32 0.02" [top.cpp:169]   --->   Operation 473 'fdiv' 'div1' <Predicate = true> <Delay = 6.70> <CoreInst = "FDiv">   --->   Core 20 'FDiv' <Latency = 9> <II = 1> <Delay = 6.70> <FuncUnit> <Opcode : 'fdiv' 'frem'> <InPorts = 2> <OutPorts = 1>
ST_16 : Operation 474 [7/10] (6.70ns)   --->   "%div368_s = fdiv i32 %bitcast_ln169_3, i32 0.02" [top.cpp:169]   --->   Operation 474 'fdiv' 'div368_s' <Predicate = true> <Delay = 6.70> <CoreInst = "FDiv">   --->   Core 20 'FDiv' <Latency = 9> <II = 1> <Delay = 6.70> <FuncUnit> <Opcode : 'fdiv' 'frem'> <InPorts = 2> <OutPorts = 1>
ST_16 : Operation 475 [8/10] (6.70ns)   --->   "%div368_3 = fdiv i32 %bitcast_ln169_5, i32 0.02" [top.cpp:169]   --->   Operation 475 'fdiv' 'div368_3' <Predicate = true> <Delay = 6.70> <CoreInst = "FDiv">   --->   Core 20 'FDiv' <Latency = 9> <II = 1> <Delay = 6.70> <FuncUnit> <Opcode : 'fdiv' 'frem'> <InPorts = 2> <OutPorts = 1>
ST_16 : Operation 476 [9/10] (6.70ns)   --->   "%div368_4 = fdiv i32 %bitcast_ln169_7, i32 0.02" [top.cpp:169]   --->   Operation 476 'fdiv' 'div368_4' <Predicate = true> <Delay = 6.70> <CoreInst = "FDiv">   --->   Core 20 'FDiv' <Latency = 9> <II = 1> <Delay = 6.70> <FuncUnit> <Opcode : 'fdiv' 'frem'> <InPorts = 2> <OutPorts = 1>
ST_16 : Operation 477 [6/10] (6.70ns)   --->   "%div368_1168_1 = fdiv i32 %bitcast_ln169_9, i32 0.02" [top.cpp:169]   --->   Operation 477 'fdiv' 'div368_1168_1' <Predicate = true> <Delay = 6.70> <CoreInst = "FDiv">   --->   Core 20 'FDiv' <Latency = 9> <II = 1> <Delay = 6.70> <FuncUnit> <Opcode : 'fdiv' 'frem'> <InPorts = 2> <OutPorts = 1>
ST_16 : Operation 478 [8/10] (6.70ns)   --->   "%div368_1168_2 = fdiv i32 %bitcast_ln169_11, i32 0.02" [top.cpp:169]   --->   Operation 478 'fdiv' 'div368_1168_2' <Predicate = true> <Delay = 6.70> <CoreInst = "FDiv">   --->   Core 20 'FDiv' <Latency = 9> <II = 1> <Delay = 6.70> <FuncUnit> <Opcode : 'fdiv' 'frem'> <InPorts = 2> <OutPorts = 1>
ST_16 : Operation 479 [1/1] (0.00ns)   --->   "%bitcast_ln169_12 = bitcast i32 %mul366_2" [top.cpp:169]   --->   Operation 479 'bitcast' 'bitcast_ln169_12' <Predicate = true> <Delay = 0.00>
ST_16 : Operation 480 [1/1] (0.00ns)   --->   "%bit_sel7 = bitselect i1 @_ssdm_op_BitSelect.i1.i32.i32, i32 %bitcast_ln169_12, i32 31" [top.cpp:169]   --->   Operation 480 'bitselect' 'bit_sel7' <Predicate = true> <Delay = 0.00>
ST_16 : Operation 481 [1/1] (0.33ns)   --->   "%xor_ln169_22 = xor i1 %bit_sel7, i1 1" [top.cpp:169]   --->   Operation 481 'xor' 'xor_ln169_22' <Predicate = true> <Delay = 0.33> <CoreInst = "LogicGate">   --->   Core 74 'LogicGate' <Latency = 0> <II = 1> <Delay = 0.33> <FuncUnit> <Opcode : 'and' 'or' 'xor'> <InPorts = 2> <OutPorts = 1>
ST_16 : Operation 482 [1/1] (0.00ns)   --->   "%trunc_ln169_6 = trunc i32 %bitcast_ln169_12" [top.cpp:169]   --->   Operation 482 'trunc' 'trunc_ln169_6' <Predicate = true> <Delay = 0.00>
ST_16 : Operation 483 [1/1] (0.00ns)   --->   "%xor_ln169_6 = bitconcatenate i32 @_ssdm_op_BitConcatenate.i32.i1.i31, i1 %xor_ln169_22, i31 %trunc_ln169_6" [top.cpp:169]   --->   Operation 483 'bitconcatenate' 'xor_ln169_6' <Predicate = true> <Delay = 0.00>
ST_16 : Operation 484 [1/1] (0.00ns)   --->   "%bitcast_ln169_13 = bitcast i32 %xor_ln169_6" [top.cpp:169]   --->   Operation 484 'bitcast' 'bitcast_ln169_13' <Predicate = true> <Delay = 0.00>
ST_16 : Operation 485 [10/10] (6.70ns)   --->   "%div368_2 = fdiv i32 %bitcast_ln169_13, i32 0.02" [top.cpp:169]   --->   Operation 485 'fdiv' 'div368_2' <Predicate = true> <Delay = 6.70> <CoreInst = "FDiv">   --->   Core 20 'FDiv' <Latency = 9> <II = 1> <Delay = 6.70> <FuncUnit> <Opcode : 'fdiv' 'frem'> <InPorts = 2> <OutPorts = 1>
ST_16 : Operation 486 [1/1] (0.00ns)   --->   "%bitcast_ln169_14 = bitcast i32 %mul366_2_1" [top.cpp:169]   --->   Operation 486 'bitcast' 'bitcast_ln169_14' <Predicate = true> <Delay = 0.00>
ST_16 : Operation 487 [1/1] (0.00ns)   --->   "%bit_sel8 = bitselect i1 @_ssdm_op_BitSelect.i1.i32.i32, i32 %bitcast_ln169_14, i32 31" [top.cpp:169]   --->   Operation 487 'bitselect' 'bit_sel8' <Predicate = true> <Delay = 0.00>
ST_16 : Operation 488 [1/1] (0.33ns)   --->   "%xor_ln169_23 = xor i1 %bit_sel8, i1 1" [top.cpp:169]   --->   Operation 488 'xor' 'xor_ln169_23' <Predicate = true> <Delay = 0.33> <CoreInst = "LogicGate">   --->   Core 74 'LogicGate' <Latency = 0> <II = 1> <Delay = 0.33> <FuncUnit> <Opcode : 'and' 'or' 'xor'> <InPorts = 2> <OutPorts = 1>
ST_16 : Operation 489 [1/1] (0.00ns)   --->   "%trunc_ln169_7 = trunc i32 %bitcast_ln169_14" [top.cpp:169]   --->   Operation 489 'trunc' 'trunc_ln169_7' <Predicate = true> <Delay = 0.00>
ST_16 : Operation 490 [1/1] (0.00ns)   --->   "%xor_ln169_7 = bitconcatenate i32 @_ssdm_op_BitConcatenate.i32.i1.i31, i1 %xor_ln169_23, i31 %trunc_ln169_7" [top.cpp:169]   --->   Operation 490 'bitconcatenate' 'xor_ln169_7' <Predicate = true> <Delay = 0.00>
ST_16 : Operation 491 [1/1] (0.00ns)   --->   "%bitcast_ln169_15 = bitcast i32 %xor_ln169_7" [top.cpp:169]   --->   Operation 491 'bitcast' 'bitcast_ln169_15' <Predicate = true> <Delay = 0.00>
ST_16 : Operation 492 [10/10] (6.70ns)   --->   "%div368_2_1 = fdiv i32 %bitcast_ln169_15, i32 0.02" [top.cpp:169]   --->   Operation 492 'fdiv' 'div368_2_1' <Predicate = true> <Delay = 6.70> <CoreInst = "FDiv">   --->   Core 20 'FDiv' <Latency = 9> <II = 1> <Delay = 6.70> <FuncUnit> <Opcode : 'fdiv' 'frem'> <InPorts = 2> <OutPorts = 1>
ST_16 : Operation 493 [1/4] (4.67ns)   --->   "%mul366_2_2 = fmul i32 %intensity_diff_8, i32 %intensity_diff_8" [top.cpp:169]   --->   Operation 493 'fmul' 'mul366_2_2' <Predicate = true> <Delay = 4.67> <CoreInst = "FMul_maxdsp">   --->   Core 30 'FMul_maxdsp' <Latency = 3> <II = 1> <Delay = 4.67> <FuncUnit> <Opcode : 'fmul'> <InPorts = 2> <OutPorts = 1>
ST_16 : Operation 494 [7/10] (6.70ns)   --->   "%div368_1 = fdiv i32 %bitcast_ln169_19, i32 0.02" [top.cpp:169]   --->   Operation 494 'fdiv' 'div368_1' <Predicate = true> <Delay = 6.70> <CoreInst = "FDiv">   --->   Core 20 'FDiv' <Latency = 9> <II = 1> <Delay = 6.70> <FuncUnit> <Opcode : 'fdiv' 'frem'> <InPorts = 2> <OutPorts = 1>
ST_16 : Operation 495 [8/10] (6.70ns)   --->   "%div368_1_s = fdiv i32 %bitcast_ln169_21, i32 0.02" [top.cpp:169]   --->   Operation 495 'fdiv' 'div368_1_s' <Predicate = true> <Delay = 6.70> <CoreInst = "FDiv">   --->   Core 20 'FDiv' <Latency = 9> <II = 1> <Delay = 6.70> <FuncUnit> <Opcode : 'fdiv' 'frem'> <InPorts = 2> <OutPorts = 1>
ST_16 : Operation 496 [8/10] (6.70ns)   --->   "%div368_1_3 = fdiv i32 %bitcast_ln169_23, i32 0.02" [top.cpp:169]   --->   Operation 496 'fdiv' 'div368_1_3' <Predicate = true> <Delay = 6.70> <CoreInst = "FDiv">   --->   Core 20 'FDiv' <Latency = 9> <II = 1> <Delay = 6.70> <FuncUnit> <Opcode : 'fdiv' 'frem'> <InPorts = 2> <OutPorts = 1>
ST_16 : Operation 497 [7/10] (6.70ns)   --->   "%div368_1_1 = fdiv i32 %bitcast_ln169_25, i32 0.02" [top.cpp:169]   --->   Operation 497 'fdiv' 'div368_1_1' <Predicate = true> <Delay = 6.70> <CoreInst = "FDiv">   --->   Core 20 'FDiv' <Latency = 9> <II = 1> <Delay = 6.70> <FuncUnit> <Opcode : 'fdiv' 'frem'> <InPorts = 2> <OutPorts = 1>
ST_16 : Operation 498 [7/10] (6.70ns)   --->   "%div368_1_1_1 = fdiv i32 %bitcast_ln169_27, i32 0.02" [top.cpp:169]   --->   Operation 498 'fdiv' 'div368_1_1_1' <Predicate = true> <Delay = 6.70> <CoreInst = "FDiv">   --->   Core 20 'FDiv' <Latency = 9> <II = 1> <Delay = 6.70> <FuncUnit> <Opcode : 'fdiv' 'frem'> <InPorts = 2> <OutPorts = 1>
ST_16 : Operation 499 [9/10] (6.70ns)   --->   "%div368_1_1_2 = fdiv i32 %bitcast_ln169_29, i32 0.02" [top.cpp:169]   --->   Operation 499 'fdiv' 'div368_1_1_2' <Predicate = true> <Delay = 6.70> <CoreInst = "FDiv">   --->   Core 20 'FDiv' <Latency = 9> <II = 1> <Delay = 6.70> <FuncUnit> <Opcode : 'fdiv' 'frem'> <InPorts = 2> <OutPorts = 1>
ST_16 : Operation 500 [1/1] (0.00ns)   --->   "%bitcast_ln169_30 = bitcast i32 %mul366_1_2" [top.cpp:169]   --->   Operation 500 'bitcast' 'bitcast_ln169_30' <Predicate = true> <Delay = 0.00>
ST_16 : Operation 501 [1/1] (0.00ns)   --->   "%bit_sel16 = bitselect i1 @_ssdm_op_BitSelect.i1.i32.i32, i32 %bitcast_ln169_30, i32 31" [top.cpp:169]   --->   Operation 501 'bitselect' 'bit_sel16' <Predicate = true> <Delay = 0.00>
ST_16 : Operation 502 [1/1] (0.33ns)   --->   "%xor_ln169_31 = xor i1 %bit_sel16, i1 1" [top.cpp:169]   --->   Operation 502 'xor' 'xor_ln169_31' <Predicate = true> <Delay = 0.33> <CoreInst = "LogicGate">   --->   Core 74 'LogicGate' <Latency = 0> <II = 1> <Delay = 0.33> <FuncUnit> <Opcode : 'and' 'or' 'xor'> <InPorts = 2> <OutPorts = 1>
ST_16 : Operation 503 [1/1] (0.00ns)   --->   "%trunc_ln169_15 = trunc i32 %bitcast_ln169_30" [top.cpp:169]   --->   Operation 503 'trunc' 'trunc_ln169_15' <Predicate = true> <Delay = 0.00>
ST_16 : Operation 504 [1/1] (0.00ns)   --->   "%xor_ln169_14 = bitconcatenate i32 @_ssdm_op_BitConcatenate.i32.i1.i31, i1 %xor_ln169_31, i31 %trunc_ln169_15" [top.cpp:169]   --->   Operation 504 'bitconcatenate' 'xor_ln169_14' <Predicate = true> <Delay = 0.00>
ST_16 : Operation 505 [1/1] (0.00ns)   --->   "%bitcast_ln169_31 = bitcast i32 %xor_ln169_14" [top.cpp:169]   --->   Operation 505 'bitcast' 'bitcast_ln169_31' <Predicate = true> <Delay = 0.00>
ST_16 : Operation 506 [10/10] (6.70ns)   --->   "%div368_1_2 = fdiv i32 %bitcast_ln169_31, i32 0.02" [top.cpp:169]   --->   Operation 506 'fdiv' 'div368_1_2' <Predicate = true> <Delay = 6.70> <CoreInst = "FDiv">   --->   Core 20 'FDiv' <Latency = 9> <II = 1> <Delay = 6.70> <FuncUnit> <Opcode : 'fdiv' 'frem'> <InPorts = 2> <OutPorts = 1>
ST_16 : Operation 507 [1/4] (4.67ns)   --->   "%mul366_1_2_1 = fmul i32 %intensity_diff_16, i32 %intensity_diff_16" [top.cpp:169]   --->   Operation 507 'fmul' 'mul366_1_2_1' <Predicate = true> <Delay = 4.67> <CoreInst = "FMul_maxdsp">   --->   Core 30 'FMul_maxdsp' <Latency = 3> <II = 1> <Delay = 4.67> <FuncUnit> <Opcode : 'fmul'> <InPorts = 2> <OutPorts = 1>
ST_16 : Operation 508 [1/4] (4.67ns)   --->   "%mul366_1_2_2 = fmul i32 %intensity_diff_17, i32 %intensity_diff_17" [top.cpp:169]   --->   Operation 508 'fmul' 'mul366_1_2_2' <Predicate = true> <Delay = 4.67> <CoreInst = "FMul_maxdsp">   --->   Core 30 'FMul_maxdsp' <Latency = 3> <II = 1> <Delay = 4.67> <FuncUnit> <Opcode : 'fmul'> <InPorts = 2> <OutPorts = 1>

State 17 <SV = 16> <Delay = 7.03>
ST_17 : Operation 509 [5/10] (6.70ns)   --->   "%div1 = fdiv i32 %bitcast_ln169_1, i32 0.02" [top.cpp:169]   --->   Operation 509 'fdiv' 'div1' <Predicate = true> <Delay = 6.70> <CoreInst = "FDiv">   --->   Core 20 'FDiv' <Latency = 9> <II = 1> <Delay = 6.70> <FuncUnit> <Opcode : 'fdiv' 'frem'> <InPorts = 2> <OutPorts = 1>
ST_17 : Operation 510 [6/10] (6.70ns)   --->   "%div368_s = fdiv i32 %bitcast_ln169_3, i32 0.02" [top.cpp:169]   --->   Operation 510 'fdiv' 'div368_s' <Predicate = true> <Delay = 6.70> <CoreInst = "FDiv">   --->   Core 20 'FDiv' <Latency = 9> <II = 1> <Delay = 6.70> <FuncUnit> <Opcode : 'fdiv' 'frem'> <InPorts = 2> <OutPorts = 1>
ST_17 : Operation 511 [7/10] (6.70ns)   --->   "%div368_3 = fdiv i32 %bitcast_ln169_5, i32 0.02" [top.cpp:169]   --->   Operation 511 'fdiv' 'div368_3' <Predicate = true> <Delay = 6.70> <CoreInst = "FDiv">   --->   Core 20 'FDiv' <Latency = 9> <II = 1> <Delay = 6.70> <FuncUnit> <Opcode : 'fdiv' 'frem'> <InPorts = 2> <OutPorts = 1>
ST_17 : Operation 512 [8/10] (6.70ns)   --->   "%div368_4 = fdiv i32 %bitcast_ln169_7, i32 0.02" [top.cpp:169]   --->   Operation 512 'fdiv' 'div368_4' <Predicate = true> <Delay = 6.70> <CoreInst = "FDiv">   --->   Core 20 'FDiv' <Latency = 9> <II = 1> <Delay = 6.70> <FuncUnit> <Opcode : 'fdiv' 'frem'> <InPorts = 2> <OutPorts = 1>
ST_17 : Operation 513 [5/10] (6.70ns)   --->   "%div368_1168_1 = fdiv i32 %bitcast_ln169_9, i32 0.02" [top.cpp:169]   --->   Operation 513 'fdiv' 'div368_1168_1' <Predicate = true> <Delay = 6.70> <CoreInst = "FDiv">   --->   Core 20 'FDiv' <Latency = 9> <II = 1> <Delay = 6.70> <FuncUnit> <Opcode : 'fdiv' 'frem'> <InPorts = 2> <OutPorts = 1>
ST_17 : Operation 514 [7/10] (6.70ns)   --->   "%div368_1168_2 = fdiv i32 %bitcast_ln169_11, i32 0.02" [top.cpp:169]   --->   Operation 514 'fdiv' 'div368_1168_2' <Predicate = true> <Delay = 6.70> <CoreInst = "FDiv">   --->   Core 20 'FDiv' <Latency = 9> <II = 1> <Delay = 6.70> <FuncUnit> <Opcode : 'fdiv' 'frem'> <InPorts = 2> <OutPorts = 1>
ST_17 : Operation 515 [9/10] (6.70ns)   --->   "%div368_2 = fdiv i32 %bitcast_ln169_13, i32 0.02" [top.cpp:169]   --->   Operation 515 'fdiv' 'div368_2' <Predicate = true> <Delay = 6.70> <CoreInst = "FDiv">   --->   Core 20 'FDiv' <Latency = 9> <II = 1> <Delay = 6.70> <FuncUnit> <Opcode : 'fdiv' 'frem'> <InPorts = 2> <OutPorts = 1>
ST_17 : Operation 516 [9/10] (6.70ns)   --->   "%div368_2_1 = fdiv i32 %bitcast_ln169_15, i32 0.02" [top.cpp:169]   --->   Operation 516 'fdiv' 'div368_2_1' <Predicate = true> <Delay = 6.70> <CoreInst = "FDiv">   --->   Core 20 'FDiv' <Latency = 9> <II = 1> <Delay = 6.70> <FuncUnit> <Opcode : 'fdiv' 'frem'> <InPorts = 2> <OutPorts = 1>
ST_17 : Operation 517 [1/1] (0.00ns)   --->   "%bitcast_ln169_16 = bitcast i32 %mul366_2_2" [top.cpp:169]   --->   Operation 517 'bitcast' 'bitcast_ln169_16' <Predicate = true> <Delay = 0.00>
ST_17 : Operation 518 [1/1] (0.00ns)   --->   "%bit_sel9 = bitselect i1 @_ssdm_op_BitSelect.i1.i32.i32, i32 %bitcast_ln169_16, i32 31" [top.cpp:169]   --->   Operation 518 'bitselect' 'bit_sel9' <Predicate = true> <Delay = 0.00>
ST_17 : Operation 519 [1/1] (0.33ns)   --->   "%xor_ln169_24 = xor i1 %bit_sel9, i1 1" [top.cpp:169]   --->   Operation 519 'xor' 'xor_ln169_24' <Predicate = true> <Delay = 0.33> <CoreInst = "LogicGate">   --->   Core 74 'LogicGate' <Latency = 0> <II = 1> <Delay = 0.33> <FuncUnit> <Opcode : 'and' 'or' 'xor'> <InPorts = 2> <OutPorts = 1>
ST_17 : Operation 520 [1/1] (0.00ns)   --->   "%trunc_ln169_8 = trunc i32 %bitcast_ln169_16" [top.cpp:169]   --->   Operation 520 'trunc' 'trunc_ln169_8' <Predicate = true> <Delay = 0.00>
ST_17 : Operation 521 [1/1] (0.00ns)   --->   "%xor_ln169_8 = bitconcatenate i32 @_ssdm_op_BitConcatenate.i32.i1.i31, i1 %xor_ln169_24, i31 %trunc_ln169_8" [top.cpp:169]   --->   Operation 521 'bitconcatenate' 'xor_ln169_8' <Predicate = true> <Delay = 0.00>
ST_17 : Operation 522 [1/1] (0.00ns)   --->   "%bitcast_ln169_17 = bitcast i32 %xor_ln169_8" [top.cpp:169]   --->   Operation 522 'bitcast' 'bitcast_ln169_17' <Predicate = true> <Delay = 0.00>
ST_17 : Operation 523 [10/10] (6.70ns)   --->   "%div368_2_2 = fdiv i32 %bitcast_ln169_17, i32 0.02" [top.cpp:169]   --->   Operation 523 'fdiv' 'div368_2_2' <Predicate = true> <Delay = 6.70> <CoreInst = "FDiv">   --->   Core 20 'FDiv' <Latency = 9> <II = 1> <Delay = 6.70> <FuncUnit> <Opcode : 'fdiv' 'frem'> <InPorts = 2> <OutPorts = 1>
ST_17 : Operation 524 [6/10] (6.70ns)   --->   "%div368_1 = fdiv i32 %bitcast_ln169_19, i32 0.02" [top.cpp:169]   --->   Operation 524 'fdiv' 'div368_1' <Predicate = true> <Delay = 6.70> <CoreInst = "FDiv">   --->   Core 20 'FDiv' <Latency = 9> <II = 1> <Delay = 6.70> <FuncUnit> <Opcode : 'fdiv' 'frem'> <InPorts = 2> <OutPorts = 1>
ST_17 : Operation 525 [7/10] (6.70ns)   --->   "%div368_1_s = fdiv i32 %bitcast_ln169_21, i32 0.02" [top.cpp:169]   --->   Operation 525 'fdiv' 'div368_1_s' <Predicate = true> <Delay = 6.70> <CoreInst = "FDiv">   --->   Core 20 'FDiv' <Latency = 9> <II = 1> <Delay = 6.70> <FuncUnit> <Opcode : 'fdiv' 'frem'> <InPorts = 2> <OutPorts = 1>
ST_17 : Operation 526 [7/10] (6.70ns)   --->   "%div368_1_3 = fdiv i32 %bitcast_ln169_23, i32 0.02" [top.cpp:169]   --->   Operation 526 'fdiv' 'div368_1_3' <Predicate = true> <Delay = 6.70> <CoreInst = "FDiv">   --->   Core 20 'FDiv' <Latency = 9> <II = 1> <Delay = 6.70> <FuncUnit> <Opcode : 'fdiv' 'frem'> <InPorts = 2> <OutPorts = 1>
ST_17 : Operation 527 [6/10] (6.70ns)   --->   "%div368_1_1 = fdiv i32 %bitcast_ln169_25, i32 0.02" [top.cpp:169]   --->   Operation 527 'fdiv' 'div368_1_1' <Predicate = true> <Delay = 6.70> <CoreInst = "FDiv">   --->   Core 20 'FDiv' <Latency = 9> <II = 1> <Delay = 6.70> <FuncUnit> <Opcode : 'fdiv' 'frem'> <InPorts = 2> <OutPorts = 1>
ST_17 : Operation 528 [6/10] (6.70ns)   --->   "%div368_1_1_1 = fdiv i32 %bitcast_ln169_27, i32 0.02" [top.cpp:169]   --->   Operation 528 'fdiv' 'div368_1_1_1' <Predicate = true> <Delay = 6.70> <CoreInst = "FDiv">   --->   Core 20 'FDiv' <Latency = 9> <II = 1> <Delay = 6.70> <FuncUnit> <Opcode : 'fdiv' 'frem'> <InPorts = 2> <OutPorts = 1>
ST_17 : Operation 529 [8/10] (6.70ns)   --->   "%div368_1_1_2 = fdiv i32 %bitcast_ln169_29, i32 0.02" [top.cpp:169]   --->   Operation 529 'fdiv' 'div368_1_1_2' <Predicate = true> <Delay = 6.70> <CoreInst = "FDiv">   --->   Core 20 'FDiv' <Latency = 9> <II = 1> <Delay = 6.70> <FuncUnit> <Opcode : 'fdiv' 'frem'> <InPorts = 2> <OutPorts = 1>
ST_17 : Operation 530 [9/10] (6.70ns)   --->   "%div368_1_2 = fdiv i32 %bitcast_ln169_31, i32 0.02" [top.cpp:169]   --->   Operation 530 'fdiv' 'div368_1_2' <Predicate = true> <Delay = 6.70> <CoreInst = "FDiv">   --->   Core 20 'FDiv' <Latency = 9> <II = 1> <Delay = 6.70> <FuncUnit> <Opcode : 'fdiv' 'frem'> <InPorts = 2> <OutPorts = 1>
ST_17 : Operation 531 [1/1] (0.00ns)   --->   "%bitcast_ln169_32 = bitcast i32 %mul366_1_2_1" [top.cpp:169]   --->   Operation 531 'bitcast' 'bitcast_ln169_32' <Predicate = true> <Delay = 0.00>
ST_17 : Operation 532 [1/1] (0.00ns)   --->   "%bit_sel17 = bitselect i1 @_ssdm_op_BitSelect.i1.i32.i32, i32 %bitcast_ln169_32, i32 31" [top.cpp:169]   --->   Operation 532 'bitselect' 'bit_sel17' <Predicate = true> <Delay = 0.00>
ST_17 : Operation 533 [1/1] (0.33ns)   --->   "%xor_ln169_32 = xor i1 %bit_sel17, i1 1" [top.cpp:169]   --->   Operation 533 'xor' 'xor_ln169_32' <Predicate = true> <Delay = 0.33> <CoreInst = "LogicGate">   --->   Core 74 'LogicGate' <Latency = 0> <II = 1> <Delay = 0.33> <FuncUnit> <Opcode : 'and' 'or' 'xor'> <InPorts = 2> <OutPorts = 1>
ST_17 : Operation 534 [1/1] (0.00ns)   --->   "%trunc_ln169_16 = trunc i32 %bitcast_ln169_32" [top.cpp:169]   --->   Operation 534 'trunc' 'trunc_ln169_16' <Predicate = true> <Delay = 0.00>
ST_17 : Operation 535 [1/1] (0.00ns)   --->   "%xor_ln169_15 = bitconcatenate i32 @_ssdm_op_BitConcatenate.i32.i1.i31, i1 %xor_ln169_32, i31 %trunc_ln169_16" [top.cpp:169]   --->   Operation 535 'bitconcatenate' 'xor_ln169_15' <Predicate = true> <Delay = 0.00>
ST_17 : Operation 536 [1/1] (0.00ns)   --->   "%bitcast_ln169_33 = bitcast i32 %xor_ln169_15" [top.cpp:169]   --->   Operation 536 'bitcast' 'bitcast_ln169_33' <Predicate = true> <Delay = 0.00>
ST_17 : Operation 537 [10/10] (6.70ns)   --->   "%div368_1_2_1 = fdiv i32 %bitcast_ln169_33, i32 0.02" [top.cpp:169]   --->   Operation 537 'fdiv' 'div368_1_2_1' <Predicate = true> <Delay = 6.70> <CoreInst = "FDiv">   --->   Core 20 'FDiv' <Latency = 9> <II = 1> <Delay = 6.70> <FuncUnit> <Opcode : 'fdiv' 'frem'> <InPorts = 2> <OutPorts = 1>
ST_17 : Operation 538 [1/1] (0.00ns)   --->   "%bitcast_ln169_34 = bitcast i32 %mul366_1_2_2" [top.cpp:169]   --->   Operation 538 'bitcast' 'bitcast_ln169_34' <Predicate = true> <Delay = 0.00>
ST_17 : Operation 539 [1/1] (0.00ns)   --->   "%bit_sel = bitselect i1 @_ssdm_op_BitSelect.i1.i32.i32, i32 %bitcast_ln169_34, i32 31" [top.cpp:169]   --->   Operation 539 'bitselect' 'bit_sel' <Predicate = true> <Delay = 0.00>
ST_17 : Operation 540 [1/1] (0.33ns)   --->   "%xor_ln169_33 = xor i1 %bit_sel, i1 1" [top.cpp:169]   --->   Operation 540 'xor' 'xor_ln169_33' <Predicate = true> <Delay = 0.33> <CoreInst = "LogicGate">   --->   Core 74 'LogicGate' <Latency = 0> <II = 1> <Delay = 0.33> <FuncUnit> <Opcode : 'and' 'or' 'xor'> <InPorts = 2> <OutPorts = 1>
ST_17 : Operation 541 [1/1] (0.00ns)   --->   "%trunc_ln169_17 = trunc i32 %bitcast_ln169_34" [top.cpp:169]   --->   Operation 541 'trunc' 'trunc_ln169_17' <Predicate = true> <Delay = 0.00>
ST_17 : Operation 542 [1/1] (0.00ns)   --->   "%xor_ln169_16 = bitconcatenate i32 @_ssdm_op_BitConcatenate.i32.i1.i31, i1 %xor_ln169_33, i31 %trunc_ln169_17" [top.cpp:169]   --->   Operation 542 'bitconcatenate' 'xor_ln169_16' <Predicate = true> <Delay = 0.00>
ST_17 : Operation 543 [1/1] (0.00ns)   --->   "%bitcast_ln169_35 = bitcast i32 %xor_ln169_16" [top.cpp:169]   --->   Operation 543 'bitcast' 'bitcast_ln169_35' <Predicate = true> <Delay = 0.00>
ST_17 : Operation 544 [10/10] (6.70ns)   --->   "%div368_1_2_2 = fdiv i32 %bitcast_ln169_35, i32 0.02" [top.cpp:169]   --->   Operation 544 'fdiv' 'div368_1_2_2' <Predicate = true> <Delay = 6.70> <CoreInst = "FDiv">   --->   Core 20 'FDiv' <Latency = 9> <II = 1> <Delay = 6.70> <FuncUnit> <Opcode : 'fdiv' 'frem'> <InPorts = 2> <OutPorts = 1>

State 18 <SV = 17> <Delay = 6.70>
ST_18 : Operation 545 [4/10] (6.70ns)   --->   "%div1 = fdiv i32 %bitcast_ln169_1, i32 0.02" [top.cpp:169]   --->   Operation 545 'fdiv' 'div1' <Predicate = true> <Delay = 6.70> <CoreInst = "FDiv">   --->   Core 20 'FDiv' <Latency = 9> <II = 1> <Delay = 6.70> <FuncUnit> <Opcode : 'fdiv' 'frem'> <InPorts = 2> <OutPorts = 1>
ST_18 : Operation 546 [5/10] (6.70ns)   --->   "%div368_s = fdiv i32 %bitcast_ln169_3, i32 0.02" [top.cpp:169]   --->   Operation 546 'fdiv' 'div368_s' <Predicate = true> <Delay = 6.70> <CoreInst = "FDiv">   --->   Core 20 'FDiv' <Latency = 9> <II = 1> <Delay = 6.70> <FuncUnit> <Opcode : 'fdiv' 'frem'> <InPorts = 2> <OutPorts = 1>
ST_18 : Operation 547 [6/10] (6.70ns)   --->   "%div368_3 = fdiv i32 %bitcast_ln169_5, i32 0.02" [top.cpp:169]   --->   Operation 547 'fdiv' 'div368_3' <Predicate = true> <Delay = 6.70> <CoreInst = "FDiv">   --->   Core 20 'FDiv' <Latency = 9> <II = 1> <Delay = 6.70> <FuncUnit> <Opcode : 'fdiv' 'frem'> <InPorts = 2> <OutPorts = 1>
ST_18 : Operation 548 [7/10] (6.70ns)   --->   "%div368_4 = fdiv i32 %bitcast_ln169_7, i32 0.02" [top.cpp:169]   --->   Operation 548 'fdiv' 'div368_4' <Predicate = true> <Delay = 6.70> <CoreInst = "FDiv">   --->   Core 20 'FDiv' <Latency = 9> <II = 1> <Delay = 6.70> <FuncUnit> <Opcode : 'fdiv' 'frem'> <InPorts = 2> <OutPorts = 1>
ST_18 : Operation 549 [4/10] (6.70ns)   --->   "%div368_1168_1 = fdiv i32 %bitcast_ln169_9, i32 0.02" [top.cpp:169]   --->   Operation 549 'fdiv' 'div368_1168_1' <Predicate = true> <Delay = 6.70> <CoreInst = "FDiv">   --->   Core 20 'FDiv' <Latency = 9> <II = 1> <Delay = 6.70> <FuncUnit> <Opcode : 'fdiv' 'frem'> <InPorts = 2> <OutPorts = 1>
ST_18 : Operation 550 [6/10] (6.70ns)   --->   "%div368_1168_2 = fdiv i32 %bitcast_ln169_11, i32 0.02" [top.cpp:169]   --->   Operation 550 'fdiv' 'div368_1168_2' <Predicate = true> <Delay = 6.70> <CoreInst = "FDiv">   --->   Core 20 'FDiv' <Latency = 9> <II = 1> <Delay = 6.70> <FuncUnit> <Opcode : 'fdiv' 'frem'> <InPorts = 2> <OutPorts = 1>
ST_18 : Operation 551 [8/10] (6.70ns)   --->   "%div368_2 = fdiv i32 %bitcast_ln169_13, i32 0.02" [top.cpp:169]   --->   Operation 551 'fdiv' 'div368_2' <Predicate = true> <Delay = 6.70> <CoreInst = "FDiv">   --->   Core 20 'FDiv' <Latency = 9> <II = 1> <Delay = 6.70> <FuncUnit> <Opcode : 'fdiv' 'frem'> <InPorts = 2> <OutPorts = 1>
ST_18 : Operation 552 [8/10] (6.70ns)   --->   "%div368_2_1 = fdiv i32 %bitcast_ln169_15, i32 0.02" [top.cpp:169]   --->   Operation 552 'fdiv' 'div368_2_1' <Predicate = true> <Delay = 6.70> <CoreInst = "FDiv">   --->   Core 20 'FDiv' <Latency = 9> <II = 1> <Delay = 6.70> <FuncUnit> <Opcode : 'fdiv' 'frem'> <InPorts = 2> <OutPorts = 1>
ST_18 : Operation 553 [9/10] (6.70ns)   --->   "%div368_2_2 = fdiv i32 %bitcast_ln169_17, i32 0.02" [top.cpp:169]   --->   Operation 553 'fdiv' 'div368_2_2' <Predicate = true> <Delay = 6.70> <CoreInst = "FDiv">   --->   Core 20 'FDiv' <Latency = 9> <II = 1> <Delay = 6.70> <FuncUnit> <Opcode : 'fdiv' 'frem'> <InPorts = 2> <OutPorts = 1>
ST_18 : Operation 554 [5/10] (6.70ns)   --->   "%div368_1 = fdiv i32 %bitcast_ln169_19, i32 0.02" [top.cpp:169]   --->   Operation 554 'fdiv' 'div368_1' <Predicate = true> <Delay = 6.70> <CoreInst = "FDiv">   --->   Core 20 'FDiv' <Latency = 9> <II = 1> <Delay = 6.70> <FuncUnit> <Opcode : 'fdiv' 'frem'> <InPorts = 2> <OutPorts = 1>
ST_18 : Operation 555 [6/10] (6.70ns)   --->   "%div368_1_s = fdiv i32 %bitcast_ln169_21, i32 0.02" [top.cpp:169]   --->   Operation 555 'fdiv' 'div368_1_s' <Predicate = true> <Delay = 6.70> <CoreInst = "FDiv">   --->   Core 20 'FDiv' <Latency = 9> <II = 1> <Delay = 6.70> <FuncUnit> <Opcode : 'fdiv' 'frem'> <InPorts = 2> <OutPorts = 1>
ST_18 : Operation 556 [6/10] (6.70ns)   --->   "%div368_1_3 = fdiv i32 %bitcast_ln169_23, i32 0.02" [top.cpp:169]   --->   Operation 556 'fdiv' 'div368_1_3' <Predicate = true> <Delay = 6.70> <CoreInst = "FDiv">   --->   Core 20 'FDiv' <Latency = 9> <II = 1> <Delay = 6.70> <FuncUnit> <Opcode : 'fdiv' 'frem'> <InPorts = 2> <OutPorts = 1>
ST_18 : Operation 557 [5/10] (6.70ns)   --->   "%div368_1_1 = fdiv i32 %bitcast_ln169_25, i32 0.02" [top.cpp:169]   --->   Operation 557 'fdiv' 'div368_1_1' <Predicate = true> <Delay = 6.70> <CoreInst = "FDiv">   --->   Core 20 'FDiv' <Latency = 9> <II = 1> <Delay = 6.70> <FuncUnit> <Opcode : 'fdiv' 'frem'> <InPorts = 2> <OutPorts = 1>
ST_18 : Operation 558 [5/10] (6.70ns)   --->   "%div368_1_1_1 = fdiv i32 %bitcast_ln169_27, i32 0.02" [top.cpp:169]   --->   Operation 558 'fdiv' 'div368_1_1_1' <Predicate = true> <Delay = 6.70> <CoreInst = "FDiv">   --->   Core 20 'FDiv' <Latency = 9> <II = 1> <Delay = 6.70> <FuncUnit> <Opcode : 'fdiv' 'frem'> <InPorts = 2> <OutPorts = 1>
ST_18 : Operation 559 [7/10] (6.70ns)   --->   "%div368_1_1_2 = fdiv i32 %bitcast_ln169_29, i32 0.02" [top.cpp:169]   --->   Operation 559 'fdiv' 'div368_1_1_2' <Predicate = true> <Delay = 6.70> <CoreInst = "FDiv">   --->   Core 20 'FDiv' <Latency = 9> <II = 1> <Delay = 6.70> <FuncUnit> <Opcode : 'fdiv' 'frem'> <InPorts = 2> <OutPorts = 1>
ST_18 : Operation 560 [8/10] (6.70ns)   --->   "%div368_1_2 = fdiv i32 %bitcast_ln169_31, i32 0.02" [top.cpp:169]   --->   Operation 560 'fdiv' 'div368_1_2' <Predicate = true> <Delay = 6.70> <CoreInst = "FDiv">   --->   Core 20 'FDiv' <Latency = 9> <II = 1> <Delay = 6.70> <FuncUnit> <Opcode : 'fdiv' 'frem'> <InPorts = 2> <OutPorts = 1>
ST_18 : Operation 561 [9/10] (6.70ns)   --->   "%div368_1_2_1 = fdiv i32 %bitcast_ln169_33, i32 0.02" [top.cpp:169]   --->   Operation 561 'fdiv' 'div368_1_2_1' <Predicate = true> <Delay = 6.70> <CoreInst = "FDiv">   --->   Core 20 'FDiv' <Latency = 9> <II = 1> <Delay = 6.70> <FuncUnit> <Opcode : 'fdiv' 'frem'> <InPorts = 2> <OutPorts = 1>
ST_18 : Operation 562 [9/10] (6.70ns)   --->   "%div368_1_2_2 = fdiv i32 %bitcast_ln169_35, i32 0.02" [top.cpp:169]   --->   Operation 562 'fdiv' 'div368_1_2_2' <Predicate = true> <Delay = 6.70> <CoreInst = "FDiv">   --->   Core 20 'FDiv' <Latency = 9> <II = 1> <Delay = 6.70> <FuncUnit> <Opcode : 'fdiv' 'frem'> <InPorts = 2> <OutPorts = 1>

State 19 <SV = 18> <Delay = 6.70>
ST_19 : Operation 563 [3/10] (6.70ns)   --->   "%div1 = fdiv i32 %bitcast_ln169_1, i32 0.02" [top.cpp:169]   --->   Operation 563 'fdiv' 'div1' <Predicate = true> <Delay = 6.70> <CoreInst = "FDiv">   --->   Core 20 'FDiv' <Latency = 9> <II = 1> <Delay = 6.70> <FuncUnit> <Opcode : 'fdiv' 'frem'> <InPorts = 2> <OutPorts = 1>
ST_19 : Operation 564 [4/10] (6.70ns)   --->   "%div368_s = fdiv i32 %bitcast_ln169_3, i32 0.02" [top.cpp:169]   --->   Operation 564 'fdiv' 'div368_s' <Predicate = true> <Delay = 6.70> <CoreInst = "FDiv">   --->   Core 20 'FDiv' <Latency = 9> <II = 1> <Delay = 6.70> <FuncUnit> <Opcode : 'fdiv' 'frem'> <InPorts = 2> <OutPorts = 1>
ST_19 : Operation 565 [5/10] (6.70ns)   --->   "%div368_3 = fdiv i32 %bitcast_ln169_5, i32 0.02" [top.cpp:169]   --->   Operation 565 'fdiv' 'div368_3' <Predicate = true> <Delay = 6.70> <CoreInst = "FDiv">   --->   Core 20 'FDiv' <Latency = 9> <II = 1> <Delay = 6.70> <FuncUnit> <Opcode : 'fdiv' 'frem'> <InPorts = 2> <OutPorts = 1>
ST_19 : Operation 566 [6/10] (6.70ns)   --->   "%div368_4 = fdiv i32 %bitcast_ln169_7, i32 0.02" [top.cpp:169]   --->   Operation 566 'fdiv' 'div368_4' <Predicate = true> <Delay = 6.70> <CoreInst = "FDiv">   --->   Core 20 'FDiv' <Latency = 9> <II = 1> <Delay = 6.70> <FuncUnit> <Opcode : 'fdiv' 'frem'> <InPorts = 2> <OutPorts = 1>
ST_19 : Operation 567 [3/10] (6.70ns)   --->   "%div368_1168_1 = fdiv i32 %bitcast_ln169_9, i32 0.02" [top.cpp:169]   --->   Operation 567 'fdiv' 'div368_1168_1' <Predicate = true> <Delay = 6.70> <CoreInst = "FDiv">   --->   Core 20 'FDiv' <Latency = 9> <II = 1> <Delay = 6.70> <FuncUnit> <Opcode : 'fdiv' 'frem'> <InPorts = 2> <OutPorts = 1>
ST_19 : Operation 568 [5/10] (6.70ns)   --->   "%div368_1168_2 = fdiv i32 %bitcast_ln169_11, i32 0.02" [top.cpp:169]   --->   Operation 568 'fdiv' 'div368_1168_2' <Predicate = true> <Delay = 6.70> <CoreInst = "FDiv">   --->   Core 20 'FDiv' <Latency = 9> <II = 1> <Delay = 6.70> <FuncUnit> <Opcode : 'fdiv' 'frem'> <InPorts = 2> <OutPorts = 1>
ST_19 : Operation 569 [7/10] (6.70ns)   --->   "%div368_2 = fdiv i32 %bitcast_ln169_13, i32 0.02" [top.cpp:169]   --->   Operation 569 'fdiv' 'div368_2' <Predicate = true> <Delay = 6.70> <CoreInst = "FDiv">   --->   Core 20 'FDiv' <Latency = 9> <II = 1> <Delay = 6.70> <FuncUnit> <Opcode : 'fdiv' 'frem'> <InPorts = 2> <OutPorts = 1>
ST_19 : Operation 570 [7/10] (6.70ns)   --->   "%div368_2_1 = fdiv i32 %bitcast_ln169_15, i32 0.02" [top.cpp:169]   --->   Operation 570 'fdiv' 'div368_2_1' <Predicate = true> <Delay = 6.70> <CoreInst = "FDiv">   --->   Core 20 'FDiv' <Latency = 9> <II = 1> <Delay = 6.70> <FuncUnit> <Opcode : 'fdiv' 'frem'> <InPorts = 2> <OutPorts = 1>
ST_19 : Operation 571 [8/10] (6.70ns)   --->   "%div368_2_2 = fdiv i32 %bitcast_ln169_17, i32 0.02" [top.cpp:169]   --->   Operation 571 'fdiv' 'div368_2_2' <Predicate = true> <Delay = 6.70> <CoreInst = "FDiv">   --->   Core 20 'FDiv' <Latency = 9> <II = 1> <Delay = 6.70> <FuncUnit> <Opcode : 'fdiv' 'frem'> <InPorts = 2> <OutPorts = 1>
ST_19 : Operation 572 [4/10] (6.70ns)   --->   "%div368_1 = fdiv i32 %bitcast_ln169_19, i32 0.02" [top.cpp:169]   --->   Operation 572 'fdiv' 'div368_1' <Predicate = true> <Delay = 6.70> <CoreInst = "FDiv">   --->   Core 20 'FDiv' <Latency = 9> <II = 1> <Delay = 6.70> <FuncUnit> <Opcode : 'fdiv' 'frem'> <InPorts = 2> <OutPorts = 1>
ST_19 : Operation 573 [5/10] (6.70ns)   --->   "%div368_1_s = fdiv i32 %bitcast_ln169_21, i32 0.02" [top.cpp:169]   --->   Operation 573 'fdiv' 'div368_1_s' <Predicate = true> <Delay = 6.70> <CoreInst = "FDiv">   --->   Core 20 'FDiv' <Latency = 9> <II = 1> <Delay = 6.70> <FuncUnit> <Opcode : 'fdiv' 'frem'> <InPorts = 2> <OutPorts = 1>
ST_19 : Operation 574 [5/10] (6.70ns)   --->   "%div368_1_3 = fdiv i32 %bitcast_ln169_23, i32 0.02" [top.cpp:169]   --->   Operation 574 'fdiv' 'div368_1_3' <Predicate = true> <Delay = 6.70> <CoreInst = "FDiv">   --->   Core 20 'FDiv' <Latency = 9> <II = 1> <Delay = 6.70> <FuncUnit> <Opcode : 'fdiv' 'frem'> <InPorts = 2> <OutPorts = 1>
ST_19 : Operation 575 [4/10] (6.70ns)   --->   "%div368_1_1 = fdiv i32 %bitcast_ln169_25, i32 0.02" [top.cpp:169]   --->   Operation 575 'fdiv' 'div368_1_1' <Predicate = true> <Delay = 6.70> <CoreInst = "FDiv">   --->   Core 20 'FDiv' <Latency = 9> <II = 1> <Delay = 6.70> <FuncUnit> <Opcode : 'fdiv' 'frem'> <InPorts = 2> <OutPorts = 1>
ST_19 : Operation 576 [4/10] (6.70ns)   --->   "%div368_1_1_1 = fdiv i32 %bitcast_ln169_27, i32 0.02" [top.cpp:169]   --->   Operation 576 'fdiv' 'div368_1_1_1' <Predicate = true> <Delay = 6.70> <CoreInst = "FDiv">   --->   Core 20 'FDiv' <Latency = 9> <II = 1> <Delay = 6.70> <FuncUnit> <Opcode : 'fdiv' 'frem'> <InPorts = 2> <OutPorts = 1>
ST_19 : Operation 577 [6/10] (6.70ns)   --->   "%div368_1_1_2 = fdiv i32 %bitcast_ln169_29, i32 0.02" [top.cpp:169]   --->   Operation 577 'fdiv' 'div368_1_1_2' <Predicate = true> <Delay = 6.70> <CoreInst = "FDiv">   --->   Core 20 'FDiv' <Latency = 9> <II = 1> <Delay = 6.70> <FuncUnit> <Opcode : 'fdiv' 'frem'> <InPorts = 2> <OutPorts = 1>
ST_19 : Operation 578 [7/10] (6.70ns)   --->   "%div368_1_2 = fdiv i32 %bitcast_ln169_31, i32 0.02" [top.cpp:169]   --->   Operation 578 'fdiv' 'div368_1_2' <Predicate = true> <Delay = 6.70> <CoreInst = "FDiv">   --->   Core 20 'FDiv' <Latency = 9> <II = 1> <Delay = 6.70> <FuncUnit> <Opcode : 'fdiv' 'frem'> <InPorts = 2> <OutPorts = 1>
ST_19 : Operation 579 [8/10] (6.70ns)   --->   "%div368_1_2_1 = fdiv i32 %bitcast_ln169_33, i32 0.02" [top.cpp:169]   --->   Operation 579 'fdiv' 'div368_1_2_1' <Predicate = true> <Delay = 6.70> <CoreInst = "FDiv">   --->   Core 20 'FDiv' <Latency = 9> <II = 1> <Delay = 6.70> <FuncUnit> <Opcode : 'fdiv' 'frem'> <InPorts = 2> <OutPorts = 1>
ST_19 : Operation 580 [8/10] (6.70ns)   --->   "%div368_1_2_2 = fdiv i32 %bitcast_ln169_35, i32 0.02" [top.cpp:169]   --->   Operation 580 'fdiv' 'div368_1_2_2' <Predicate = true> <Delay = 6.70> <CoreInst = "FDiv">   --->   Core 20 'FDiv' <Latency = 9> <II = 1> <Delay = 6.70> <FuncUnit> <Opcode : 'fdiv' 'frem'> <InPorts = 2> <OutPorts = 1>

State 20 <SV = 19> <Delay = 6.70>
ST_20 : Operation 581 [2/10] (6.70ns)   --->   "%div1 = fdiv i32 %bitcast_ln169_1, i32 0.02" [top.cpp:169]   --->   Operation 581 'fdiv' 'div1' <Predicate = true> <Delay = 6.70> <CoreInst = "FDiv">   --->   Core 20 'FDiv' <Latency = 9> <II = 1> <Delay = 6.70> <FuncUnit> <Opcode : 'fdiv' 'frem'> <InPorts = 2> <OutPorts = 1>
ST_20 : Operation 582 [3/10] (6.70ns)   --->   "%div368_s = fdiv i32 %bitcast_ln169_3, i32 0.02" [top.cpp:169]   --->   Operation 582 'fdiv' 'div368_s' <Predicate = true> <Delay = 6.70> <CoreInst = "FDiv">   --->   Core 20 'FDiv' <Latency = 9> <II = 1> <Delay = 6.70> <FuncUnit> <Opcode : 'fdiv' 'frem'> <InPorts = 2> <OutPorts = 1>
ST_20 : Operation 583 [4/10] (6.70ns)   --->   "%div368_3 = fdiv i32 %bitcast_ln169_5, i32 0.02" [top.cpp:169]   --->   Operation 583 'fdiv' 'div368_3' <Predicate = true> <Delay = 6.70> <CoreInst = "FDiv">   --->   Core 20 'FDiv' <Latency = 9> <II = 1> <Delay = 6.70> <FuncUnit> <Opcode : 'fdiv' 'frem'> <InPorts = 2> <OutPorts = 1>
ST_20 : Operation 584 [5/10] (6.70ns)   --->   "%div368_4 = fdiv i32 %bitcast_ln169_7, i32 0.02" [top.cpp:169]   --->   Operation 584 'fdiv' 'div368_4' <Predicate = true> <Delay = 6.70> <CoreInst = "FDiv">   --->   Core 20 'FDiv' <Latency = 9> <II = 1> <Delay = 6.70> <FuncUnit> <Opcode : 'fdiv' 'frem'> <InPorts = 2> <OutPorts = 1>
ST_20 : Operation 585 [2/10] (6.70ns)   --->   "%div368_1168_1 = fdiv i32 %bitcast_ln169_9, i32 0.02" [top.cpp:169]   --->   Operation 585 'fdiv' 'div368_1168_1' <Predicate = true> <Delay = 6.70> <CoreInst = "FDiv">   --->   Core 20 'FDiv' <Latency = 9> <II = 1> <Delay = 6.70> <FuncUnit> <Opcode : 'fdiv' 'frem'> <InPorts = 2> <OutPorts = 1>
ST_20 : Operation 586 [4/10] (6.70ns)   --->   "%div368_1168_2 = fdiv i32 %bitcast_ln169_11, i32 0.02" [top.cpp:169]   --->   Operation 586 'fdiv' 'div368_1168_2' <Predicate = true> <Delay = 6.70> <CoreInst = "FDiv">   --->   Core 20 'FDiv' <Latency = 9> <II = 1> <Delay = 6.70> <FuncUnit> <Opcode : 'fdiv' 'frem'> <InPorts = 2> <OutPorts = 1>
ST_20 : Operation 587 [6/10] (6.70ns)   --->   "%div368_2 = fdiv i32 %bitcast_ln169_13, i32 0.02" [top.cpp:169]   --->   Operation 587 'fdiv' 'div368_2' <Predicate = true> <Delay = 6.70> <CoreInst = "FDiv">   --->   Core 20 'FDiv' <Latency = 9> <II = 1> <Delay = 6.70> <FuncUnit> <Opcode : 'fdiv' 'frem'> <InPorts = 2> <OutPorts = 1>
ST_20 : Operation 588 [6/10] (6.70ns)   --->   "%div368_2_1 = fdiv i32 %bitcast_ln169_15, i32 0.02" [top.cpp:169]   --->   Operation 588 'fdiv' 'div368_2_1' <Predicate = true> <Delay = 6.70> <CoreInst = "FDiv">   --->   Core 20 'FDiv' <Latency = 9> <II = 1> <Delay = 6.70> <FuncUnit> <Opcode : 'fdiv' 'frem'> <InPorts = 2> <OutPorts = 1>
ST_20 : Operation 589 [7/10] (6.70ns)   --->   "%div368_2_2 = fdiv i32 %bitcast_ln169_17, i32 0.02" [top.cpp:169]   --->   Operation 589 'fdiv' 'div368_2_2' <Predicate = true> <Delay = 6.70> <CoreInst = "FDiv">   --->   Core 20 'FDiv' <Latency = 9> <II = 1> <Delay = 6.70> <FuncUnit> <Opcode : 'fdiv' 'frem'> <InPorts = 2> <OutPorts = 1>
ST_20 : Operation 590 [3/10] (6.70ns)   --->   "%div368_1 = fdiv i32 %bitcast_ln169_19, i32 0.02" [top.cpp:169]   --->   Operation 590 'fdiv' 'div368_1' <Predicate = true> <Delay = 6.70> <CoreInst = "FDiv">   --->   Core 20 'FDiv' <Latency = 9> <II = 1> <Delay = 6.70> <FuncUnit> <Opcode : 'fdiv' 'frem'> <InPorts = 2> <OutPorts = 1>
ST_20 : Operation 591 [4/10] (6.70ns)   --->   "%div368_1_s = fdiv i32 %bitcast_ln169_21, i32 0.02" [top.cpp:169]   --->   Operation 591 'fdiv' 'div368_1_s' <Predicate = true> <Delay = 6.70> <CoreInst = "FDiv">   --->   Core 20 'FDiv' <Latency = 9> <II = 1> <Delay = 6.70> <FuncUnit> <Opcode : 'fdiv' 'frem'> <InPorts = 2> <OutPorts = 1>
ST_20 : Operation 592 [4/10] (6.70ns)   --->   "%div368_1_3 = fdiv i32 %bitcast_ln169_23, i32 0.02" [top.cpp:169]   --->   Operation 592 'fdiv' 'div368_1_3' <Predicate = true> <Delay = 6.70> <CoreInst = "FDiv">   --->   Core 20 'FDiv' <Latency = 9> <II = 1> <Delay = 6.70> <FuncUnit> <Opcode : 'fdiv' 'frem'> <InPorts = 2> <OutPorts = 1>
ST_20 : Operation 593 [3/10] (6.70ns)   --->   "%div368_1_1 = fdiv i32 %bitcast_ln169_25, i32 0.02" [top.cpp:169]   --->   Operation 593 'fdiv' 'div368_1_1' <Predicate = true> <Delay = 6.70> <CoreInst = "FDiv">   --->   Core 20 'FDiv' <Latency = 9> <II = 1> <Delay = 6.70> <FuncUnit> <Opcode : 'fdiv' 'frem'> <InPorts = 2> <OutPorts = 1>
ST_20 : Operation 594 [3/10] (6.70ns)   --->   "%div368_1_1_1 = fdiv i32 %bitcast_ln169_27, i32 0.02" [top.cpp:169]   --->   Operation 594 'fdiv' 'div368_1_1_1' <Predicate = true> <Delay = 6.70> <CoreInst = "FDiv">   --->   Core 20 'FDiv' <Latency = 9> <II = 1> <Delay = 6.70> <FuncUnit> <Opcode : 'fdiv' 'frem'> <InPorts = 2> <OutPorts = 1>
ST_20 : Operation 595 [5/10] (6.70ns)   --->   "%div368_1_1_2 = fdiv i32 %bitcast_ln169_29, i32 0.02" [top.cpp:169]   --->   Operation 595 'fdiv' 'div368_1_1_2' <Predicate = true> <Delay = 6.70> <CoreInst = "FDiv">   --->   Core 20 'FDiv' <Latency = 9> <II = 1> <Delay = 6.70> <FuncUnit> <Opcode : 'fdiv' 'frem'> <InPorts = 2> <OutPorts = 1>
ST_20 : Operation 596 [6/10] (6.70ns)   --->   "%div368_1_2 = fdiv i32 %bitcast_ln169_31, i32 0.02" [top.cpp:169]   --->   Operation 596 'fdiv' 'div368_1_2' <Predicate = true> <Delay = 6.70> <CoreInst = "FDiv">   --->   Core 20 'FDiv' <Latency = 9> <II = 1> <Delay = 6.70> <FuncUnit> <Opcode : 'fdiv' 'frem'> <InPorts = 2> <OutPorts = 1>
ST_20 : Operation 597 [7/10] (6.70ns)   --->   "%div368_1_2_1 = fdiv i32 %bitcast_ln169_33, i32 0.02" [top.cpp:169]   --->   Operation 597 'fdiv' 'div368_1_2_1' <Predicate = true> <Delay = 6.70> <CoreInst = "FDiv">   --->   Core 20 'FDiv' <Latency = 9> <II = 1> <Delay = 6.70> <FuncUnit> <Opcode : 'fdiv' 'frem'> <InPorts = 2> <OutPorts = 1>
ST_20 : Operation 598 [7/10] (6.70ns)   --->   "%div368_1_2_2 = fdiv i32 %bitcast_ln169_35, i32 0.02" [top.cpp:169]   --->   Operation 598 'fdiv' 'div368_1_2_2' <Predicate = true> <Delay = 6.70> <CoreInst = "FDiv">   --->   Core 20 'FDiv' <Latency = 9> <II = 1> <Delay = 6.70> <FuncUnit> <Opcode : 'fdiv' 'frem'> <InPorts = 2> <OutPorts = 1>

State 21 <SV = 20> <Delay = 6.70>
ST_21 : Operation 599 [1/10] (6.70ns)   --->   "%div1 = fdiv i32 %bitcast_ln169_1, i32 0.02" [top.cpp:169]   --->   Operation 599 'fdiv' 'div1' <Predicate = true> <Delay = 6.70> <CoreInst = "FDiv">   --->   Core 20 'FDiv' <Latency = 9> <II = 1> <Delay = 6.70> <FuncUnit> <Opcode : 'fdiv' 'frem'> <InPorts = 2> <OutPorts = 1>
ST_21 : Operation 600 [2/10] (6.70ns)   --->   "%div368_s = fdiv i32 %bitcast_ln169_3, i32 0.02" [top.cpp:169]   --->   Operation 600 'fdiv' 'div368_s' <Predicate = true> <Delay = 6.70> <CoreInst = "FDiv">   --->   Core 20 'FDiv' <Latency = 9> <II = 1> <Delay = 6.70> <FuncUnit> <Opcode : 'fdiv' 'frem'> <InPorts = 2> <OutPorts = 1>
ST_21 : Operation 601 [3/10] (6.70ns)   --->   "%div368_3 = fdiv i32 %bitcast_ln169_5, i32 0.02" [top.cpp:169]   --->   Operation 601 'fdiv' 'div368_3' <Predicate = true> <Delay = 6.70> <CoreInst = "FDiv">   --->   Core 20 'FDiv' <Latency = 9> <II = 1> <Delay = 6.70> <FuncUnit> <Opcode : 'fdiv' 'frem'> <InPorts = 2> <OutPorts = 1>
ST_21 : Operation 602 [4/10] (6.70ns)   --->   "%div368_4 = fdiv i32 %bitcast_ln169_7, i32 0.02" [top.cpp:169]   --->   Operation 602 'fdiv' 'div368_4' <Predicate = true> <Delay = 6.70> <CoreInst = "FDiv">   --->   Core 20 'FDiv' <Latency = 9> <II = 1> <Delay = 6.70> <FuncUnit> <Opcode : 'fdiv' 'frem'> <InPorts = 2> <OutPorts = 1>
ST_21 : Operation 603 [1/10] (6.70ns)   --->   "%div368_1168_1 = fdiv i32 %bitcast_ln169_9, i32 0.02" [top.cpp:169]   --->   Operation 603 'fdiv' 'div368_1168_1' <Predicate = true> <Delay = 6.70> <CoreInst = "FDiv">   --->   Core 20 'FDiv' <Latency = 9> <II = 1> <Delay = 6.70> <FuncUnit> <Opcode : 'fdiv' 'frem'> <InPorts = 2> <OutPorts = 1>
ST_21 : Operation 604 [3/10] (6.70ns)   --->   "%div368_1168_2 = fdiv i32 %bitcast_ln169_11, i32 0.02" [top.cpp:169]   --->   Operation 604 'fdiv' 'div368_1168_2' <Predicate = true> <Delay = 6.70> <CoreInst = "FDiv">   --->   Core 20 'FDiv' <Latency = 9> <II = 1> <Delay = 6.70> <FuncUnit> <Opcode : 'fdiv' 'frem'> <InPorts = 2> <OutPorts = 1>
ST_21 : Operation 605 [5/10] (6.70ns)   --->   "%div368_2 = fdiv i32 %bitcast_ln169_13, i32 0.02" [top.cpp:169]   --->   Operation 605 'fdiv' 'div368_2' <Predicate = true> <Delay = 6.70> <CoreInst = "FDiv">   --->   Core 20 'FDiv' <Latency = 9> <II = 1> <Delay = 6.70> <FuncUnit> <Opcode : 'fdiv' 'frem'> <InPorts = 2> <OutPorts = 1>
ST_21 : Operation 606 [5/10] (6.70ns)   --->   "%div368_2_1 = fdiv i32 %bitcast_ln169_15, i32 0.02" [top.cpp:169]   --->   Operation 606 'fdiv' 'div368_2_1' <Predicate = true> <Delay = 6.70> <CoreInst = "FDiv">   --->   Core 20 'FDiv' <Latency = 9> <II = 1> <Delay = 6.70> <FuncUnit> <Opcode : 'fdiv' 'frem'> <InPorts = 2> <OutPorts = 1>
ST_21 : Operation 607 [6/10] (6.70ns)   --->   "%div368_2_2 = fdiv i32 %bitcast_ln169_17, i32 0.02" [top.cpp:169]   --->   Operation 607 'fdiv' 'div368_2_2' <Predicate = true> <Delay = 6.70> <CoreInst = "FDiv">   --->   Core 20 'FDiv' <Latency = 9> <II = 1> <Delay = 6.70> <FuncUnit> <Opcode : 'fdiv' 'frem'> <InPorts = 2> <OutPorts = 1>
ST_21 : Operation 608 [2/10] (6.70ns)   --->   "%div368_1 = fdiv i32 %bitcast_ln169_19, i32 0.02" [top.cpp:169]   --->   Operation 608 'fdiv' 'div368_1' <Predicate = true> <Delay = 6.70> <CoreInst = "FDiv">   --->   Core 20 'FDiv' <Latency = 9> <II = 1> <Delay = 6.70> <FuncUnit> <Opcode : 'fdiv' 'frem'> <InPorts = 2> <OutPorts = 1>
ST_21 : Operation 609 [3/10] (6.70ns)   --->   "%div368_1_s = fdiv i32 %bitcast_ln169_21, i32 0.02" [top.cpp:169]   --->   Operation 609 'fdiv' 'div368_1_s' <Predicate = true> <Delay = 6.70> <CoreInst = "FDiv">   --->   Core 20 'FDiv' <Latency = 9> <II = 1> <Delay = 6.70> <FuncUnit> <Opcode : 'fdiv' 'frem'> <InPorts = 2> <OutPorts = 1>
ST_21 : Operation 610 [3/10] (6.70ns)   --->   "%div368_1_3 = fdiv i32 %bitcast_ln169_23, i32 0.02" [top.cpp:169]   --->   Operation 610 'fdiv' 'div368_1_3' <Predicate = true> <Delay = 6.70> <CoreInst = "FDiv">   --->   Core 20 'FDiv' <Latency = 9> <II = 1> <Delay = 6.70> <FuncUnit> <Opcode : 'fdiv' 'frem'> <InPorts = 2> <OutPorts = 1>
ST_21 : Operation 611 [2/10] (6.70ns)   --->   "%div368_1_1 = fdiv i32 %bitcast_ln169_25, i32 0.02" [top.cpp:169]   --->   Operation 611 'fdiv' 'div368_1_1' <Predicate = true> <Delay = 6.70> <CoreInst = "FDiv">   --->   Core 20 'FDiv' <Latency = 9> <II = 1> <Delay = 6.70> <FuncUnit> <Opcode : 'fdiv' 'frem'> <InPorts = 2> <OutPorts = 1>
ST_21 : Operation 612 [2/10] (6.70ns)   --->   "%div368_1_1_1 = fdiv i32 %bitcast_ln169_27, i32 0.02" [top.cpp:169]   --->   Operation 612 'fdiv' 'div368_1_1_1' <Predicate = true> <Delay = 6.70> <CoreInst = "FDiv">   --->   Core 20 'FDiv' <Latency = 9> <II = 1> <Delay = 6.70> <FuncUnit> <Opcode : 'fdiv' 'frem'> <InPorts = 2> <OutPorts = 1>
ST_21 : Operation 613 [4/10] (6.70ns)   --->   "%div368_1_1_2 = fdiv i32 %bitcast_ln169_29, i32 0.02" [top.cpp:169]   --->   Operation 613 'fdiv' 'div368_1_1_2' <Predicate = true> <Delay = 6.70> <CoreInst = "FDiv">   --->   Core 20 'FDiv' <Latency = 9> <II = 1> <Delay = 6.70> <FuncUnit> <Opcode : 'fdiv' 'frem'> <InPorts = 2> <OutPorts = 1>
ST_21 : Operation 614 [5/10] (6.70ns)   --->   "%div368_1_2 = fdiv i32 %bitcast_ln169_31, i32 0.02" [top.cpp:169]   --->   Operation 614 'fdiv' 'div368_1_2' <Predicate = true> <Delay = 6.70> <CoreInst = "FDiv">   --->   Core 20 'FDiv' <Latency = 9> <II = 1> <Delay = 6.70> <FuncUnit> <Opcode : 'fdiv' 'frem'> <InPorts = 2> <OutPorts = 1>
ST_21 : Operation 615 [6/10] (6.70ns)   --->   "%div368_1_2_1 = fdiv i32 %bitcast_ln169_33, i32 0.02" [top.cpp:169]   --->   Operation 615 'fdiv' 'div368_1_2_1' <Predicate = true> <Delay = 6.70> <CoreInst = "FDiv">   --->   Core 20 'FDiv' <Latency = 9> <II = 1> <Delay = 6.70> <FuncUnit> <Opcode : 'fdiv' 'frem'> <InPorts = 2> <OutPorts = 1>
ST_21 : Operation 616 [6/10] (6.70ns)   --->   "%div368_1_2_2 = fdiv i32 %bitcast_ln169_35, i32 0.02" [top.cpp:169]   --->   Operation 616 'fdiv' 'div368_1_2_2' <Predicate = true> <Delay = 6.70> <CoreInst = "FDiv">   --->   Core 20 'FDiv' <Latency = 9> <II = 1> <Delay = 6.70> <FuncUnit> <Opcode : 'fdiv' 'frem'> <InPorts = 2> <OutPorts = 1>

State 22 <SV = 21> <Delay = 6.70>
ST_22 : Operation 617 [2/2] (2.78ns)   --->   "%conv2 = fpext i32 %div1" [top.cpp:169]   --->   Operation 617 'fpext' 'conv2' <Predicate = true> <Delay = 2.78> <CoreInst = "Float2Double">   --->   Core 64 'Float2Double' <Latency = 1> <II = 1> <Delay = 2.78> <FuncUnit> <Opcode : 'fpext'> <InPorts = 1> <OutPorts = 1>
ST_22 : Operation 618 [1/10] (6.70ns)   --->   "%div368_s = fdiv i32 %bitcast_ln169_3, i32 0.02" [top.cpp:169]   --->   Operation 618 'fdiv' 'div368_s' <Predicate = true> <Delay = 6.70> <CoreInst = "FDiv">   --->   Core 20 'FDiv' <Latency = 9> <II = 1> <Delay = 6.70> <FuncUnit> <Opcode : 'fdiv' 'frem'> <InPorts = 2> <OutPorts = 1>
ST_22 : Operation 619 [2/10] (6.70ns)   --->   "%div368_3 = fdiv i32 %bitcast_ln169_5, i32 0.02" [top.cpp:169]   --->   Operation 619 'fdiv' 'div368_3' <Predicate = true> <Delay = 6.70> <CoreInst = "FDiv">   --->   Core 20 'FDiv' <Latency = 9> <II = 1> <Delay = 6.70> <FuncUnit> <Opcode : 'fdiv' 'frem'> <InPorts = 2> <OutPorts = 1>
ST_22 : Operation 620 [3/10] (6.70ns)   --->   "%div368_4 = fdiv i32 %bitcast_ln169_7, i32 0.02" [top.cpp:169]   --->   Operation 620 'fdiv' 'div368_4' <Predicate = true> <Delay = 6.70> <CoreInst = "FDiv">   --->   Core 20 'FDiv' <Latency = 9> <II = 1> <Delay = 6.70> <FuncUnit> <Opcode : 'fdiv' 'frem'> <InPorts = 2> <OutPorts = 1>
ST_22 : Operation 621 [2/2] (2.78ns)   --->   "%conv369_1169_1 = fpext i32 %div368_1168_1" [top.cpp:169]   --->   Operation 621 'fpext' 'conv369_1169_1' <Predicate = true> <Delay = 2.78> <CoreInst = "Float2Double">   --->   Core 64 'Float2Double' <Latency = 1> <II = 1> <Delay = 2.78> <FuncUnit> <Opcode : 'fpext'> <InPorts = 1> <OutPorts = 1>
ST_22 : Operation 622 [2/10] (6.70ns)   --->   "%div368_1168_2 = fdiv i32 %bitcast_ln169_11, i32 0.02" [top.cpp:169]   --->   Operation 622 'fdiv' 'div368_1168_2' <Predicate = true> <Delay = 6.70> <CoreInst = "FDiv">   --->   Core 20 'FDiv' <Latency = 9> <II = 1> <Delay = 6.70> <FuncUnit> <Opcode : 'fdiv' 'frem'> <InPorts = 2> <OutPorts = 1>
ST_22 : Operation 623 [4/10] (6.70ns)   --->   "%div368_2 = fdiv i32 %bitcast_ln169_13, i32 0.02" [top.cpp:169]   --->   Operation 623 'fdiv' 'div368_2' <Predicate = true> <Delay = 6.70> <CoreInst = "FDiv">   --->   Core 20 'FDiv' <Latency = 9> <II = 1> <Delay = 6.70> <FuncUnit> <Opcode : 'fdiv' 'frem'> <InPorts = 2> <OutPorts = 1>
ST_22 : Operation 624 [4/10] (6.70ns)   --->   "%div368_2_1 = fdiv i32 %bitcast_ln169_15, i32 0.02" [top.cpp:169]   --->   Operation 624 'fdiv' 'div368_2_1' <Predicate = true> <Delay = 6.70> <CoreInst = "FDiv">   --->   Core 20 'FDiv' <Latency = 9> <II = 1> <Delay = 6.70> <FuncUnit> <Opcode : 'fdiv' 'frem'> <InPorts = 2> <OutPorts = 1>
ST_22 : Operation 625 [5/10] (6.70ns)   --->   "%div368_2_2 = fdiv i32 %bitcast_ln169_17, i32 0.02" [top.cpp:169]   --->   Operation 625 'fdiv' 'div368_2_2' <Predicate = true> <Delay = 6.70> <CoreInst = "FDiv">   --->   Core 20 'FDiv' <Latency = 9> <II = 1> <Delay = 6.70> <FuncUnit> <Opcode : 'fdiv' 'frem'> <InPorts = 2> <OutPorts = 1>
ST_22 : Operation 626 [1/10] (6.70ns)   --->   "%div368_1 = fdiv i32 %bitcast_ln169_19, i32 0.02" [top.cpp:169]   --->   Operation 626 'fdiv' 'div368_1' <Predicate = true> <Delay = 6.70> <CoreInst = "FDiv">   --->   Core 20 'FDiv' <Latency = 9> <II = 1> <Delay = 6.70> <FuncUnit> <Opcode : 'fdiv' 'frem'> <InPorts = 2> <OutPorts = 1>
ST_22 : Operation 627 [2/10] (6.70ns)   --->   "%div368_1_s = fdiv i32 %bitcast_ln169_21, i32 0.02" [top.cpp:169]   --->   Operation 627 'fdiv' 'div368_1_s' <Predicate = true> <Delay = 6.70> <CoreInst = "FDiv">   --->   Core 20 'FDiv' <Latency = 9> <II = 1> <Delay = 6.70> <FuncUnit> <Opcode : 'fdiv' 'frem'> <InPorts = 2> <OutPorts = 1>
ST_22 : Operation 628 [2/10] (6.70ns)   --->   "%div368_1_3 = fdiv i32 %bitcast_ln169_23, i32 0.02" [top.cpp:169]   --->   Operation 628 'fdiv' 'div368_1_3' <Predicate = true> <Delay = 6.70> <CoreInst = "FDiv">   --->   Core 20 'FDiv' <Latency = 9> <II = 1> <Delay = 6.70> <FuncUnit> <Opcode : 'fdiv' 'frem'> <InPorts = 2> <OutPorts = 1>
ST_22 : Operation 629 [1/10] (6.70ns)   --->   "%div368_1_1 = fdiv i32 %bitcast_ln169_25, i32 0.02" [top.cpp:169]   --->   Operation 629 'fdiv' 'div368_1_1' <Predicate = true> <Delay = 6.70> <CoreInst = "FDiv">   --->   Core 20 'FDiv' <Latency = 9> <II = 1> <Delay = 6.70> <FuncUnit> <Opcode : 'fdiv' 'frem'> <InPorts = 2> <OutPorts = 1>
ST_22 : Operation 630 [1/10] (6.70ns)   --->   "%div368_1_1_1 = fdiv i32 %bitcast_ln169_27, i32 0.02" [top.cpp:169]   --->   Operation 630 'fdiv' 'div368_1_1_1' <Predicate = true> <Delay = 6.70> <CoreInst = "FDiv">   --->   Core 20 'FDiv' <Latency = 9> <II = 1> <Delay = 6.70> <FuncUnit> <Opcode : 'fdiv' 'frem'> <InPorts = 2> <OutPorts = 1>
ST_22 : Operation 631 [3/10] (6.70ns)   --->   "%div368_1_1_2 = fdiv i32 %bitcast_ln169_29, i32 0.02" [top.cpp:169]   --->   Operation 631 'fdiv' 'div368_1_1_2' <Predicate = true> <Delay = 6.70> <CoreInst = "FDiv">   --->   Core 20 'FDiv' <Latency = 9> <II = 1> <Delay = 6.70> <FuncUnit> <Opcode : 'fdiv' 'frem'> <InPorts = 2> <OutPorts = 1>
ST_22 : Operation 632 [4/10] (6.70ns)   --->   "%div368_1_2 = fdiv i32 %bitcast_ln169_31, i32 0.02" [top.cpp:169]   --->   Operation 632 'fdiv' 'div368_1_2' <Predicate = true> <Delay = 6.70> <CoreInst = "FDiv">   --->   Core 20 'FDiv' <Latency = 9> <II = 1> <Delay = 6.70> <FuncUnit> <Opcode : 'fdiv' 'frem'> <InPorts = 2> <OutPorts = 1>
ST_22 : Operation 633 [5/10] (6.70ns)   --->   "%div368_1_2_1 = fdiv i32 %bitcast_ln169_33, i32 0.02" [top.cpp:169]   --->   Operation 633 'fdiv' 'div368_1_2_1' <Predicate = true> <Delay = 6.70> <CoreInst = "FDiv">   --->   Core 20 'FDiv' <Latency = 9> <II = 1> <Delay = 6.70> <FuncUnit> <Opcode : 'fdiv' 'frem'> <InPorts = 2> <OutPorts = 1>
ST_22 : Operation 634 [5/10] (6.70ns)   --->   "%div368_1_2_2 = fdiv i32 %bitcast_ln169_35, i32 0.02" [top.cpp:169]   --->   Operation 634 'fdiv' 'div368_1_2_2' <Predicate = true> <Delay = 6.70> <CoreInst = "FDiv">   --->   Core 20 'FDiv' <Latency = 9> <II = 1> <Delay = 6.70> <FuncUnit> <Opcode : 'fdiv' 'frem'> <InPorts = 2> <OutPorts = 1>

State 23 <SV = 22> <Delay = 6.70>
ST_23 : Operation 635 [1/2] (2.78ns)   --->   "%conv2 = fpext i32 %div1" [top.cpp:169]   --->   Operation 635 'fpext' 'conv2' <Predicate = true> <Delay = 2.78> <CoreInst = "Float2Double">   --->   Core 64 'Float2Double' <Latency = 1> <II = 1> <Delay = 2.78> <FuncUnit> <Opcode : 'fpext'> <InPorts = 1> <OutPorts = 1>
ST_23 : Operation 636 [2/2] (2.78ns)   --->   "%conv369_s = fpext i32 %div368_s" [top.cpp:169]   --->   Operation 636 'fpext' 'conv369_s' <Predicate = true> <Delay = 2.78> <CoreInst = "Float2Double">   --->   Core 64 'Float2Double' <Latency = 1> <II = 1> <Delay = 2.78> <FuncUnit> <Opcode : 'fpext'> <InPorts = 1> <OutPorts = 1>
ST_23 : Operation 637 [1/10] (6.70ns)   --->   "%div368_3 = fdiv i32 %bitcast_ln169_5, i32 0.02" [top.cpp:169]   --->   Operation 637 'fdiv' 'div368_3' <Predicate = true> <Delay = 6.70> <CoreInst = "FDiv">   --->   Core 20 'FDiv' <Latency = 9> <II = 1> <Delay = 6.70> <FuncUnit> <Opcode : 'fdiv' 'frem'> <InPorts = 2> <OutPorts = 1>
ST_23 : Operation 638 [2/10] (6.70ns)   --->   "%div368_4 = fdiv i32 %bitcast_ln169_7, i32 0.02" [top.cpp:169]   --->   Operation 638 'fdiv' 'div368_4' <Predicate = true> <Delay = 6.70> <CoreInst = "FDiv">   --->   Core 20 'FDiv' <Latency = 9> <II = 1> <Delay = 6.70> <FuncUnit> <Opcode : 'fdiv' 'frem'> <InPorts = 2> <OutPorts = 1>
ST_23 : Operation 639 [1/2] (2.78ns)   --->   "%conv369_1169_1 = fpext i32 %div368_1168_1" [top.cpp:169]   --->   Operation 639 'fpext' 'conv369_1169_1' <Predicate = true> <Delay = 2.78> <CoreInst = "Float2Double">   --->   Core 64 'Float2Double' <Latency = 1> <II = 1> <Delay = 2.78> <FuncUnit> <Opcode : 'fpext'> <InPorts = 1> <OutPorts = 1>
ST_23 : Operation 640 [1/10] (6.70ns)   --->   "%div368_1168_2 = fdiv i32 %bitcast_ln169_11, i32 0.02" [top.cpp:169]   --->   Operation 640 'fdiv' 'div368_1168_2' <Predicate = true> <Delay = 6.70> <CoreInst = "FDiv">   --->   Core 20 'FDiv' <Latency = 9> <II = 1> <Delay = 6.70> <FuncUnit> <Opcode : 'fdiv' 'frem'> <InPorts = 2> <OutPorts = 1>
ST_23 : Operation 641 [3/10] (6.70ns)   --->   "%div368_2 = fdiv i32 %bitcast_ln169_13, i32 0.02" [top.cpp:169]   --->   Operation 641 'fdiv' 'div368_2' <Predicate = true> <Delay = 6.70> <CoreInst = "FDiv">   --->   Core 20 'FDiv' <Latency = 9> <II = 1> <Delay = 6.70> <FuncUnit> <Opcode : 'fdiv' 'frem'> <InPorts = 2> <OutPorts = 1>
ST_23 : Operation 642 [3/10] (6.70ns)   --->   "%div368_2_1 = fdiv i32 %bitcast_ln169_15, i32 0.02" [top.cpp:169]   --->   Operation 642 'fdiv' 'div368_2_1' <Predicate = true> <Delay = 6.70> <CoreInst = "FDiv">   --->   Core 20 'FDiv' <Latency = 9> <II = 1> <Delay = 6.70> <FuncUnit> <Opcode : 'fdiv' 'frem'> <InPorts = 2> <OutPorts = 1>
ST_23 : Operation 643 [4/10] (6.70ns)   --->   "%div368_2_2 = fdiv i32 %bitcast_ln169_17, i32 0.02" [top.cpp:169]   --->   Operation 643 'fdiv' 'div368_2_2' <Predicate = true> <Delay = 6.70> <CoreInst = "FDiv">   --->   Core 20 'FDiv' <Latency = 9> <II = 1> <Delay = 6.70> <FuncUnit> <Opcode : 'fdiv' 'frem'> <InPorts = 2> <OutPorts = 1>
ST_23 : Operation 644 [2/2] (2.78ns)   --->   "%conv369_1 = fpext i32 %div368_1" [top.cpp:169]   --->   Operation 644 'fpext' 'conv369_1' <Predicate = true> <Delay = 2.78> <CoreInst = "Float2Double">   --->   Core 64 'Float2Double' <Latency = 1> <II = 1> <Delay = 2.78> <FuncUnit> <Opcode : 'fpext'> <InPorts = 1> <OutPorts = 1>
ST_23 : Operation 645 [1/10] (6.70ns)   --->   "%div368_1_s = fdiv i32 %bitcast_ln169_21, i32 0.02" [top.cpp:169]   --->   Operation 645 'fdiv' 'div368_1_s' <Predicate = true> <Delay = 6.70> <CoreInst = "FDiv">   --->   Core 20 'FDiv' <Latency = 9> <II = 1> <Delay = 6.70> <FuncUnit> <Opcode : 'fdiv' 'frem'> <InPorts = 2> <OutPorts = 1>
ST_23 : Operation 646 [1/10] (6.70ns)   --->   "%div368_1_3 = fdiv i32 %bitcast_ln169_23, i32 0.02" [top.cpp:169]   --->   Operation 646 'fdiv' 'div368_1_3' <Predicate = true> <Delay = 6.70> <CoreInst = "FDiv">   --->   Core 20 'FDiv' <Latency = 9> <II = 1> <Delay = 6.70> <FuncUnit> <Opcode : 'fdiv' 'frem'> <InPorts = 2> <OutPorts = 1>
ST_23 : Operation 647 [2/2] (2.78ns)   --->   "%conv369_1_1 = fpext i32 %div368_1_1" [top.cpp:169]   --->   Operation 647 'fpext' 'conv369_1_1' <Predicate = true> <Delay = 2.78> <CoreInst = "Float2Double">   --->   Core 64 'Float2Double' <Latency = 1> <II = 1> <Delay = 2.78> <FuncUnit> <Opcode : 'fpext'> <InPorts = 1> <OutPorts = 1>
ST_23 : Operation 648 [2/10] (6.70ns)   --->   "%div368_1_1_2 = fdiv i32 %bitcast_ln169_29, i32 0.02" [top.cpp:169]   --->   Operation 648 'fdiv' 'div368_1_1_2' <Predicate = true> <Delay = 6.70> <CoreInst = "FDiv">   --->   Core 20 'FDiv' <Latency = 9> <II = 1> <Delay = 6.70> <FuncUnit> <Opcode : 'fdiv' 'frem'> <InPorts = 2> <OutPorts = 1>
ST_23 : Operation 649 [3/10] (6.70ns)   --->   "%div368_1_2 = fdiv i32 %bitcast_ln169_31, i32 0.02" [top.cpp:169]   --->   Operation 649 'fdiv' 'div368_1_2' <Predicate = true> <Delay = 6.70> <CoreInst = "FDiv">   --->   Core 20 'FDiv' <Latency = 9> <II = 1> <Delay = 6.70> <FuncUnit> <Opcode : 'fdiv' 'frem'> <InPorts = 2> <OutPorts = 1>
ST_23 : Operation 650 [4/10] (6.70ns)   --->   "%div368_1_2_1 = fdiv i32 %bitcast_ln169_33, i32 0.02" [top.cpp:169]   --->   Operation 650 'fdiv' 'div368_1_2_1' <Predicate = true> <Delay = 6.70> <CoreInst = "FDiv">   --->   Core 20 'FDiv' <Latency = 9> <II = 1> <Delay = 6.70> <FuncUnit> <Opcode : 'fdiv' 'frem'> <InPorts = 2> <OutPorts = 1>
ST_23 : Operation 651 [4/10] (6.70ns)   --->   "%div368_1_2_2 = fdiv i32 %bitcast_ln169_35, i32 0.02" [top.cpp:169]   --->   Operation 651 'fdiv' 'div368_1_2_2' <Predicate = true> <Delay = 6.70> <CoreInst = "FDiv">   --->   Core 20 'FDiv' <Latency = 9> <II = 1> <Delay = 6.70> <FuncUnit> <Opcode : 'fdiv' 'frem'> <InPorts = 2> <OutPorts = 1>

State 24 <SV = 23> <Delay = 7.02>
ST_24 : Operation 652 [15/15] (7.02ns)   --->   "%tmp_69 = dexp i64 @llvm.exp.f64, i64 %conv2" [top.cpp:169]   --->   Operation 652 'dexp' 'tmp_69' <Predicate = true> <Delay = 7.02> <CoreInst = "DExp_fulldsp">   --->   Core 42 'DExp_fulldsp' <Latency = 14> <II = 1> <Delay = 7.02> <FuncUnit> <Opcode : 'dexp'> <InPorts = 1> <OutPorts = 1>
ST_24 : Operation 653 [1/2] (2.78ns)   --->   "%conv369_s = fpext i32 %div368_s" [top.cpp:169]   --->   Operation 653 'fpext' 'conv369_s' <Predicate = true> <Delay = 2.78> <CoreInst = "Float2Double">   --->   Core 64 'Float2Double' <Latency = 1> <II = 1> <Delay = 2.78> <FuncUnit> <Opcode : 'fpext'> <InPorts = 1> <OutPorts = 1>
ST_24 : Operation 654 [2/2] (2.78ns)   --->   "%conv369_3 = fpext i32 %div368_3" [top.cpp:169]   --->   Operation 654 'fpext' 'conv369_3' <Predicate = true> <Delay = 2.78> <CoreInst = "Float2Double">   --->   Core 64 'Float2Double' <Latency = 1> <II = 1> <Delay = 2.78> <FuncUnit> <Opcode : 'fpext'> <InPorts = 1> <OutPorts = 1>
ST_24 : Operation 655 [1/10] (6.70ns)   --->   "%div368_4 = fdiv i32 %bitcast_ln169_7, i32 0.02" [top.cpp:169]   --->   Operation 655 'fdiv' 'div368_4' <Predicate = true> <Delay = 6.70> <CoreInst = "FDiv">   --->   Core 20 'FDiv' <Latency = 9> <II = 1> <Delay = 6.70> <FuncUnit> <Opcode : 'fdiv' 'frem'> <InPorts = 2> <OutPorts = 1>
ST_24 : Operation 656 [15/15] (7.02ns)   --->   "%tmp_73 = dexp i64 @llvm.exp.f64, i64 %conv369_1169_1" [top.cpp:169]   --->   Operation 656 'dexp' 'tmp_73' <Predicate = true> <Delay = 7.02> <CoreInst = "DExp_fulldsp">   --->   Core 42 'DExp_fulldsp' <Latency = 14> <II = 1> <Delay = 7.02> <FuncUnit> <Opcode : 'dexp'> <InPorts = 1> <OutPorts = 1>
ST_24 : Operation 657 [2/10] (6.70ns)   --->   "%div368_2 = fdiv i32 %bitcast_ln169_13, i32 0.02" [top.cpp:169]   --->   Operation 657 'fdiv' 'div368_2' <Predicate = true> <Delay = 6.70> <CoreInst = "FDiv">   --->   Core 20 'FDiv' <Latency = 9> <II = 1> <Delay = 6.70> <FuncUnit> <Opcode : 'fdiv' 'frem'> <InPorts = 2> <OutPorts = 1>
ST_24 : Operation 658 [2/10] (6.70ns)   --->   "%div368_2_1 = fdiv i32 %bitcast_ln169_15, i32 0.02" [top.cpp:169]   --->   Operation 658 'fdiv' 'div368_2_1' <Predicate = true> <Delay = 6.70> <CoreInst = "FDiv">   --->   Core 20 'FDiv' <Latency = 9> <II = 1> <Delay = 6.70> <FuncUnit> <Opcode : 'fdiv' 'frem'> <InPorts = 2> <OutPorts = 1>
ST_24 : Operation 659 [3/10] (6.70ns)   --->   "%div368_2_2 = fdiv i32 %bitcast_ln169_17, i32 0.02" [top.cpp:169]   --->   Operation 659 'fdiv' 'div368_2_2' <Predicate = true> <Delay = 6.70> <CoreInst = "FDiv">   --->   Core 20 'FDiv' <Latency = 9> <II = 1> <Delay = 6.70> <FuncUnit> <Opcode : 'fdiv' 'frem'> <InPorts = 2> <OutPorts = 1>
ST_24 : Operation 660 [1/2] (2.78ns)   --->   "%conv369_1 = fpext i32 %div368_1" [top.cpp:169]   --->   Operation 660 'fpext' 'conv369_1' <Predicate = true> <Delay = 2.78> <CoreInst = "Float2Double">   --->   Core 64 'Float2Double' <Latency = 1> <II = 1> <Delay = 2.78> <FuncUnit> <Opcode : 'fpext'> <InPorts = 1> <OutPorts = 1>
ST_24 : Operation 661 [2/2] (2.78ns)   --->   "%conv369_1_s = fpext i32 %div368_1_s" [top.cpp:169]   --->   Operation 661 'fpext' 'conv369_1_s' <Predicate = true> <Delay = 2.78> <CoreInst = "Float2Double">   --->   Core 64 'Float2Double' <Latency = 1> <II = 1> <Delay = 2.78> <FuncUnit> <Opcode : 'fpext'> <InPorts = 1> <OutPorts = 1>
ST_24 : Operation 662 [2/2] (2.78ns)   --->   "%conv369_1_3 = fpext i32 %div368_1_3" [top.cpp:169]   --->   Operation 662 'fpext' 'conv369_1_3' <Predicate = true> <Delay = 2.78> <CoreInst = "Float2Double">   --->   Core 64 'Float2Double' <Latency = 1> <II = 1> <Delay = 2.78> <FuncUnit> <Opcode : 'fpext'> <InPorts = 1> <OutPorts = 1>
ST_24 : Operation 663 [1/2] (2.78ns)   --->   "%conv369_1_1 = fpext i32 %div368_1_1" [top.cpp:169]   --->   Operation 663 'fpext' 'conv369_1_1' <Predicate = true> <Delay = 2.78> <CoreInst = "Float2Double">   --->   Core 64 'Float2Double' <Latency = 1> <II = 1> <Delay = 2.78> <FuncUnit> <Opcode : 'fpext'> <InPorts = 1> <OutPorts = 1>
ST_24 : Operation 664 [1/10] (6.70ns)   --->   "%div368_1_1_2 = fdiv i32 %bitcast_ln169_29, i32 0.02" [top.cpp:169]   --->   Operation 664 'fdiv' 'div368_1_1_2' <Predicate = true> <Delay = 6.70> <CoreInst = "FDiv">   --->   Core 20 'FDiv' <Latency = 9> <II = 1> <Delay = 6.70> <FuncUnit> <Opcode : 'fdiv' 'frem'> <InPorts = 2> <OutPorts = 1>
ST_24 : Operation 665 [2/10] (6.70ns)   --->   "%div368_1_2 = fdiv i32 %bitcast_ln169_31, i32 0.02" [top.cpp:169]   --->   Operation 665 'fdiv' 'div368_1_2' <Predicate = true> <Delay = 6.70> <CoreInst = "FDiv">   --->   Core 20 'FDiv' <Latency = 9> <II = 1> <Delay = 6.70> <FuncUnit> <Opcode : 'fdiv' 'frem'> <InPorts = 2> <OutPorts = 1>
ST_24 : Operation 666 [3/10] (6.70ns)   --->   "%div368_1_2_1 = fdiv i32 %bitcast_ln169_33, i32 0.02" [top.cpp:169]   --->   Operation 666 'fdiv' 'div368_1_2_1' <Predicate = true> <Delay = 6.70> <CoreInst = "FDiv">   --->   Core 20 'FDiv' <Latency = 9> <II = 1> <Delay = 6.70> <FuncUnit> <Opcode : 'fdiv' 'frem'> <InPorts = 2> <OutPorts = 1>
ST_24 : Operation 667 [3/10] (6.70ns)   --->   "%div368_1_2_2 = fdiv i32 %bitcast_ln169_35, i32 0.02" [top.cpp:169]   --->   Operation 667 'fdiv' 'div368_1_2_2' <Predicate = true> <Delay = 6.70> <CoreInst = "FDiv">   --->   Core 20 'FDiv' <Latency = 9> <II = 1> <Delay = 6.70> <FuncUnit> <Opcode : 'fdiv' 'frem'> <InPorts = 2> <OutPorts = 1>

State 25 <SV = 24> <Delay = 7.02>
ST_25 : Operation 668 [14/15] (7.02ns)   --->   "%tmp_69 = dexp i64 @llvm.exp.f64, i64 %conv2" [top.cpp:169]   --->   Operation 668 'dexp' 'tmp_69' <Predicate = true> <Delay = 7.02> <CoreInst = "DExp_fulldsp">   --->   Core 42 'DExp_fulldsp' <Latency = 14> <II = 1> <Delay = 7.02> <FuncUnit> <Opcode : 'dexp'> <InPorts = 1> <OutPorts = 1>
ST_25 : Operation 669 [15/15] (7.02ns)   --->   "%tmp_70 = dexp i64 @llvm.exp.f64, i64 %conv369_s" [top.cpp:169]   --->   Operation 669 'dexp' 'tmp_70' <Predicate = true> <Delay = 7.02> <CoreInst = "DExp_fulldsp">   --->   Core 42 'DExp_fulldsp' <Latency = 14> <II = 1> <Delay = 7.02> <FuncUnit> <Opcode : 'dexp'> <InPorts = 1> <OutPorts = 1>
ST_25 : Operation 670 [1/2] (2.78ns)   --->   "%conv369_3 = fpext i32 %div368_3" [top.cpp:169]   --->   Operation 670 'fpext' 'conv369_3' <Predicate = true> <Delay = 2.78> <CoreInst = "Float2Double">   --->   Core 64 'Float2Double' <Latency = 1> <II = 1> <Delay = 2.78> <FuncUnit> <Opcode : 'fpext'> <InPorts = 1> <OutPorts = 1>
ST_25 : Operation 671 [2/2] (2.78ns)   --->   "%conv369_4 = fpext i32 %div368_4" [top.cpp:169]   --->   Operation 671 'fpext' 'conv369_4' <Predicate = true> <Delay = 2.78> <CoreInst = "Float2Double">   --->   Core 64 'Float2Double' <Latency = 1> <II = 1> <Delay = 2.78> <FuncUnit> <Opcode : 'fpext'> <InPorts = 1> <OutPorts = 1>
ST_25 : Operation 672 [14/15] (7.02ns)   --->   "%tmp_73 = dexp i64 @llvm.exp.f64, i64 %conv369_1169_1" [top.cpp:169]   --->   Operation 672 'dexp' 'tmp_73' <Predicate = true> <Delay = 7.02> <CoreInst = "DExp_fulldsp">   --->   Core 42 'DExp_fulldsp' <Latency = 14> <II = 1> <Delay = 7.02> <FuncUnit> <Opcode : 'dexp'> <InPorts = 1> <OutPorts = 1>
ST_25 : Operation 673 [2/2] (2.78ns)   --->   "%conv369_1169_2 = fpext i32 %div368_1168_2" [top.cpp:169]   --->   Operation 673 'fpext' 'conv369_1169_2' <Predicate = true> <Delay = 2.78> <CoreInst = "Float2Double">   --->   Core 64 'Float2Double' <Latency = 1> <II = 1> <Delay = 2.78> <FuncUnit> <Opcode : 'fpext'> <InPorts = 1> <OutPorts = 1>
ST_25 : Operation 674 [1/10] (6.70ns)   --->   "%div368_2 = fdiv i32 %bitcast_ln169_13, i32 0.02" [top.cpp:169]   --->   Operation 674 'fdiv' 'div368_2' <Predicate = true> <Delay = 6.70> <CoreInst = "FDiv">   --->   Core 20 'FDiv' <Latency = 9> <II = 1> <Delay = 6.70> <FuncUnit> <Opcode : 'fdiv' 'frem'> <InPorts = 2> <OutPorts = 1>
ST_25 : Operation 675 [1/10] (6.70ns)   --->   "%div368_2_1 = fdiv i32 %bitcast_ln169_15, i32 0.02" [top.cpp:169]   --->   Operation 675 'fdiv' 'div368_2_1' <Predicate = true> <Delay = 6.70> <CoreInst = "FDiv">   --->   Core 20 'FDiv' <Latency = 9> <II = 1> <Delay = 6.70> <FuncUnit> <Opcode : 'fdiv' 'frem'> <InPorts = 2> <OutPorts = 1>
ST_25 : Operation 676 [2/10] (6.70ns)   --->   "%div368_2_2 = fdiv i32 %bitcast_ln169_17, i32 0.02" [top.cpp:169]   --->   Operation 676 'fdiv' 'div368_2_2' <Predicate = true> <Delay = 6.70> <CoreInst = "FDiv">   --->   Core 20 'FDiv' <Latency = 9> <II = 1> <Delay = 6.70> <FuncUnit> <Opcode : 'fdiv' 'frem'> <InPorts = 2> <OutPorts = 1>
ST_25 : Operation 677 [15/15] (7.02ns)   --->   "%tmp_78 = dexp i64 @llvm.exp.f64, i64 %conv369_1" [top.cpp:169]   --->   Operation 677 'dexp' 'tmp_78' <Predicate = true> <Delay = 7.02> <CoreInst = "DExp_fulldsp">   --->   Core 42 'DExp_fulldsp' <Latency = 14> <II = 1> <Delay = 7.02> <FuncUnit> <Opcode : 'dexp'> <InPorts = 1> <OutPorts = 1>
ST_25 : Operation 678 [1/2] (2.78ns)   --->   "%conv369_1_s = fpext i32 %div368_1_s" [top.cpp:169]   --->   Operation 678 'fpext' 'conv369_1_s' <Predicate = true> <Delay = 2.78> <CoreInst = "Float2Double">   --->   Core 64 'Float2Double' <Latency = 1> <II = 1> <Delay = 2.78> <FuncUnit> <Opcode : 'fpext'> <InPorts = 1> <OutPorts = 1>
ST_25 : Operation 679 [1/2] (2.78ns)   --->   "%conv369_1_3 = fpext i32 %div368_1_3" [top.cpp:169]   --->   Operation 679 'fpext' 'conv369_1_3' <Predicate = true> <Delay = 2.78> <CoreInst = "Float2Double">   --->   Core 64 'Float2Double' <Latency = 1> <II = 1> <Delay = 2.78> <FuncUnit> <Opcode : 'fpext'> <InPorts = 1> <OutPorts = 1>
ST_25 : Operation 680 [15/15] (7.02ns)   --->   "%tmp_81 = dexp i64 @llvm.exp.f64, i64 %conv369_1_1" [top.cpp:169]   --->   Operation 680 'dexp' 'tmp_81' <Predicate = true> <Delay = 7.02> <CoreInst = "DExp_fulldsp">   --->   Core 42 'DExp_fulldsp' <Latency = 14> <II = 1> <Delay = 7.02> <FuncUnit> <Opcode : 'dexp'> <InPorts = 1> <OutPorts = 1>
ST_25 : Operation 681 [2/2] (2.78ns)   --->   "%conv369_1_1_1 = fpext i32 %div368_1_1_1" [top.cpp:169]   --->   Operation 681 'fpext' 'conv369_1_1_1' <Predicate = true> <Delay = 2.78> <CoreInst = "Float2Double">   --->   Core 64 'Float2Double' <Latency = 1> <II = 1> <Delay = 2.78> <FuncUnit> <Opcode : 'fpext'> <InPorts = 1> <OutPorts = 1>
ST_25 : Operation 682 [1/10] (6.70ns)   --->   "%div368_1_2 = fdiv i32 %bitcast_ln169_31, i32 0.02" [top.cpp:169]   --->   Operation 682 'fdiv' 'div368_1_2' <Predicate = true> <Delay = 6.70> <CoreInst = "FDiv">   --->   Core 20 'FDiv' <Latency = 9> <II = 1> <Delay = 6.70> <FuncUnit> <Opcode : 'fdiv' 'frem'> <InPorts = 2> <OutPorts = 1>
ST_25 : Operation 683 [2/10] (6.70ns)   --->   "%div368_1_2_1 = fdiv i32 %bitcast_ln169_33, i32 0.02" [top.cpp:169]   --->   Operation 683 'fdiv' 'div368_1_2_1' <Predicate = true> <Delay = 6.70> <CoreInst = "FDiv">   --->   Core 20 'FDiv' <Latency = 9> <II = 1> <Delay = 6.70> <FuncUnit> <Opcode : 'fdiv' 'frem'> <InPorts = 2> <OutPorts = 1>
ST_25 : Operation 684 [2/10] (6.70ns)   --->   "%div368_1_2_2 = fdiv i32 %bitcast_ln169_35, i32 0.02" [top.cpp:169]   --->   Operation 684 'fdiv' 'div368_1_2_2' <Predicate = true> <Delay = 6.70> <CoreInst = "FDiv">   --->   Core 20 'FDiv' <Latency = 9> <II = 1> <Delay = 6.70> <FuncUnit> <Opcode : 'fdiv' 'frem'> <InPorts = 2> <OutPorts = 1>

State 26 <SV = 25> <Delay = 7.02>
ST_26 : Operation 685 [13/15] (7.02ns)   --->   "%tmp_69 = dexp i64 @llvm.exp.f64, i64 %conv2" [top.cpp:169]   --->   Operation 685 'dexp' 'tmp_69' <Predicate = true> <Delay = 7.02> <CoreInst = "DExp_fulldsp">   --->   Core 42 'DExp_fulldsp' <Latency = 14> <II = 1> <Delay = 7.02> <FuncUnit> <Opcode : 'dexp'> <InPorts = 1> <OutPorts = 1>
ST_26 : Operation 686 [14/15] (7.02ns)   --->   "%tmp_70 = dexp i64 @llvm.exp.f64, i64 %conv369_s" [top.cpp:169]   --->   Operation 686 'dexp' 'tmp_70' <Predicate = true> <Delay = 7.02> <CoreInst = "DExp_fulldsp">   --->   Core 42 'DExp_fulldsp' <Latency = 14> <II = 1> <Delay = 7.02> <FuncUnit> <Opcode : 'dexp'> <InPorts = 1> <OutPorts = 1>
ST_26 : Operation 687 [15/15] (7.02ns)   --->   "%tmp_71 = dexp i64 @llvm.exp.f64, i64 %conv369_3" [top.cpp:169]   --->   Operation 687 'dexp' 'tmp_71' <Predicate = true> <Delay = 7.02> <CoreInst = "DExp_fulldsp">   --->   Core 42 'DExp_fulldsp' <Latency = 14> <II = 1> <Delay = 7.02> <FuncUnit> <Opcode : 'dexp'> <InPorts = 1> <OutPorts = 1>
ST_26 : Operation 688 [1/2] (2.78ns)   --->   "%conv369_4 = fpext i32 %div368_4" [top.cpp:169]   --->   Operation 688 'fpext' 'conv369_4' <Predicate = true> <Delay = 2.78> <CoreInst = "Float2Double">   --->   Core 64 'Float2Double' <Latency = 1> <II = 1> <Delay = 2.78> <FuncUnit> <Opcode : 'fpext'> <InPorts = 1> <OutPorts = 1>
ST_26 : Operation 689 [13/15] (7.02ns)   --->   "%tmp_73 = dexp i64 @llvm.exp.f64, i64 %conv369_1169_1" [top.cpp:169]   --->   Operation 689 'dexp' 'tmp_73' <Predicate = true> <Delay = 7.02> <CoreInst = "DExp_fulldsp">   --->   Core 42 'DExp_fulldsp' <Latency = 14> <II = 1> <Delay = 7.02> <FuncUnit> <Opcode : 'dexp'> <InPorts = 1> <OutPorts = 1>
ST_26 : Operation 690 [1/2] (2.78ns)   --->   "%conv369_1169_2 = fpext i32 %div368_1168_2" [top.cpp:169]   --->   Operation 690 'fpext' 'conv369_1169_2' <Predicate = true> <Delay = 2.78> <CoreInst = "Float2Double">   --->   Core 64 'Float2Double' <Latency = 1> <II = 1> <Delay = 2.78> <FuncUnit> <Opcode : 'fpext'> <InPorts = 1> <OutPorts = 1>
ST_26 : Operation 691 [2/2] (2.78ns)   --->   "%conv369_2 = fpext i32 %div368_2" [top.cpp:169]   --->   Operation 691 'fpext' 'conv369_2' <Predicate = true> <Delay = 2.78> <CoreInst = "Float2Double">   --->   Core 64 'Float2Double' <Latency = 1> <II = 1> <Delay = 2.78> <FuncUnit> <Opcode : 'fpext'> <InPorts = 1> <OutPorts = 1>
ST_26 : Operation 692 [1/10] (6.70ns)   --->   "%div368_2_2 = fdiv i32 %bitcast_ln169_17, i32 0.02" [top.cpp:169]   --->   Operation 692 'fdiv' 'div368_2_2' <Predicate = true> <Delay = 6.70> <CoreInst = "FDiv">   --->   Core 20 'FDiv' <Latency = 9> <II = 1> <Delay = 6.70> <FuncUnit> <Opcode : 'fdiv' 'frem'> <InPorts = 2> <OutPorts = 1>
ST_26 : Operation 693 [14/15] (7.02ns)   --->   "%tmp_78 = dexp i64 @llvm.exp.f64, i64 %conv369_1" [top.cpp:169]   --->   Operation 693 'dexp' 'tmp_78' <Predicate = true> <Delay = 7.02> <CoreInst = "DExp_fulldsp">   --->   Core 42 'DExp_fulldsp' <Latency = 14> <II = 1> <Delay = 7.02> <FuncUnit> <Opcode : 'dexp'> <InPorts = 1> <OutPorts = 1>
ST_26 : Operation 694 [15/15] (7.02ns)   --->   "%tmp_79 = dexp i64 @llvm.exp.f64, i64 %conv369_1_s" [top.cpp:169]   --->   Operation 694 'dexp' 'tmp_79' <Predicate = true> <Delay = 7.02> <CoreInst = "DExp_fulldsp">   --->   Core 42 'DExp_fulldsp' <Latency = 14> <II = 1> <Delay = 7.02> <FuncUnit> <Opcode : 'dexp'> <InPorts = 1> <OutPorts = 1>
ST_26 : Operation 695 [15/15] (7.02ns)   --->   "%tmp_80 = dexp i64 @llvm.exp.f64, i64 %conv369_1_3" [top.cpp:169]   --->   Operation 695 'dexp' 'tmp_80' <Predicate = true> <Delay = 7.02> <CoreInst = "DExp_fulldsp">   --->   Core 42 'DExp_fulldsp' <Latency = 14> <II = 1> <Delay = 7.02> <FuncUnit> <Opcode : 'dexp'> <InPorts = 1> <OutPorts = 1>
ST_26 : Operation 696 [14/15] (7.02ns)   --->   "%tmp_81 = dexp i64 @llvm.exp.f64, i64 %conv369_1_1" [top.cpp:169]   --->   Operation 696 'dexp' 'tmp_81' <Predicate = true> <Delay = 7.02> <CoreInst = "DExp_fulldsp">   --->   Core 42 'DExp_fulldsp' <Latency = 14> <II = 1> <Delay = 7.02> <FuncUnit> <Opcode : 'dexp'> <InPorts = 1> <OutPorts = 1>
ST_26 : Operation 697 [1/2] (2.78ns)   --->   "%conv369_1_1_1 = fpext i32 %div368_1_1_1" [top.cpp:169]   --->   Operation 697 'fpext' 'conv369_1_1_1' <Predicate = true> <Delay = 2.78> <CoreInst = "Float2Double">   --->   Core 64 'Float2Double' <Latency = 1> <II = 1> <Delay = 2.78> <FuncUnit> <Opcode : 'fpext'> <InPorts = 1> <OutPorts = 1>
ST_26 : Operation 698 [2/2] (2.78ns)   --->   "%conv369_1_1_2 = fpext i32 %div368_1_1_2" [top.cpp:169]   --->   Operation 698 'fpext' 'conv369_1_1_2' <Predicate = true> <Delay = 2.78> <CoreInst = "Float2Double">   --->   Core 64 'Float2Double' <Latency = 1> <II = 1> <Delay = 2.78> <FuncUnit> <Opcode : 'fpext'> <InPorts = 1> <OutPorts = 1>
ST_26 : Operation 699 [2/2] (2.78ns)   --->   "%conv369_1_2 = fpext i32 %div368_1_2" [top.cpp:169]   --->   Operation 699 'fpext' 'conv369_1_2' <Predicate = true> <Delay = 2.78> <CoreInst = "Float2Double">   --->   Core 64 'Float2Double' <Latency = 1> <II = 1> <Delay = 2.78> <FuncUnit> <Opcode : 'fpext'> <InPorts = 1> <OutPorts = 1>
ST_26 : Operation 700 [1/10] (6.70ns)   --->   "%div368_1_2_1 = fdiv i32 %bitcast_ln169_33, i32 0.02" [top.cpp:169]   --->   Operation 700 'fdiv' 'div368_1_2_1' <Predicate = true> <Delay = 6.70> <CoreInst = "FDiv">   --->   Core 20 'FDiv' <Latency = 9> <II = 1> <Delay = 6.70> <FuncUnit> <Opcode : 'fdiv' 'frem'> <InPorts = 2> <OutPorts = 1>
ST_26 : Operation 701 [1/10] (6.70ns)   --->   "%div368_1_2_2 = fdiv i32 %bitcast_ln169_35, i32 0.02" [top.cpp:169]   --->   Operation 701 'fdiv' 'div368_1_2_2' <Predicate = true> <Delay = 6.70> <CoreInst = "FDiv">   --->   Core 20 'FDiv' <Latency = 9> <II = 1> <Delay = 6.70> <FuncUnit> <Opcode : 'fdiv' 'frem'> <InPorts = 2> <OutPorts = 1>

State 27 <SV = 26> <Delay = 7.02>
ST_27 : Operation 702 [12/15] (7.02ns)   --->   "%tmp_69 = dexp i64 @llvm.exp.f64, i64 %conv2" [top.cpp:169]   --->   Operation 702 'dexp' 'tmp_69' <Predicate = true> <Delay = 7.02> <CoreInst = "DExp_fulldsp">   --->   Core 42 'DExp_fulldsp' <Latency = 14> <II = 1> <Delay = 7.02> <FuncUnit> <Opcode : 'dexp'> <InPorts = 1> <OutPorts = 1>
ST_27 : Operation 703 [13/15] (7.02ns)   --->   "%tmp_70 = dexp i64 @llvm.exp.f64, i64 %conv369_s" [top.cpp:169]   --->   Operation 703 'dexp' 'tmp_70' <Predicate = true> <Delay = 7.02> <CoreInst = "DExp_fulldsp">   --->   Core 42 'DExp_fulldsp' <Latency = 14> <II = 1> <Delay = 7.02> <FuncUnit> <Opcode : 'dexp'> <InPorts = 1> <OutPorts = 1>
ST_27 : Operation 704 [14/15] (7.02ns)   --->   "%tmp_71 = dexp i64 @llvm.exp.f64, i64 %conv369_3" [top.cpp:169]   --->   Operation 704 'dexp' 'tmp_71' <Predicate = true> <Delay = 7.02> <CoreInst = "DExp_fulldsp">   --->   Core 42 'DExp_fulldsp' <Latency = 14> <II = 1> <Delay = 7.02> <FuncUnit> <Opcode : 'dexp'> <InPorts = 1> <OutPorts = 1>
ST_27 : Operation 705 [15/15] (7.02ns)   --->   "%tmp_72 = dexp i64 @llvm.exp.f64, i64 %conv369_4" [top.cpp:169]   --->   Operation 705 'dexp' 'tmp_72' <Predicate = true> <Delay = 7.02> <CoreInst = "DExp_fulldsp">   --->   Core 42 'DExp_fulldsp' <Latency = 14> <II = 1> <Delay = 7.02> <FuncUnit> <Opcode : 'dexp'> <InPorts = 1> <OutPorts = 1>
ST_27 : Operation 706 [12/15] (7.02ns)   --->   "%tmp_73 = dexp i64 @llvm.exp.f64, i64 %conv369_1169_1" [top.cpp:169]   --->   Operation 706 'dexp' 'tmp_73' <Predicate = true> <Delay = 7.02> <CoreInst = "DExp_fulldsp">   --->   Core 42 'DExp_fulldsp' <Latency = 14> <II = 1> <Delay = 7.02> <FuncUnit> <Opcode : 'dexp'> <InPorts = 1> <OutPorts = 1>
ST_27 : Operation 707 [15/15] (7.02ns)   --->   "%tmp_74 = dexp i64 @llvm.exp.f64, i64 %conv369_1169_2" [top.cpp:169]   --->   Operation 707 'dexp' 'tmp_74' <Predicate = true> <Delay = 7.02> <CoreInst = "DExp_fulldsp">   --->   Core 42 'DExp_fulldsp' <Latency = 14> <II = 1> <Delay = 7.02> <FuncUnit> <Opcode : 'dexp'> <InPorts = 1> <OutPorts = 1>
ST_27 : Operation 708 [1/2] (2.78ns)   --->   "%conv369_2 = fpext i32 %div368_2" [top.cpp:169]   --->   Operation 708 'fpext' 'conv369_2' <Predicate = true> <Delay = 2.78> <CoreInst = "Float2Double">   --->   Core 64 'Float2Double' <Latency = 1> <II = 1> <Delay = 2.78> <FuncUnit> <Opcode : 'fpext'> <InPorts = 1> <OutPorts = 1>
ST_27 : Operation 709 [2/2] (2.78ns)   --->   "%conv369_2_1 = fpext i32 %div368_2_1" [top.cpp:169]   --->   Operation 709 'fpext' 'conv369_2_1' <Predicate = true> <Delay = 2.78> <CoreInst = "Float2Double">   --->   Core 64 'Float2Double' <Latency = 1> <II = 1> <Delay = 2.78> <FuncUnit> <Opcode : 'fpext'> <InPorts = 1> <OutPorts = 1>
ST_27 : Operation 710 [2/2] (2.78ns)   --->   "%conv369_2_2 = fpext i32 %div368_2_2" [top.cpp:169]   --->   Operation 710 'fpext' 'conv369_2_2' <Predicate = true> <Delay = 2.78> <CoreInst = "Float2Double">   --->   Core 64 'Float2Double' <Latency = 1> <II = 1> <Delay = 2.78> <FuncUnit> <Opcode : 'fpext'> <InPorts = 1> <OutPorts = 1>
ST_27 : Operation 711 [13/15] (7.02ns)   --->   "%tmp_78 = dexp i64 @llvm.exp.f64, i64 %conv369_1" [top.cpp:169]   --->   Operation 711 'dexp' 'tmp_78' <Predicate = true> <Delay = 7.02> <CoreInst = "DExp_fulldsp">   --->   Core 42 'DExp_fulldsp' <Latency = 14> <II = 1> <Delay = 7.02> <FuncUnit> <Opcode : 'dexp'> <InPorts = 1> <OutPorts = 1>
ST_27 : Operation 712 [14/15] (7.02ns)   --->   "%tmp_79 = dexp i64 @llvm.exp.f64, i64 %conv369_1_s" [top.cpp:169]   --->   Operation 712 'dexp' 'tmp_79' <Predicate = true> <Delay = 7.02> <CoreInst = "DExp_fulldsp">   --->   Core 42 'DExp_fulldsp' <Latency = 14> <II = 1> <Delay = 7.02> <FuncUnit> <Opcode : 'dexp'> <InPorts = 1> <OutPorts = 1>
ST_27 : Operation 713 [14/15] (7.02ns)   --->   "%tmp_80 = dexp i64 @llvm.exp.f64, i64 %conv369_1_3" [top.cpp:169]   --->   Operation 713 'dexp' 'tmp_80' <Predicate = true> <Delay = 7.02> <CoreInst = "DExp_fulldsp">   --->   Core 42 'DExp_fulldsp' <Latency = 14> <II = 1> <Delay = 7.02> <FuncUnit> <Opcode : 'dexp'> <InPorts = 1> <OutPorts = 1>
ST_27 : Operation 714 [13/15] (7.02ns)   --->   "%tmp_81 = dexp i64 @llvm.exp.f64, i64 %conv369_1_1" [top.cpp:169]   --->   Operation 714 'dexp' 'tmp_81' <Predicate = true> <Delay = 7.02> <CoreInst = "DExp_fulldsp">   --->   Core 42 'DExp_fulldsp' <Latency = 14> <II = 1> <Delay = 7.02> <FuncUnit> <Opcode : 'dexp'> <InPorts = 1> <OutPorts = 1>
ST_27 : Operation 715 [15/15] (7.02ns)   --->   "%tmp_82 = dexp i64 @llvm.exp.f64, i64 %conv369_1_1_1" [top.cpp:169]   --->   Operation 715 'dexp' 'tmp_82' <Predicate = true> <Delay = 7.02> <CoreInst = "DExp_fulldsp">   --->   Core 42 'DExp_fulldsp' <Latency = 14> <II = 1> <Delay = 7.02> <FuncUnit> <Opcode : 'dexp'> <InPorts = 1> <OutPorts = 1>
ST_27 : Operation 716 [1/2] (2.78ns)   --->   "%conv369_1_1_2 = fpext i32 %div368_1_1_2" [top.cpp:169]   --->   Operation 716 'fpext' 'conv369_1_1_2' <Predicate = true> <Delay = 2.78> <CoreInst = "Float2Double">   --->   Core 64 'Float2Double' <Latency = 1> <II = 1> <Delay = 2.78> <FuncUnit> <Opcode : 'fpext'> <InPorts = 1> <OutPorts = 1>
ST_27 : Operation 717 [1/2] (2.78ns)   --->   "%conv369_1_2 = fpext i32 %div368_1_2" [top.cpp:169]   --->   Operation 717 'fpext' 'conv369_1_2' <Predicate = true> <Delay = 2.78> <CoreInst = "Float2Double">   --->   Core 64 'Float2Double' <Latency = 1> <II = 1> <Delay = 2.78> <FuncUnit> <Opcode : 'fpext'> <InPorts = 1> <OutPorts = 1>
ST_27 : Operation 718 [2/2] (2.78ns)   --->   "%conv369_1_2_1 = fpext i32 %div368_1_2_1" [top.cpp:169]   --->   Operation 718 'fpext' 'conv369_1_2_1' <Predicate = true> <Delay = 2.78> <CoreInst = "Float2Double">   --->   Core 64 'Float2Double' <Latency = 1> <II = 1> <Delay = 2.78> <FuncUnit> <Opcode : 'fpext'> <InPorts = 1> <OutPorts = 1>

State 28 <SV = 27> <Delay = 7.02>
ST_28 : Operation 719 [11/15] (7.02ns)   --->   "%tmp_69 = dexp i64 @llvm.exp.f64, i64 %conv2" [top.cpp:169]   --->   Operation 719 'dexp' 'tmp_69' <Predicate = true> <Delay = 7.02> <CoreInst = "DExp_fulldsp">   --->   Core 42 'DExp_fulldsp' <Latency = 14> <II = 1> <Delay = 7.02> <FuncUnit> <Opcode : 'dexp'> <InPorts = 1> <OutPorts = 1>
ST_28 : Operation 720 [12/15] (7.02ns)   --->   "%tmp_70 = dexp i64 @llvm.exp.f64, i64 %conv369_s" [top.cpp:169]   --->   Operation 720 'dexp' 'tmp_70' <Predicate = true> <Delay = 7.02> <CoreInst = "DExp_fulldsp">   --->   Core 42 'DExp_fulldsp' <Latency = 14> <II = 1> <Delay = 7.02> <FuncUnit> <Opcode : 'dexp'> <InPorts = 1> <OutPorts = 1>
ST_28 : Operation 721 [13/15] (7.02ns)   --->   "%tmp_71 = dexp i64 @llvm.exp.f64, i64 %conv369_3" [top.cpp:169]   --->   Operation 721 'dexp' 'tmp_71' <Predicate = true> <Delay = 7.02> <CoreInst = "DExp_fulldsp">   --->   Core 42 'DExp_fulldsp' <Latency = 14> <II = 1> <Delay = 7.02> <FuncUnit> <Opcode : 'dexp'> <InPorts = 1> <OutPorts = 1>
ST_28 : Operation 722 [14/15] (7.02ns)   --->   "%tmp_72 = dexp i64 @llvm.exp.f64, i64 %conv369_4" [top.cpp:169]   --->   Operation 722 'dexp' 'tmp_72' <Predicate = true> <Delay = 7.02> <CoreInst = "DExp_fulldsp">   --->   Core 42 'DExp_fulldsp' <Latency = 14> <II = 1> <Delay = 7.02> <FuncUnit> <Opcode : 'dexp'> <InPorts = 1> <OutPorts = 1>
ST_28 : Operation 723 [11/15] (7.02ns)   --->   "%tmp_73 = dexp i64 @llvm.exp.f64, i64 %conv369_1169_1" [top.cpp:169]   --->   Operation 723 'dexp' 'tmp_73' <Predicate = true> <Delay = 7.02> <CoreInst = "DExp_fulldsp">   --->   Core 42 'DExp_fulldsp' <Latency = 14> <II = 1> <Delay = 7.02> <FuncUnit> <Opcode : 'dexp'> <InPorts = 1> <OutPorts = 1>
ST_28 : Operation 724 [14/15] (7.02ns)   --->   "%tmp_74 = dexp i64 @llvm.exp.f64, i64 %conv369_1169_2" [top.cpp:169]   --->   Operation 724 'dexp' 'tmp_74' <Predicate = true> <Delay = 7.02> <CoreInst = "DExp_fulldsp">   --->   Core 42 'DExp_fulldsp' <Latency = 14> <II = 1> <Delay = 7.02> <FuncUnit> <Opcode : 'dexp'> <InPorts = 1> <OutPorts = 1>
ST_28 : Operation 725 [15/15] (7.02ns)   --->   "%tmp_75 = dexp i64 @llvm.exp.f64, i64 %conv369_2" [top.cpp:169]   --->   Operation 725 'dexp' 'tmp_75' <Predicate = true> <Delay = 7.02> <CoreInst = "DExp_fulldsp">   --->   Core 42 'DExp_fulldsp' <Latency = 14> <II = 1> <Delay = 7.02> <FuncUnit> <Opcode : 'dexp'> <InPorts = 1> <OutPorts = 1>
ST_28 : Operation 726 [1/2] (2.78ns)   --->   "%conv369_2_1 = fpext i32 %div368_2_1" [top.cpp:169]   --->   Operation 726 'fpext' 'conv369_2_1' <Predicate = true> <Delay = 2.78> <CoreInst = "Float2Double">   --->   Core 64 'Float2Double' <Latency = 1> <II = 1> <Delay = 2.78> <FuncUnit> <Opcode : 'fpext'> <InPorts = 1> <OutPorts = 1>
ST_28 : Operation 727 [1/2] (2.78ns)   --->   "%conv369_2_2 = fpext i32 %div368_2_2" [top.cpp:169]   --->   Operation 727 'fpext' 'conv369_2_2' <Predicate = true> <Delay = 2.78> <CoreInst = "Float2Double">   --->   Core 64 'Float2Double' <Latency = 1> <II = 1> <Delay = 2.78> <FuncUnit> <Opcode : 'fpext'> <InPorts = 1> <OutPorts = 1>
ST_28 : Operation 728 [12/15] (7.02ns)   --->   "%tmp_78 = dexp i64 @llvm.exp.f64, i64 %conv369_1" [top.cpp:169]   --->   Operation 728 'dexp' 'tmp_78' <Predicate = true> <Delay = 7.02> <CoreInst = "DExp_fulldsp">   --->   Core 42 'DExp_fulldsp' <Latency = 14> <II = 1> <Delay = 7.02> <FuncUnit> <Opcode : 'dexp'> <InPorts = 1> <OutPorts = 1>
ST_28 : Operation 729 [13/15] (7.02ns)   --->   "%tmp_79 = dexp i64 @llvm.exp.f64, i64 %conv369_1_s" [top.cpp:169]   --->   Operation 729 'dexp' 'tmp_79' <Predicate = true> <Delay = 7.02> <CoreInst = "DExp_fulldsp">   --->   Core 42 'DExp_fulldsp' <Latency = 14> <II = 1> <Delay = 7.02> <FuncUnit> <Opcode : 'dexp'> <InPorts = 1> <OutPorts = 1>
ST_28 : Operation 730 [13/15] (7.02ns)   --->   "%tmp_80 = dexp i64 @llvm.exp.f64, i64 %conv369_1_3" [top.cpp:169]   --->   Operation 730 'dexp' 'tmp_80' <Predicate = true> <Delay = 7.02> <CoreInst = "DExp_fulldsp">   --->   Core 42 'DExp_fulldsp' <Latency = 14> <II = 1> <Delay = 7.02> <FuncUnit> <Opcode : 'dexp'> <InPorts = 1> <OutPorts = 1>
ST_28 : Operation 731 [12/15] (7.02ns)   --->   "%tmp_81 = dexp i64 @llvm.exp.f64, i64 %conv369_1_1" [top.cpp:169]   --->   Operation 731 'dexp' 'tmp_81' <Predicate = true> <Delay = 7.02> <CoreInst = "DExp_fulldsp">   --->   Core 42 'DExp_fulldsp' <Latency = 14> <II = 1> <Delay = 7.02> <FuncUnit> <Opcode : 'dexp'> <InPorts = 1> <OutPorts = 1>
ST_28 : Operation 732 [14/15] (7.02ns)   --->   "%tmp_82 = dexp i64 @llvm.exp.f64, i64 %conv369_1_1_1" [top.cpp:169]   --->   Operation 732 'dexp' 'tmp_82' <Predicate = true> <Delay = 7.02> <CoreInst = "DExp_fulldsp">   --->   Core 42 'DExp_fulldsp' <Latency = 14> <II = 1> <Delay = 7.02> <FuncUnit> <Opcode : 'dexp'> <InPorts = 1> <OutPorts = 1>
ST_28 : Operation 733 [15/15] (7.02ns)   --->   "%tmp_83 = dexp i64 @llvm.exp.f64, i64 %conv369_1_1_2" [top.cpp:169]   --->   Operation 733 'dexp' 'tmp_83' <Predicate = true> <Delay = 7.02> <CoreInst = "DExp_fulldsp">   --->   Core 42 'DExp_fulldsp' <Latency = 14> <II = 1> <Delay = 7.02> <FuncUnit> <Opcode : 'dexp'> <InPorts = 1> <OutPorts = 1>
ST_28 : Operation 734 [15/15] (7.02ns)   --->   "%tmp_84 = dexp i64 @llvm.exp.f64, i64 %conv369_1_2" [top.cpp:169]   --->   Operation 734 'dexp' 'tmp_84' <Predicate = true> <Delay = 7.02> <CoreInst = "DExp_fulldsp">   --->   Core 42 'DExp_fulldsp' <Latency = 14> <II = 1> <Delay = 7.02> <FuncUnit> <Opcode : 'dexp'> <InPorts = 1> <OutPorts = 1>
ST_28 : Operation 735 [1/2] (2.78ns)   --->   "%conv369_1_2_1 = fpext i32 %div368_1_2_1" [top.cpp:169]   --->   Operation 735 'fpext' 'conv369_1_2_1' <Predicate = true> <Delay = 2.78> <CoreInst = "Float2Double">   --->   Core 64 'Float2Double' <Latency = 1> <II = 1> <Delay = 2.78> <FuncUnit> <Opcode : 'fpext'> <InPorts = 1> <OutPorts = 1>
ST_28 : Operation 736 [2/2] (2.78ns)   --->   "%conv369_1_2_2 = fpext i32 %div368_1_2_2" [top.cpp:169]   --->   Operation 736 'fpext' 'conv369_1_2_2' <Predicate = true> <Delay = 2.78> <CoreInst = "Float2Double">   --->   Core 64 'Float2Double' <Latency = 1> <II = 1> <Delay = 2.78> <FuncUnit> <Opcode : 'fpext'> <InPorts = 1> <OutPorts = 1>

State 29 <SV = 28> <Delay = 7.02>
ST_29 : Operation 737 [10/15] (7.02ns)   --->   "%tmp_69 = dexp i64 @llvm.exp.f64, i64 %conv2" [top.cpp:169]   --->   Operation 737 'dexp' 'tmp_69' <Predicate = true> <Delay = 7.02> <CoreInst = "DExp_fulldsp">   --->   Core 42 'DExp_fulldsp' <Latency = 14> <II = 1> <Delay = 7.02> <FuncUnit> <Opcode : 'dexp'> <InPorts = 1> <OutPorts = 1>
ST_29 : Operation 738 [11/15] (7.02ns)   --->   "%tmp_70 = dexp i64 @llvm.exp.f64, i64 %conv369_s" [top.cpp:169]   --->   Operation 738 'dexp' 'tmp_70' <Predicate = true> <Delay = 7.02> <CoreInst = "DExp_fulldsp">   --->   Core 42 'DExp_fulldsp' <Latency = 14> <II = 1> <Delay = 7.02> <FuncUnit> <Opcode : 'dexp'> <InPorts = 1> <OutPorts = 1>
ST_29 : Operation 739 [12/15] (7.02ns)   --->   "%tmp_71 = dexp i64 @llvm.exp.f64, i64 %conv369_3" [top.cpp:169]   --->   Operation 739 'dexp' 'tmp_71' <Predicate = true> <Delay = 7.02> <CoreInst = "DExp_fulldsp">   --->   Core 42 'DExp_fulldsp' <Latency = 14> <II = 1> <Delay = 7.02> <FuncUnit> <Opcode : 'dexp'> <InPorts = 1> <OutPorts = 1>
ST_29 : Operation 740 [13/15] (7.02ns)   --->   "%tmp_72 = dexp i64 @llvm.exp.f64, i64 %conv369_4" [top.cpp:169]   --->   Operation 740 'dexp' 'tmp_72' <Predicate = true> <Delay = 7.02> <CoreInst = "DExp_fulldsp">   --->   Core 42 'DExp_fulldsp' <Latency = 14> <II = 1> <Delay = 7.02> <FuncUnit> <Opcode : 'dexp'> <InPorts = 1> <OutPorts = 1>
ST_29 : Operation 741 [10/15] (7.02ns)   --->   "%tmp_73 = dexp i64 @llvm.exp.f64, i64 %conv369_1169_1" [top.cpp:169]   --->   Operation 741 'dexp' 'tmp_73' <Predicate = true> <Delay = 7.02> <CoreInst = "DExp_fulldsp">   --->   Core 42 'DExp_fulldsp' <Latency = 14> <II = 1> <Delay = 7.02> <FuncUnit> <Opcode : 'dexp'> <InPorts = 1> <OutPorts = 1>
ST_29 : Operation 742 [13/15] (7.02ns)   --->   "%tmp_74 = dexp i64 @llvm.exp.f64, i64 %conv369_1169_2" [top.cpp:169]   --->   Operation 742 'dexp' 'tmp_74' <Predicate = true> <Delay = 7.02> <CoreInst = "DExp_fulldsp">   --->   Core 42 'DExp_fulldsp' <Latency = 14> <II = 1> <Delay = 7.02> <FuncUnit> <Opcode : 'dexp'> <InPorts = 1> <OutPorts = 1>
ST_29 : Operation 743 [14/15] (7.02ns)   --->   "%tmp_75 = dexp i64 @llvm.exp.f64, i64 %conv369_2" [top.cpp:169]   --->   Operation 743 'dexp' 'tmp_75' <Predicate = true> <Delay = 7.02> <CoreInst = "DExp_fulldsp">   --->   Core 42 'DExp_fulldsp' <Latency = 14> <II = 1> <Delay = 7.02> <FuncUnit> <Opcode : 'dexp'> <InPorts = 1> <OutPorts = 1>
ST_29 : Operation 744 [15/15] (7.02ns)   --->   "%tmp_76 = dexp i64 @llvm.exp.f64, i64 %conv369_2_1" [top.cpp:169]   --->   Operation 744 'dexp' 'tmp_76' <Predicate = true> <Delay = 7.02> <CoreInst = "DExp_fulldsp">   --->   Core 42 'DExp_fulldsp' <Latency = 14> <II = 1> <Delay = 7.02> <FuncUnit> <Opcode : 'dexp'> <InPorts = 1> <OutPorts = 1>
ST_29 : Operation 745 [15/15] (7.02ns)   --->   "%tmp_77 = dexp i64 @llvm.exp.f64, i64 %conv369_2_2" [top.cpp:169]   --->   Operation 745 'dexp' 'tmp_77' <Predicate = true> <Delay = 7.02> <CoreInst = "DExp_fulldsp">   --->   Core 42 'DExp_fulldsp' <Latency = 14> <II = 1> <Delay = 7.02> <FuncUnit> <Opcode : 'dexp'> <InPorts = 1> <OutPorts = 1>
ST_29 : Operation 746 [11/15] (7.02ns)   --->   "%tmp_78 = dexp i64 @llvm.exp.f64, i64 %conv369_1" [top.cpp:169]   --->   Operation 746 'dexp' 'tmp_78' <Predicate = true> <Delay = 7.02> <CoreInst = "DExp_fulldsp">   --->   Core 42 'DExp_fulldsp' <Latency = 14> <II = 1> <Delay = 7.02> <FuncUnit> <Opcode : 'dexp'> <InPorts = 1> <OutPorts = 1>
ST_29 : Operation 747 [12/15] (7.02ns)   --->   "%tmp_79 = dexp i64 @llvm.exp.f64, i64 %conv369_1_s" [top.cpp:169]   --->   Operation 747 'dexp' 'tmp_79' <Predicate = true> <Delay = 7.02> <CoreInst = "DExp_fulldsp">   --->   Core 42 'DExp_fulldsp' <Latency = 14> <II = 1> <Delay = 7.02> <FuncUnit> <Opcode : 'dexp'> <InPorts = 1> <OutPorts = 1>
ST_29 : Operation 748 [12/15] (7.02ns)   --->   "%tmp_80 = dexp i64 @llvm.exp.f64, i64 %conv369_1_3" [top.cpp:169]   --->   Operation 748 'dexp' 'tmp_80' <Predicate = true> <Delay = 7.02> <CoreInst = "DExp_fulldsp">   --->   Core 42 'DExp_fulldsp' <Latency = 14> <II = 1> <Delay = 7.02> <FuncUnit> <Opcode : 'dexp'> <InPorts = 1> <OutPorts = 1>
ST_29 : Operation 749 [11/15] (7.02ns)   --->   "%tmp_81 = dexp i64 @llvm.exp.f64, i64 %conv369_1_1" [top.cpp:169]   --->   Operation 749 'dexp' 'tmp_81' <Predicate = true> <Delay = 7.02> <CoreInst = "DExp_fulldsp">   --->   Core 42 'DExp_fulldsp' <Latency = 14> <II = 1> <Delay = 7.02> <FuncUnit> <Opcode : 'dexp'> <InPorts = 1> <OutPorts = 1>
ST_29 : Operation 750 [13/15] (7.02ns)   --->   "%tmp_82 = dexp i64 @llvm.exp.f64, i64 %conv369_1_1_1" [top.cpp:169]   --->   Operation 750 'dexp' 'tmp_82' <Predicate = true> <Delay = 7.02> <CoreInst = "DExp_fulldsp">   --->   Core 42 'DExp_fulldsp' <Latency = 14> <II = 1> <Delay = 7.02> <FuncUnit> <Opcode : 'dexp'> <InPorts = 1> <OutPorts = 1>
ST_29 : Operation 751 [14/15] (7.02ns)   --->   "%tmp_83 = dexp i64 @llvm.exp.f64, i64 %conv369_1_1_2" [top.cpp:169]   --->   Operation 751 'dexp' 'tmp_83' <Predicate = true> <Delay = 7.02> <CoreInst = "DExp_fulldsp">   --->   Core 42 'DExp_fulldsp' <Latency = 14> <II = 1> <Delay = 7.02> <FuncUnit> <Opcode : 'dexp'> <InPorts = 1> <OutPorts = 1>
ST_29 : Operation 752 [14/15] (7.02ns)   --->   "%tmp_84 = dexp i64 @llvm.exp.f64, i64 %conv369_1_2" [top.cpp:169]   --->   Operation 752 'dexp' 'tmp_84' <Predicate = true> <Delay = 7.02> <CoreInst = "DExp_fulldsp">   --->   Core 42 'DExp_fulldsp' <Latency = 14> <II = 1> <Delay = 7.02> <FuncUnit> <Opcode : 'dexp'> <InPorts = 1> <OutPorts = 1>
ST_29 : Operation 753 [15/15] (7.02ns)   --->   "%tmp_85 = dexp i64 @llvm.exp.f64, i64 %conv369_1_2_1" [top.cpp:169]   --->   Operation 753 'dexp' 'tmp_85' <Predicate = true> <Delay = 7.02> <CoreInst = "DExp_fulldsp">   --->   Core 42 'DExp_fulldsp' <Latency = 14> <II = 1> <Delay = 7.02> <FuncUnit> <Opcode : 'dexp'> <InPorts = 1> <OutPorts = 1>
ST_29 : Operation 754 [1/2] (2.78ns)   --->   "%conv369_1_2_2 = fpext i32 %div368_1_2_2" [top.cpp:169]   --->   Operation 754 'fpext' 'conv369_1_2_2' <Predicate = true> <Delay = 2.78> <CoreInst = "Float2Double">   --->   Core 64 'Float2Double' <Latency = 1> <II = 1> <Delay = 2.78> <FuncUnit> <Opcode : 'fpext'> <InPorts = 1> <OutPorts = 1>

State 30 <SV = 29> <Delay = 7.02>
ST_30 : Operation 755 [9/15] (7.02ns)   --->   "%tmp_69 = dexp i64 @llvm.exp.f64, i64 %conv2" [top.cpp:169]   --->   Operation 755 'dexp' 'tmp_69' <Predicate = true> <Delay = 7.02> <CoreInst = "DExp_fulldsp">   --->   Core 42 'DExp_fulldsp' <Latency = 14> <II = 1> <Delay = 7.02> <FuncUnit> <Opcode : 'dexp'> <InPorts = 1> <OutPorts = 1>
ST_30 : Operation 756 [10/15] (7.02ns)   --->   "%tmp_70 = dexp i64 @llvm.exp.f64, i64 %conv369_s" [top.cpp:169]   --->   Operation 756 'dexp' 'tmp_70' <Predicate = true> <Delay = 7.02> <CoreInst = "DExp_fulldsp">   --->   Core 42 'DExp_fulldsp' <Latency = 14> <II = 1> <Delay = 7.02> <FuncUnit> <Opcode : 'dexp'> <InPorts = 1> <OutPorts = 1>
ST_30 : Operation 757 [11/15] (7.02ns)   --->   "%tmp_71 = dexp i64 @llvm.exp.f64, i64 %conv369_3" [top.cpp:169]   --->   Operation 757 'dexp' 'tmp_71' <Predicate = true> <Delay = 7.02> <CoreInst = "DExp_fulldsp">   --->   Core 42 'DExp_fulldsp' <Latency = 14> <II = 1> <Delay = 7.02> <FuncUnit> <Opcode : 'dexp'> <InPorts = 1> <OutPorts = 1>
ST_30 : Operation 758 [12/15] (7.02ns)   --->   "%tmp_72 = dexp i64 @llvm.exp.f64, i64 %conv369_4" [top.cpp:169]   --->   Operation 758 'dexp' 'tmp_72' <Predicate = true> <Delay = 7.02> <CoreInst = "DExp_fulldsp">   --->   Core 42 'DExp_fulldsp' <Latency = 14> <II = 1> <Delay = 7.02> <FuncUnit> <Opcode : 'dexp'> <InPorts = 1> <OutPorts = 1>
ST_30 : Operation 759 [9/15] (7.02ns)   --->   "%tmp_73 = dexp i64 @llvm.exp.f64, i64 %conv369_1169_1" [top.cpp:169]   --->   Operation 759 'dexp' 'tmp_73' <Predicate = true> <Delay = 7.02> <CoreInst = "DExp_fulldsp">   --->   Core 42 'DExp_fulldsp' <Latency = 14> <II = 1> <Delay = 7.02> <FuncUnit> <Opcode : 'dexp'> <InPorts = 1> <OutPorts = 1>
ST_30 : Operation 760 [12/15] (7.02ns)   --->   "%tmp_74 = dexp i64 @llvm.exp.f64, i64 %conv369_1169_2" [top.cpp:169]   --->   Operation 760 'dexp' 'tmp_74' <Predicate = true> <Delay = 7.02> <CoreInst = "DExp_fulldsp">   --->   Core 42 'DExp_fulldsp' <Latency = 14> <II = 1> <Delay = 7.02> <FuncUnit> <Opcode : 'dexp'> <InPorts = 1> <OutPorts = 1>
ST_30 : Operation 761 [13/15] (7.02ns)   --->   "%tmp_75 = dexp i64 @llvm.exp.f64, i64 %conv369_2" [top.cpp:169]   --->   Operation 761 'dexp' 'tmp_75' <Predicate = true> <Delay = 7.02> <CoreInst = "DExp_fulldsp">   --->   Core 42 'DExp_fulldsp' <Latency = 14> <II = 1> <Delay = 7.02> <FuncUnit> <Opcode : 'dexp'> <InPorts = 1> <OutPorts = 1>
ST_30 : Operation 762 [14/15] (7.02ns)   --->   "%tmp_76 = dexp i64 @llvm.exp.f64, i64 %conv369_2_1" [top.cpp:169]   --->   Operation 762 'dexp' 'tmp_76' <Predicate = true> <Delay = 7.02> <CoreInst = "DExp_fulldsp">   --->   Core 42 'DExp_fulldsp' <Latency = 14> <II = 1> <Delay = 7.02> <FuncUnit> <Opcode : 'dexp'> <InPorts = 1> <OutPorts = 1>
ST_30 : Operation 763 [14/15] (7.02ns)   --->   "%tmp_77 = dexp i64 @llvm.exp.f64, i64 %conv369_2_2" [top.cpp:169]   --->   Operation 763 'dexp' 'tmp_77' <Predicate = true> <Delay = 7.02> <CoreInst = "DExp_fulldsp">   --->   Core 42 'DExp_fulldsp' <Latency = 14> <II = 1> <Delay = 7.02> <FuncUnit> <Opcode : 'dexp'> <InPorts = 1> <OutPorts = 1>
ST_30 : Operation 764 [10/15] (7.02ns)   --->   "%tmp_78 = dexp i64 @llvm.exp.f64, i64 %conv369_1" [top.cpp:169]   --->   Operation 764 'dexp' 'tmp_78' <Predicate = true> <Delay = 7.02> <CoreInst = "DExp_fulldsp">   --->   Core 42 'DExp_fulldsp' <Latency = 14> <II = 1> <Delay = 7.02> <FuncUnit> <Opcode : 'dexp'> <InPorts = 1> <OutPorts = 1>
ST_30 : Operation 765 [11/15] (7.02ns)   --->   "%tmp_79 = dexp i64 @llvm.exp.f64, i64 %conv369_1_s" [top.cpp:169]   --->   Operation 765 'dexp' 'tmp_79' <Predicate = true> <Delay = 7.02> <CoreInst = "DExp_fulldsp">   --->   Core 42 'DExp_fulldsp' <Latency = 14> <II = 1> <Delay = 7.02> <FuncUnit> <Opcode : 'dexp'> <InPorts = 1> <OutPorts = 1>
ST_30 : Operation 766 [11/15] (7.02ns)   --->   "%tmp_80 = dexp i64 @llvm.exp.f64, i64 %conv369_1_3" [top.cpp:169]   --->   Operation 766 'dexp' 'tmp_80' <Predicate = true> <Delay = 7.02> <CoreInst = "DExp_fulldsp">   --->   Core 42 'DExp_fulldsp' <Latency = 14> <II = 1> <Delay = 7.02> <FuncUnit> <Opcode : 'dexp'> <InPorts = 1> <OutPorts = 1>
ST_30 : Operation 767 [10/15] (7.02ns)   --->   "%tmp_81 = dexp i64 @llvm.exp.f64, i64 %conv369_1_1" [top.cpp:169]   --->   Operation 767 'dexp' 'tmp_81' <Predicate = true> <Delay = 7.02> <CoreInst = "DExp_fulldsp">   --->   Core 42 'DExp_fulldsp' <Latency = 14> <II = 1> <Delay = 7.02> <FuncUnit> <Opcode : 'dexp'> <InPorts = 1> <OutPorts = 1>
ST_30 : Operation 768 [12/15] (7.02ns)   --->   "%tmp_82 = dexp i64 @llvm.exp.f64, i64 %conv369_1_1_1" [top.cpp:169]   --->   Operation 768 'dexp' 'tmp_82' <Predicate = true> <Delay = 7.02> <CoreInst = "DExp_fulldsp">   --->   Core 42 'DExp_fulldsp' <Latency = 14> <II = 1> <Delay = 7.02> <FuncUnit> <Opcode : 'dexp'> <InPorts = 1> <OutPorts = 1>
ST_30 : Operation 769 [13/15] (7.02ns)   --->   "%tmp_83 = dexp i64 @llvm.exp.f64, i64 %conv369_1_1_2" [top.cpp:169]   --->   Operation 769 'dexp' 'tmp_83' <Predicate = true> <Delay = 7.02> <CoreInst = "DExp_fulldsp">   --->   Core 42 'DExp_fulldsp' <Latency = 14> <II = 1> <Delay = 7.02> <FuncUnit> <Opcode : 'dexp'> <InPorts = 1> <OutPorts = 1>
ST_30 : Operation 770 [13/15] (7.02ns)   --->   "%tmp_84 = dexp i64 @llvm.exp.f64, i64 %conv369_1_2" [top.cpp:169]   --->   Operation 770 'dexp' 'tmp_84' <Predicate = true> <Delay = 7.02> <CoreInst = "DExp_fulldsp">   --->   Core 42 'DExp_fulldsp' <Latency = 14> <II = 1> <Delay = 7.02> <FuncUnit> <Opcode : 'dexp'> <InPorts = 1> <OutPorts = 1>
ST_30 : Operation 771 [14/15] (7.02ns)   --->   "%tmp_85 = dexp i64 @llvm.exp.f64, i64 %conv369_1_2_1" [top.cpp:169]   --->   Operation 771 'dexp' 'tmp_85' <Predicate = true> <Delay = 7.02> <CoreInst = "DExp_fulldsp">   --->   Core 42 'DExp_fulldsp' <Latency = 14> <II = 1> <Delay = 7.02> <FuncUnit> <Opcode : 'dexp'> <InPorts = 1> <OutPorts = 1>
ST_30 : Operation 772 [15/15] (7.02ns)   --->   "%tmp_86 = dexp i64 @llvm.exp.f64, i64 %conv369_1_2_2" [top.cpp:169]   --->   Operation 772 'dexp' 'tmp_86' <Predicate = true> <Delay = 7.02> <CoreInst = "DExp_fulldsp">   --->   Core 42 'DExp_fulldsp' <Latency = 14> <II = 1> <Delay = 7.02> <FuncUnit> <Opcode : 'dexp'> <InPorts = 1> <OutPorts = 1>

State 31 <SV = 30> <Delay = 7.02>
ST_31 : Operation 773 [8/15] (7.02ns)   --->   "%tmp_69 = dexp i64 @llvm.exp.f64, i64 %conv2" [top.cpp:169]   --->   Operation 773 'dexp' 'tmp_69' <Predicate = true> <Delay = 7.02> <CoreInst = "DExp_fulldsp">   --->   Core 42 'DExp_fulldsp' <Latency = 14> <II = 1> <Delay = 7.02> <FuncUnit> <Opcode : 'dexp'> <InPorts = 1> <OutPorts = 1>
ST_31 : Operation 774 [9/15] (7.02ns)   --->   "%tmp_70 = dexp i64 @llvm.exp.f64, i64 %conv369_s" [top.cpp:169]   --->   Operation 774 'dexp' 'tmp_70' <Predicate = true> <Delay = 7.02> <CoreInst = "DExp_fulldsp">   --->   Core 42 'DExp_fulldsp' <Latency = 14> <II = 1> <Delay = 7.02> <FuncUnit> <Opcode : 'dexp'> <InPorts = 1> <OutPorts = 1>
ST_31 : Operation 775 [10/15] (7.02ns)   --->   "%tmp_71 = dexp i64 @llvm.exp.f64, i64 %conv369_3" [top.cpp:169]   --->   Operation 775 'dexp' 'tmp_71' <Predicate = true> <Delay = 7.02> <CoreInst = "DExp_fulldsp">   --->   Core 42 'DExp_fulldsp' <Latency = 14> <II = 1> <Delay = 7.02> <FuncUnit> <Opcode : 'dexp'> <InPorts = 1> <OutPorts = 1>
ST_31 : Operation 776 [11/15] (7.02ns)   --->   "%tmp_72 = dexp i64 @llvm.exp.f64, i64 %conv369_4" [top.cpp:169]   --->   Operation 776 'dexp' 'tmp_72' <Predicate = true> <Delay = 7.02> <CoreInst = "DExp_fulldsp">   --->   Core 42 'DExp_fulldsp' <Latency = 14> <II = 1> <Delay = 7.02> <FuncUnit> <Opcode : 'dexp'> <InPorts = 1> <OutPorts = 1>
ST_31 : Operation 777 [8/15] (7.02ns)   --->   "%tmp_73 = dexp i64 @llvm.exp.f64, i64 %conv369_1169_1" [top.cpp:169]   --->   Operation 777 'dexp' 'tmp_73' <Predicate = true> <Delay = 7.02> <CoreInst = "DExp_fulldsp">   --->   Core 42 'DExp_fulldsp' <Latency = 14> <II = 1> <Delay = 7.02> <FuncUnit> <Opcode : 'dexp'> <InPorts = 1> <OutPorts = 1>
ST_31 : Operation 778 [11/15] (7.02ns)   --->   "%tmp_74 = dexp i64 @llvm.exp.f64, i64 %conv369_1169_2" [top.cpp:169]   --->   Operation 778 'dexp' 'tmp_74' <Predicate = true> <Delay = 7.02> <CoreInst = "DExp_fulldsp">   --->   Core 42 'DExp_fulldsp' <Latency = 14> <II = 1> <Delay = 7.02> <FuncUnit> <Opcode : 'dexp'> <InPorts = 1> <OutPorts = 1>
ST_31 : Operation 779 [12/15] (7.02ns)   --->   "%tmp_75 = dexp i64 @llvm.exp.f64, i64 %conv369_2" [top.cpp:169]   --->   Operation 779 'dexp' 'tmp_75' <Predicate = true> <Delay = 7.02> <CoreInst = "DExp_fulldsp">   --->   Core 42 'DExp_fulldsp' <Latency = 14> <II = 1> <Delay = 7.02> <FuncUnit> <Opcode : 'dexp'> <InPorts = 1> <OutPorts = 1>
ST_31 : Operation 780 [13/15] (7.02ns)   --->   "%tmp_76 = dexp i64 @llvm.exp.f64, i64 %conv369_2_1" [top.cpp:169]   --->   Operation 780 'dexp' 'tmp_76' <Predicate = true> <Delay = 7.02> <CoreInst = "DExp_fulldsp">   --->   Core 42 'DExp_fulldsp' <Latency = 14> <II = 1> <Delay = 7.02> <FuncUnit> <Opcode : 'dexp'> <InPorts = 1> <OutPorts = 1>
ST_31 : Operation 781 [13/15] (7.02ns)   --->   "%tmp_77 = dexp i64 @llvm.exp.f64, i64 %conv369_2_2" [top.cpp:169]   --->   Operation 781 'dexp' 'tmp_77' <Predicate = true> <Delay = 7.02> <CoreInst = "DExp_fulldsp">   --->   Core 42 'DExp_fulldsp' <Latency = 14> <II = 1> <Delay = 7.02> <FuncUnit> <Opcode : 'dexp'> <InPorts = 1> <OutPorts = 1>
ST_31 : Operation 782 [9/15] (7.02ns)   --->   "%tmp_78 = dexp i64 @llvm.exp.f64, i64 %conv369_1" [top.cpp:169]   --->   Operation 782 'dexp' 'tmp_78' <Predicate = true> <Delay = 7.02> <CoreInst = "DExp_fulldsp">   --->   Core 42 'DExp_fulldsp' <Latency = 14> <II = 1> <Delay = 7.02> <FuncUnit> <Opcode : 'dexp'> <InPorts = 1> <OutPorts = 1>
ST_31 : Operation 783 [10/15] (7.02ns)   --->   "%tmp_79 = dexp i64 @llvm.exp.f64, i64 %conv369_1_s" [top.cpp:169]   --->   Operation 783 'dexp' 'tmp_79' <Predicate = true> <Delay = 7.02> <CoreInst = "DExp_fulldsp">   --->   Core 42 'DExp_fulldsp' <Latency = 14> <II = 1> <Delay = 7.02> <FuncUnit> <Opcode : 'dexp'> <InPorts = 1> <OutPorts = 1>
ST_31 : Operation 784 [10/15] (7.02ns)   --->   "%tmp_80 = dexp i64 @llvm.exp.f64, i64 %conv369_1_3" [top.cpp:169]   --->   Operation 784 'dexp' 'tmp_80' <Predicate = true> <Delay = 7.02> <CoreInst = "DExp_fulldsp">   --->   Core 42 'DExp_fulldsp' <Latency = 14> <II = 1> <Delay = 7.02> <FuncUnit> <Opcode : 'dexp'> <InPorts = 1> <OutPorts = 1>
ST_31 : Operation 785 [9/15] (7.02ns)   --->   "%tmp_81 = dexp i64 @llvm.exp.f64, i64 %conv369_1_1" [top.cpp:169]   --->   Operation 785 'dexp' 'tmp_81' <Predicate = true> <Delay = 7.02> <CoreInst = "DExp_fulldsp">   --->   Core 42 'DExp_fulldsp' <Latency = 14> <II = 1> <Delay = 7.02> <FuncUnit> <Opcode : 'dexp'> <InPorts = 1> <OutPorts = 1>
ST_31 : Operation 786 [11/15] (7.02ns)   --->   "%tmp_82 = dexp i64 @llvm.exp.f64, i64 %conv369_1_1_1" [top.cpp:169]   --->   Operation 786 'dexp' 'tmp_82' <Predicate = true> <Delay = 7.02> <CoreInst = "DExp_fulldsp">   --->   Core 42 'DExp_fulldsp' <Latency = 14> <II = 1> <Delay = 7.02> <FuncUnit> <Opcode : 'dexp'> <InPorts = 1> <OutPorts = 1>
ST_31 : Operation 787 [12/15] (7.02ns)   --->   "%tmp_83 = dexp i64 @llvm.exp.f64, i64 %conv369_1_1_2" [top.cpp:169]   --->   Operation 787 'dexp' 'tmp_83' <Predicate = true> <Delay = 7.02> <CoreInst = "DExp_fulldsp">   --->   Core 42 'DExp_fulldsp' <Latency = 14> <II = 1> <Delay = 7.02> <FuncUnit> <Opcode : 'dexp'> <InPorts = 1> <OutPorts = 1>
ST_31 : Operation 788 [12/15] (7.02ns)   --->   "%tmp_84 = dexp i64 @llvm.exp.f64, i64 %conv369_1_2" [top.cpp:169]   --->   Operation 788 'dexp' 'tmp_84' <Predicate = true> <Delay = 7.02> <CoreInst = "DExp_fulldsp">   --->   Core 42 'DExp_fulldsp' <Latency = 14> <II = 1> <Delay = 7.02> <FuncUnit> <Opcode : 'dexp'> <InPorts = 1> <OutPorts = 1>
ST_31 : Operation 789 [13/15] (7.02ns)   --->   "%tmp_85 = dexp i64 @llvm.exp.f64, i64 %conv369_1_2_1" [top.cpp:169]   --->   Operation 789 'dexp' 'tmp_85' <Predicate = true> <Delay = 7.02> <CoreInst = "DExp_fulldsp">   --->   Core 42 'DExp_fulldsp' <Latency = 14> <II = 1> <Delay = 7.02> <FuncUnit> <Opcode : 'dexp'> <InPorts = 1> <OutPorts = 1>
ST_31 : Operation 790 [14/15] (7.02ns)   --->   "%tmp_86 = dexp i64 @llvm.exp.f64, i64 %conv369_1_2_2" [top.cpp:169]   --->   Operation 790 'dexp' 'tmp_86' <Predicate = true> <Delay = 7.02> <CoreInst = "DExp_fulldsp">   --->   Core 42 'DExp_fulldsp' <Latency = 14> <II = 1> <Delay = 7.02> <FuncUnit> <Opcode : 'dexp'> <InPorts = 1> <OutPorts = 1>

State 32 <SV = 31> <Delay = 7.02>
ST_32 : Operation 791 [7/15] (7.02ns)   --->   "%tmp_69 = dexp i64 @llvm.exp.f64, i64 %conv2" [top.cpp:169]   --->   Operation 791 'dexp' 'tmp_69' <Predicate = true> <Delay = 7.02> <CoreInst = "DExp_fulldsp">   --->   Core 42 'DExp_fulldsp' <Latency = 14> <II = 1> <Delay = 7.02> <FuncUnit> <Opcode : 'dexp'> <InPorts = 1> <OutPorts = 1>
ST_32 : Operation 792 [8/15] (7.02ns)   --->   "%tmp_70 = dexp i64 @llvm.exp.f64, i64 %conv369_s" [top.cpp:169]   --->   Operation 792 'dexp' 'tmp_70' <Predicate = true> <Delay = 7.02> <CoreInst = "DExp_fulldsp">   --->   Core 42 'DExp_fulldsp' <Latency = 14> <II = 1> <Delay = 7.02> <FuncUnit> <Opcode : 'dexp'> <InPorts = 1> <OutPorts = 1>
ST_32 : Operation 793 [9/15] (7.02ns)   --->   "%tmp_71 = dexp i64 @llvm.exp.f64, i64 %conv369_3" [top.cpp:169]   --->   Operation 793 'dexp' 'tmp_71' <Predicate = true> <Delay = 7.02> <CoreInst = "DExp_fulldsp">   --->   Core 42 'DExp_fulldsp' <Latency = 14> <II = 1> <Delay = 7.02> <FuncUnit> <Opcode : 'dexp'> <InPorts = 1> <OutPorts = 1>
ST_32 : Operation 794 [10/15] (7.02ns)   --->   "%tmp_72 = dexp i64 @llvm.exp.f64, i64 %conv369_4" [top.cpp:169]   --->   Operation 794 'dexp' 'tmp_72' <Predicate = true> <Delay = 7.02> <CoreInst = "DExp_fulldsp">   --->   Core 42 'DExp_fulldsp' <Latency = 14> <II = 1> <Delay = 7.02> <FuncUnit> <Opcode : 'dexp'> <InPorts = 1> <OutPorts = 1>
ST_32 : Operation 795 [7/15] (7.02ns)   --->   "%tmp_73 = dexp i64 @llvm.exp.f64, i64 %conv369_1169_1" [top.cpp:169]   --->   Operation 795 'dexp' 'tmp_73' <Predicate = true> <Delay = 7.02> <CoreInst = "DExp_fulldsp">   --->   Core 42 'DExp_fulldsp' <Latency = 14> <II = 1> <Delay = 7.02> <FuncUnit> <Opcode : 'dexp'> <InPorts = 1> <OutPorts = 1>
ST_32 : Operation 796 [10/15] (7.02ns)   --->   "%tmp_74 = dexp i64 @llvm.exp.f64, i64 %conv369_1169_2" [top.cpp:169]   --->   Operation 796 'dexp' 'tmp_74' <Predicate = true> <Delay = 7.02> <CoreInst = "DExp_fulldsp">   --->   Core 42 'DExp_fulldsp' <Latency = 14> <II = 1> <Delay = 7.02> <FuncUnit> <Opcode : 'dexp'> <InPorts = 1> <OutPorts = 1>
ST_32 : Operation 797 [11/15] (7.02ns)   --->   "%tmp_75 = dexp i64 @llvm.exp.f64, i64 %conv369_2" [top.cpp:169]   --->   Operation 797 'dexp' 'tmp_75' <Predicate = true> <Delay = 7.02> <CoreInst = "DExp_fulldsp">   --->   Core 42 'DExp_fulldsp' <Latency = 14> <II = 1> <Delay = 7.02> <FuncUnit> <Opcode : 'dexp'> <InPorts = 1> <OutPorts = 1>
ST_32 : Operation 798 [12/15] (7.02ns)   --->   "%tmp_76 = dexp i64 @llvm.exp.f64, i64 %conv369_2_1" [top.cpp:169]   --->   Operation 798 'dexp' 'tmp_76' <Predicate = true> <Delay = 7.02> <CoreInst = "DExp_fulldsp">   --->   Core 42 'DExp_fulldsp' <Latency = 14> <II = 1> <Delay = 7.02> <FuncUnit> <Opcode : 'dexp'> <InPorts = 1> <OutPorts = 1>
ST_32 : Operation 799 [12/15] (7.02ns)   --->   "%tmp_77 = dexp i64 @llvm.exp.f64, i64 %conv369_2_2" [top.cpp:169]   --->   Operation 799 'dexp' 'tmp_77' <Predicate = true> <Delay = 7.02> <CoreInst = "DExp_fulldsp">   --->   Core 42 'DExp_fulldsp' <Latency = 14> <II = 1> <Delay = 7.02> <FuncUnit> <Opcode : 'dexp'> <InPorts = 1> <OutPorts = 1>
ST_32 : Operation 800 [8/15] (7.02ns)   --->   "%tmp_78 = dexp i64 @llvm.exp.f64, i64 %conv369_1" [top.cpp:169]   --->   Operation 800 'dexp' 'tmp_78' <Predicate = true> <Delay = 7.02> <CoreInst = "DExp_fulldsp">   --->   Core 42 'DExp_fulldsp' <Latency = 14> <II = 1> <Delay = 7.02> <FuncUnit> <Opcode : 'dexp'> <InPorts = 1> <OutPorts = 1>
ST_32 : Operation 801 [9/15] (7.02ns)   --->   "%tmp_79 = dexp i64 @llvm.exp.f64, i64 %conv369_1_s" [top.cpp:169]   --->   Operation 801 'dexp' 'tmp_79' <Predicate = true> <Delay = 7.02> <CoreInst = "DExp_fulldsp">   --->   Core 42 'DExp_fulldsp' <Latency = 14> <II = 1> <Delay = 7.02> <FuncUnit> <Opcode : 'dexp'> <InPorts = 1> <OutPorts = 1>
ST_32 : Operation 802 [9/15] (7.02ns)   --->   "%tmp_80 = dexp i64 @llvm.exp.f64, i64 %conv369_1_3" [top.cpp:169]   --->   Operation 802 'dexp' 'tmp_80' <Predicate = true> <Delay = 7.02> <CoreInst = "DExp_fulldsp">   --->   Core 42 'DExp_fulldsp' <Latency = 14> <II = 1> <Delay = 7.02> <FuncUnit> <Opcode : 'dexp'> <InPorts = 1> <OutPorts = 1>
ST_32 : Operation 803 [8/15] (7.02ns)   --->   "%tmp_81 = dexp i64 @llvm.exp.f64, i64 %conv369_1_1" [top.cpp:169]   --->   Operation 803 'dexp' 'tmp_81' <Predicate = true> <Delay = 7.02> <CoreInst = "DExp_fulldsp">   --->   Core 42 'DExp_fulldsp' <Latency = 14> <II = 1> <Delay = 7.02> <FuncUnit> <Opcode : 'dexp'> <InPorts = 1> <OutPorts = 1>
ST_32 : Operation 804 [10/15] (7.02ns)   --->   "%tmp_82 = dexp i64 @llvm.exp.f64, i64 %conv369_1_1_1" [top.cpp:169]   --->   Operation 804 'dexp' 'tmp_82' <Predicate = true> <Delay = 7.02> <CoreInst = "DExp_fulldsp">   --->   Core 42 'DExp_fulldsp' <Latency = 14> <II = 1> <Delay = 7.02> <FuncUnit> <Opcode : 'dexp'> <InPorts = 1> <OutPorts = 1>
ST_32 : Operation 805 [11/15] (7.02ns)   --->   "%tmp_83 = dexp i64 @llvm.exp.f64, i64 %conv369_1_1_2" [top.cpp:169]   --->   Operation 805 'dexp' 'tmp_83' <Predicate = true> <Delay = 7.02> <CoreInst = "DExp_fulldsp">   --->   Core 42 'DExp_fulldsp' <Latency = 14> <II = 1> <Delay = 7.02> <FuncUnit> <Opcode : 'dexp'> <InPorts = 1> <OutPorts = 1>
ST_32 : Operation 806 [11/15] (7.02ns)   --->   "%tmp_84 = dexp i64 @llvm.exp.f64, i64 %conv369_1_2" [top.cpp:169]   --->   Operation 806 'dexp' 'tmp_84' <Predicate = true> <Delay = 7.02> <CoreInst = "DExp_fulldsp">   --->   Core 42 'DExp_fulldsp' <Latency = 14> <II = 1> <Delay = 7.02> <FuncUnit> <Opcode : 'dexp'> <InPorts = 1> <OutPorts = 1>
ST_32 : Operation 807 [12/15] (7.02ns)   --->   "%tmp_85 = dexp i64 @llvm.exp.f64, i64 %conv369_1_2_1" [top.cpp:169]   --->   Operation 807 'dexp' 'tmp_85' <Predicate = true> <Delay = 7.02> <CoreInst = "DExp_fulldsp">   --->   Core 42 'DExp_fulldsp' <Latency = 14> <II = 1> <Delay = 7.02> <FuncUnit> <Opcode : 'dexp'> <InPorts = 1> <OutPorts = 1>
ST_32 : Operation 808 [13/15] (7.02ns)   --->   "%tmp_86 = dexp i64 @llvm.exp.f64, i64 %conv369_1_2_2" [top.cpp:169]   --->   Operation 808 'dexp' 'tmp_86' <Predicate = true> <Delay = 7.02> <CoreInst = "DExp_fulldsp">   --->   Core 42 'DExp_fulldsp' <Latency = 14> <II = 1> <Delay = 7.02> <FuncUnit> <Opcode : 'dexp'> <InPorts = 1> <OutPorts = 1>

State 33 <SV = 32> <Delay = 7.02>
ST_33 : Operation 809 [6/15] (7.02ns)   --->   "%tmp_69 = dexp i64 @llvm.exp.f64, i64 %conv2" [top.cpp:169]   --->   Operation 809 'dexp' 'tmp_69' <Predicate = true> <Delay = 7.02> <CoreInst = "DExp_fulldsp">   --->   Core 42 'DExp_fulldsp' <Latency = 14> <II = 1> <Delay = 7.02> <FuncUnit> <Opcode : 'dexp'> <InPorts = 1> <OutPorts = 1>
ST_33 : Operation 810 [7/15] (7.02ns)   --->   "%tmp_70 = dexp i64 @llvm.exp.f64, i64 %conv369_s" [top.cpp:169]   --->   Operation 810 'dexp' 'tmp_70' <Predicate = true> <Delay = 7.02> <CoreInst = "DExp_fulldsp">   --->   Core 42 'DExp_fulldsp' <Latency = 14> <II = 1> <Delay = 7.02> <FuncUnit> <Opcode : 'dexp'> <InPorts = 1> <OutPorts = 1>
ST_33 : Operation 811 [8/15] (7.02ns)   --->   "%tmp_71 = dexp i64 @llvm.exp.f64, i64 %conv369_3" [top.cpp:169]   --->   Operation 811 'dexp' 'tmp_71' <Predicate = true> <Delay = 7.02> <CoreInst = "DExp_fulldsp">   --->   Core 42 'DExp_fulldsp' <Latency = 14> <II = 1> <Delay = 7.02> <FuncUnit> <Opcode : 'dexp'> <InPorts = 1> <OutPorts = 1>
ST_33 : Operation 812 [9/15] (7.02ns)   --->   "%tmp_72 = dexp i64 @llvm.exp.f64, i64 %conv369_4" [top.cpp:169]   --->   Operation 812 'dexp' 'tmp_72' <Predicate = true> <Delay = 7.02> <CoreInst = "DExp_fulldsp">   --->   Core 42 'DExp_fulldsp' <Latency = 14> <II = 1> <Delay = 7.02> <FuncUnit> <Opcode : 'dexp'> <InPorts = 1> <OutPorts = 1>
ST_33 : Operation 813 [6/15] (7.02ns)   --->   "%tmp_73 = dexp i64 @llvm.exp.f64, i64 %conv369_1169_1" [top.cpp:169]   --->   Operation 813 'dexp' 'tmp_73' <Predicate = true> <Delay = 7.02> <CoreInst = "DExp_fulldsp">   --->   Core 42 'DExp_fulldsp' <Latency = 14> <II = 1> <Delay = 7.02> <FuncUnit> <Opcode : 'dexp'> <InPorts = 1> <OutPorts = 1>
ST_33 : Operation 814 [9/15] (7.02ns)   --->   "%tmp_74 = dexp i64 @llvm.exp.f64, i64 %conv369_1169_2" [top.cpp:169]   --->   Operation 814 'dexp' 'tmp_74' <Predicate = true> <Delay = 7.02> <CoreInst = "DExp_fulldsp">   --->   Core 42 'DExp_fulldsp' <Latency = 14> <II = 1> <Delay = 7.02> <FuncUnit> <Opcode : 'dexp'> <InPorts = 1> <OutPorts = 1>
ST_33 : Operation 815 [10/15] (7.02ns)   --->   "%tmp_75 = dexp i64 @llvm.exp.f64, i64 %conv369_2" [top.cpp:169]   --->   Operation 815 'dexp' 'tmp_75' <Predicate = true> <Delay = 7.02> <CoreInst = "DExp_fulldsp">   --->   Core 42 'DExp_fulldsp' <Latency = 14> <II = 1> <Delay = 7.02> <FuncUnit> <Opcode : 'dexp'> <InPorts = 1> <OutPorts = 1>
ST_33 : Operation 816 [11/15] (7.02ns)   --->   "%tmp_76 = dexp i64 @llvm.exp.f64, i64 %conv369_2_1" [top.cpp:169]   --->   Operation 816 'dexp' 'tmp_76' <Predicate = true> <Delay = 7.02> <CoreInst = "DExp_fulldsp">   --->   Core 42 'DExp_fulldsp' <Latency = 14> <II = 1> <Delay = 7.02> <FuncUnit> <Opcode : 'dexp'> <InPorts = 1> <OutPorts = 1>
ST_33 : Operation 817 [11/15] (7.02ns)   --->   "%tmp_77 = dexp i64 @llvm.exp.f64, i64 %conv369_2_2" [top.cpp:169]   --->   Operation 817 'dexp' 'tmp_77' <Predicate = true> <Delay = 7.02> <CoreInst = "DExp_fulldsp">   --->   Core 42 'DExp_fulldsp' <Latency = 14> <II = 1> <Delay = 7.02> <FuncUnit> <Opcode : 'dexp'> <InPorts = 1> <OutPorts = 1>
ST_33 : Operation 818 [7/15] (7.02ns)   --->   "%tmp_78 = dexp i64 @llvm.exp.f64, i64 %conv369_1" [top.cpp:169]   --->   Operation 818 'dexp' 'tmp_78' <Predicate = true> <Delay = 7.02> <CoreInst = "DExp_fulldsp">   --->   Core 42 'DExp_fulldsp' <Latency = 14> <II = 1> <Delay = 7.02> <FuncUnit> <Opcode : 'dexp'> <InPorts = 1> <OutPorts = 1>
ST_33 : Operation 819 [8/15] (7.02ns)   --->   "%tmp_79 = dexp i64 @llvm.exp.f64, i64 %conv369_1_s" [top.cpp:169]   --->   Operation 819 'dexp' 'tmp_79' <Predicate = true> <Delay = 7.02> <CoreInst = "DExp_fulldsp">   --->   Core 42 'DExp_fulldsp' <Latency = 14> <II = 1> <Delay = 7.02> <FuncUnit> <Opcode : 'dexp'> <InPorts = 1> <OutPorts = 1>
ST_33 : Operation 820 [8/15] (7.02ns)   --->   "%tmp_80 = dexp i64 @llvm.exp.f64, i64 %conv369_1_3" [top.cpp:169]   --->   Operation 820 'dexp' 'tmp_80' <Predicate = true> <Delay = 7.02> <CoreInst = "DExp_fulldsp">   --->   Core 42 'DExp_fulldsp' <Latency = 14> <II = 1> <Delay = 7.02> <FuncUnit> <Opcode : 'dexp'> <InPorts = 1> <OutPorts = 1>
ST_33 : Operation 821 [7/15] (7.02ns)   --->   "%tmp_81 = dexp i64 @llvm.exp.f64, i64 %conv369_1_1" [top.cpp:169]   --->   Operation 821 'dexp' 'tmp_81' <Predicate = true> <Delay = 7.02> <CoreInst = "DExp_fulldsp">   --->   Core 42 'DExp_fulldsp' <Latency = 14> <II = 1> <Delay = 7.02> <FuncUnit> <Opcode : 'dexp'> <InPorts = 1> <OutPorts = 1>
ST_33 : Operation 822 [9/15] (7.02ns)   --->   "%tmp_82 = dexp i64 @llvm.exp.f64, i64 %conv369_1_1_1" [top.cpp:169]   --->   Operation 822 'dexp' 'tmp_82' <Predicate = true> <Delay = 7.02> <CoreInst = "DExp_fulldsp">   --->   Core 42 'DExp_fulldsp' <Latency = 14> <II = 1> <Delay = 7.02> <FuncUnit> <Opcode : 'dexp'> <InPorts = 1> <OutPorts = 1>
ST_33 : Operation 823 [10/15] (7.02ns)   --->   "%tmp_83 = dexp i64 @llvm.exp.f64, i64 %conv369_1_1_2" [top.cpp:169]   --->   Operation 823 'dexp' 'tmp_83' <Predicate = true> <Delay = 7.02> <CoreInst = "DExp_fulldsp">   --->   Core 42 'DExp_fulldsp' <Latency = 14> <II = 1> <Delay = 7.02> <FuncUnit> <Opcode : 'dexp'> <InPorts = 1> <OutPorts = 1>
ST_33 : Operation 824 [10/15] (7.02ns)   --->   "%tmp_84 = dexp i64 @llvm.exp.f64, i64 %conv369_1_2" [top.cpp:169]   --->   Operation 824 'dexp' 'tmp_84' <Predicate = true> <Delay = 7.02> <CoreInst = "DExp_fulldsp">   --->   Core 42 'DExp_fulldsp' <Latency = 14> <II = 1> <Delay = 7.02> <FuncUnit> <Opcode : 'dexp'> <InPorts = 1> <OutPorts = 1>
ST_33 : Operation 825 [11/15] (7.02ns)   --->   "%tmp_85 = dexp i64 @llvm.exp.f64, i64 %conv369_1_2_1" [top.cpp:169]   --->   Operation 825 'dexp' 'tmp_85' <Predicate = true> <Delay = 7.02> <CoreInst = "DExp_fulldsp">   --->   Core 42 'DExp_fulldsp' <Latency = 14> <II = 1> <Delay = 7.02> <FuncUnit> <Opcode : 'dexp'> <InPorts = 1> <OutPorts = 1>
ST_33 : Operation 826 [12/15] (7.02ns)   --->   "%tmp_86 = dexp i64 @llvm.exp.f64, i64 %conv369_1_2_2" [top.cpp:169]   --->   Operation 826 'dexp' 'tmp_86' <Predicate = true> <Delay = 7.02> <CoreInst = "DExp_fulldsp">   --->   Core 42 'DExp_fulldsp' <Latency = 14> <II = 1> <Delay = 7.02> <FuncUnit> <Opcode : 'dexp'> <InPorts = 1> <OutPorts = 1>

State 34 <SV = 33> <Delay = 7.02>
ST_34 : Operation 827 [5/15] (7.02ns)   --->   "%tmp_69 = dexp i64 @llvm.exp.f64, i64 %conv2" [top.cpp:169]   --->   Operation 827 'dexp' 'tmp_69' <Predicate = true> <Delay = 7.02> <CoreInst = "DExp_fulldsp">   --->   Core 42 'DExp_fulldsp' <Latency = 14> <II = 1> <Delay = 7.02> <FuncUnit> <Opcode : 'dexp'> <InPorts = 1> <OutPorts = 1>
ST_34 : Operation 828 [6/15] (7.02ns)   --->   "%tmp_70 = dexp i64 @llvm.exp.f64, i64 %conv369_s" [top.cpp:169]   --->   Operation 828 'dexp' 'tmp_70' <Predicate = true> <Delay = 7.02> <CoreInst = "DExp_fulldsp">   --->   Core 42 'DExp_fulldsp' <Latency = 14> <II = 1> <Delay = 7.02> <FuncUnit> <Opcode : 'dexp'> <InPorts = 1> <OutPorts = 1>
ST_34 : Operation 829 [7/15] (7.02ns)   --->   "%tmp_71 = dexp i64 @llvm.exp.f64, i64 %conv369_3" [top.cpp:169]   --->   Operation 829 'dexp' 'tmp_71' <Predicate = true> <Delay = 7.02> <CoreInst = "DExp_fulldsp">   --->   Core 42 'DExp_fulldsp' <Latency = 14> <II = 1> <Delay = 7.02> <FuncUnit> <Opcode : 'dexp'> <InPorts = 1> <OutPorts = 1>
ST_34 : Operation 830 [8/15] (7.02ns)   --->   "%tmp_72 = dexp i64 @llvm.exp.f64, i64 %conv369_4" [top.cpp:169]   --->   Operation 830 'dexp' 'tmp_72' <Predicate = true> <Delay = 7.02> <CoreInst = "DExp_fulldsp">   --->   Core 42 'DExp_fulldsp' <Latency = 14> <II = 1> <Delay = 7.02> <FuncUnit> <Opcode : 'dexp'> <InPorts = 1> <OutPorts = 1>
ST_34 : Operation 831 [5/15] (7.02ns)   --->   "%tmp_73 = dexp i64 @llvm.exp.f64, i64 %conv369_1169_1" [top.cpp:169]   --->   Operation 831 'dexp' 'tmp_73' <Predicate = true> <Delay = 7.02> <CoreInst = "DExp_fulldsp">   --->   Core 42 'DExp_fulldsp' <Latency = 14> <II = 1> <Delay = 7.02> <FuncUnit> <Opcode : 'dexp'> <InPorts = 1> <OutPorts = 1>
ST_34 : Operation 832 [8/15] (7.02ns)   --->   "%tmp_74 = dexp i64 @llvm.exp.f64, i64 %conv369_1169_2" [top.cpp:169]   --->   Operation 832 'dexp' 'tmp_74' <Predicate = true> <Delay = 7.02> <CoreInst = "DExp_fulldsp">   --->   Core 42 'DExp_fulldsp' <Latency = 14> <II = 1> <Delay = 7.02> <FuncUnit> <Opcode : 'dexp'> <InPorts = 1> <OutPorts = 1>
ST_34 : Operation 833 [9/15] (7.02ns)   --->   "%tmp_75 = dexp i64 @llvm.exp.f64, i64 %conv369_2" [top.cpp:169]   --->   Operation 833 'dexp' 'tmp_75' <Predicate = true> <Delay = 7.02> <CoreInst = "DExp_fulldsp">   --->   Core 42 'DExp_fulldsp' <Latency = 14> <II = 1> <Delay = 7.02> <FuncUnit> <Opcode : 'dexp'> <InPorts = 1> <OutPorts = 1>
ST_34 : Operation 834 [10/15] (7.02ns)   --->   "%tmp_76 = dexp i64 @llvm.exp.f64, i64 %conv369_2_1" [top.cpp:169]   --->   Operation 834 'dexp' 'tmp_76' <Predicate = true> <Delay = 7.02> <CoreInst = "DExp_fulldsp">   --->   Core 42 'DExp_fulldsp' <Latency = 14> <II = 1> <Delay = 7.02> <FuncUnit> <Opcode : 'dexp'> <InPorts = 1> <OutPorts = 1>
ST_34 : Operation 835 [10/15] (7.02ns)   --->   "%tmp_77 = dexp i64 @llvm.exp.f64, i64 %conv369_2_2" [top.cpp:169]   --->   Operation 835 'dexp' 'tmp_77' <Predicate = true> <Delay = 7.02> <CoreInst = "DExp_fulldsp">   --->   Core 42 'DExp_fulldsp' <Latency = 14> <II = 1> <Delay = 7.02> <FuncUnit> <Opcode : 'dexp'> <InPorts = 1> <OutPorts = 1>
ST_34 : Operation 836 [6/15] (7.02ns)   --->   "%tmp_78 = dexp i64 @llvm.exp.f64, i64 %conv369_1" [top.cpp:169]   --->   Operation 836 'dexp' 'tmp_78' <Predicate = true> <Delay = 7.02> <CoreInst = "DExp_fulldsp">   --->   Core 42 'DExp_fulldsp' <Latency = 14> <II = 1> <Delay = 7.02> <FuncUnit> <Opcode : 'dexp'> <InPorts = 1> <OutPorts = 1>
ST_34 : Operation 837 [7/15] (7.02ns)   --->   "%tmp_79 = dexp i64 @llvm.exp.f64, i64 %conv369_1_s" [top.cpp:169]   --->   Operation 837 'dexp' 'tmp_79' <Predicate = true> <Delay = 7.02> <CoreInst = "DExp_fulldsp">   --->   Core 42 'DExp_fulldsp' <Latency = 14> <II = 1> <Delay = 7.02> <FuncUnit> <Opcode : 'dexp'> <InPorts = 1> <OutPorts = 1>
ST_34 : Operation 838 [7/15] (7.02ns)   --->   "%tmp_80 = dexp i64 @llvm.exp.f64, i64 %conv369_1_3" [top.cpp:169]   --->   Operation 838 'dexp' 'tmp_80' <Predicate = true> <Delay = 7.02> <CoreInst = "DExp_fulldsp">   --->   Core 42 'DExp_fulldsp' <Latency = 14> <II = 1> <Delay = 7.02> <FuncUnit> <Opcode : 'dexp'> <InPorts = 1> <OutPorts = 1>
ST_34 : Operation 839 [6/15] (7.02ns)   --->   "%tmp_81 = dexp i64 @llvm.exp.f64, i64 %conv369_1_1" [top.cpp:169]   --->   Operation 839 'dexp' 'tmp_81' <Predicate = true> <Delay = 7.02> <CoreInst = "DExp_fulldsp">   --->   Core 42 'DExp_fulldsp' <Latency = 14> <II = 1> <Delay = 7.02> <FuncUnit> <Opcode : 'dexp'> <InPorts = 1> <OutPorts = 1>
ST_34 : Operation 840 [8/15] (7.02ns)   --->   "%tmp_82 = dexp i64 @llvm.exp.f64, i64 %conv369_1_1_1" [top.cpp:169]   --->   Operation 840 'dexp' 'tmp_82' <Predicate = true> <Delay = 7.02> <CoreInst = "DExp_fulldsp">   --->   Core 42 'DExp_fulldsp' <Latency = 14> <II = 1> <Delay = 7.02> <FuncUnit> <Opcode : 'dexp'> <InPorts = 1> <OutPorts = 1>
ST_34 : Operation 841 [9/15] (7.02ns)   --->   "%tmp_83 = dexp i64 @llvm.exp.f64, i64 %conv369_1_1_2" [top.cpp:169]   --->   Operation 841 'dexp' 'tmp_83' <Predicate = true> <Delay = 7.02> <CoreInst = "DExp_fulldsp">   --->   Core 42 'DExp_fulldsp' <Latency = 14> <II = 1> <Delay = 7.02> <FuncUnit> <Opcode : 'dexp'> <InPorts = 1> <OutPorts = 1>
ST_34 : Operation 842 [9/15] (7.02ns)   --->   "%tmp_84 = dexp i64 @llvm.exp.f64, i64 %conv369_1_2" [top.cpp:169]   --->   Operation 842 'dexp' 'tmp_84' <Predicate = true> <Delay = 7.02> <CoreInst = "DExp_fulldsp">   --->   Core 42 'DExp_fulldsp' <Latency = 14> <II = 1> <Delay = 7.02> <FuncUnit> <Opcode : 'dexp'> <InPorts = 1> <OutPorts = 1>
ST_34 : Operation 843 [10/15] (7.02ns)   --->   "%tmp_85 = dexp i64 @llvm.exp.f64, i64 %conv369_1_2_1" [top.cpp:169]   --->   Operation 843 'dexp' 'tmp_85' <Predicate = true> <Delay = 7.02> <CoreInst = "DExp_fulldsp">   --->   Core 42 'DExp_fulldsp' <Latency = 14> <II = 1> <Delay = 7.02> <FuncUnit> <Opcode : 'dexp'> <InPorts = 1> <OutPorts = 1>
ST_34 : Operation 844 [11/15] (7.02ns)   --->   "%tmp_86 = dexp i64 @llvm.exp.f64, i64 %conv369_1_2_2" [top.cpp:169]   --->   Operation 844 'dexp' 'tmp_86' <Predicate = true> <Delay = 7.02> <CoreInst = "DExp_fulldsp">   --->   Core 42 'DExp_fulldsp' <Latency = 14> <II = 1> <Delay = 7.02> <FuncUnit> <Opcode : 'dexp'> <InPorts = 1> <OutPorts = 1>

State 35 <SV = 34> <Delay = 7.02>
ST_35 : Operation 845 [4/15] (7.02ns)   --->   "%tmp_69 = dexp i64 @llvm.exp.f64, i64 %conv2" [top.cpp:169]   --->   Operation 845 'dexp' 'tmp_69' <Predicate = true> <Delay = 7.02> <CoreInst = "DExp_fulldsp">   --->   Core 42 'DExp_fulldsp' <Latency = 14> <II = 1> <Delay = 7.02> <FuncUnit> <Opcode : 'dexp'> <InPorts = 1> <OutPorts = 1>
ST_35 : Operation 846 [5/15] (7.02ns)   --->   "%tmp_70 = dexp i64 @llvm.exp.f64, i64 %conv369_s" [top.cpp:169]   --->   Operation 846 'dexp' 'tmp_70' <Predicate = true> <Delay = 7.02> <CoreInst = "DExp_fulldsp">   --->   Core 42 'DExp_fulldsp' <Latency = 14> <II = 1> <Delay = 7.02> <FuncUnit> <Opcode : 'dexp'> <InPorts = 1> <OutPorts = 1>
ST_35 : Operation 847 [6/15] (7.02ns)   --->   "%tmp_71 = dexp i64 @llvm.exp.f64, i64 %conv369_3" [top.cpp:169]   --->   Operation 847 'dexp' 'tmp_71' <Predicate = true> <Delay = 7.02> <CoreInst = "DExp_fulldsp">   --->   Core 42 'DExp_fulldsp' <Latency = 14> <II = 1> <Delay = 7.02> <FuncUnit> <Opcode : 'dexp'> <InPorts = 1> <OutPorts = 1>
ST_35 : Operation 848 [7/15] (7.02ns)   --->   "%tmp_72 = dexp i64 @llvm.exp.f64, i64 %conv369_4" [top.cpp:169]   --->   Operation 848 'dexp' 'tmp_72' <Predicate = true> <Delay = 7.02> <CoreInst = "DExp_fulldsp">   --->   Core 42 'DExp_fulldsp' <Latency = 14> <II = 1> <Delay = 7.02> <FuncUnit> <Opcode : 'dexp'> <InPorts = 1> <OutPorts = 1>
ST_35 : Operation 849 [4/15] (7.02ns)   --->   "%tmp_73 = dexp i64 @llvm.exp.f64, i64 %conv369_1169_1" [top.cpp:169]   --->   Operation 849 'dexp' 'tmp_73' <Predicate = true> <Delay = 7.02> <CoreInst = "DExp_fulldsp">   --->   Core 42 'DExp_fulldsp' <Latency = 14> <II = 1> <Delay = 7.02> <FuncUnit> <Opcode : 'dexp'> <InPorts = 1> <OutPorts = 1>
ST_35 : Operation 850 [7/15] (7.02ns)   --->   "%tmp_74 = dexp i64 @llvm.exp.f64, i64 %conv369_1169_2" [top.cpp:169]   --->   Operation 850 'dexp' 'tmp_74' <Predicate = true> <Delay = 7.02> <CoreInst = "DExp_fulldsp">   --->   Core 42 'DExp_fulldsp' <Latency = 14> <II = 1> <Delay = 7.02> <FuncUnit> <Opcode : 'dexp'> <InPorts = 1> <OutPorts = 1>
ST_35 : Operation 851 [8/15] (7.02ns)   --->   "%tmp_75 = dexp i64 @llvm.exp.f64, i64 %conv369_2" [top.cpp:169]   --->   Operation 851 'dexp' 'tmp_75' <Predicate = true> <Delay = 7.02> <CoreInst = "DExp_fulldsp">   --->   Core 42 'DExp_fulldsp' <Latency = 14> <II = 1> <Delay = 7.02> <FuncUnit> <Opcode : 'dexp'> <InPorts = 1> <OutPorts = 1>
ST_35 : Operation 852 [9/15] (7.02ns)   --->   "%tmp_76 = dexp i64 @llvm.exp.f64, i64 %conv369_2_1" [top.cpp:169]   --->   Operation 852 'dexp' 'tmp_76' <Predicate = true> <Delay = 7.02> <CoreInst = "DExp_fulldsp">   --->   Core 42 'DExp_fulldsp' <Latency = 14> <II = 1> <Delay = 7.02> <FuncUnit> <Opcode : 'dexp'> <InPorts = 1> <OutPorts = 1>
ST_35 : Operation 853 [9/15] (7.02ns)   --->   "%tmp_77 = dexp i64 @llvm.exp.f64, i64 %conv369_2_2" [top.cpp:169]   --->   Operation 853 'dexp' 'tmp_77' <Predicate = true> <Delay = 7.02> <CoreInst = "DExp_fulldsp">   --->   Core 42 'DExp_fulldsp' <Latency = 14> <II = 1> <Delay = 7.02> <FuncUnit> <Opcode : 'dexp'> <InPorts = 1> <OutPorts = 1>
ST_35 : Operation 854 [5/15] (7.02ns)   --->   "%tmp_78 = dexp i64 @llvm.exp.f64, i64 %conv369_1" [top.cpp:169]   --->   Operation 854 'dexp' 'tmp_78' <Predicate = true> <Delay = 7.02> <CoreInst = "DExp_fulldsp">   --->   Core 42 'DExp_fulldsp' <Latency = 14> <II = 1> <Delay = 7.02> <FuncUnit> <Opcode : 'dexp'> <InPorts = 1> <OutPorts = 1>
ST_35 : Operation 855 [6/15] (7.02ns)   --->   "%tmp_79 = dexp i64 @llvm.exp.f64, i64 %conv369_1_s" [top.cpp:169]   --->   Operation 855 'dexp' 'tmp_79' <Predicate = true> <Delay = 7.02> <CoreInst = "DExp_fulldsp">   --->   Core 42 'DExp_fulldsp' <Latency = 14> <II = 1> <Delay = 7.02> <FuncUnit> <Opcode : 'dexp'> <InPorts = 1> <OutPorts = 1>
ST_35 : Operation 856 [6/15] (7.02ns)   --->   "%tmp_80 = dexp i64 @llvm.exp.f64, i64 %conv369_1_3" [top.cpp:169]   --->   Operation 856 'dexp' 'tmp_80' <Predicate = true> <Delay = 7.02> <CoreInst = "DExp_fulldsp">   --->   Core 42 'DExp_fulldsp' <Latency = 14> <II = 1> <Delay = 7.02> <FuncUnit> <Opcode : 'dexp'> <InPorts = 1> <OutPorts = 1>
ST_35 : Operation 857 [5/15] (7.02ns)   --->   "%tmp_81 = dexp i64 @llvm.exp.f64, i64 %conv369_1_1" [top.cpp:169]   --->   Operation 857 'dexp' 'tmp_81' <Predicate = true> <Delay = 7.02> <CoreInst = "DExp_fulldsp">   --->   Core 42 'DExp_fulldsp' <Latency = 14> <II = 1> <Delay = 7.02> <FuncUnit> <Opcode : 'dexp'> <InPorts = 1> <OutPorts = 1>
ST_35 : Operation 858 [7/15] (7.02ns)   --->   "%tmp_82 = dexp i64 @llvm.exp.f64, i64 %conv369_1_1_1" [top.cpp:169]   --->   Operation 858 'dexp' 'tmp_82' <Predicate = true> <Delay = 7.02> <CoreInst = "DExp_fulldsp">   --->   Core 42 'DExp_fulldsp' <Latency = 14> <II = 1> <Delay = 7.02> <FuncUnit> <Opcode : 'dexp'> <InPorts = 1> <OutPorts = 1>
ST_35 : Operation 859 [8/15] (7.02ns)   --->   "%tmp_83 = dexp i64 @llvm.exp.f64, i64 %conv369_1_1_2" [top.cpp:169]   --->   Operation 859 'dexp' 'tmp_83' <Predicate = true> <Delay = 7.02> <CoreInst = "DExp_fulldsp">   --->   Core 42 'DExp_fulldsp' <Latency = 14> <II = 1> <Delay = 7.02> <FuncUnit> <Opcode : 'dexp'> <InPorts = 1> <OutPorts = 1>
ST_35 : Operation 860 [8/15] (7.02ns)   --->   "%tmp_84 = dexp i64 @llvm.exp.f64, i64 %conv369_1_2" [top.cpp:169]   --->   Operation 860 'dexp' 'tmp_84' <Predicate = true> <Delay = 7.02> <CoreInst = "DExp_fulldsp">   --->   Core 42 'DExp_fulldsp' <Latency = 14> <II = 1> <Delay = 7.02> <FuncUnit> <Opcode : 'dexp'> <InPorts = 1> <OutPorts = 1>
ST_35 : Operation 861 [9/15] (7.02ns)   --->   "%tmp_85 = dexp i64 @llvm.exp.f64, i64 %conv369_1_2_1" [top.cpp:169]   --->   Operation 861 'dexp' 'tmp_85' <Predicate = true> <Delay = 7.02> <CoreInst = "DExp_fulldsp">   --->   Core 42 'DExp_fulldsp' <Latency = 14> <II = 1> <Delay = 7.02> <FuncUnit> <Opcode : 'dexp'> <InPorts = 1> <OutPorts = 1>
ST_35 : Operation 862 [10/15] (7.02ns)   --->   "%tmp_86 = dexp i64 @llvm.exp.f64, i64 %conv369_1_2_2" [top.cpp:169]   --->   Operation 862 'dexp' 'tmp_86' <Predicate = true> <Delay = 7.02> <CoreInst = "DExp_fulldsp">   --->   Core 42 'DExp_fulldsp' <Latency = 14> <II = 1> <Delay = 7.02> <FuncUnit> <Opcode : 'dexp'> <InPorts = 1> <OutPorts = 1>

State 36 <SV = 35> <Delay = 7.02>
ST_36 : Operation 863 [3/15] (7.02ns)   --->   "%tmp_69 = dexp i64 @llvm.exp.f64, i64 %conv2" [top.cpp:169]   --->   Operation 863 'dexp' 'tmp_69' <Predicate = true> <Delay = 7.02> <CoreInst = "DExp_fulldsp">   --->   Core 42 'DExp_fulldsp' <Latency = 14> <II = 1> <Delay = 7.02> <FuncUnit> <Opcode : 'dexp'> <InPorts = 1> <OutPorts = 1>
ST_36 : Operation 864 [4/15] (7.02ns)   --->   "%tmp_70 = dexp i64 @llvm.exp.f64, i64 %conv369_s" [top.cpp:169]   --->   Operation 864 'dexp' 'tmp_70' <Predicate = true> <Delay = 7.02> <CoreInst = "DExp_fulldsp">   --->   Core 42 'DExp_fulldsp' <Latency = 14> <II = 1> <Delay = 7.02> <FuncUnit> <Opcode : 'dexp'> <InPorts = 1> <OutPorts = 1>
ST_36 : Operation 865 [5/15] (7.02ns)   --->   "%tmp_71 = dexp i64 @llvm.exp.f64, i64 %conv369_3" [top.cpp:169]   --->   Operation 865 'dexp' 'tmp_71' <Predicate = true> <Delay = 7.02> <CoreInst = "DExp_fulldsp">   --->   Core 42 'DExp_fulldsp' <Latency = 14> <II = 1> <Delay = 7.02> <FuncUnit> <Opcode : 'dexp'> <InPorts = 1> <OutPorts = 1>
ST_36 : Operation 866 [6/15] (7.02ns)   --->   "%tmp_72 = dexp i64 @llvm.exp.f64, i64 %conv369_4" [top.cpp:169]   --->   Operation 866 'dexp' 'tmp_72' <Predicate = true> <Delay = 7.02> <CoreInst = "DExp_fulldsp">   --->   Core 42 'DExp_fulldsp' <Latency = 14> <II = 1> <Delay = 7.02> <FuncUnit> <Opcode : 'dexp'> <InPorts = 1> <OutPorts = 1>
ST_36 : Operation 867 [3/15] (7.02ns)   --->   "%tmp_73 = dexp i64 @llvm.exp.f64, i64 %conv369_1169_1" [top.cpp:169]   --->   Operation 867 'dexp' 'tmp_73' <Predicate = true> <Delay = 7.02> <CoreInst = "DExp_fulldsp">   --->   Core 42 'DExp_fulldsp' <Latency = 14> <II = 1> <Delay = 7.02> <FuncUnit> <Opcode : 'dexp'> <InPorts = 1> <OutPorts = 1>
ST_36 : Operation 868 [6/15] (7.02ns)   --->   "%tmp_74 = dexp i64 @llvm.exp.f64, i64 %conv369_1169_2" [top.cpp:169]   --->   Operation 868 'dexp' 'tmp_74' <Predicate = true> <Delay = 7.02> <CoreInst = "DExp_fulldsp">   --->   Core 42 'DExp_fulldsp' <Latency = 14> <II = 1> <Delay = 7.02> <FuncUnit> <Opcode : 'dexp'> <InPorts = 1> <OutPorts = 1>
ST_36 : Operation 869 [7/15] (7.02ns)   --->   "%tmp_75 = dexp i64 @llvm.exp.f64, i64 %conv369_2" [top.cpp:169]   --->   Operation 869 'dexp' 'tmp_75' <Predicate = true> <Delay = 7.02> <CoreInst = "DExp_fulldsp">   --->   Core 42 'DExp_fulldsp' <Latency = 14> <II = 1> <Delay = 7.02> <FuncUnit> <Opcode : 'dexp'> <InPorts = 1> <OutPorts = 1>
ST_36 : Operation 870 [8/15] (7.02ns)   --->   "%tmp_76 = dexp i64 @llvm.exp.f64, i64 %conv369_2_1" [top.cpp:169]   --->   Operation 870 'dexp' 'tmp_76' <Predicate = true> <Delay = 7.02> <CoreInst = "DExp_fulldsp">   --->   Core 42 'DExp_fulldsp' <Latency = 14> <II = 1> <Delay = 7.02> <FuncUnit> <Opcode : 'dexp'> <InPorts = 1> <OutPorts = 1>
ST_36 : Operation 871 [8/15] (7.02ns)   --->   "%tmp_77 = dexp i64 @llvm.exp.f64, i64 %conv369_2_2" [top.cpp:169]   --->   Operation 871 'dexp' 'tmp_77' <Predicate = true> <Delay = 7.02> <CoreInst = "DExp_fulldsp">   --->   Core 42 'DExp_fulldsp' <Latency = 14> <II = 1> <Delay = 7.02> <FuncUnit> <Opcode : 'dexp'> <InPorts = 1> <OutPorts = 1>
ST_36 : Operation 872 [4/15] (7.02ns)   --->   "%tmp_78 = dexp i64 @llvm.exp.f64, i64 %conv369_1" [top.cpp:169]   --->   Operation 872 'dexp' 'tmp_78' <Predicate = true> <Delay = 7.02> <CoreInst = "DExp_fulldsp">   --->   Core 42 'DExp_fulldsp' <Latency = 14> <II = 1> <Delay = 7.02> <FuncUnit> <Opcode : 'dexp'> <InPorts = 1> <OutPorts = 1>
ST_36 : Operation 873 [5/15] (7.02ns)   --->   "%tmp_79 = dexp i64 @llvm.exp.f64, i64 %conv369_1_s" [top.cpp:169]   --->   Operation 873 'dexp' 'tmp_79' <Predicate = true> <Delay = 7.02> <CoreInst = "DExp_fulldsp">   --->   Core 42 'DExp_fulldsp' <Latency = 14> <II = 1> <Delay = 7.02> <FuncUnit> <Opcode : 'dexp'> <InPorts = 1> <OutPorts = 1>
ST_36 : Operation 874 [5/15] (7.02ns)   --->   "%tmp_80 = dexp i64 @llvm.exp.f64, i64 %conv369_1_3" [top.cpp:169]   --->   Operation 874 'dexp' 'tmp_80' <Predicate = true> <Delay = 7.02> <CoreInst = "DExp_fulldsp">   --->   Core 42 'DExp_fulldsp' <Latency = 14> <II = 1> <Delay = 7.02> <FuncUnit> <Opcode : 'dexp'> <InPorts = 1> <OutPorts = 1>
ST_36 : Operation 875 [4/15] (7.02ns)   --->   "%tmp_81 = dexp i64 @llvm.exp.f64, i64 %conv369_1_1" [top.cpp:169]   --->   Operation 875 'dexp' 'tmp_81' <Predicate = true> <Delay = 7.02> <CoreInst = "DExp_fulldsp">   --->   Core 42 'DExp_fulldsp' <Latency = 14> <II = 1> <Delay = 7.02> <FuncUnit> <Opcode : 'dexp'> <InPorts = 1> <OutPorts = 1>
ST_36 : Operation 876 [6/15] (7.02ns)   --->   "%tmp_82 = dexp i64 @llvm.exp.f64, i64 %conv369_1_1_1" [top.cpp:169]   --->   Operation 876 'dexp' 'tmp_82' <Predicate = true> <Delay = 7.02> <CoreInst = "DExp_fulldsp">   --->   Core 42 'DExp_fulldsp' <Latency = 14> <II = 1> <Delay = 7.02> <FuncUnit> <Opcode : 'dexp'> <InPorts = 1> <OutPorts = 1>
ST_36 : Operation 877 [7/15] (7.02ns)   --->   "%tmp_83 = dexp i64 @llvm.exp.f64, i64 %conv369_1_1_2" [top.cpp:169]   --->   Operation 877 'dexp' 'tmp_83' <Predicate = true> <Delay = 7.02> <CoreInst = "DExp_fulldsp">   --->   Core 42 'DExp_fulldsp' <Latency = 14> <II = 1> <Delay = 7.02> <FuncUnit> <Opcode : 'dexp'> <InPorts = 1> <OutPorts = 1>
ST_36 : Operation 878 [7/15] (7.02ns)   --->   "%tmp_84 = dexp i64 @llvm.exp.f64, i64 %conv369_1_2" [top.cpp:169]   --->   Operation 878 'dexp' 'tmp_84' <Predicate = true> <Delay = 7.02> <CoreInst = "DExp_fulldsp">   --->   Core 42 'DExp_fulldsp' <Latency = 14> <II = 1> <Delay = 7.02> <FuncUnit> <Opcode : 'dexp'> <InPorts = 1> <OutPorts = 1>
ST_36 : Operation 879 [8/15] (7.02ns)   --->   "%tmp_85 = dexp i64 @llvm.exp.f64, i64 %conv369_1_2_1" [top.cpp:169]   --->   Operation 879 'dexp' 'tmp_85' <Predicate = true> <Delay = 7.02> <CoreInst = "DExp_fulldsp">   --->   Core 42 'DExp_fulldsp' <Latency = 14> <II = 1> <Delay = 7.02> <FuncUnit> <Opcode : 'dexp'> <InPorts = 1> <OutPorts = 1>
ST_36 : Operation 880 [9/15] (7.02ns)   --->   "%tmp_86 = dexp i64 @llvm.exp.f64, i64 %conv369_1_2_2" [top.cpp:169]   --->   Operation 880 'dexp' 'tmp_86' <Predicate = true> <Delay = 7.02> <CoreInst = "DExp_fulldsp">   --->   Core 42 'DExp_fulldsp' <Latency = 14> <II = 1> <Delay = 7.02> <FuncUnit> <Opcode : 'dexp'> <InPorts = 1> <OutPorts = 1>

State 37 <SV = 36> <Delay = 7.02>
ST_37 : Operation 881 [2/15] (7.02ns)   --->   "%tmp_69 = dexp i64 @llvm.exp.f64, i64 %conv2" [top.cpp:169]   --->   Operation 881 'dexp' 'tmp_69' <Predicate = true> <Delay = 7.02> <CoreInst = "DExp_fulldsp">   --->   Core 42 'DExp_fulldsp' <Latency = 14> <II = 1> <Delay = 7.02> <FuncUnit> <Opcode : 'dexp'> <InPorts = 1> <OutPorts = 1>
ST_37 : Operation 882 [3/15] (7.02ns)   --->   "%tmp_70 = dexp i64 @llvm.exp.f64, i64 %conv369_s" [top.cpp:169]   --->   Operation 882 'dexp' 'tmp_70' <Predicate = true> <Delay = 7.02> <CoreInst = "DExp_fulldsp">   --->   Core 42 'DExp_fulldsp' <Latency = 14> <II = 1> <Delay = 7.02> <FuncUnit> <Opcode : 'dexp'> <InPorts = 1> <OutPorts = 1>
ST_37 : Operation 883 [4/15] (7.02ns)   --->   "%tmp_71 = dexp i64 @llvm.exp.f64, i64 %conv369_3" [top.cpp:169]   --->   Operation 883 'dexp' 'tmp_71' <Predicate = true> <Delay = 7.02> <CoreInst = "DExp_fulldsp">   --->   Core 42 'DExp_fulldsp' <Latency = 14> <II = 1> <Delay = 7.02> <FuncUnit> <Opcode : 'dexp'> <InPorts = 1> <OutPorts = 1>
ST_37 : Operation 884 [5/15] (7.02ns)   --->   "%tmp_72 = dexp i64 @llvm.exp.f64, i64 %conv369_4" [top.cpp:169]   --->   Operation 884 'dexp' 'tmp_72' <Predicate = true> <Delay = 7.02> <CoreInst = "DExp_fulldsp">   --->   Core 42 'DExp_fulldsp' <Latency = 14> <II = 1> <Delay = 7.02> <FuncUnit> <Opcode : 'dexp'> <InPorts = 1> <OutPorts = 1>
ST_37 : Operation 885 [2/15] (7.02ns)   --->   "%tmp_73 = dexp i64 @llvm.exp.f64, i64 %conv369_1169_1" [top.cpp:169]   --->   Operation 885 'dexp' 'tmp_73' <Predicate = true> <Delay = 7.02> <CoreInst = "DExp_fulldsp">   --->   Core 42 'DExp_fulldsp' <Latency = 14> <II = 1> <Delay = 7.02> <FuncUnit> <Opcode : 'dexp'> <InPorts = 1> <OutPorts = 1>
ST_37 : Operation 886 [5/15] (7.02ns)   --->   "%tmp_74 = dexp i64 @llvm.exp.f64, i64 %conv369_1169_2" [top.cpp:169]   --->   Operation 886 'dexp' 'tmp_74' <Predicate = true> <Delay = 7.02> <CoreInst = "DExp_fulldsp">   --->   Core 42 'DExp_fulldsp' <Latency = 14> <II = 1> <Delay = 7.02> <FuncUnit> <Opcode : 'dexp'> <InPorts = 1> <OutPorts = 1>
ST_37 : Operation 887 [6/15] (7.02ns)   --->   "%tmp_75 = dexp i64 @llvm.exp.f64, i64 %conv369_2" [top.cpp:169]   --->   Operation 887 'dexp' 'tmp_75' <Predicate = true> <Delay = 7.02> <CoreInst = "DExp_fulldsp">   --->   Core 42 'DExp_fulldsp' <Latency = 14> <II = 1> <Delay = 7.02> <FuncUnit> <Opcode : 'dexp'> <InPorts = 1> <OutPorts = 1>
ST_37 : Operation 888 [7/15] (7.02ns)   --->   "%tmp_76 = dexp i64 @llvm.exp.f64, i64 %conv369_2_1" [top.cpp:169]   --->   Operation 888 'dexp' 'tmp_76' <Predicate = true> <Delay = 7.02> <CoreInst = "DExp_fulldsp">   --->   Core 42 'DExp_fulldsp' <Latency = 14> <II = 1> <Delay = 7.02> <FuncUnit> <Opcode : 'dexp'> <InPorts = 1> <OutPorts = 1>
ST_37 : Operation 889 [7/15] (7.02ns)   --->   "%tmp_77 = dexp i64 @llvm.exp.f64, i64 %conv369_2_2" [top.cpp:169]   --->   Operation 889 'dexp' 'tmp_77' <Predicate = true> <Delay = 7.02> <CoreInst = "DExp_fulldsp">   --->   Core 42 'DExp_fulldsp' <Latency = 14> <II = 1> <Delay = 7.02> <FuncUnit> <Opcode : 'dexp'> <InPorts = 1> <OutPorts = 1>
ST_37 : Operation 890 [3/15] (7.02ns)   --->   "%tmp_78 = dexp i64 @llvm.exp.f64, i64 %conv369_1" [top.cpp:169]   --->   Operation 890 'dexp' 'tmp_78' <Predicate = true> <Delay = 7.02> <CoreInst = "DExp_fulldsp">   --->   Core 42 'DExp_fulldsp' <Latency = 14> <II = 1> <Delay = 7.02> <FuncUnit> <Opcode : 'dexp'> <InPorts = 1> <OutPorts = 1>
ST_37 : Operation 891 [4/15] (7.02ns)   --->   "%tmp_79 = dexp i64 @llvm.exp.f64, i64 %conv369_1_s" [top.cpp:169]   --->   Operation 891 'dexp' 'tmp_79' <Predicate = true> <Delay = 7.02> <CoreInst = "DExp_fulldsp">   --->   Core 42 'DExp_fulldsp' <Latency = 14> <II = 1> <Delay = 7.02> <FuncUnit> <Opcode : 'dexp'> <InPorts = 1> <OutPorts = 1>
ST_37 : Operation 892 [4/15] (7.02ns)   --->   "%tmp_80 = dexp i64 @llvm.exp.f64, i64 %conv369_1_3" [top.cpp:169]   --->   Operation 892 'dexp' 'tmp_80' <Predicate = true> <Delay = 7.02> <CoreInst = "DExp_fulldsp">   --->   Core 42 'DExp_fulldsp' <Latency = 14> <II = 1> <Delay = 7.02> <FuncUnit> <Opcode : 'dexp'> <InPorts = 1> <OutPorts = 1>
ST_37 : Operation 893 [3/15] (7.02ns)   --->   "%tmp_81 = dexp i64 @llvm.exp.f64, i64 %conv369_1_1" [top.cpp:169]   --->   Operation 893 'dexp' 'tmp_81' <Predicate = true> <Delay = 7.02> <CoreInst = "DExp_fulldsp">   --->   Core 42 'DExp_fulldsp' <Latency = 14> <II = 1> <Delay = 7.02> <FuncUnit> <Opcode : 'dexp'> <InPorts = 1> <OutPorts = 1>
ST_37 : Operation 894 [5/15] (7.02ns)   --->   "%tmp_82 = dexp i64 @llvm.exp.f64, i64 %conv369_1_1_1" [top.cpp:169]   --->   Operation 894 'dexp' 'tmp_82' <Predicate = true> <Delay = 7.02> <CoreInst = "DExp_fulldsp">   --->   Core 42 'DExp_fulldsp' <Latency = 14> <II = 1> <Delay = 7.02> <FuncUnit> <Opcode : 'dexp'> <InPorts = 1> <OutPorts = 1>
ST_37 : Operation 895 [6/15] (7.02ns)   --->   "%tmp_83 = dexp i64 @llvm.exp.f64, i64 %conv369_1_1_2" [top.cpp:169]   --->   Operation 895 'dexp' 'tmp_83' <Predicate = true> <Delay = 7.02> <CoreInst = "DExp_fulldsp">   --->   Core 42 'DExp_fulldsp' <Latency = 14> <II = 1> <Delay = 7.02> <FuncUnit> <Opcode : 'dexp'> <InPorts = 1> <OutPorts = 1>
ST_37 : Operation 896 [6/15] (7.02ns)   --->   "%tmp_84 = dexp i64 @llvm.exp.f64, i64 %conv369_1_2" [top.cpp:169]   --->   Operation 896 'dexp' 'tmp_84' <Predicate = true> <Delay = 7.02> <CoreInst = "DExp_fulldsp">   --->   Core 42 'DExp_fulldsp' <Latency = 14> <II = 1> <Delay = 7.02> <FuncUnit> <Opcode : 'dexp'> <InPorts = 1> <OutPorts = 1>
ST_37 : Operation 897 [7/15] (7.02ns)   --->   "%tmp_85 = dexp i64 @llvm.exp.f64, i64 %conv369_1_2_1" [top.cpp:169]   --->   Operation 897 'dexp' 'tmp_85' <Predicate = true> <Delay = 7.02> <CoreInst = "DExp_fulldsp">   --->   Core 42 'DExp_fulldsp' <Latency = 14> <II = 1> <Delay = 7.02> <FuncUnit> <Opcode : 'dexp'> <InPorts = 1> <OutPorts = 1>
ST_37 : Operation 898 [8/15] (7.02ns)   --->   "%tmp_86 = dexp i64 @llvm.exp.f64, i64 %conv369_1_2_2" [top.cpp:169]   --->   Operation 898 'dexp' 'tmp_86' <Predicate = true> <Delay = 7.02> <CoreInst = "DExp_fulldsp">   --->   Core 42 'DExp_fulldsp' <Latency = 14> <II = 1> <Delay = 7.02> <FuncUnit> <Opcode : 'dexp'> <InPorts = 1> <OutPorts = 1>

State 38 <SV = 37> <Delay = 7.02>
ST_38 : Operation 899 [1/15] (7.02ns)   --->   "%tmp_69 = dexp i64 @llvm.exp.f64, i64 %conv2" [top.cpp:169]   --->   Operation 899 'dexp' 'tmp_69' <Predicate = true> <Delay = 7.02> <CoreInst = "DExp_fulldsp">   --->   Core 42 'DExp_fulldsp' <Latency = 14> <II = 1> <Delay = 7.02> <FuncUnit> <Opcode : 'dexp'> <InPorts = 1> <OutPorts = 1>
ST_38 : Operation 900 [2/15] (7.02ns)   --->   "%tmp_70 = dexp i64 @llvm.exp.f64, i64 %conv369_s" [top.cpp:169]   --->   Operation 900 'dexp' 'tmp_70' <Predicate = true> <Delay = 7.02> <CoreInst = "DExp_fulldsp">   --->   Core 42 'DExp_fulldsp' <Latency = 14> <II = 1> <Delay = 7.02> <FuncUnit> <Opcode : 'dexp'> <InPorts = 1> <OutPorts = 1>
ST_38 : Operation 901 [3/15] (7.02ns)   --->   "%tmp_71 = dexp i64 @llvm.exp.f64, i64 %conv369_3" [top.cpp:169]   --->   Operation 901 'dexp' 'tmp_71' <Predicate = true> <Delay = 7.02> <CoreInst = "DExp_fulldsp">   --->   Core 42 'DExp_fulldsp' <Latency = 14> <II = 1> <Delay = 7.02> <FuncUnit> <Opcode : 'dexp'> <InPorts = 1> <OutPorts = 1>
ST_38 : Operation 902 [4/15] (7.02ns)   --->   "%tmp_72 = dexp i64 @llvm.exp.f64, i64 %conv369_4" [top.cpp:169]   --->   Operation 902 'dexp' 'tmp_72' <Predicate = true> <Delay = 7.02> <CoreInst = "DExp_fulldsp">   --->   Core 42 'DExp_fulldsp' <Latency = 14> <II = 1> <Delay = 7.02> <FuncUnit> <Opcode : 'dexp'> <InPorts = 1> <OutPorts = 1>
ST_38 : Operation 903 [1/15] (7.02ns)   --->   "%tmp_73 = dexp i64 @llvm.exp.f64, i64 %conv369_1169_1" [top.cpp:169]   --->   Operation 903 'dexp' 'tmp_73' <Predicate = true> <Delay = 7.02> <CoreInst = "DExp_fulldsp">   --->   Core 42 'DExp_fulldsp' <Latency = 14> <II = 1> <Delay = 7.02> <FuncUnit> <Opcode : 'dexp'> <InPorts = 1> <OutPorts = 1>
ST_38 : Operation 904 [4/15] (7.02ns)   --->   "%tmp_74 = dexp i64 @llvm.exp.f64, i64 %conv369_1169_2" [top.cpp:169]   --->   Operation 904 'dexp' 'tmp_74' <Predicate = true> <Delay = 7.02> <CoreInst = "DExp_fulldsp">   --->   Core 42 'DExp_fulldsp' <Latency = 14> <II = 1> <Delay = 7.02> <FuncUnit> <Opcode : 'dexp'> <InPorts = 1> <OutPorts = 1>
ST_38 : Operation 905 [5/15] (7.02ns)   --->   "%tmp_75 = dexp i64 @llvm.exp.f64, i64 %conv369_2" [top.cpp:169]   --->   Operation 905 'dexp' 'tmp_75' <Predicate = true> <Delay = 7.02> <CoreInst = "DExp_fulldsp">   --->   Core 42 'DExp_fulldsp' <Latency = 14> <II = 1> <Delay = 7.02> <FuncUnit> <Opcode : 'dexp'> <InPorts = 1> <OutPorts = 1>
ST_38 : Operation 906 [6/15] (7.02ns)   --->   "%tmp_76 = dexp i64 @llvm.exp.f64, i64 %conv369_2_1" [top.cpp:169]   --->   Operation 906 'dexp' 'tmp_76' <Predicate = true> <Delay = 7.02> <CoreInst = "DExp_fulldsp">   --->   Core 42 'DExp_fulldsp' <Latency = 14> <II = 1> <Delay = 7.02> <FuncUnit> <Opcode : 'dexp'> <InPorts = 1> <OutPorts = 1>
ST_38 : Operation 907 [6/15] (7.02ns)   --->   "%tmp_77 = dexp i64 @llvm.exp.f64, i64 %conv369_2_2" [top.cpp:169]   --->   Operation 907 'dexp' 'tmp_77' <Predicate = true> <Delay = 7.02> <CoreInst = "DExp_fulldsp">   --->   Core 42 'DExp_fulldsp' <Latency = 14> <II = 1> <Delay = 7.02> <FuncUnit> <Opcode : 'dexp'> <InPorts = 1> <OutPorts = 1>
ST_38 : Operation 908 [2/15] (7.02ns)   --->   "%tmp_78 = dexp i64 @llvm.exp.f64, i64 %conv369_1" [top.cpp:169]   --->   Operation 908 'dexp' 'tmp_78' <Predicate = true> <Delay = 7.02> <CoreInst = "DExp_fulldsp">   --->   Core 42 'DExp_fulldsp' <Latency = 14> <II = 1> <Delay = 7.02> <FuncUnit> <Opcode : 'dexp'> <InPorts = 1> <OutPorts = 1>
ST_38 : Operation 909 [3/15] (7.02ns)   --->   "%tmp_79 = dexp i64 @llvm.exp.f64, i64 %conv369_1_s" [top.cpp:169]   --->   Operation 909 'dexp' 'tmp_79' <Predicate = true> <Delay = 7.02> <CoreInst = "DExp_fulldsp">   --->   Core 42 'DExp_fulldsp' <Latency = 14> <II = 1> <Delay = 7.02> <FuncUnit> <Opcode : 'dexp'> <InPorts = 1> <OutPorts = 1>
ST_38 : Operation 910 [3/15] (7.02ns)   --->   "%tmp_80 = dexp i64 @llvm.exp.f64, i64 %conv369_1_3" [top.cpp:169]   --->   Operation 910 'dexp' 'tmp_80' <Predicate = true> <Delay = 7.02> <CoreInst = "DExp_fulldsp">   --->   Core 42 'DExp_fulldsp' <Latency = 14> <II = 1> <Delay = 7.02> <FuncUnit> <Opcode : 'dexp'> <InPorts = 1> <OutPorts = 1>
ST_38 : Operation 911 [2/15] (7.02ns)   --->   "%tmp_81 = dexp i64 @llvm.exp.f64, i64 %conv369_1_1" [top.cpp:169]   --->   Operation 911 'dexp' 'tmp_81' <Predicate = true> <Delay = 7.02> <CoreInst = "DExp_fulldsp">   --->   Core 42 'DExp_fulldsp' <Latency = 14> <II = 1> <Delay = 7.02> <FuncUnit> <Opcode : 'dexp'> <InPorts = 1> <OutPorts = 1>
ST_38 : Operation 912 [4/15] (7.02ns)   --->   "%tmp_82 = dexp i64 @llvm.exp.f64, i64 %conv369_1_1_1" [top.cpp:169]   --->   Operation 912 'dexp' 'tmp_82' <Predicate = true> <Delay = 7.02> <CoreInst = "DExp_fulldsp">   --->   Core 42 'DExp_fulldsp' <Latency = 14> <II = 1> <Delay = 7.02> <FuncUnit> <Opcode : 'dexp'> <InPorts = 1> <OutPorts = 1>
ST_38 : Operation 913 [5/15] (7.02ns)   --->   "%tmp_83 = dexp i64 @llvm.exp.f64, i64 %conv369_1_1_2" [top.cpp:169]   --->   Operation 913 'dexp' 'tmp_83' <Predicate = true> <Delay = 7.02> <CoreInst = "DExp_fulldsp">   --->   Core 42 'DExp_fulldsp' <Latency = 14> <II = 1> <Delay = 7.02> <FuncUnit> <Opcode : 'dexp'> <InPorts = 1> <OutPorts = 1>
ST_38 : Operation 914 [5/15] (7.02ns)   --->   "%tmp_84 = dexp i64 @llvm.exp.f64, i64 %conv369_1_2" [top.cpp:169]   --->   Operation 914 'dexp' 'tmp_84' <Predicate = true> <Delay = 7.02> <CoreInst = "DExp_fulldsp">   --->   Core 42 'DExp_fulldsp' <Latency = 14> <II = 1> <Delay = 7.02> <FuncUnit> <Opcode : 'dexp'> <InPorts = 1> <OutPorts = 1>
ST_38 : Operation 915 [6/15] (7.02ns)   --->   "%tmp_85 = dexp i64 @llvm.exp.f64, i64 %conv369_1_2_1" [top.cpp:169]   --->   Operation 915 'dexp' 'tmp_85' <Predicate = true> <Delay = 7.02> <CoreInst = "DExp_fulldsp">   --->   Core 42 'DExp_fulldsp' <Latency = 14> <II = 1> <Delay = 7.02> <FuncUnit> <Opcode : 'dexp'> <InPorts = 1> <OutPorts = 1>
ST_38 : Operation 916 [7/15] (7.02ns)   --->   "%tmp_86 = dexp i64 @llvm.exp.f64, i64 %conv369_1_2_2" [top.cpp:169]   --->   Operation 916 'dexp' 'tmp_86' <Predicate = true> <Delay = 7.02> <CoreInst = "DExp_fulldsp">   --->   Core 42 'DExp_fulldsp' <Latency = 14> <II = 1> <Delay = 7.02> <FuncUnit> <Opcode : 'dexp'> <InPorts = 1> <OutPorts = 1>

State 39 <SV = 38> <Delay = 7.02>
ST_39 : Operation 917 [2/2] (3.32ns)   --->   "%range_w = fptrunc i64 %tmp_69" [top.cpp:169]   --->   Operation 917 'fptrunc' 'range_w' <Predicate = true> <Delay = 3.32> <CoreInst = "Double2Float">   --->   Core 67 'Double2Float' <Latency = 1> <II = 1> <Delay = 3.32> <FuncUnit> <Opcode : 'fptrunc'> <InPorts = 1> <OutPorts = 1>
ST_39 : Operation 918 [1/15] (7.02ns)   --->   "%tmp_70 = dexp i64 @llvm.exp.f64, i64 %conv369_s" [top.cpp:169]   --->   Operation 918 'dexp' 'tmp_70' <Predicate = true> <Delay = 7.02> <CoreInst = "DExp_fulldsp">   --->   Core 42 'DExp_fulldsp' <Latency = 14> <II = 1> <Delay = 7.02> <FuncUnit> <Opcode : 'dexp'> <InPorts = 1> <OutPorts = 1>
ST_39 : Operation 919 [2/15] (7.02ns)   --->   "%tmp_71 = dexp i64 @llvm.exp.f64, i64 %conv369_3" [top.cpp:169]   --->   Operation 919 'dexp' 'tmp_71' <Predicate = true> <Delay = 7.02> <CoreInst = "DExp_fulldsp">   --->   Core 42 'DExp_fulldsp' <Latency = 14> <II = 1> <Delay = 7.02> <FuncUnit> <Opcode : 'dexp'> <InPorts = 1> <OutPorts = 1>
ST_39 : Operation 920 [3/15] (7.02ns)   --->   "%tmp_72 = dexp i64 @llvm.exp.f64, i64 %conv369_4" [top.cpp:169]   --->   Operation 920 'dexp' 'tmp_72' <Predicate = true> <Delay = 7.02> <CoreInst = "DExp_fulldsp">   --->   Core 42 'DExp_fulldsp' <Latency = 14> <II = 1> <Delay = 7.02> <FuncUnit> <Opcode : 'dexp'> <InPorts = 1> <OutPorts = 1>
ST_39 : Operation 921 [2/2] (3.32ns)   --->   "%range_w_18 = fptrunc i64 %tmp_73" [top.cpp:169]   --->   Operation 921 'fptrunc' 'range_w_18' <Predicate = true> <Delay = 3.32> <CoreInst = "Double2Float">   --->   Core 67 'Double2Float' <Latency = 1> <II = 1> <Delay = 3.32> <FuncUnit> <Opcode : 'fptrunc'> <InPorts = 1> <OutPorts = 1>
ST_39 : Operation 922 [3/15] (7.02ns)   --->   "%tmp_74 = dexp i64 @llvm.exp.f64, i64 %conv369_1169_2" [top.cpp:169]   --->   Operation 922 'dexp' 'tmp_74' <Predicate = true> <Delay = 7.02> <CoreInst = "DExp_fulldsp">   --->   Core 42 'DExp_fulldsp' <Latency = 14> <II = 1> <Delay = 7.02> <FuncUnit> <Opcode : 'dexp'> <InPorts = 1> <OutPorts = 1>
ST_39 : Operation 923 [4/15] (7.02ns)   --->   "%tmp_75 = dexp i64 @llvm.exp.f64, i64 %conv369_2" [top.cpp:169]   --->   Operation 923 'dexp' 'tmp_75' <Predicate = true> <Delay = 7.02> <CoreInst = "DExp_fulldsp">   --->   Core 42 'DExp_fulldsp' <Latency = 14> <II = 1> <Delay = 7.02> <FuncUnit> <Opcode : 'dexp'> <InPorts = 1> <OutPorts = 1>
ST_39 : Operation 924 [5/15] (7.02ns)   --->   "%tmp_76 = dexp i64 @llvm.exp.f64, i64 %conv369_2_1" [top.cpp:169]   --->   Operation 924 'dexp' 'tmp_76' <Predicate = true> <Delay = 7.02> <CoreInst = "DExp_fulldsp">   --->   Core 42 'DExp_fulldsp' <Latency = 14> <II = 1> <Delay = 7.02> <FuncUnit> <Opcode : 'dexp'> <InPorts = 1> <OutPorts = 1>
ST_39 : Operation 925 [5/15] (7.02ns)   --->   "%tmp_77 = dexp i64 @llvm.exp.f64, i64 %conv369_2_2" [top.cpp:169]   --->   Operation 925 'dexp' 'tmp_77' <Predicate = true> <Delay = 7.02> <CoreInst = "DExp_fulldsp">   --->   Core 42 'DExp_fulldsp' <Latency = 14> <II = 1> <Delay = 7.02> <FuncUnit> <Opcode : 'dexp'> <InPorts = 1> <OutPorts = 1>
ST_39 : Operation 926 [1/15] (7.02ns)   --->   "%tmp_78 = dexp i64 @llvm.exp.f64, i64 %conv369_1" [top.cpp:169]   --->   Operation 926 'dexp' 'tmp_78' <Predicate = true> <Delay = 7.02> <CoreInst = "DExp_fulldsp">   --->   Core 42 'DExp_fulldsp' <Latency = 14> <II = 1> <Delay = 7.02> <FuncUnit> <Opcode : 'dexp'> <InPorts = 1> <OutPorts = 1>
ST_39 : Operation 927 [2/15] (7.02ns)   --->   "%tmp_79 = dexp i64 @llvm.exp.f64, i64 %conv369_1_s" [top.cpp:169]   --->   Operation 927 'dexp' 'tmp_79' <Predicate = true> <Delay = 7.02> <CoreInst = "DExp_fulldsp">   --->   Core 42 'DExp_fulldsp' <Latency = 14> <II = 1> <Delay = 7.02> <FuncUnit> <Opcode : 'dexp'> <InPorts = 1> <OutPorts = 1>
ST_39 : Operation 928 [2/15] (7.02ns)   --->   "%tmp_80 = dexp i64 @llvm.exp.f64, i64 %conv369_1_3" [top.cpp:169]   --->   Operation 928 'dexp' 'tmp_80' <Predicate = true> <Delay = 7.02> <CoreInst = "DExp_fulldsp">   --->   Core 42 'DExp_fulldsp' <Latency = 14> <II = 1> <Delay = 7.02> <FuncUnit> <Opcode : 'dexp'> <InPorts = 1> <OutPorts = 1>
ST_39 : Operation 929 [1/15] (7.02ns)   --->   "%tmp_81 = dexp i64 @llvm.exp.f64, i64 %conv369_1_1" [top.cpp:169]   --->   Operation 929 'dexp' 'tmp_81' <Predicate = true> <Delay = 7.02> <CoreInst = "DExp_fulldsp">   --->   Core 42 'DExp_fulldsp' <Latency = 14> <II = 1> <Delay = 7.02> <FuncUnit> <Opcode : 'dexp'> <InPorts = 1> <OutPorts = 1>
ST_39 : Operation 930 [3/15] (7.02ns)   --->   "%tmp_82 = dexp i64 @llvm.exp.f64, i64 %conv369_1_1_1" [top.cpp:169]   --->   Operation 930 'dexp' 'tmp_82' <Predicate = true> <Delay = 7.02> <CoreInst = "DExp_fulldsp">   --->   Core 42 'DExp_fulldsp' <Latency = 14> <II = 1> <Delay = 7.02> <FuncUnit> <Opcode : 'dexp'> <InPorts = 1> <OutPorts = 1>
ST_39 : Operation 931 [4/15] (7.02ns)   --->   "%tmp_83 = dexp i64 @llvm.exp.f64, i64 %conv369_1_1_2" [top.cpp:169]   --->   Operation 931 'dexp' 'tmp_83' <Predicate = true> <Delay = 7.02> <CoreInst = "DExp_fulldsp">   --->   Core 42 'DExp_fulldsp' <Latency = 14> <II = 1> <Delay = 7.02> <FuncUnit> <Opcode : 'dexp'> <InPorts = 1> <OutPorts = 1>
ST_39 : Operation 932 [4/15] (7.02ns)   --->   "%tmp_84 = dexp i64 @llvm.exp.f64, i64 %conv369_1_2" [top.cpp:169]   --->   Operation 932 'dexp' 'tmp_84' <Predicate = true> <Delay = 7.02> <CoreInst = "DExp_fulldsp">   --->   Core 42 'DExp_fulldsp' <Latency = 14> <II = 1> <Delay = 7.02> <FuncUnit> <Opcode : 'dexp'> <InPorts = 1> <OutPorts = 1>
ST_39 : Operation 933 [5/15] (7.02ns)   --->   "%tmp_85 = dexp i64 @llvm.exp.f64, i64 %conv369_1_2_1" [top.cpp:169]   --->   Operation 933 'dexp' 'tmp_85' <Predicate = true> <Delay = 7.02> <CoreInst = "DExp_fulldsp">   --->   Core 42 'DExp_fulldsp' <Latency = 14> <II = 1> <Delay = 7.02> <FuncUnit> <Opcode : 'dexp'> <InPorts = 1> <OutPorts = 1>
ST_39 : Operation 934 [6/15] (7.02ns)   --->   "%tmp_86 = dexp i64 @llvm.exp.f64, i64 %conv369_1_2_2" [top.cpp:169]   --->   Operation 934 'dexp' 'tmp_86' <Predicate = true> <Delay = 7.02> <CoreInst = "DExp_fulldsp">   --->   Core 42 'DExp_fulldsp' <Latency = 14> <II = 1> <Delay = 7.02> <FuncUnit> <Opcode : 'dexp'> <InPorts = 1> <OutPorts = 1>

State 40 <SV = 39> <Delay = 7.02>
ST_40 : Operation 935 [1/2] (3.32ns)   --->   "%range_w = fptrunc i64 %tmp_69" [top.cpp:169]   --->   Operation 935 'fptrunc' 'range_w' <Predicate = true> <Delay = 3.32> <CoreInst = "Double2Float">   --->   Core 67 'Double2Float' <Latency = 1> <II = 1> <Delay = 3.32> <FuncUnit> <Opcode : 'fptrunc'> <InPorts = 1> <OutPorts = 1>
ST_40 : Operation 936 [2/2] (3.32ns)   --->   "%range_w_1 = fptrunc i64 %tmp_70" [top.cpp:169]   --->   Operation 936 'fptrunc' 'range_w_1' <Predicate = true> <Delay = 3.32> <CoreInst = "Double2Float">   --->   Core 67 'Double2Float' <Latency = 1> <II = 1> <Delay = 3.32> <FuncUnit> <Opcode : 'fptrunc'> <InPorts = 1> <OutPorts = 1>
ST_40 : Operation 937 [1/15] (7.02ns)   --->   "%tmp_71 = dexp i64 @llvm.exp.f64, i64 %conv369_3" [top.cpp:169]   --->   Operation 937 'dexp' 'tmp_71' <Predicate = true> <Delay = 7.02> <CoreInst = "DExp_fulldsp">   --->   Core 42 'DExp_fulldsp' <Latency = 14> <II = 1> <Delay = 7.02> <FuncUnit> <Opcode : 'dexp'> <InPorts = 1> <OutPorts = 1>
ST_40 : Operation 938 [2/15] (7.02ns)   --->   "%tmp_72 = dexp i64 @llvm.exp.f64, i64 %conv369_4" [top.cpp:169]   --->   Operation 938 'dexp' 'tmp_72' <Predicate = true> <Delay = 7.02> <CoreInst = "DExp_fulldsp">   --->   Core 42 'DExp_fulldsp' <Latency = 14> <II = 1> <Delay = 7.02> <FuncUnit> <Opcode : 'dexp'> <InPorts = 1> <OutPorts = 1>
ST_40 : Operation 939 [1/2] (3.32ns)   --->   "%range_w_18 = fptrunc i64 %tmp_73" [top.cpp:169]   --->   Operation 939 'fptrunc' 'range_w_18' <Predicate = true> <Delay = 3.32> <CoreInst = "Double2Float">   --->   Core 67 'Double2Float' <Latency = 1> <II = 1> <Delay = 3.32> <FuncUnit> <Opcode : 'fptrunc'> <InPorts = 1> <OutPorts = 1>
ST_40 : Operation 940 [2/15] (7.02ns)   --->   "%tmp_74 = dexp i64 @llvm.exp.f64, i64 %conv369_1169_2" [top.cpp:169]   --->   Operation 940 'dexp' 'tmp_74' <Predicate = true> <Delay = 7.02> <CoreInst = "DExp_fulldsp">   --->   Core 42 'DExp_fulldsp' <Latency = 14> <II = 1> <Delay = 7.02> <FuncUnit> <Opcode : 'dexp'> <InPorts = 1> <OutPorts = 1>
ST_40 : Operation 941 [3/15] (7.02ns)   --->   "%tmp_75 = dexp i64 @llvm.exp.f64, i64 %conv369_2" [top.cpp:169]   --->   Operation 941 'dexp' 'tmp_75' <Predicate = true> <Delay = 7.02> <CoreInst = "DExp_fulldsp">   --->   Core 42 'DExp_fulldsp' <Latency = 14> <II = 1> <Delay = 7.02> <FuncUnit> <Opcode : 'dexp'> <InPorts = 1> <OutPorts = 1>
ST_40 : Operation 942 [4/15] (7.02ns)   --->   "%tmp_76 = dexp i64 @llvm.exp.f64, i64 %conv369_2_1" [top.cpp:169]   --->   Operation 942 'dexp' 'tmp_76' <Predicate = true> <Delay = 7.02> <CoreInst = "DExp_fulldsp">   --->   Core 42 'DExp_fulldsp' <Latency = 14> <II = 1> <Delay = 7.02> <FuncUnit> <Opcode : 'dexp'> <InPorts = 1> <OutPorts = 1>
ST_40 : Operation 943 [4/15] (7.02ns)   --->   "%tmp_77 = dexp i64 @llvm.exp.f64, i64 %conv369_2_2" [top.cpp:169]   --->   Operation 943 'dexp' 'tmp_77' <Predicate = true> <Delay = 7.02> <CoreInst = "DExp_fulldsp">   --->   Core 42 'DExp_fulldsp' <Latency = 14> <II = 1> <Delay = 7.02> <FuncUnit> <Opcode : 'dexp'> <InPorts = 1> <OutPorts = 1>
ST_40 : Operation 944 [2/2] (3.32ns)   --->   "%range_w_9 = fptrunc i64 %tmp_78" [top.cpp:169]   --->   Operation 944 'fptrunc' 'range_w_9' <Predicate = true> <Delay = 3.32> <CoreInst = "Double2Float">   --->   Core 67 'Double2Float' <Latency = 1> <II = 1> <Delay = 3.32> <FuncUnit> <Opcode : 'fptrunc'> <InPorts = 1> <OutPorts = 1>
ST_40 : Operation 945 [1/15] (7.02ns)   --->   "%tmp_79 = dexp i64 @llvm.exp.f64, i64 %conv369_1_s" [top.cpp:169]   --->   Operation 945 'dexp' 'tmp_79' <Predicate = true> <Delay = 7.02> <CoreInst = "DExp_fulldsp">   --->   Core 42 'DExp_fulldsp' <Latency = 14> <II = 1> <Delay = 7.02> <FuncUnit> <Opcode : 'dexp'> <InPorts = 1> <OutPorts = 1>
ST_40 : Operation 946 [1/15] (7.02ns)   --->   "%tmp_80 = dexp i64 @llvm.exp.f64, i64 %conv369_1_3" [top.cpp:169]   --->   Operation 946 'dexp' 'tmp_80' <Predicate = true> <Delay = 7.02> <CoreInst = "DExp_fulldsp">   --->   Core 42 'DExp_fulldsp' <Latency = 14> <II = 1> <Delay = 7.02> <FuncUnit> <Opcode : 'dexp'> <InPorts = 1> <OutPorts = 1>
ST_40 : Operation 947 [2/2] (3.32ns)   --->   "%range_w_12 = fptrunc i64 %tmp_81" [top.cpp:169]   --->   Operation 947 'fptrunc' 'range_w_12' <Predicate = true> <Delay = 3.32> <CoreInst = "Double2Float">   --->   Core 67 'Double2Float' <Latency = 1> <II = 1> <Delay = 3.32> <FuncUnit> <Opcode : 'fptrunc'> <InPorts = 1> <OutPorts = 1>
ST_40 : Operation 948 [2/15] (7.02ns)   --->   "%tmp_82 = dexp i64 @llvm.exp.f64, i64 %conv369_1_1_1" [top.cpp:169]   --->   Operation 948 'dexp' 'tmp_82' <Predicate = true> <Delay = 7.02> <CoreInst = "DExp_fulldsp">   --->   Core 42 'DExp_fulldsp' <Latency = 14> <II = 1> <Delay = 7.02> <FuncUnit> <Opcode : 'dexp'> <InPorts = 1> <OutPorts = 1>
ST_40 : Operation 949 [3/15] (7.02ns)   --->   "%tmp_83 = dexp i64 @llvm.exp.f64, i64 %conv369_1_1_2" [top.cpp:169]   --->   Operation 949 'dexp' 'tmp_83' <Predicate = true> <Delay = 7.02> <CoreInst = "DExp_fulldsp">   --->   Core 42 'DExp_fulldsp' <Latency = 14> <II = 1> <Delay = 7.02> <FuncUnit> <Opcode : 'dexp'> <InPorts = 1> <OutPorts = 1>
ST_40 : Operation 950 [3/15] (7.02ns)   --->   "%tmp_84 = dexp i64 @llvm.exp.f64, i64 %conv369_1_2" [top.cpp:169]   --->   Operation 950 'dexp' 'tmp_84' <Predicate = true> <Delay = 7.02> <CoreInst = "DExp_fulldsp">   --->   Core 42 'DExp_fulldsp' <Latency = 14> <II = 1> <Delay = 7.02> <FuncUnit> <Opcode : 'dexp'> <InPorts = 1> <OutPorts = 1>
ST_40 : Operation 951 [4/15] (7.02ns)   --->   "%tmp_85 = dexp i64 @llvm.exp.f64, i64 %conv369_1_2_1" [top.cpp:169]   --->   Operation 951 'dexp' 'tmp_85' <Predicate = true> <Delay = 7.02> <CoreInst = "DExp_fulldsp">   --->   Core 42 'DExp_fulldsp' <Latency = 14> <II = 1> <Delay = 7.02> <FuncUnit> <Opcode : 'dexp'> <InPorts = 1> <OutPorts = 1>
ST_40 : Operation 952 [5/15] (7.02ns)   --->   "%tmp_86 = dexp i64 @llvm.exp.f64, i64 %conv369_1_2_2" [top.cpp:169]   --->   Operation 952 'dexp' 'tmp_86' <Predicate = true> <Delay = 7.02> <CoreInst = "DExp_fulldsp">   --->   Core 42 'DExp_fulldsp' <Latency = 14> <II = 1> <Delay = 7.02> <FuncUnit> <Opcode : 'dexp'> <InPorts = 1> <OutPorts = 1>

State 41 <SV = 40> <Delay = 7.02>
ST_41 : Operation 953 [4/4] (4.67ns)   --->   "%combined_w = fmul i32 %range_w, i32 0.367879" [top.cpp:170]   --->   Operation 953 'fmul' 'combined_w' <Predicate = true> <Delay = 4.67> <CoreInst = "FMul_maxdsp">   --->   Core 30 'FMul_maxdsp' <Latency = 3> <II = 1> <Delay = 4.67> <FuncUnit> <Opcode : 'fmul'> <InPorts = 2> <OutPorts = 1>
ST_41 : Operation 954 [1/2] (3.32ns)   --->   "%range_w_1 = fptrunc i64 %tmp_70" [top.cpp:169]   --->   Operation 954 'fptrunc' 'range_w_1' <Predicate = true> <Delay = 3.32> <CoreInst = "Double2Float">   --->   Core 67 'Double2Float' <Latency = 1> <II = 1> <Delay = 3.32> <FuncUnit> <Opcode : 'fptrunc'> <InPorts = 1> <OutPorts = 1>
ST_41 : Operation 955 [2/2] (3.32ns)   --->   "%range_w_2 = fptrunc i64 %tmp_71" [top.cpp:169]   --->   Operation 955 'fptrunc' 'range_w_2' <Predicate = true> <Delay = 3.32> <CoreInst = "Double2Float">   --->   Core 67 'Double2Float' <Latency = 1> <II = 1> <Delay = 3.32> <FuncUnit> <Opcode : 'fptrunc'> <InPorts = 1> <OutPorts = 1>
ST_41 : Operation 956 [1/15] (7.02ns)   --->   "%tmp_72 = dexp i64 @llvm.exp.f64, i64 %conv369_4" [top.cpp:169]   --->   Operation 956 'dexp' 'tmp_72' <Predicate = true> <Delay = 7.02> <CoreInst = "DExp_fulldsp">   --->   Core 42 'DExp_fulldsp' <Latency = 14> <II = 1> <Delay = 7.02> <FuncUnit> <Opcode : 'dexp'> <InPorts = 1> <OutPorts = 1>
ST_41 : Operation 957 [4/4] (4.67ns)   --->   "%mul372_1172_1 = fmul i32 %center_1, i32 %range_w_18" [top.cpp:172]   --->   Operation 957 'fmul' 'mul372_1172_1' <Predicate = true> <Delay = 4.67> <CoreInst = "FMul_maxdsp">   --->   Core 30 'FMul_maxdsp' <Latency = 3> <II = 1> <Delay = 4.67> <FuncUnit> <Opcode : 'fmul'> <InPorts = 2> <OutPorts = 1>
ST_41 : Operation 958 [1/15] (7.02ns)   --->   "%tmp_74 = dexp i64 @llvm.exp.f64, i64 %conv369_1169_2" [top.cpp:169]   --->   Operation 958 'dexp' 'tmp_74' <Predicate = true> <Delay = 7.02> <CoreInst = "DExp_fulldsp">   --->   Core 42 'DExp_fulldsp' <Latency = 14> <II = 1> <Delay = 7.02> <FuncUnit> <Opcode : 'dexp'> <InPorts = 1> <OutPorts = 1>
ST_41 : Operation 959 [2/15] (7.02ns)   --->   "%tmp_75 = dexp i64 @llvm.exp.f64, i64 %conv369_2" [top.cpp:169]   --->   Operation 959 'dexp' 'tmp_75' <Predicate = true> <Delay = 7.02> <CoreInst = "DExp_fulldsp">   --->   Core 42 'DExp_fulldsp' <Latency = 14> <II = 1> <Delay = 7.02> <FuncUnit> <Opcode : 'dexp'> <InPorts = 1> <OutPorts = 1>
ST_41 : Operation 960 [3/15] (7.02ns)   --->   "%tmp_76 = dexp i64 @llvm.exp.f64, i64 %conv369_2_1" [top.cpp:169]   --->   Operation 960 'dexp' 'tmp_76' <Predicate = true> <Delay = 7.02> <CoreInst = "DExp_fulldsp">   --->   Core 42 'DExp_fulldsp' <Latency = 14> <II = 1> <Delay = 7.02> <FuncUnit> <Opcode : 'dexp'> <InPorts = 1> <OutPorts = 1>
ST_41 : Operation 961 [3/15] (7.02ns)   --->   "%tmp_77 = dexp i64 @llvm.exp.f64, i64 %conv369_2_2" [top.cpp:169]   --->   Operation 961 'dexp' 'tmp_77' <Predicate = true> <Delay = 7.02> <CoreInst = "DExp_fulldsp">   --->   Core 42 'DExp_fulldsp' <Latency = 14> <II = 1> <Delay = 7.02> <FuncUnit> <Opcode : 'dexp'> <InPorts = 1> <OutPorts = 1>
ST_41 : Operation 962 [1/2] (3.32ns)   --->   "%range_w_9 = fptrunc i64 %tmp_78" [top.cpp:169]   --->   Operation 962 'fptrunc' 'range_w_9' <Predicate = true> <Delay = 3.32> <CoreInst = "Double2Float">   --->   Core 67 'Double2Float' <Latency = 1> <II = 1> <Delay = 3.32> <FuncUnit> <Opcode : 'fptrunc'> <InPorts = 1> <OutPorts = 1>
ST_41 : Operation 963 [2/2] (3.32ns)   --->   "%range_w_10 = fptrunc i64 %tmp_79" [top.cpp:169]   --->   Operation 963 'fptrunc' 'range_w_10' <Predicate = true> <Delay = 3.32> <CoreInst = "Double2Float">   --->   Core 67 'Double2Float' <Latency = 1> <II = 1> <Delay = 3.32> <FuncUnit> <Opcode : 'fptrunc'> <InPorts = 1> <OutPorts = 1>
ST_41 : Operation 964 [2/2] (3.32ns)   --->   "%range_w_11 = fptrunc i64 %tmp_80" [top.cpp:169]   --->   Operation 964 'fptrunc' 'range_w_11' <Predicate = true> <Delay = 3.32> <CoreInst = "Double2Float">   --->   Core 67 'Double2Float' <Latency = 1> <II = 1> <Delay = 3.32> <FuncUnit> <Opcode : 'fptrunc'> <InPorts = 1> <OutPorts = 1>
ST_41 : Operation 965 [1/2] (3.32ns)   --->   "%range_w_12 = fptrunc i64 %tmp_81" [top.cpp:169]   --->   Operation 965 'fptrunc' 'range_w_12' <Predicate = true> <Delay = 3.32> <CoreInst = "Double2Float">   --->   Core 67 'Double2Float' <Latency = 1> <II = 1> <Delay = 3.32> <FuncUnit> <Opcode : 'fptrunc'> <InPorts = 1> <OutPorts = 1>
ST_41 : Operation 966 [1/15] (7.02ns)   --->   "%tmp_82 = dexp i64 @llvm.exp.f64, i64 %conv369_1_1_1" [top.cpp:169]   --->   Operation 966 'dexp' 'tmp_82' <Predicate = true> <Delay = 7.02> <CoreInst = "DExp_fulldsp">   --->   Core 42 'DExp_fulldsp' <Latency = 14> <II = 1> <Delay = 7.02> <FuncUnit> <Opcode : 'dexp'> <InPorts = 1> <OutPorts = 1>
ST_41 : Operation 967 [2/15] (7.02ns)   --->   "%tmp_83 = dexp i64 @llvm.exp.f64, i64 %conv369_1_1_2" [top.cpp:169]   --->   Operation 967 'dexp' 'tmp_83' <Predicate = true> <Delay = 7.02> <CoreInst = "DExp_fulldsp">   --->   Core 42 'DExp_fulldsp' <Latency = 14> <II = 1> <Delay = 7.02> <FuncUnit> <Opcode : 'dexp'> <InPorts = 1> <OutPorts = 1>
ST_41 : Operation 968 [2/15] (7.02ns)   --->   "%tmp_84 = dexp i64 @llvm.exp.f64, i64 %conv369_1_2" [top.cpp:169]   --->   Operation 968 'dexp' 'tmp_84' <Predicate = true> <Delay = 7.02> <CoreInst = "DExp_fulldsp">   --->   Core 42 'DExp_fulldsp' <Latency = 14> <II = 1> <Delay = 7.02> <FuncUnit> <Opcode : 'dexp'> <InPorts = 1> <OutPorts = 1>
ST_41 : Operation 969 [3/15] (7.02ns)   --->   "%tmp_85 = dexp i64 @llvm.exp.f64, i64 %conv369_1_2_1" [top.cpp:169]   --->   Operation 969 'dexp' 'tmp_85' <Predicate = true> <Delay = 7.02> <CoreInst = "DExp_fulldsp">   --->   Core 42 'DExp_fulldsp' <Latency = 14> <II = 1> <Delay = 7.02> <FuncUnit> <Opcode : 'dexp'> <InPorts = 1> <OutPorts = 1>
ST_41 : Operation 970 [4/15] (7.02ns)   --->   "%tmp_86 = dexp i64 @llvm.exp.f64, i64 %conv369_1_2_2" [top.cpp:169]   --->   Operation 970 'dexp' 'tmp_86' <Predicate = true> <Delay = 7.02> <CoreInst = "DExp_fulldsp">   --->   Core 42 'DExp_fulldsp' <Latency = 14> <II = 1> <Delay = 7.02> <FuncUnit> <Opcode : 'dexp'> <InPorts = 1> <OutPorts = 1>

State 42 <SV = 41> <Delay = 7.02>
ST_42 : Operation 971 [3/4] (4.67ns)   --->   "%combined_w = fmul i32 %range_w, i32 0.367879" [top.cpp:170]   --->   Operation 971 'fmul' 'combined_w' <Predicate = true> <Delay = 4.67> <CoreInst = "FMul_maxdsp">   --->   Core 30 'FMul_maxdsp' <Latency = 3> <II = 1> <Delay = 4.67> <FuncUnit> <Opcode : 'fmul'> <InPorts = 2> <OutPorts = 1>
ST_42 : Operation 972 [4/4] (4.67ns)   --->   "%combined_w_1 = fmul i32 %range_w_1, i32 0.606531" [top.cpp:170]   --->   Operation 972 'fmul' 'combined_w_1' <Predicate = true> <Delay = 4.67> <CoreInst = "FMul_maxdsp">   --->   Core 30 'FMul_maxdsp' <Latency = 3> <II = 1> <Delay = 4.67> <FuncUnit> <Opcode : 'fmul'> <InPorts = 2> <OutPorts = 1>
ST_42 : Operation 973 [1/2] (3.32ns)   --->   "%range_w_2 = fptrunc i64 %tmp_71" [top.cpp:169]   --->   Operation 973 'fptrunc' 'range_w_2' <Predicate = true> <Delay = 3.32> <CoreInst = "Double2Float">   --->   Core 67 'Double2Float' <Latency = 1> <II = 1> <Delay = 3.32> <FuncUnit> <Opcode : 'fptrunc'> <InPorts = 1> <OutPorts = 1>
ST_42 : Operation 974 [2/2] (3.32ns)   --->   "%range_w_3 = fptrunc i64 %tmp_72" [top.cpp:169]   --->   Operation 974 'fptrunc' 'range_w_3' <Predicate = true> <Delay = 3.32> <CoreInst = "Double2Float">   --->   Core 67 'Double2Float' <Latency = 1> <II = 1> <Delay = 3.32> <FuncUnit> <Opcode : 'fptrunc'> <InPorts = 1> <OutPorts = 1>
ST_42 : Operation 975 [3/4] (4.67ns)   --->   "%mul372_1172_1 = fmul i32 %center_1, i32 %range_w_18" [top.cpp:172]   --->   Operation 975 'fmul' 'mul372_1172_1' <Predicate = true> <Delay = 4.67> <CoreInst = "FMul_maxdsp">   --->   Core 30 'FMul_maxdsp' <Latency = 3> <II = 1> <Delay = 4.67> <FuncUnit> <Opcode : 'fmul'> <InPorts = 2> <OutPorts = 1>
ST_42 : Operation 976 [2/2] (3.32ns)   --->   "%range_w_5 = fptrunc i64 %tmp_74" [top.cpp:169]   --->   Operation 976 'fptrunc' 'range_w_5' <Predicate = true> <Delay = 3.32> <CoreInst = "Double2Float">   --->   Core 67 'Double2Float' <Latency = 1> <II = 1> <Delay = 3.32> <FuncUnit> <Opcode : 'fptrunc'> <InPorts = 1> <OutPorts = 1>
ST_42 : Operation 977 [1/15] (7.02ns)   --->   "%tmp_75 = dexp i64 @llvm.exp.f64, i64 %conv369_2" [top.cpp:169]   --->   Operation 977 'dexp' 'tmp_75' <Predicate = true> <Delay = 7.02> <CoreInst = "DExp_fulldsp">   --->   Core 42 'DExp_fulldsp' <Latency = 14> <II = 1> <Delay = 7.02> <FuncUnit> <Opcode : 'dexp'> <InPorts = 1> <OutPorts = 1>
ST_42 : Operation 978 [2/15] (7.02ns)   --->   "%tmp_76 = dexp i64 @llvm.exp.f64, i64 %conv369_2_1" [top.cpp:169]   --->   Operation 978 'dexp' 'tmp_76' <Predicate = true> <Delay = 7.02> <CoreInst = "DExp_fulldsp">   --->   Core 42 'DExp_fulldsp' <Latency = 14> <II = 1> <Delay = 7.02> <FuncUnit> <Opcode : 'dexp'> <InPorts = 1> <OutPorts = 1>
ST_42 : Operation 979 [2/15] (7.02ns)   --->   "%tmp_77 = dexp i64 @llvm.exp.f64, i64 %conv369_2_2" [top.cpp:169]   --->   Operation 979 'dexp' 'tmp_77' <Predicate = true> <Delay = 7.02> <CoreInst = "DExp_fulldsp">   --->   Core 42 'DExp_fulldsp' <Latency = 14> <II = 1> <Delay = 7.02> <FuncUnit> <Opcode : 'dexp'> <InPorts = 1> <OutPorts = 1>
ST_42 : Operation 980 [4/4] (4.67ns)   --->   "%combined_w_9 = fmul i32 %range_w_9, i32 0.367879" [top.cpp:170]   --->   Operation 980 'fmul' 'combined_w_9' <Predicate = true> <Delay = 4.67> <CoreInst = "FMul_maxdsp">   --->   Core 30 'FMul_maxdsp' <Latency = 3> <II = 1> <Delay = 4.67> <FuncUnit> <Opcode : 'fmul'> <InPorts = 2> <OutPorts = 1>
ST_42 : Operation 981 [1/2] (3.32ns)   --->   "%range_w_10 = fptrunc i64 %tmp_79" [top.cpp:169]   --->   Operation 981 'fptrunc' 'range_w_10' <Predicate = true> <Delay = 3.32> <CoreInst = "Double2Float">   --->   Core 67 'Double2Float' <Latency = 1> <II = 1> <Delay = 3.32> <FuncUnit> <Opcode : 'fptrunc'> <InPorts = 1> <OutPorts = 1>
ST_42 : Operation 982 [1/2] (3.32ns)   --->   "%range_w_11 = fptrunc i64 %tmp_80" [top.cpp:169]   --->   Operation 982 'fptrunc' 'range_w_11' <Predicate = true> <Delay = 3.32> <CoreInst = "Double2Float">   --->   Core 67 'Double2Float' <Latency = 1> <II = 1> <Delay = 3.32> <FuncUnit> <Opcode : 'fptrunc'> <InPorts = 1> <OutPorts = 1>
ST_42 : Operation 983 [4/4] (4.67ns)   --->   "%combined_w_12 = fmul i32 %range_w_12, i32 0.606531" [top.cpp:170]   --->   Operation 983 'fmul' 'combined_w_12' <Predicate = true> <Delay = 4.67> <CoreInst = "FMul_maxdsp">   --->   Core 30 'FMul_maxdsp' <Latency = 3> <II = 1> <Delay = 4.67> <FuncUnit> <Opcode : 'fmul'> <InPorts = 2> <OutPorts = 1>
ST_42 : Operation 984 [2/2] (3.32ns)   --->   "%range_w_19 = fptrunc i64 %tmp_82" [top.cpp:169]   --->   Operation 984 'fptrunc' 'range_w_19' <Predicate = true> <Delay = 3.32> <CoreInst = "Double2Float">   --->   Core 67 'Double2Float' <Latency = 1> <II = 1> <Delay = 3.32> <FuncUnit> <Opcode : 'fptrunc'> <InPorts = 1> <OutPorts = 1>
ST_42 : Operation 985 [1/15] (7.02ns)   --->   "%tmp_83 = dexp i64 @llvm.exp.f64, i64 %conv369_1_1_2" [top.cpp:169]   --->   Operation 985 'dexp' 'tmp_83' <Predicate = true> <Delay = 7.02> <CoreInst = "DExp_fulldsp">   --->   Core 42 'DExp_fulldsp' <Latency = 14> <II = 1> <Delay = 7.02> <FuncUnit> <Opcode : 'dexp'> <InPorts = 1> <OutPorts = 1>
ST_42 : Operation 986 [1/15] (7.02ns)   --->   "%tmp_84 = dexp i64 @llvm.exp.f64, i64 %conv369_1_2" [top.cpp:169]   --->   Operation 986 'dexp' 'tmp_84' <Predicate = true> <Delay = 7.02> <CoreInst = "DExp_fulldsp">   --->   Core 42 'DExp_fulldsp' <Latency = 14> <II = 1> <Delay = 7.02> <FuncUnit> <Opcode : 'dexp'> <InPorts = 1> <OutPorts = 1>
ST_42 : Operation 987 [2/15] (7.02ns)   --->   "%tmp_85 = dexp i64 @llvm.exp.f64, i64 %conv369_1_2_1" [top.cpp:169]   --->   Operation 987 'dexp' 'tmp_85' <Predicate = true> <Delay = 7.02> <CoreInst = "DExp_fulldsp">   --->   Core 42 'DExp_fulldsp' <Latency = 14> <II = 1> <Delay = 7.02> <FuncUnit> <Opcode : 'dexp'> <InPorts = 1> <OutPorts = 1>
ST_42 : Operation 988 [3/15] (7.02ns)   --->   "%tmp_86 = dexp i64 @llvm.exp.f64, i64 %conv369_1_2_2" [top.cpp:169]   --->   Operation 988 'dexp' 'tmp_86' <Predicate = true> <Delay = 7.02> <CoreInst = "DExp_fulldsp">   --->   Core 42 'DExp_fulldsp' <Latency = 14> <II = 1> <Delay = 7.02> <FuncUnit> <Opcode : 'dexp'> <InPorts = 1> <OutPorts = 1>

State 43 <SV = 42> <Delay = 7.02>
ST_43 : Operation 989 [2/4] (4.67ns)   --->   "%combined_w = fmul i32 %range_w, i32 0.367879" [top.cpp:170]   --->   Operation 989 'fmul' 'combined_w' <Predicate = true> <Delay = 4.67> <CoreInst = "FMul_maxdsp">   --->   Core 30 'FMul_maxdsp' <Latency = 3> <II = 1> <Delay = 4.67> <FuncUnit> <Opcode : 'fmul'> <InPorts = 2> <OutPorts = 1>
ST_43 : Operation 990 [3/4] (4.67ns)   --->   "%combined_w_1 = fmul i32 %range_w_1, i32 0.606531" [top.cpp:170]   --->   Operation 990 'fmul' 'combined_w_1' <Predicate = true> <Delay = 4.67> <CoreInst = "FMul_maxdsp">   --->   Core 30 'FMul_maxdsp' <Latency = 3> <II = 1> <Delay = 4.67> <FuncUnit> <Opcode : 'fmul'> <InPorts = 2> <OutPorts = 1>
ST_43 : Operation 991 [4/4] (4.67ns)   --->   "%combined_w_2 = fmul i32 %range_w_2, i32 0.367879" [top.cpp:170]   --->   Operation 991 'fmul' 'combined_w_2' <Predicate = true> <Delay = 4.67> <CoreInst = "FMul_maxdsp">   --->   Core 30 'FMul_maxdsp' <Latency = 3> <II = 1> <Delay = 4.67> <FuncUnit> <Opcode : 'fmul'> <InPorts = 2> <OutPorts = 1>
ST_43 : Operation 992 [1/2] (3.32ns)   --->   "%range_w_3 = fptrunc i64 %tmp_72" [top.cpp:169]   --->   Operation 992 'fptrunc' 'range_w_3' <Predicate = true> <Delay = 3.32> <CoreInst = "Double2Float">   --->   Core 67 'Double2Float' <Latency = 1> <II = 1> <Delay = 3.32> <FuncUnit> <Opcode : 'fptrunc'> <InPorts = 1> <OutPorts = 1>
ST_43 : Operation 993 [2/4] (4.67ns)   --->   "%mul372_1172_1 = fmul i32 %center_1, i32 %range_w_18" [top.cpp:172]   --->   Operation 993 'fmul' 'mul372_1172_1' <Predicate = true> <Delay = 4.67> <CoreInst = "FMul_maxdsp">   --->   Core 30 'FMul_maxdsp' <Latency = 3> <II = 1> <Delay = 4.67> <FuncUnit> <Opcode : 'fmul'> <InPorts = 2> <OutPorts = 1>
ST_43 : Operation 994 [1/2] (3.32ns)   --->   "%range_w_5 = fptrunc i64 %tmp_74" [top.cpp:169]   --->   Operation 994 'fptrunc' 'range_w_5' <Predicate = true> <Delay = 3.32> <CoreInst = "Double2Float">   --->   Core 67 'Double2Float' <Latency = 1> <II = 1> <Delay = 3.32> <FuncUnit> <Opcode : 'fptrunc'> <InPorts = 1> <OutPorts = 1>
ST_43 : Operation 995 [2/2] (3.32ns)   --->   "%range_w_6 = fptrunc i64 %tmp_75" [top.cpp:169]   --->   Operation 995 'fptrunc' 'range_w_6' <Predicate = true> <Delay = 3.32> <CoreInst = "Double2Float">   --->   Core 67 'Double2Float' <Latency = 1> <II = 1> <Delay = 3.32> <FuncUnit> <Opcode : 'fptrunc'> <InPorts = 1> <OutPorts = 1>
ST_43 : Operation 996 [1/15] (7.02ns)   --->   "%tmp_76 = dexp i64 @llvm.exp.f64, i64 %conv369_2_1" [top.cpp:169]   --->   Operation 996 'dexp' 'tmp_76' <Predicate = true> <Delay = 7.02> <CoreInst = "DExp_fulldsp">   --->   Core 42 'DExp_fulldsp' <Latency = 14> <II = 1> <Delay = 7.02> <FuncUnit> <Opcode : 'dexp'> <InPorts = 1> <OutPorts = 1>
ST_43 : Operation 997 [1/15] (7.02ns)   --->   "%tmp_77 = dexp i64 @llvm.exp.f64, i64 %conv369_2_2" [top.cpp:169]   --->   Operation 997 'dexp' 'tmp_77' <Predicate = true> <Delay = 7.02> <CoreInst = "DExp_fulldsp">   --->   Core 42 'DExp_fulldsp' <Latency = 14> <II = 1> <Delay = 7.02> <FuncUnit> <Opcode : 'dexp'> <InPorts = 1> <OutPorts = 1>
ST_43 : Operation 998 [3/4] (4.67ns)   --->   "%combined_w_9 = fmul i32 %range_w_9, i32 0.367879" [top.cpp:170]   --->   Operation 998 'fmul' 'combined_w_9' <Predicate = true> <Delay = 4.67> <CoreInst = "FMul_maxdsp">   --->   Core 30 'FMul_maxdsp' <Latency = 3> <II = 1> <Delay = 4.67> <FuncUnit> <Opcode : 'fmul'> <InPorts = 2> <OutPorts = 1>
ST_43 : Operation 999 [4/4] (4.67ns)   --->   "%combined_w_10 = fmul i32 %range_w_10, i32 0.606531" [top.cpp:170]   --->   Operation 999 'fmul' 'combined_w_10' <Predicate = true> <Delay = 4.67> <CoreInst = "FMul_maxdsp">   --->   Core 30 'FMul_maxdsp' <Latency = 3> <II = 1> <Delay = 4.67> <FuncUnit> <Opcode : 'fmul'> <InPorts = 2> <OutPorts = 1>
ST_43 : Operation 1000 [4/4] (4.67ns)   --->   "%combined_w_11 = fmul i32 %range_w_11, i32 0.367879" [top.cpp:170]   --->   Operation 1000 'fmul' 'combined_w_11' <Predicate = true> <Delay = 4.67> <CoreInst = "FMul_maxdsp">   --->   Core 30 'FMul_maxdsp' <Latency = 3> <II = 1> <Delay = 4.67> <FuncUnit> <Opcode : 'fmul'> <InPorts = 2> <OutPorts = 1>
ST_43 : Operation 1001 [3/4] (4.67ns)   --->   "%combined_w_12 = fmul i32 %range_w_12, i32 0.606531" [top.cpp:170]   --->   Operation 1001 'fmul' 'combined_w_12' <Predicate = true> <Delay = 4.67> <CoreInst = "FMul_maxdsp">   --->   Core 30 'FMul_maxdsp' <Latency = 3> <II = 1> <Delay = 4.67> <FuncUnit> <Opcode : 'fmul'> <InPorts = 2> <OutPorts = 1>
ST_43 : Operation 1002 [1/2] (3.32ns)   --->   "%range_w_19 = fptrunc i64 %tmp_82" [top.cpp:169]   --->   Operation 1002 'fptrunc' 'range_w_19' <Predicate = true> <Delay = 3.32> <CoreInst = "Double2Float">   --->   Core 67 'Double2Float' <Latency = 1> <II = 1> <Delay = 3.32> <FuncUnit> <Opcode : 'fptrunc'> <InPorts = 1> <OutPorts = 1>
ST_43 : Operation 1003 [2/2] (3.32ns)   --->   "%range_w_14 = fptrunc i64 %tmp_83" [top.cpp:169]   --->   Operation 1003 'fptrunc' 'range_w_14' <Predicate = true> <Delay = 3.32> <CoreInst = "Double2Float">   --->   Core 67 'Double2Float' <Latency = 1> <II = 1> <Delay = 3.32> <FuncUnit> <Opcode : 'fptrunc'> <InPorts = 1> <OutPorts = 1>
ST_43 : Operation 1004 [2/2] (3.32ns)   --->   "%range_w_15 = fptrunc i64 %tmp_84" [top.cpp:169]   --->   Operation 1004 'fptrunc' 'range_w_15' <Predicate = true> <Delay = 3.32> <CoreInst = "Double2Float">   --->   Core 67 'Double2Float' <Latency = 1> <II = 1> <Delay = 3.32> <FuncUnit> <Opcode : 'fptrunc'> <InPorts = 1> <OutPorts = 1>
ST_43 : Operation 1005 [1/15] (7.02ns)   --->   "%tmp_85 = dexp i64 @llvm.exp.f64, i64 %conv369_1_2_1" [top.cpp:169]   --->   Operation 1005 'dexp' 'tmp_85' <Predicate = true> <Delay = 7.02> <CoreInst = "DExp_fulldsp">   --->   Core 42 'DExp_fulldsp' <Latency = 14> <II = 1> <Delay = 7.02> <FuncUnit> <Opcode : 'dexp'> <InPorts = 1> <OutPorts = 1>
ST_43 : Operation 1006 [2/15] (7.02ns)   --->   "%tmp_86 = dexp i64 @llvm.exp.f64, i64 %conv369_1_2_2" [top.cpp:169]   --->   Operation 1006 'dexp' 'tmp_86' <Predicate = true> <Delay = 7.02> <CoreInst = "DExp_fulldsp">   --->   Core 42 'DExp_fulldsp' <Latency = 14> <II = 1> <Delay = 7.02> <FuncUnit> <Opcode : 'dexp'> <InPorts = 1> <OutPorts = 1>

State 44 <SV = 43> <Delay = 7.02>
ST_44 : Operation 1007 [1/4] (4.67ns)   --->   "%combined_w = fmul i32 %range_w, i32 0.367879" [top.cpp:170]   --->   Operation 1007 'fmul' 'combined_w' <Predicate = true> <Delay = 4.67> <CoreInst = "FMul_maxdsp">   --->   Core 30 'FMul_maxdsp' <Latency = 3> <II = 1> <Delay = 4.67> <FuncUnit> <Opcode : 'fmul'> <InPorts = 2> <OutPorts = 1>
ST_44 : Operation 1008 [2/4] (4.67ns)   --->   "%combined_w_1 = fmul i32 %range_w_1, i32 0.606531" [top.cpp:170]   --->   Operation 1008 'fmul' 'combined_w_1' <Predicate = true> <Delay = 4.67> <CoreInst = "FMul_maxdsp">   --->   Core 30 'FMul_maxdsp' <Latency = 3> <II = 1> <Delay = 4.67> <FuncUnit> <Opcode : 'fmul'> <InPorts = 2> <OutPorts = 1>
ST_44 : Operation 1009 [3/4] (4.67ns)   --->   "%combined_w_2 = fmul i32 %range_w_2, i32 0.367879" [top.cpp:170]   --->   Operation 1009 'fmul' 'combined_w_2' <Predicate = true> <Delay = 4.67> <CoreInst = "FMul_maxdsp">   --->   Core 30 'FMul_maxdsp' <Latency = 3> <II = 1> <Delay = 4.67> <FuncUnit> <Opcode : 'fmul'> <InPorts = 2> <OutPorts = 1>
ST_44 : Operation 1010 [4/4] (4.67ns)   --->   "%combined_w_3 = fmul i32 %range_w_3, i32 0.606531" [top.cpp:170]   --->   Operation 1010 'fmul' 'combined_w_3' <Predicate = true> <Delay = 4.67> <CoreInst = "FMul_maxdsp">   --->   Core 30 'FMul_maxdsp' <Latency = 3> <II = 1> <Delay = 4.67> <FuncUnit> <Opcode : 'fmul'> <InPorts = 2> <OutPorts = 1>
ST_44 : Operation 1011 [1/4] (4.67ns)   --->   "%mul372_1172_1 = fmul i32 %center_1, i32 %range_w_18" [top.cpp:172]   --->   Operation 1011 'fmul' 'mul372_1172_1' <Predicate = true> <Delay = 4.67> <CoreInst = "FMul_maxdsp">   --->   Core 30 'FMul_maxdsp' <Latency = 3> <II = 1> <Delay = 4.67> <FuncUnit> <Opcode : 'fmul'> <InPorts = 2> <OutPorts = 1>
ST_44 : Operation 1012 [4/4] (4.67ns)   --->   "%combined_w_5 = fmul i32 %range_w_5, i32 0.606531" [top.cpp:170]   --->   Operation 1012 'fmul' 'combined_w_5' <Predicate = true> <Delay = 4.67> <CoreInst = "FMul_maxdsp">   --->   Core 30 'FMul_maxdsp' <Latency = 3> <II = 1> <Delay = 4.67> <FuncUnit> <Opcode : 'fmul'> <InPorts = 2> <OutPorts = 1>
ST_44 : Operation 1013 [1/2] (3.32ns)   --->   "%range_w_6 = fptrunc i64 %tmp_75" [top.cpp:169]   --->   Operation 1013 'fptrunc' 'range_w_6' <Predicate = true> <Delay = 3.32> <CoreInst = "Double2Float">   --->   Core 67 'Double2Float' <Latency = 1> <II = 1> <Delay = 3.32> <FuncUnit> <Opcode : 'fptrunc'> <InPorts = 1> <OutPorts = 1>
ST_44 : Operation 1014 [2/2] (3.32ns)   --->   "%range_w_7 = fptrunc i64 %tmp_76" [top.cpp:169]   --->   Operation 1014 'fptrunc' 'range_w_7' <Predicate = true> <Delay = 3.32> <CoreInst = "Double2Float">   --->   Core 67 'Double2Float' <Latency = 1> <II = 1> <Delay = 3.32> <FuncUnit> <Opcode : 'fptrunc'> <InPorts = 1> <OutPorts = 1>
ST_44 : Operation 1015 [2/2] (3.32ns)   --->   "%range_w_8 = fptrunc i64 %tmp_77" [top.cpp:169]   --->   Operation 1015 'fptrunc' 'range_w_8' <Predicate = true> <Delay = 3.32> <CoreInst = "Double2Float">   --->   Core 67 'Double2Float' <Latency = 1> <II = 1> <Delay = 3.32> <FuncUnit> <Opcode : 'fptrunc'> <InPorts = 1> <OutPorts = 1>
ST_44 : Operation 1016 [2/4] (4.67ns)   --->   "%combined_w_9 = fmul i32 %range_w_9, i32 0.367879" [top.cpp:170]   --->   Operation 1016 'fmul' 'combined_w_9' <Predicate = true> <Delay = 4.67> <CoreInst = "FMul_maxdsp">   --->   Core 30 'FMul_maxdsp' <Latency = 3> <II = 1> <Delay = 4.67> <FuncUnit> <Opcode : 'fmul'> <InPorts = 2> <OutPorts = 1>
ST_44 : Operation 1017 [3/4] (4.67ns)   --->   "%combined_w_10 = fmul i32 %range_w_10, i32 0.606531" [top.cpp:170]   --->   Operation 1017 'fmul' 'combined_w_10' <Predicate = true> <Delay = 4.67> <CoreInst = "FMul_maxdsp">   --->   Core 30 'FMul_maxdsp' <Latency = 3> <II = 1> <Delay = 4.67> <FuncUnit> <Opcode : 'fmul'> <InPorts = 2> <OutPorts = 1>
ST_44 : Operation 1018 [3/4] (4.67ns)   --->   "%combined_w_11 = fmul i32 %range_w_11, i32 0.367879" [top.cpp:170]   --->   Operation 1018 'fmul' 'combined_w_11' <Predicate = true> <Delay = 4.67> <CoreInst = "FMul_maxdsp">   --->   Core 30 'FMul_maxdsp' <Latency = 3> <II = 1> <Delay = 4.67> <FuncUnit> <Opcode : 'fmul'> <InPorts = 2> <OutPorts = 1>
ST_44 : Operation 1019 [2/4] (4.67ns)   --->   "%combined_w_12 = fmul i32 %range_w_12, i32 0.606531" [top.cpp:170]   --->   Operation 1019 'fmul' 'combined_w_12' <Predicate = true> <Delay = 4.67> <CoreInst = "FMul_maxdsp">   --->   Core 30 'FMul_maxdsp' <Latency = 3> <II = 1> <Delay = 4.67> <FuncUnit> <Opcode : 'fmul'> <InPorts = 2> <OutPorts = 1>
ST_44 : Operation 1020 [4/4] (4.67ns)   --->   "%mul372_1_1_1 = fmul i32 %neighbor_12, i32 %range_w_19" [top.cpp:172]   --->   Operation 1020 'fmul' 'mul372_1_1_1' <Predicate = true> <Delay = 4.67> <CoreInst = "FMul_maxdsp">   --->   Core 30 'FMul_maxdsp' <Latency = 3> <II = 1> <Delay = 4.67> <FuncUnit> <Opcode : 'fmul'> <InPorts = 2> <OutPorts = 1>
ST_44 : Operation 1021 [1/2] (3.32ns)   --->   "%range_w_14 = fptrunc i64 %tmp_83" [top.cpp:169]   --->   Operation 1021 'fptrunc' 'range_w_14' <Predicate = true> <Delay = 3.32> <CoreInst = "Double2Float">   --->   Core 67 'Double2Float' <Latency = 1> <II = 1> <Delay = 3.32> <FuncUnit> <Opcode : 'fptrunc'> <InPorts = 1> <OutPorts = 1>
ST_44 : Operation 1022 [1/2] (3.32ns)   --->   "%range_w_15 = fptrunc i64 %tmp_84" [top.cpp:169]   --->   Operation 1022 'fptrunc' 'range_w_15' <Predicate = true> <Delay = 3.32> <CoreInst = "Double2Float">   --->   Core 67 'Double2Float' <Latency = 1> <II = 1> <Delay = 3.32> <FuncUnit> <Opcode : 'fptrunc'> <InPorts = 1> <OutPorts = 1>
ST_44 : Operation 1023 [2/2] (3.32ns)   --->   "%range_w_16 = fptrunc i64 %tmp_85" [top.cpp:169]   --->   Operation 1023 'fptrunc' 'range_w_16' <Predicate = true> <Delay = 3.32> <CoreInst = "Double2Float">   --->   Core 67 'Double2Float' <Latency = 1> <II = 1> <Delay = 3.32> <FuncUnit> <Opcode : 'fptrunc'> <InPorts = 1> <OutPorts = 1>
ST_44 : Operation 1024 [1/15] (7.02ns)   --->   "%tmp_86 = dexp i64 @llvm.exp.f64, i64 %conv369_1_2_2" [top.cpp:169]   --->   Operation 1024 'dexp' 'tmp_86' <Predicate = true> <Delay = 7.02> <CoreInst = "DExp_fulldsp">   --->   Core 42 'DExp_fulldsp' <Latency = 14> <II = 1> <Delay = 7.02> <FuncUnit> <Opcode : 'dexp'> <InPorts = 1> <OutPorts = 1>

State 45 <SV = 44> <Delay = 6.01>
ST_45 : Operation 1025 [4/4] (4.67ns)   --->   "%mul3 = fmul i32 %neighbor, i32 %combined_w" [top.cpp:172]   --->   Operation 1025 'fmul' 'mul3' <Predicate = true> <Delay = 4.67> <CoreInst = "FMul_maxdsp">   --->   Core 30 'FMul_maxdsp' <Latency = 3> <II = 1> <Delay = 4.67> <FuncUnit> <Opcode : 'fmul'> <InPorts = 2> <OutPorts = 1>
ST_45 : Operation 1026 [5/5] (6.01ns)   --->   "%weight_sum = fadd i32 %combined_w, i32 0" [top.cpp:173]   --->   Operation 1026 'fadd' 'weight_sum' <Predicate = true> <Delay = 6.01> <CoreInst = "FAddSub_fulldsp">   --->   Core 18 'FAddSub_fulldsp' <Latency = 4> <II = 1> <Delay = 6.01> <FuncUnit> <Opcode : 'fadd' 'fsub'> <InPorts = 2> <OutPorts = 1>
ST_45 : Operation 1027 [1/4] (4.67ns)   --->   "%combined_w_1 = fmul i32 %range_w_1, i32 0.606531" [top.cpp:170]   --->   Operation 1027 'fmul' 'combined_w_1' <Predicate = true> <Delay = 4.67> <CoreInst = "FMul_maxdsp">   --->   Core 30 'FMul_maxdsp' <Latency = 3> <II = 1> <Delay = 4.67> <FuncUnit> <Opcode : 'fmul'> <InPorts = 2> <OutPorts = 1>
ST_45 : Operation 1028 [2/4] (4.67ns)   --->   "%combined_w_2 = fmul i32 %range_w_2, i32 0.367879" [top.cpp:170]   --->   Operation 1028 'fmul' 'combined_w_2' <Predicate = true> <Delay = 4.67> <CoreInst = "FMul_maxdsp">   --->   Core 30 'FMul_maxdsp' <Latency = 3> <II = 1> <Delay = 4.67> <FuncUnit> <Opcode : 'fmul'> <InPorts = 2> <OutPorts = 1>
ST_45 : Operation 1029 [3/4] (4.67ns)   --->   "%combined_w_3 = fmul i32 %range_w_3, i32 0.606531" [top.cpp:170]   --->   Operation 1029 'fmul' 'combined_w_3' <Predicate = true> <Delay = 4.67> <CoreInst = "FMul_maxdsp">   --->   Core 30 'FMul_maxdsp' <Latency = 3> <II = 1> <Delay = 4.67> <FuncUnit> <Opcode : 'fmul'> <InPorts = 2> <OutPorts = 1>
ST_45 : Operation 1030 [3/4] (4.67ns)   --->   "%combined_w_5 = fmul i32 %range_w_5, i32 0.606531" [top.cpp:170]   --->   Operation 1030 'fmul' 'combined_w_5' <Predicate = true> <Delay = 4.67> <CoreInst = "FMul_maxdsp">   --->   Core 30 'FMul_maxdsp' <Latency = 3> <II = 1> <Delay = 4.67> <FuncUnit> <Opcode : 'fmul'> <InPorts = 2> <OutPorts = 1>
ST_45 : Operation 1031 [4/4] (4.67ns)   --->   "%combined_w_6 = fmul i32 %range_w_6, i32 0.367879" [top.cpp:170]   --->   Operation 1031 'fmul' 'combined_w_6' <Predicate = true> <Delay = 4.67> <CoreInst = "FMul_maxdsp">   --->   Core 30 'FMul_maxdsp' <Latency = 3> <II = 1> <Delay = 4.67> <FuncUnit> <Opcode : 'fmul'> <InPorts = 2> <OutPorts = 1>
ST_45 : Operation 1032 [1/2] (3.32ns)   --->   "%range_w_7 = fptrunc i64 %tmp_76" [top.cpp:169]   --->   Operation 1032 'fptrunc' 'range_w_7' <Predicate = true> <Delay = 3.32> <CoreInst = "Double2Float">   --->   Core 67 'Double2Float' <Latency = 1> <II = 1> <Delay = 3.32> <FuncUnit> <Opcode : 'fptrunc'> <InPorts = 1> <OutPorts = 1>
ST_45 : Operation 1033 [1/2] (3.32ns)   --->   "%range_w_8 = fptrunc i64 %tmp_77" [top.cpp:169]   --->   Operation 1033 'fptrunc' 'range_w_8' <Predicate = true> <Delay = 3.32> <CoreInst = "Double2Float">   --->   Core 67 'Double2Float' <Latency = 1> <II = 1> <Delay = 3.32> <FuncUnit> <Opcode : 'fptrunc'> <InPorts = 1> <OutPorts = 1>
ST_45 : Operation 1034 [1/4] (4.67ns)   --->   "%combined_w_9 = fmul i32 %range_w_9, i32 0.367879" [top.cpp:170]   --->   Operation 1034 'fmul' 'combined_w_9' <Predicate = true> <Delay = 4.67> <CoreInst = "FMul_maxdsp">   --->   Core 30 'FMul_maxdsp' <Latency = 3> <II = 1> <Delay = 4.67> <FuncUnit> <Opcode : 'fmul'> <InPorts = 2> <OutPorts = 1>
ST_45 : Operation 1035 [2/4] (4.67ns)   --->   "%combined_w_10 = fmul i32 %range_w_10, i32 0.606531" [top.cpp:170]   --->   Operation 1035 'fmul' 'combined_w_10' <Predicate = true> <Delay = 4.67> <CoreInst = "FMul_maxdsp">   --->   Core 30 'FMul_maxdsp' <Latency = 3> <II = 1> <Delay = 4.67> <FuncUnit> <Opcode : 'fmul'> <InPorts = 2> <OutPorts = 1>
ST_45 : Operation 1036 [2/4] (4.67ns)   --->   "%combined_w_11 = fmul i32 %range_w_11, i32 0.367879" [top.cpp:170]   --->   Operation 1036 'fmul' 'combined_w_11' <Predicate = true> <Delay = 4.67> <CoreInst = "FMul_maxdsp">   --->   Core 30 'FMul_maxdsp' <Latency = 3> <II = 1> <Delay = 4.67> <FuncUnit> <Opcode : 'fmul'> <InPorts = 2> <OutPorts = 1>
ST_45 : Operation 1037 [1/4] (4.67ns)   --->   "%combined_w_12 = fmul i32 %range_w_12, i32 0.606531" [top.cpp:170]   --->   Operation 1037 'fmul' 'combined_w_12' <Predicate = true> <Delay = 4.67> <CoreInst = "FMul_maxdsp">   --->   Core 30 'FMul_maxdsp' <Latency = 3> <II = 1> <Delay = 4.67> <FuncUnit> <Opcode : 'fmul'> <InPorts = 2> <OutPorts = 1>
ST_45 : Operation 1038 [3/4] (4.67ns)   --->   "%mul372_1_1_1 = fmul i32 %neighbor_12, i32 %range_w_19" [top.cpp:172]   --->   Operation 1038 'fmul' 'mul372_1_1_1' <Predicate = true> <Delay = 4.67> <CoreInst = "FMul_maxdsp">   --->   Core 30 'FMul_maxdsp' <Latency = 3> <II = 1> <Delay = 4.67> <FuncUnit> <Opcode : 'fmul'> <InPorts = 2> <OutPorts = 1>
ST_45 : Operation 1039 [4/4] (4.67ns)   --->   "%combined_w_14 = fmul i32 %range_w_14, i32 0.606531" [top.cpp:170]   --->   Operation 1039 'fmul' 'combined_w_14' <Predicate = true> <Delay = 4.67> <CoreInst = "FMul_maxdsp">   --->   Core 30 'FMul_maxdsp' <Latency = 3> <II = 1> <Delay = 4.67> <FuncUnit> <Opcode : 'fmul'> <InPorts = 2> <OutPorts = 1>
ST_45 : Operation 1040 [4/4] (4.67ns)   --->   "%combined_w_15 = fmul i32 %range_w_15, i32 0.367879" [top.cpp:170]   --->   Operation 1040 'fmul' 'combined_w_15' <Predicate = true> <Delay = 4.67> <CoreInst = "FMul_maxdsp">   --->   Core 30 'FMul_maxdsp' <Latency = 3> <II = 1> <Delay = 4.67> <FuncUnit> <Opcode : 'fmul'> <InPorts = 2> <OutPorts = 1>
ST_45 : Operation 1041 [1/2] (3.32ns)   --->   "%range_w_16 = fptrunc i64 %tmp_85" [top.cpp:169]   --->   Operation 1041 'fptrunc' 'range_w_16' <Predicate = true> <Delay = 3.32> <CoreInst = "Double2Float">   --->   Core 67 'Double2Float' <Latency = 1> <II = 1> <Delay = 3.32> <FuncUnit> <Opcode : 'fptrunc'> <InPorts = 1> <OutPorts = 1>
ST_45 : Operation 1042 [2/2] (3.32ns)   --->   "%range_w_17 = fptrunc i64 %tmp_86" [top.cpp:169]   --->   Operation 1042 'fptrunc' 'range_w_17' <Predicate = true> <Delay = 3.32> <CoreInst = "Double2Float">   --->   Core 67 'Double2Float' <Latency = 1> <II = 1> <Delay = 3.32> <FuncUnit> <Opcode : 'fptrunc'> <InPorts = 1> <OutPorts = 1>

State 46 <SV = 45> <Delay = 6.01>
ST_46 : Operation 1043 [3/4] (4.67ns)   --->   "%mul3 = fmul i32 %neighbor, i32 %combined_w" [top.cpp:172]   --->   Operation 1043 'fmul' 'mul3' <Predicate = true> <Delay = 4.67> <CoreInst = "FMul_maxdsp">   --->   Core 30 'FMul_maxdsp' <Latency = 3> <II = 1> <Delay = 4.67> <FuncUnit> <Opcode : 'fmul'> <InPorts = 2> <OutPorts = 1>
ST_46 : Operation 1044 [4/5] (6.01ns)   --->   "%weight_sum = fadd i32 %combined_w, i32 0" [top.cpp:173]   --->   Operation 1044 'fadd' 'weight_sum' <Predicate = true> <Delay = 6.01> <CoreInst = "FAddSub_fulldsp">   --->   Core 18 'FAddSub_fulldsp' <Latency = 4> <II = 1> <Delay = 6.01> <FuncUnit> <Opcode : 'fadd' 'fsub'> <InPorts = 2> <OutPorts = 1>
ST_46 : Operation 1045 [4/4] (4.67ns)   --->   "%mul372_s = fmul i32 %neighbor_1, i32 %combined_w_1" [top.cpp:172]   --->   Operation 1045 'fmul' 'mul372_s' <Predicate = true> <Delay = 4.67> <CoreInst = "FMul_maxdsp">   --->   Core 30 'FMul_maxdsp' <Latency = 3> <II = 1> <Delay = 4.67> <FuncUnit> <Opcode : 'fmul'> <InPorts = 2> <OutPorts = 1>
ST_46 : Operation 1046 [1/4] (4.67ns)   --->   "%combined_w_2 = fmul i32 %range_w_2, i32 0.367879" [top.cpp:170]   --->   Operation 1046 'fmul' 'combined_w_2' <Predicate = true> <Delay = 4.67> <CoreInst = "FMul_maxdsp">   --->   Core 30 'FMul_maxdsp' <Latency = 3> <II = 1> <Delay = 4.67> <FuncUnit> <Opcode : 'fmul'> <InPorts = 2> <OutPorts = 1>
ST_46 : Operation 1047 [2/4] (4.67ns)   --->   "%combined_w_3 = fmul i32 %range_w_3, i32 0.606531" [top.cpp:170]   --->   Operation 1047 'fmul' 'combined_w_3' <Predicate = true> <Delay = 4.67> <CoreInst = "FMul_maxdsp">   --->   Core 30 'FMul_maxdsp' <Latency = 3> <II = 1> <Delay = 4.67> <FuncUnit> <Opcode : 'fmul'> <InPorts = 2> <OutPorts = 1>
ST_46 : Operation 1048 [2/4] (4.67ns)   --->   "%combined_w_5 = fmul i32 %range_w_5, i32 0.606531" [top.cpp:170]   --->   Operation 1048 'fmul' 'combined_w_5' <Predicate = true> <Delay = 4.67> <CoreInst = "FMul_maxdsp">   --->   Core 30 'FMul_maxdsp' <Latency = 3> <II = 1> <Delay = 4.67> <FuncUnit> <Opcode : 'fmul'> <InPorts = 2> <OutPorts = 1>
ST_46 : Operation 1049 [3/4] (4.67ns)   --->   "%combined_w_6 = fmul i32 %range_w_6, i32 0.367879" [top.cpp:170]   --->   Operation 1049 'fmul' 'combined_w_6' <Predicate = true> <Delay = 4.67> <CoreInst = "FMul_maxdsp">   --->   Core 30 'FMul_maxdsp' <Latency = 3> <II = 1> <Delay = 4.67> <FuncUnit> <Opcode : 'fmul'> <InPorts = 2> <OutPorts = 1>
ST_46 : Operation 1050 [4/4] (4.67ns)   --->   "%combined_w_7 = fmul i32 %range_w_7, i32 0.606531" [top.cpp:170]   --->   Operation 1050 'fmul' 'combined_w_7' <Predicate = true> <Delay = 4.67> <CoreInst = "FMul_maxdsp">   --->   Core 30 'FMul_maxdsp' <Latency = 3> <II = 1> <Delay = 4.67> <FuncUnit> <Opcode : 'fmul'> <InPorts = 2> <OutPorts = 1>
ST_46 : Operation 1051 [4/4] (4.67ns)   --->   "%combined_w_8 = fmul i32 %range_w_8, i32 0.367879" [top.cpp:170]   --->   Operation 1051 'fmul' 'combined_w_8' <Predicate = true> <Delay = 4.67> <CoreInst = "FMul_maxdsp">   --->   Core 30 'FMul_maxdsp' <Latency = 3> <II = 1> <Delay = 4.67> <FuncUnit> <Opcode : 'fmul'> <InPorts = 2> <OutPorts = 1>
ST_46 : Operation 1052 [4/4] (4.67ns)   --->   "%mul372_1 = fmul i32 %neighbor_1, i32 %combined_w_9" [top.cpp:172]   --->   Operation 1052 'fmul' 'mul372_1' <Predicate = true> <Delay = 4.67> <CoreInst = "FMul_maxdsp">   --->   Core 30 'FMul_maxdsp' <Latency = 3> <II = 1> <Delay = 4.67> <FuncUnit> <Opcode : 'fmul'> <InPorts = 2> <OutPorts = 1>
ST_46 : Operation 1053 [5/5] (6.01ns)   --->   "%weight_sum_9 = fadd i32 %combined_w_9, i32 0" [top.cpp:173]   --->   Operation 1053 'fadd' 'weight_sum_9' <Predicate = true> <Delay = 6.01> <CoreInst = "FAddSub_fulldsp">   --->   Core 18 'FAddSub_fulldsp' <Latency = 4> <II = 1> <Delay = 6.01> <FuncUnit> <Opcode : 'fadd' 'fsub'> <InPorts = 2> <OutPorts = 1>
ST_46 : Operation 1054 [1/4] (4.67ns)   --->   "%combined_w_10 = fmul i32 %range_w_10, i32 0.606531" [top.cpp:170]   --->   Operation 1054 'fmul' 'combined_w_10' <Predicate = true> <Delay = 4.67> <CoreInst = "FMul_maxdsp">   --->   Core 30 'FMul_maxdsp' <Latency = 3> <II = 1> <Delay = 4.67> <FuncUnit> <Opcode : 'fmul'> <InPorts = 2> <OutPorts = 1>
ST_46 : Operation 1055 [1/4] (4.67ns)   --->   "%combined_w_11 = fmul i32 %range_w_11, i32 0.367879" [top.cpp:170]   --->   Operation 1055 'fmul' 'combined_w_11' <Predicate = true> <Delay = 4.67> <CoreInst = "FMul_maxdsp">   --->   Core 30 'FMul_maxdsp' <Latency = 3> <II = 1> <Delay = 4.67> <FuncUnit> <Opcode : 'fmul'> <InPorts = 2> <OutPorts = 1>
ST_46 : Operation 1056 [4/4] (4.67ns)   --->   "%mul372_1_1 = fmul i32 %center_1, i32 %combined_w_12" [top.cpp:172]   --->   Operation 1056 'fmul' 'mul372_1_1' <Predicate = true> <Delay = 4.67> <CoreInst = "FMul_maxdsp">   --->   Core 30 'FMul_maxdsp' <Latency = 3> <II = 1> <Delay = 4.67> <FuncUnit> <Opcode : 'fmul'> <InPorts = 2> <OutPorts = 1>
ST_46 : Operation 1057 [2/4] (4.67ns)   --->   "%mul372_1_1_1 = fmul i32 %neighbor_12, i32 %range_w_19" [top.cpp:172]   --->   Operation 1057 'fmul' 'mul372_1_1_1' <Predicate = true> <Delay = 4.67> <CoreInst = "FMul_maxdsp">   --->   Core 30 'FMul_maxdsp' <Latency = 3> <II = 1> <Delay = 4.67> <FuncUnit> <Opcode : 'fmul'> <InPorts = 2> <OutPorts = 1>
ST_46 : Operation 1058 [3/4] (4.67ns)   --->   "%combined_w_14 = fmul i32 %range_w_14, i32 0.606531" [top.cpp:170]   --->   Operation 1058 'fmul' 'combined_w_14' <Predicate = true> <Delay = 4.67> <CoreInst = "FMul_maxdsp">   --->   Core 30 'FMul_maxdsp' <Latency = 3> <II = 1> <Delay = 4.67> <FuncUnit> <Opcode : 'fmul'> <InPorts = 2> <OutPorts = 1>
ST_46 : Operation 1059 [3/4] (4.67ns)   --->   "%combined_w_15 = fmul i32 %range_w_15, i32 0.367879" [top.cpp:170]   --->   Operation 1059 'fmul' 'combined_w_15' <Predicate = true> <Delay = 4.67> <CoreInst = "FMul_maxdsp">   --->   Core 30 'FMul_maxdsp' <Latency = 3> <II = 1> <Delay = 4.67> <FuncUnit> <Opcode : 'fmul'> <InPorts = 2> <OutPorts = 1>
ST_46 : Operation 1060 [4/4] (4.67ns)   --->   "%combined_w_16 = fmul i32 %range_w_16, i32 0.606531" [top.cpp:170]   --->   Operation 1060 'fmul' 'combined_w_16' <Predicate = true> <Delay = 4.67> <CoreInst = "FMul_maxdsp">   --->   Core 30 'FMul_maxdsp' <Latency = 3> <II = 1> <Delay = 4.67> <FuncUnit> <Opcode : 'fmul'> <InPorts = 2> <OutPorts = 1>
ST_46 : Operation 1061 [1/2] (3.32ns)   --->   "%range_w_17 = fptrunc i64 %tmp_86" [top.cpp:169]   --->   Operation 1061 'fptrunc' 'range_w_17' <Predicate = true> <Delay = 3.32> <CoreInst = "Double2Float">   --->   Core 67 'Double2Float' <Latency = 1> <II = 1> <Delay = 3.32> <FuncUnit> <Opcode : 'fptrunc'> <InPorts = 1> <OutPorts = 1>

State 47 <SV = 46> <Delay = 6.01>
ST_47 : Operation 1062 [2/4] (4.67ns)   --->   "%mul3 = fmul i32 %neighbor, i32 %combined_w" [top.cpp:172]   --->   Operation 1062 'fmul' 'mul3' <Predicate = true> <Delay = 4.67> <CoreInst = "FMul_maxdsp">   --->   Core 30 'FMul_maxdsp' <Latency = 3> <II = 1> <Delay = 4.67> <FuncUnit> <Opcode : 'fmul'> <InPorts = 2> <OutPorts = 1>
ST_47 : Operation 1063 [3/5] (6.01ns)   --->   "%weight_sum = fadd i32 %combined_w, i32 0" [top.cpp:173]   --->   Operation 1063 'fadd' 'weight_sum' <Predicate = true> <Delay = 6.01> <CoreInst = "FAddSub_fulldsp">   --->   Core 18 'FAddSub_fulldsp' <Latency = 4> <II = 1> <Delay = 6.01> <FuncUnit> <Opcode : 'fadd' 'fsub'> <InPorts = 2> <OutPorts = 1>
ST_47 : Operation 1064 [3/4] (4.67ns)   --->   "%mul372_s = fmul i32 %neighbor_1, i32 %combined_w_1" [top.cpp:172]   --->   Operation 1064 'fmul' 'mul372_s' <Predicate = true> <Delay = 4.67> <CoreInst = "FMul_maxdsp">   --->   Core 30 'FMul_maxdsp' <Latency = 3> <II = 1> <Delay = 4.67> <FuncUnit> <Opcode : 'fmul'> <InPorts = 2> <OutPorts = 1>
ST_47 : Operation 1065 [4/4] (4.67ns)   --->   "%mul372_3 = fmul i32 %neighbor_2, i32 %combined_w_2" [top.cpp:172]   --->   Operation 1065 'fmul' 'mul372_3' <Predicate = true> <Delay = 4.67> <CoreInst = "FMul_maxdsp">   --->   Core 30 'FMul_maxdsp' <Latency = 3> <II = 1> <Delay = 4.67> <FuncUnit> <Opcode : 'fmul'> <InPorts = 2> <OutPorts = 1>
ST_47 : Operation 1066 [1/4] (4.67ns)   --->   "%combined_w_3 = fmul i32 %range_w_3, i32 0.606531" [top.cpp:170]   --->   Operation 1066 'fmul' 'combined_w_3' <Predicate = true> <Delay = 4.67> <CoreInst = "FMul_maxdsp">   --->   Core 30 'FMul_maxdsp' <Latency = 3> <II = 1> <Delay = 4.67> <FuncUnit> <Opcode : 'fmul'> <InPorts = 2> <OutPorts = 1>
ST_47 : Operation 1067 [1/4] (4.67ns)   --->   "%combined_w_5 = fmul i32 %range_w_5, i32 0.606531" [top.cpp:170]   --->   Operation 1067 'fmul' 'combined_w_5' <Predicate = true> <Delay = 4.67> <CoreInst = "FMul_maxdsp">   --->   Core 30 'FMul_maxdsp' <Latency = 3> <II = 1> <Delay = 4.67> <FuncUnit> <Opcode : 'fmul'> <InPorts = 2> <OutPorts = 1>
ST_47 : Operation 1068 [2/4] (4.67ns)   --->   "%combined_w_6 = fmul i32 %range_w_6, i32 0.367879" [top.cpp:170]   --->   Operation 1068 'fmul' 'combined_w_6' <Predicate = true> <Delay = 4.67> <CoreInst = "FMul_maxdsp">   --->   Core 30 'FMul_maxdsp' <Latency = 3> <II = 1> <Delay = 4.67> <FuncUnit> <Opcode : 'fmul'> <InPorts = 2> <OutPorts = 1>
ST_47 : Operation 1069 [3/4] (4.67ns)   --->   "%combined_w_7 = fmul i32 %range_w_7, i32 0.606531" [top.cpp:170]   --->   Operation 1069 'fmul' 'combined_w_7' <Predicate = true> <Delay = 4.67> <CoreInst = "FMul_maxdsp">   --->   Core 30 'FMul_maxdsp' <Latency = 3> <II = 1> <Delay = 4.67> <FuncUnit> <Opcode : 'fmul'> <InPorts = 2> <OutPorts = 1>
ST_47 : Operation 1070 [3/4] (4.67ns)   --->   "%combined_w_8 = fmul i32 %range_w_8, i32 0.367879" [top.cpp:170]   --->   Operation 1070 'fmul' 'combined_w_8' <Predicate = true> <Delay = 4.67> <CoreInst = "FMul_maxdsp">   --->   Core 30 'FMul_maxdsp' <Latency = 3> <II = 1> <Delay = 4.67> <FuncUnit> <Opcode : 'fmul'> <InPorts = 2> <OutPorts = 1>
ST_47 : Operation 1071 [3/4] (4.67ns)   --->   "%mul372_1 = fmul i32 %neighbor_1, i32 %combined_w_9" [top.cpp:172]   --->   Operation 1071 'fmul' 'mul372_1' <Predicate = true> <Delay = 4.67> <CoreInst = "FMul_maxdsp">   --->   Core 30 'FMul_maxdsp' <Latency = 3> <II = 1> <Delay = 4.67> <FuncUnit> <Opcode : 'fmul'> <InPorts = 2> <OutPorts = 1>
ST_47 : Operation 1072 [4/5] (6.01ns)   --->   "%weight_sum_9 = fadd i32 %combined_w_9, i32 0" [top.cpp:173]   --->   Operation 1072 'fadd' 'weight_sum_9' <Predicate = true> <Delay = 6.01> <CoreInst = "FAddSub_fulldsp">   --->   Core 18 'FAddSub_fulldsp' <Latency = 4> <II = 1> <Delay = 6.01> <FuncUnit> <Opcode : 'fadd' 'fsub'> <InPorts = 2> <OutPorts = 1>
ST_47 : Operation 1073 [4/4] (4.67ns)   --->   "%mul372_1_s = fmul i32 %neighbor_2, i32 %combined_w_10" [top.cpp:172]   --->   Operation 1073 'fmul' 'mul372_1_s' <Predicate = true> <Delay = 4.67> <CoreInst = "FMul_maxdsp">   --->   Core 30 'FMul_maxdsp' <Latency = 3> <II = 1> <Delay = 4.67> <FuncUnit> <Opcode : 'fmul'> <InPorts = 2> <OutPorts = 1>
ST_47 : Operation 1074 [4/4] (4.67ns)   --->   "%mul372_1_3 = fmul i32 %neighbor_9, i32 %combined_w_11" [top.cpp:172]   --->   Operation 1074 'fmul' 'mul372_1_3' <Predicate = true> <Delay = 4.67> <CoreInst = "FMul_maxdsp">   --->   Core 30 'FMul_maxdsp' <Latency = 3> <II = 1> <Delay = 4.67> <FuncUnit> <Opcode : 'fmul'> <InPorts = 2> <OutPorts = 1>
ST_47 : Operation 1075 [3/4] (4.67ns)   --->   "%mul372_1_1 = fmul i32 %center_1, i32 %combined_w_12" [top.cpp:172]   --->   Operation 1075 'fmul' 'mul372_1_1' <Predicate = true> <Delay = 4.67> <CoreInst = "FMul_maxdsp">   --->   Core 30 'FMul_maxdsp' <Latency = 3> <II = 1> <Delay = 4.67> <FuncUnit> <Opcode : 'fmul'> <InPorts = 2> <OutPorts = 1>
ST_47 : Operation 1076 [1/4] (4.67ns)   --->   "%mul372_1_1_1 = fmul i32 %neighbor_12, i32 %range_w_19" [top.cpp:172]   --->   Operation 1076 'fmul' 'mul372_1_1_1' <Predicate = true> <Delay = 4.67> <CoreInst = "FMul_maxdsp">   --->   Core 30 'FMul_maxdsp' <Latency = 3> <II = 1> <Delay = 4.67> <FuncUnit> <Opcode : 'fmul'> <InPorts = 2> <OutPorts = 1>
ST_47 : Operation 1077 [2/4] (4.67ns)   --->   "%combined_w_14 = fmul i32 %range_w_14, i32 0.606531" [top.cpp:170]   --->   Operation 1077 'fmul' 'combined_w_14' <Predicate = true> <Delay = 4.67> <CoreInst = "FMul_maxdsp">   --->   Core 30 'FMul_maxdsp' <Latency = 3> <II = 1> <Delay = 4.67> <FuncUnit> <Opcode : 'fmul'> <InPorts = 2> <OutPorts = 1>
ST_47 : Operation 1078 [2/4] (4.67ns)   --->   "%combined_w_15 = fmul i32 %range_w_15, i32 0.367879" [top.cpp:170]   --->   Operation 1078 'fmul' 'combined_w_15' <Predicate = true> <Delay = 4.67> <CoreInst = "FMul_maxdsp">   --->   Core 30 'FMul_maxdsp' <Latency = 3> <II = 1> <Delay = 4.67> <FuncUnit> <Opcode : 'fmul'> <InPorts = 2> <OutPorts = 1>
ST_47 : Operation 1079 [3/4] (4.67ns)   --->   "%combined_w_16 = fmul i32 %range_w_16, i32 0.606531" [top.cpp:170]   --->   Operation 1079 'fmul' 'combined_w_16' <Predicate = true> <Delay = 4.67> <CoreInst = "FMul_maxdsp">   --->   Core 30 'FMul_maxdsp' <Latency = 3> <II = 1> <Delay = 4.67> <FuncUnit> <Opcode : 'fmul'> <InPorts = 2> <OutPorts = 1>
ST_47 : Operation 1080 [4/4] (4.67ns)   --->   "%combined_w_17 = fmul i32 %range_w_17, i32 0.367879" [top.cpp:170]   --->   Operation 1080 'fmul' 'combined_w_17' <Predicate = true> <Delay = 4.67> <CoreInst = "FMul_maxdsp">   --->   Core 30 'FMul_maxdsp' <Latency = 3> <II = 1> <Delay = 4.67> <FuncUnit> <Opcode : 'fmul'> <InPorts = 2> <OutPorts = 1>

State 48 <SV = 47> <Delay = 6.01>
ST_48 : Operation 1081 [1/4] (4.67ns)   --->   "%mul3 = fmul i32 %neighbor, i32 %combined_w" [top.cpp:172]   --->   Operation 1081 'fmul' 'mul3' <Predicate = true> <Delay = 4.67> <CoreInst = "FMul_maxdsp">   --->   Core 30 'FMul_maxdsp' <Latency = 3> <II = 1> <Delay = 4.67> <FuncUnit> <Opcode : 'fmul'> <InPorts = 2> <OutPorts = 1>
ST_48 : Operation 1082 [2/5] (6.01ns)   --->   "%weight_sum = fadd i32 %combined_w, i32 0" [top.cpp:173]   --->   Operation 1082 'fadd' 'weight_sum' <Predicate = true> <Delay = 6.01> <CoreInst = "FAddSub_fulldsp">   --->   Core 18 'FAddSub_fulldsp' <Latency = 4> <II = 1> <Delay = 6.01> <FuncUnit> <Opcode : 'fadd' 'fsub'> <InPorts = 2> <OutPorts = 1>
ST_48 : Operation 1083 [2/4] (4.67ns)   --->   "%mul372_s = fmul i32 %neighbor_1, i32 %combined_w_1" [top.cpp:172]   --->   Operation 1083 'fmul' 'mul372_s' <Predicate = true> <Delay = 4.67> <CoreInst = "FMul_maxdsp">   --->   Core 30 'FMul_maxdsp' <Latency = 3> <II = 1> <Delay = 4.67> <FuncUnit> <Opcode : 'fmul'> <InPorts = 2> <OutPorts = 1>
ST_48 : Operation 1084 [3/4] (4.67ns)   --->   "%mul372_3 = fmul i32 %neighbor_2, i32 %combined_w_2" [top.cpp:172]   --->   Operation 1084 'fmul' 'mul372_3' <Predicate = true> <Delay = 4.67> <CoreInst = "FMul_maxdsp">   --->   Core 30 'FMul_maxdsp' <Latency = 3> <II = 1> <Delay = 4.67> <FuncUnit> <Opcode : 'fmul'> <InPorts = 2> <OutPorts = 1>
ST_48 : Operation 1085 [4/4] (4.67ns)   --->   "%mul372_4 = fmul i32 %neighbor_3, i32 %combined_w_3" [top.cpp:172]   --->   Operation 1085 'fmul' 'mul372_4' <Predicate = true> <Delay = 4.67> <CoreInst = "FMul_maxdsp">   --->   Core 30 'FMul_maxdsp' <Latency = 3> <II = 1> <Delay = 4.67> <FuncUnit> <Opcode : 'fmul'> <InPorts = 2> <OutPorts = 1>
ST_48 : Operation 1086 [4/4] (4.67ns)   --->   "%mul372_1172_2 = fmul i32 %neighbor_12, i32 %combined_w_5" [top.cpp:172]   --->   Operation 1086 'fmul' 'mul372_1172_2' <Predicate = true> <Delay = 4.67> <CoreInst = "FMul_maxdsp">   --->   Core 30 'FMul_maxdsp' <Latency = 3> <II = 1> <Delay = 4.67> <FuncUnit> <Opcode : 'fmul'> <InPorts = 2> <OutPorts = 1>
ST_48 : Operation 1087 [1/4] (4.67ns)   --->   "%combined_w_6 = fmul i32 %range_w_6, i32 0.367879" [top.cpp:170]   --->   Operation 1087 'fmul' 'combined_w_6' <Predicate = true> <Delay = 4.67> <CoreInst = "FMul_maxdsp">   --->   Core 30 'FMul_maxdsp' <Latency = 3> <II = 1> <Delay = 4.67> <FuncUnit> <Opcode : 'fmul'> <InPorts = 2> <OutPorts = 1>
ST_48 : Operation 1088 [2/4] (4.67ns)   --->   "%combined_w_7 = fmul i32 %range_w_7, i32 0.606531" [top.cpp:170]   --->   Operation 1088 'fmul' 'combined_w_7' <Predicate = true> <Delay = 4.67> <CoreInst = "FMul_maxdsp">   --->   Core 30 'FMul_maxdsp' <Latency = 3> <II = 1> <Delay = 4.67> <FuncUnit> <Opcode : 'fmul'> <InPorts = 2> <OutPorts = 1>
ST_48 : Operation 1089 [2/4] (4.67ns)   --->   "%combined_w_8 = fmul i32 %range_w_8, i32 0.367879" [top.cpp:170]   --->   Operation 1089 'fmul' 'combined_w_8' <Predicate = true> <Delay = 4.67> <CoreInst = "FMul_maxdsp">   --->   Core 30 'FMul_maxdsp' <Latency = 3> <II = 1> <Delay = 4.67> <FuncUnit> <Opcode : 'fmul'> <InPorts = 2> <OutPorts = 1>
ST_48 : Operation 1090 [2/4] (4.67ns)   --->   "%mul372_1 = fmul i32 %neighbor_1, i32 %combined_w_9" [top.cpp:172]   --->   Operation 1090 'fmul' 'mul372_1' <Predicate = true> <Delay = 4.67> <CoreInst = "FMul_maxdsp">   --->   Core 30 'FMul_maxdsp' <Latency = 3> <II = 1> <Delay = 4.67> <FuncUnit> <Opcode : 'fmul'> <InPorts = 2> <OutPorts = 1>
ST_48 : Operation 1091 [3/5] (6.01ns)   --->   "%weight_sum_9 = fadd i32 %combined_w_9, i32 0" [top.cpp:173]   --->   Operation 1091 'fadd' 'weight_sum_9' <Predicate = true> <Delay = 6.01> <CoreInst = "FAddSub_fulldsp">   --->   Core 18 'FAddSub_fulldsp' <Latency = 4> <II = 1> <Delay = 6.01> <FuncUnit> <Opcode : 'fadd' 'fsub'> <InPorts = 2> <OutPorts = 1>
ST_48 : Operation 1092 [3/4] (4.67ns)   --->   "%mul372_1_s = fmul i32 %neighbor_2, i32 %combined_w_10" [top.cpp:172]   --->   Operation 1092 'fmul' 'mul372_1_s' <Predicate = true> <Delay = 4.67> <CoreInst = "FMul_maxdsp">   --->   Core 30 'FMul_maxdsp' <Latency = 3> <II = 1> <Delay = 4.67> <FuncUnit> <Opcode : 'fmul'> <InPorts = 2> <OutPorts = 1>
ST_48 : Operation 1093 [3/4] (4.67ns)   --->   "%mul372_1_3 = fmul i32 %neighbor_9, i32 %combined_w_11" [top.cpp:172]   --->   Operation 1093 'fmul' 'mul372_1_3' <Predicate = true> <Delay = 4.67> <CoreInst = "FMul_maxdsp">   --->   Core 30 'FMul_maxdsp' <Latency = 3> <II = 1> <Delay = 4.67> <FuncUnit> <Opcode : 'fmul'> <InPorts = 2> <OutPorts = 1>
ST_48 : Operation 1094 [2/4] (4.67ns)   --->   "%mul372_1_1 = fmul i32 %center_1, i32 %combined_w_12" [top.cpp:172]   --->   Operation 1094 'fmul' 'mul372_1_1' <Predicate = true> <Delay = 4.67> <CoreInst = "FMul_maxdsp">   --->   Core 30 'FMul_maxdsp' <Latency = 3> <II = 1> <Delay = 4.67> <FuncUnit> <Opcode : 'fmul'> <InPorts = 2> <OutPorts = 1>
ST_48 : Operation 1095 [1/4] (4.67ns)   --->   "%combined_w_14 = fmul i32 %range_w_14, i32 0.606531" [top.cpp:170]   --->   Operation 1095 'fmul' 'combined_w_14' <Predicate = true> <Delay = 4.67> <CoreInst = "FMul_maxdsp">   --->   Core 30 'FMul_maxdsp' <Latency = 3> <II = 1> <Delay = 4.67> <FuncUnit> <Opcode : 'fmul'> <InPorts = 2> <OutPorts = 1>
ST_48 : Operation 1096 [1/4] (4.67ns)   --->   "%combined_w_15 = fmul i32 %range_w_15, i32 0.367879" [top.cpp:170]   --->   Operation 1096 'fmul' 'combined_w_15' <Predicate = true> <Delay = 4.67> <CoreInst = "FMul_maxdsp">   --->   Core 30 'FMul_maxdsp' <Latency = 3> <II = 1> <Delay = 4.67> <FuncUnit> <Opcode : 'fmul'> <InPorts = 2> <OutPorts = 1>
ST_48 : Operation 1097 [2/4] (4.67ns)   --->   "%combined_w_16 = fmul i32 %range_w_16, i32 0.606531" [top.cpp:170]   --->   Operation 1097 'fmul' 'combined_w_16' <Predicate = true> <Delay = 4.67> <CoreInst = "FMul_maxdsp">   --->   Core 30 'FMul_maxdsp' <Latency = 3> <II = 1> <Delay = 4.67> <FuncUnit> <Opcode : 'fmul'> <InPorts = 2> <OutPorts = 1>
ST_48 : Operation 1098 [3/4] (4.67ns)   --->   "%combined_w_17 = fmul i32 %range_w_17, i32 0.367879" [top.cpp:170]   --->   Operation 1098 'fmul' 'combined_w_17' <Predicate = true> <Delay = 4.67> <CoreInst = "FMul_maxdsp">   --->   Core 30 'FMul_maxdsp' <Latency = 3> <II = 1> <Delay = 4.67> <FuncUnit> <Opcode : 'fmul'> <InPorts = 2> <OutPorts = 1>

State 49 <SV = 48> <Delay = 6.01>
ST_49 : Operation 1099 [5/5] (6.01ns)   --->   "%weighted_sum = fadd i32 %mul3, i32 0" [top.cpp:172]   --->   Operation 1099 'fadd' 'weighted_sum' <Predicate = true> <Delay = 6.01> <CoreInst = "FAddSub_fulldsp">   --->   Core 18 'FAddSub_fulldsp' <Latency = 4> <II = 1> <Delay = 6.01> <FuncUnit> <Opcode : 'fadd' 'fsub'> <InPorts = 2> <OutPorts = 1>
ST_49 : Operation 1100 [1/5] (6.01ns)   --->   "%weight_sum = fadd i32 %combined_w, i32 0" [top.cpp:173]   --->   Operation 1100 'fadd' 'weight_sum' <Predicate = true> <Delay = 6.01> <CoreInst = "FAddSub_fulldsp">   --->   Core 18 'FAddSub_fulldsp' <Latency = 4> <II = 1> <Delay = 6.01> <FuncUnit> <Opcode : 'fadd' 'fsub'> <InPorts = 2> <OutPorts = 1>
ST_49 : Operation 1101 [1/4] (4.67ns)   --->   "%mul372_s = fmul i32 %neighbor_1, i32 %combined_w_1" [top.cpp:172]   --->   Operation 1101 'fmul' 'mul372_s' <Predicate = true> <Delay = 4.67> <CoreInst = "FMul_maxdsp">   --->   Core 30 'FMul_maxdsp' <Latency = 3> <II = 1> <Delay = 4.67> <FuncUnit> <Opcode : 'fmul'> <InPorts = 2> <OutPorts = 1>
ST_49 : Operation 1102 [2/4] (4.67ns)   --->   "%mul372_3 = fmul i32 %neighbor_2, i32 %combined_w_2" [top.cpp:172]   --->   Operation 1102 'fmul' 'mul372_3' <Predicate = true> <Delay = 4.67> <CoreInst = "FMul_maxdsp">   --->   Core 30 'FMul_maxdsp' <Latency = 3> <II = 1> <Delay = 4.67> <FuncUnit> <Opcode : 'fmul'> <InPorts = 2> <OutPorts = 1>
ST_49 : Operation 1103 [3/4] (4.67ns)   --->   "%mul372_4 = fmul i32 %neighbor_3, i32 %combined_w_3" [top.cpp:172]   --->   Operation 1103 'fmul' 'mul372_4' <Predicate = true> <Delay = 4.67> <CoreInst = "FMul_maxdsp">   --->   Core 30 'FMul_maxdsp' <Latency = 3> <II = 1> <Delay = 4.67> <FuncUnit> <Opcode : 'fmul'> <InPorts = 2> <OutPorts = 1>
ST_49 : Operation 1104 [3/4] (4.67ns)   --->   "%mul372_1172_2 = fmul i32 %neighbor_12, i32 %combined_w_5" [top.cpp:172]   --->   Operation 1104 'fmul' 'mul372_1172_2' <Predicate = true> <Delay = 4.67> <CoreInst = "FMul_maxdsp">   --->   Core 30 'FMul_maxdsp' <Latency = 3> <II = 1> <Delay = 4.67> <FuncUnit> <Opcode : 'fmul'> <InPorts = 2> <OutPorts = 1>
ST_49 : Operation 1105 [4/4] (4.67ns)   --->   "%mul372_2 = fmul i32 %neighbor_6, i32 %combined_w_6" [top.cpp:172]   --->   Operation 1105 'fmul' 'mul372_2' <Predicate = true> <Delay = 4.67> <CoreInst = "FMul_maxdsp">   --->   Core 30 'FMul_maxdsp' <Latency = 3> <II = 1> <Delay = 4.67> <FuncUnit> <Opcode : 'fmul'> <InPorts = 2> <OutPorts = 1>
ST_49 : Operation 1106 [1/4] (4.67ns)   --->   "%combined_w_7 = fmul i32 %range_w_7, i32 0.606531" [top.cpp:170]   --->   Operation 1106 'fmul' 'combined_w_7' <Predicate = true> <Delay = 4.67> <CoreInst = "FMul_maxdsp">   --->   Core 30 'FMul_maxdsp' <Latency = 3> <II = 1> <Delay = 4.67> <FuncUnit> <Opcode : 'fmul'> <InPorts = 2> <OutPorts = 1>
ST_49 : Operation 1107 [1/4] (4.67ns)   --->   "%combined_w_8 = fmul i32 %range_w_8, i32 0.367879" [top.cpp:170]   --->   Operation 1107 'fmul' 'combined_w_8' <Predicate = true> <Delay = 4.67> <CoreInst = "FMul_maxdsp">   --->   Core 30 'FMul_maxdsp' <Latency = 3> <II = 1> <Delay = 4.67> <FuncUnit> <Opcode : 'fmul'> <InPorts = 2> <OutPorts = 1>
ST_49 : Operation 1108 [1/4] (4.67ns)   --->   "%mul372_1 = fmul i32 %neighbor_1, i32 %combined_w_9" [top.cpp:172]   --->   Operation 1108 'fmul' 'mul372_1' <Predicate = true> <Delay = 4.67> <CoreInst = "FMul_maxdsp">   --->   Core 30 'FMul_maxdsp' <Latency = 3> <II = 1> <Delay = 4.67> <FuncUnit> <Opcode : 'fmul'> <InPorts = 2> <OutPorts = 1>
ST_49 : Operation 1109 [2/5] (6.01ns)   --->   "%weight_sum_9 = fadd i32 %combined_w_9, i32 0" [top.cpp:173]   --->   Operation 1109 'fadd' 'weight_sum_9' <Predicate = true> <Delay = 6.01> <CoreInst = "FAddSub_fulldsp">   --->   Core 18 'FAddSub_fulldsp' <Latency = 4> <II = 1> <Delay = 6.01> <FuncUnit> <Opcode : 'fadd' 'fsub'> <InPorts = 2> <OutPorts = 1>
ST_49 : Operation 1110 [2/4] (4.67ns)   --->   "%mul372_1_s = fmul i32 %neighbor_2, i32 %combined_w_10" [top.cpp:172]   --->   Operation 1110 'fmul' 'mul372_1_s' <Predicate = true> <Delay = 4.67> <CoreInst = "FMul_maxdsp">   --->   Core 30 'FMul_maxdsp' <Latency = 3> <II = 1> <Delay = 4.67> <FuncUnit> <Opcode : 'fmul'> <InPorts = 2> <OutPorts = 1>
ST_49 : Operation 1111 [2/4] (4.67ns)   --->   "%mul372_1_3 = fmul i32 %neighbor_9, i32 %combined_w_11" [top.cpp:172]   --->   Operation 1111 'fmul' 'mul372_1_3' <Predicate = true> <Delay = 4.67> <CoreInst = "FMul_maxdsp">   --->   Core 30 'FMul_maxdsp' <Latency = 3> <II = 1> <Delay = 4.67> <FuncUnit> <Opcode : 'fmul'> <InPorts = 2> <OutPorts = 1>
ST_49 : Operation 1112 [1/4] (4.67ns)   --->   "%mul372_1_1 = fmul i32 %center_1, i32 %combined_w_12" [top.cpp:172]   --->   Operation 1112 'fmul' 'mul372_1_1' <Predicate = true> <Delay = 4.67> <CoreInst = "FMul_maxdsp">   --->   Core 30 'FMul_maxdsp' <Latency = 3> <II = 1> <Delay = 4.67> <FuncUnit> <Opcode : 'fmul'> <InPorts = 2> <OutPorts = 1>
ST_49 : Operation 1113 [4/4] (4.67ns)   --->   "%mul372_1_1_2 = fmul i32 %neighbor_10, i32 %combined_w_14" [top.cpp:172]   --->   Operation 1113 'fmul' 'mul372_1_1_2' <Predicate = true> <Delay = 4.67> <CoreInst = "FMul_maxdsp">   --->   Core 30 'FMul_maxdsp' <Latency = 3> <II = 1> <Delay = 4.67> <FuncUnit> <Opcode : 'fmul'> <InPorts = 2> <OutPorts = 1>
ST_49 : Operation 1114 [4/4] (4.67ns)   --->   "%mul372_1_2 = fmul i32 %neighbor_7, i32 %combined_w_15" [top.cpp:172]   --->   Operation 1114 'fmul' 'mul372_1_2' <Predicate = true> <Delay = 4.67> <CoreInst = "FMul_maxdsp">   --->   Core 30 'FMul_maxdsp' <Latency = 3> <II = 1> <Delay = 4.67> <FuncUnit> <Opcode : 'fmul'> <InPorts = 2> <OutPorts = 1>
ST_49 : Operation 1115 [1/4] (4.67ns)   --->   "%combined_w_16 = fmul i32 %range_w_16, i32 0.606531" [top.cpp:170]   --->   Operation 1115 'fmul' 'combined_w_16' <Predicate = true> <Delay = 4.67> <CoreInst = "FMul_maxdsp">   --->   Core 30 'FMul_maxdsp' <Latency = 3> <II = 1> <Delay = 4.67> <FuncUnit> <Opcode : 'fmul'> <InPorts = 2> <OutPorts = 1>
ST_49 : Operation 1116 [2/4] (4.67ns)   --->   "%combined_w_17 = fmul i32 %range_w_17, i32 0.367879" [top.cpp:170]   --->   Operation 1116 'fmul' 'combined_w_17' <Predicate = true> <Delay = 4.67> <CoreInst = "FMul_maxdsp">   --->   Core 30 'FMul_maxdsp' <Latency = 3> <II = 1> <Delay = 4.67> <FuncUnit> <Opcode : 'fmul'> <InPorts = 2> <OutPorts = 1>

State 50 <SV = 49> <Delay = 6.01>
ST_50 : Operation 1117 [4/5] (6.01ns)   --->   "%weighted_sum = fadd i32 %mul3, i32 0" [top.cpp:172]   --->   Operation 1117 'fadd' 'weighted_sum' <Predicate = true> <Delay = 6.01> <CoreInst = "FAddSub_fulldsp">   --->   Core 18 'FAddSub_fulldsp' <Latency = 4> <II = 1> <Delay = 6.01> <FuncUnit> <Opcode : 'fadd' 'fsub'> <InPorts = 2> <OutPorts = 1>
ST_50 : Operation 1118 [5/5] (6.01ns)   --->   "%weight_sum_1 = fadd i32 %weight_sum, i32 %combined_w_1" [top.cpp:173]   --->   Operation 1118 'fadd' 'weight_sum_1' <Predicate = true> <Delay = 6.01> <CoreInst = "FAddSub_fulldsp">   --->   Core 18 'FAddSub_fulldsp' <Latency = 4> <II = 1> <Delay = 6.01> <FuncUnit> <Opcode : 'fadd' 'fsub'> <InPorts = 2> <OutPorts = 1>
ST_50 : Operation 1119 [1/4] (4.67ns)   --->   "%mul372_3 = fmul i32 %neighbor_2, i32 %combined_w_2" [top.cpp:172]   --->   Operation 1119 'fmul' 'mul372_3' <Predicate = true> <Delay = 4.67> <CoreInst = "FMul_maxdsp">   --->   Core 30 'FMul_maxdsp' <Latency = 3> <II = 1> <Delay = 4.67> <FuncUnit> <Opcode : 'fmul'> <InPorts = 2> <OutPorts = 1>
ST_50 : Operation 1120 [2/4] (4.67ns)   --->   "%mul372_4 = fmul i32 %neighbor_3, i32 %combined_w_3" [top.cpp:172]   --->   Operation 1120 'fmul' 'mul372_4' <Predicate = true> <Delay = 4.67> <CoreInst = "FMul_maxdsp">   --->   Core 30 'FMul_maxdsp' <Latency = 3> <II = 1> <Delay = 4.67> <FuncUnit> <Opcode : 'fmul'> <InPorts = 2> <OutPorts = 1>
ST_50 : Operation 1121 [2/4] (4.67ns)   --->   "%mul372_1172_2 = fmul i32 %neighbor_12, i32 %combined_w_5" [top.cpp:172]   --->   Operation 1121 'fmul' 'mul372_1172_2' <Predicate = true> <Delay = 4.67> <CoreInst = "FMul_maxdsp">   --->   Core 30 'FMul_maxdsp' <Latency = 3> <II = 1> <Delay = 4.67> <FuncUnit> <Opcode : 'fmul'> <InPorts = 2> <OutPorts = 1>
ST_50 : Operation 1122 [3/4] (4.67ns)   --->   "%mul372_2 = fmul i32 %neighbor_6, i32 %combined_w_6" [top.cpp:172]   --->   Operation 1122 'fmul' 'mul372_2' <Predicate = true> <Delay = 4.67> <CoreInst = "FMul_maxdsp">   --->   Core 30 'FMul_maxdsp' <Latency = 3> <II = 1> <Delay = 4.67> <FuncUnit> <Opcode : 'fmul'> <InPorts = 2> <OutPorts = 1>
ST_50 : Operation 1123 [4/4] (4.67ns)   --->   "%mul372_2_1 = fmul i32 %neighbor_7, i32 %combined_w_7" [top.cpp:172]   --->   Operation 1123 'fmul' 'mul372_2_1' <Predicate = true> <Delay = 4.67> <CoreInst = "FMul_maxdsp">   --->   Core 30 'FMul_maxdsp' <Latency = 3> <II = 1> <Delay = 4.67> <FuncUnit> <Opcode : 'fmul'> <InPorts = 2> <OutPorts = 1>
ST_50 : Operation 1124 [4/4] (4.67ns)   --->   "%mul372_2_2 = fmul i32 %neighbor_8, i32 %combined_w_8" [top.cpp:172]   --->   Operation 1124 'fmul' 'mul372_2_2' <Predicate = true> <Delay = 4.67> <CoreInst = "FMul_maxdsp">   --->   Core 30 'FMul_maxdsp' <Latency = 3> <II = 1> <Delay = 4.67> <FuncUnit> <Opcode : 'fmul'> <InPorts = 2> <OutPorts = 1>
ST_50 : Operation 1125 [5/5] (6.01ns)   --->   "%weighted_sum_9 = fadd i32 %mul372_1, i32 0" [top.cpp:172]   --->   Operation 1125 'fadd' 'weighted_sum_9' <Predicate = true> <Delay = 6.01> <CoreInst = "FAddSub_fulldsp">   --->   Core 18 'FAddSub_fulldsp' <Latency = 4> <II = 1> <Delay = 6.01> <FuncUnit> <Opcode : 'fadd' 'fsub'> <InPorts = 2> <OutPorts = 1>
ST_50 : Operation 1126 [1/5] (6.01ns)   --->   "%weight_sum_9 = fadd i32 %combined_w_9, i32 0" [top.cpp:173]   --->   Operation 1126 'fadd' 'weight_sum_9' <Predicate = true> <Delay = 6.01> <CoreInst = "FAddSub_fulldsp">   --->   Core 18 'FAddSub_fulldsp' <Latency = 4> <II = 1> <Delay = 6.01> <FuncUnit> <Opcode : 'fadd' 'fsub'> <InPorts = 2> <OutPorts = 1>
ST_50 : Operation 1127 [1/4] (4.67ns)   --->   "%mul372_1_s = fmul i32 %neighbor_2, i32 %combined_w_10" [top.cpp:172]   --->   Operation 1127 'fmul' 'mul372_1_s' <Predicate = true> <Delay = 4.67> <CoreInst = "FMul_maxdsp">   --->   Core 30 'FMul_maxdsp' <Latency = 3> <II = 1> <Delay = 4.67> <FuncUnit> <Opcode : 'fmul'> <InPorts = 2> <OutPorts = 1>
ST_50 : Operation 1128 [1/4] (4.67ns)   --->   "%mul372_1_3 = fmul i32 %neighbor_9, i32 %combined_w_11" [top.cpp:172]   --->   Operation 1128 'fmul' 'mul372_1_3' <Predicate = true> <Delay = 4.67> <CoreInst = "FMul_maxdsp">   --->   Core 30 'FMul_maxdsp' <Latency = 3> <II = 1> <Delay = 4.67> <FuncUnit> <Opcode : 'fmul'> <InPorts = 2> <OutPorts = 1>
ST_50 : Operation 1129 [3/4] (4.67ns)   --->   "%mul372_1_1_2 = fmul i32 %neighbor_10, i32 %combined_w_14" [top.cpp:172]   --->   Operation 1129 'fmul' 'mul372_1_1_2' <Predicate = true> <Delay = 4.67> <CoreInst = "FMul_maxdsp">   --->   Core 30 'FMul_maxdsp' <Latency = 3> <II = 1> <Delay = 4.67> <FuncUnit> <Opcode : 'fmul'> <InPorts = 2> <OutPorts = 1>
ST_50 : Operation 1130 [3/4] (4.67ns)   --->   "%mul372_1_2 = fmul i32 %neighbor_7, i32 %combined_w_15" [top.cpp:172]   --->   Operation 1130 'fmul' 'mul372_1_2' <Predicate = true> <Delay = 4.67> <CoreInst = "FMul_maxdsp">   --->   Core 30 'FMul_maxdsp' <Latency = 3> <II = 1> <Delay = 4.67> <FuncUnit> <Opcode : 'fmul'> <InPorts = 2> <OutPorts = 1>
ST_50 : Operation 1131 [4/4] (4.67ns)   --->   "%mul372_1_2_1 = fmul i32 %neighbor_8, i32 %combined_w_16" [top.cpp:172]   --->   Operation 1131 'fmul' 'mul372_1_2_1' <Predicate = true> <Delay = 4.67> <CoreInst = "FMul_maxdsp">   --->   Core 30 'FMul_maxdsp' <Latency = 3> <II = 1> <Delay = 4.67> <FuncUnit> <Opcode : 'fmul'> <InPorts = 2> <OutPorts = 1>
ST_50 : Operation 1132 [1/4] (4.67ns)   --->   "%combined_w_17 = fmul i32 %range_w_17, i32 0.367879" [top.cpp:170]   --->   Operation 1132 'fmul' 'combined_w_17' <Predicate = true> <Delay = 4.67> <CoreInst = "FMul_maxdsp">   --->   Core 30 'FMul_maxdsp' <Latency = 3> <II = 1> <Delay = 4.67> <FuncUnit> <Opcode : 'fmul'> <InPorts = 2> <OutPorts = 1>

State 51 <SV = 50> <Delay = 6.01>
ST_51 : Operation 1133 [3/5] (6.01ns)   --->   "%weighted_sum = fadd i32 %mul3, i32 0" [top.cpp:172]   --->   Operation 1133 'fadd' 'weighted_sum' <Predicate = true> <Delay = 6.01> <CoreInst = "FAddSub_fulldsp">   --->   Core 18 'FAddSub_fulldsp' <Latency = 4> <II = 1> <Delay = 6.01> <FuncUnit> <Opcode : 'fadd' 'fsub'> <InPorts = 2> <OutPorts = 1>
ST_51 : Operation 1134 [4/5] (6.01ns)   --->   "%weight_sum_1 = fadd i32 %weight_sum, i32 %combined_w_1" [top.cpp:173]   --->   Operation 1134 'fadd' 'weight_sum_1' <Predicate = true> <Delay = 6.01> <CoreInst = "FAddSub_fulldsp">   --->   Core 18 'FAddSub_fulldsp' <Latency = 4> <II = 1> <Delay = 6.01> <FuncUnit> <Opcode : 'fadd' 'fsub'> <InPorts = 2> <OutPorts = 1>
ST_51 : Operation 1135 [1/4] (4.67ns)   --->   "%mul372_4 = fmul i32 %neighbor_3, i32 %combined_w_3" [top.cpp:172]   --->   Operation 1135 'fmul' 'mul372_4' <Predicate = true> <Delay = 4.67> <CoreInst = "FMul_maxdsp">   --->   Core 30 'FMul_maxdsp' <Latency = 3> <II = 1> <Delay = 4.67> <FuncUnit> <Opcode : 'fmul'> <InPorts = 2> <OutPorts = 1>
ST_51 : Operation 1136 [1/4] (4.67ns)   --->   "%mul372_1172_2 = fmul i32 %neighbor_12, i32 %combined_w_5" [top.cpp:172]   --->   Operation 1136 'fmul' 'mul372_1172_2' <Predicate = true> <Delay = 4.67> <CoreInst = "FMul_maxdsp">   --->   Core 30 'FMul_maxdsp' <Latency = 3> <II = 1> <Delay = 4.67> <FuncUnit> <Opcode : 'fmul'> <InPorts = 2> <OutPorts = 1>
ST_51 : Operation 1137 [2/4] (4.67ns)   --->   "%mul372_2 = fmul i32 %neighbor_6, i32 %combined_w_6" [top.cpp:172]   --->   Operation 1137 'fmul' 'mul372_2' <Predicate = true> <Delay = 4.67> <CoreInst = "FMul_maxdsp">   --->   Core 30 'FMul_maxdsp' <Latency = 3> <II = 1> <Delay = 4.67> <FuncUnit> <Opcode : 'fmul'> <InPorts = 2> <OutPorts = 1>
ST_51 : Operation 1138 [3/4] (4.67ns)   --->   "%mul372_2_1 = fmul i32 %neighbor_7, i32 %combined_w_7" [top.cpp:172]   --->   Operation 1138 'fmul' 'mul372_2_1' <Predicate = true> <Delay = 4.67> <CoreInst = "FMul_maxdsp">   --->   Core 30 'FMul_maxdsp' <Latency = 3> <II = 1> <Delay = 4.67> <FuncUnit> <Opcode : 'fmul'> <InPorts = 2> <OutPorts = 1>
ST_51 : Operation 1139 [3/4] (4.67ns)   --->   "%mul372_2_2 = fmul i32 %neighbor_8, i32 %combined_w_8" [top.cpp:172]   --->   Operation 1139 'fmul' 'mul372_2_2' <Predicate = true> <Delay = 4.67> <CoreInst = "FMul_maxdsp">   --->   Core 30 'FMul_maxdsp' <Latency = 3> <II = 1> <Delay = 4.67> <FuncUnit> <Opcode : 'fmul'> <InPorts = 2> <OutPorts = 1>
ST_51 : Operation 1140 [4/5] (6.01ns)   --->   "%weighted_sum_9 = fadd i32 %mul372_1, i32 0" [top.cpp:172]   --->   Operation 1140 'fadd' 'weighted_sum_9' <Predicate = true> <Delay = 6.01> <CoreInst = "FAddSub_fulldsp">   --->   Core 18 'FAddSub_fulldsp' <Latency = 4> <II = 1> <Delay = 6.01> <FuncUnit> <Opcode : 'fadd' 'fsub'> <InPorts = 2> <OutPorts = 1>
ST_51 : Operation 1141 [5/5] (6.01ns)   --->   "%weight_sum_10 = fadd i32 %weight_sum_9, i32 %combined_w_10" [top.cpp:173]   --->   Operation 1141 'fadd' 'weight_sum_10' <Predicate = true> <Delay = 6.01> <CoreInst = "FAddSub_fulldsp">   --->   Core 18 'FAddSub_fulldsp' <Latency = 4> <II = 1> <Delay = 6.01> <FuncUnit> <Opcode : 'fadd' 'fsub'> <InPorts = 2> <OutPorts = 1>
ST_51 : Operation 1142 [2/4] (4.67ns)   --->   "%mul372_1_1_2 = fmul i32 %neighbor_10, i32 %combined_w_14" [top.cpp:172]   --->   Operation 1142 'fmul' 'mul372_1_1_2' <Predicate = true> <Delay = 4.67> <CoreInst = "FMul_maxdsp">   --->   Core 30 'FMul_maxdsp' <Latency = 3> <II = 1> <Delay = 4.67> <FuncUnit> <Opcode : 'fmul'> <InPorts = 2> <OutPorts = 1>
ST_51 : Operation 1143 [2/4] (4.67ns)   --->   "%mul372_1_2 = fmul i32 %neighbor_7, i32 %combined_w_15" [top.cpp:172]   --->   Operation 1143 'fmul' 'mul372_1_2' <Predicate = true> <Delay = 4.67> <CoreInst = "FMul_maxdsp">   --->   Core 30 'FMul_maxdsp' <Latency = 3> <II = 1> <Delay = 4.67> <FuncUnit> <Opcode : 'fmul'> <InPorts = 2> <OutPorts = 1>
ST_51 : Operation 1144 [3/4] (4.67ns)   --->   "%mul372_1_2_1 = fmul i32 %neighbor_8, i32 %combined_w_16" [top.cpp:172]   --->   Operation 1144 'fmul' 'mul372_1_2_1' <Predicate = true> <Delay = 4.67> <CoreInst = "FMul_maxdsp">   --->   Core 30 'FMul_maxdsp' <Latency = 3> <II = 1> <Delay = 4.67> <FuncUnit> <Opcode : 'fmul'> <InPorts = 2> <OutPorts = 1>

State 52 <SV = 51> <Delay = 6.01>
ST_52 : Operation 1145 [2/5] (6.01ns)   --->   "%weighted_sum = fadd i32 %mul3, i32 0" [top.cpp:172]   --->   Operation 1145 'fadd' 'weighted_sum' <Predicate = true> <Delay = 6.01> <CoreInst = "FAddSub_fulldsp">   --->   Core 18 'FAddSub_fulldsp' <Latency = 4> <II = 1> <Delay = 6.01> <FuncUnit> <Opcode : 'fadd' 'fsub'> <InPorts = 2> <OutPorts = 1>
ST_52 : Operation 1146 [3/5] (6.01ns)   --->   "%weight_sum_1 = fadd i32 %weight_sum, i32 %combined_w_1" [top.cpp:173]   --->   Operation 1146 'fadd' 'weight_sum_1' <Predicate = true> <Delay = 6.01> <CoreInst = "FAddSub_fulldsp">   --->   Core 18 'FAddSub_fulldsp' <Latency = 4> <II = 1> <Delay = 6.01> <FuncUnit> <Opcode : 'fadd' 'fsub'> <InPorts = 2> <OutPorts = 1>
ST_52 : Operation 1147 [1/4] (4.67ns)   --->   "%mul372_2 = fmul i32 %neighbor_6, i32 %combined_w_6" [top.cpp:172]   --->   Operation 1147 'fmul' 'mul372_2' <Predicate = true> <Delay = 4.67> <CoreInst = "FMul_maxdsp">   --->   Core 30 'FMul_maxdsp' <Latency = 3> <II = 1> <Delay = 4.67> <FuncUnit> <Opcode : 'fmul'> <InPorts = 2> <OutPorts = 1>
ST_52 : Operation 1148 [2/4] (4.67ns)   --->   "%mul372_2_1 = fmul i32 %neighbor_7, i32 %combined_w_7" [top.cpp:172]   --->   Operation 1148 'fmul' 'mul372_2_1' <Predicate = true> <Delay = 4.67> <CoreInst = "FMul_maxdsp">   --->   Core 30 'FMul_maxdsp' <Latency = 3> <II = 1> <Delay = 4.67> <FuncUnit> <Opcode : 'fmul'> <InPorts = 2> <OutPorts = 1>
ST_52 : Operation 1149 [2/4] (4.67ns)   --->   "%mul372_2_2 = fmul i32 %neighbor_8, i32 %combined_w_8" [top.cpp:172]   --->   Operation 1149 'fmul' 'mul372_2_2' <Predicate = true> <Delay = 4.67> <CoreInst = "FMul_maxdsp">   --->   Core 30 'FMul_maxdsp' <Latency = 3> <II = 1> <Delay = 4.67> <FuncUnit> <Opcode : 'fmul'> <InPorts = 2> <OutPorts = 1>
ST_52 : Operation 1150 [3/5] (6.01ns)   --->   "%weighted_sum_9 = fadd i32 %mul372_1, i32 0" [top.cpp:172]   --->   Operation 1150 'fadd' 'weighted_sum_9' <Predicate = true> <Delay = 6.01> <CoreInst = "FAddSub_fulldsp">   --->   Core 18 'FAddSub_fulldsp' <Latency = 4> <II = 1> <Delay = 6.01> <FuncUnit> <Opcode : 'fadd' 'fsub'> <InPorts = 2> <OutPorts = 1>
ST_52 : Operation 1151 [4/5] (6.01ns)   --->   "%weight_sum_10 = fadd i32 %weight_sum_9, i32 %combined_w_10" [top.cpp:173]   --->   Operation 1151 'fadd' 'weight_sum_10' <Predicate = true> <Delay = 6.01> <CoreInst = "FAddSub_fulldsp">   --->   Core 18 'FAddSub_fulldsp' <Latency = 4> <II = 1> <Delay = 6.01> <FuncUnit> <Opcode : 'fadd' 'fsub'> <InPorts = 2> <OutPorts = 1>
ST_52 : Operation 1152 [1/4] (4.67ns)   --->   "%mul372_1_1_2 = fmul i32 %neighbor_10, i32 %combined_w_14" [top.cpp:172]   --->   Operation 1152 'fmul' 'mul372_1_1_2' <Predicate = true> <Delay = 4.67> <CoreInst = "FMul_maxdsp">   --->   Core 30 'FMul_maxdsp' <Latency = 3> <II = 1> <Delay = 4.67> <FuncUnit> <Opcode : 'fmul'> <InPorts = 2> <OutPorts = 1>
ST_52 : Operation 1153 [1/4] (4.67ns)   --->   "%mul372_1_2 = fmul i32 %neighbor_7, i32 %combined_w_15" [top.cpp:172]   --->   Operation 1153 'fmul' 'mul372_1_2' <Predicate = true> <Delay = 4.67> <CoreInst = "FMul_maxdsp">   --->   Core 30 'FMul_maxdsp' <Latency = 3> <II = 1> <Delay = 4.67> <FuncUnit> <Opcode : 'fmul'> <InPorts = 2> <OutPorts = 1>
ST_52 : Operation 1154 [2/4] (4.67ns)   --->   "%mul372_1_2_1 = fmul i32 %neighbor_8, i32 %combined_w_16" [top.cpp:172]   --->   Operation 1154 'fmul' 'mul372_1_2_1' <Predicate = true> <Delay = 4.67> <CoreInst = "FMul_maxdsp">   --->   Core 30 'FMul_maxdsp' <Latency = 3> <II = 1> <Delay = 4.67> <FuncUnit> <Opcode : 'fmul'> <InPorts = 2> <OutPorts = 1>

State 53 <SV = 52> <Delay = 6.01>
ST_53 : Operation 1155 [1/5] (6.01ns)   --->   "%weighted_sum = fadd i32 %mul3, i32 0" [top.cpp:172]   --->   Operation 1155 'fadd' 'weighted_sum' <Predicate = true> <Delay = 6.01> <CoreInst = "FAddSub_fulldsp">   --->   Core 18 'FAddSub_fulldsp' <Latency = 4> <II = 1> <Delay = 6.01> <FuncUnit> <Opcode : 'fadd' 'fsub'> <InPorts = 2> <OutPorts = 1>
ST_53 : Operation 1156 [2/5] (6.01ns)   --->   "%weight_sum_1 = fadd i32 %weight_sum, i32 %combined_w_1" [top.cpp:173]   --->   Operation 1156 'fadd' 'weight_sum_1' <Predicate = true> <Delay = 6.01> <CoreInst = "FAddSub_fulldsp">   --->   Core 18 'FAddSub_fulldsp' <Latency = 4> <II = 1> <Delay = 6.01> <FuncUnit> <Opcode : 'fadd' 'fsub'> <InPorts = 2> <OutPorts = 1>
ST_53 : Operation 1157 [1/4] (4.67ns)   --->   "%mul372_2_1 = fmul i32 %neighbor_7, i32 %combined_w_7" [top.cpp:172]   --->   Operation 1157 'fmul' 'mul372_2_1' <Predicate = true> <Delay = 4.67> <CoreInst = "FMul_maxdsp">   --->   Core 30 'FMul_maxdsp' <Latency = 3> <II = 1> <Delay = 4.67> <FuncUnit> <Opcode : 'fmul'> <InPorts = 2> <OutPorts = 1>
ST_53 : Operation 1158 [1/4] (4.67ns)   --->   "%mul372_2_2 = fmul i32 %neighbor_8, i32 %combined_w_8" [top.cpp:172]   --->   Operation 1158 'fmul' 'mul372_2_2' <Predicate = true> <Delay = 4.67> <CoreInst = "FMul_maxdsp">   --->   Core 30 'FMul_maxdsp' <Latency = 3> <II = 1> <Delay = 4.67> <FuncUnit> <Opcode : 'fmul'> <InPorts = 2> <OutPorts = 1>
ST_53 : Operation 1159 [2/5] (6.01ns)   --->   "%weighted_sum_9 = fadd i32 %mul372_1, i32 0" [top.cpp:172]   --->   Operation 1159 'fadd' 'weighted_sum_9' <Predicate = true> <Delay = 6.01> <CoreInst = "FAddSub_fulldsp">   --->   Core 18 'FAddSub_fulldsp' <Latency = 4> <II = 1> <Delay = 6.01> <FuncUnit> <Opcode : 'fadd' 'fsub'> <InPorts = 2> <OutPorts = 1>
ST_53 : Operation 1160 [3/5] (6.01ns)   --->   "%weight_sum_10 = fadd i32 %weight_sum_9, i32 %combined_w_10" [top.cpp:173]   --->   Operation 1160 'fadd' 'weight_sum_10' <Predicate = true> <Delay = 6.01> <CoreInst = "FAddSub_fulldsp">   --->   Core 18 'FAddSub_fulldsp' <Latency = 4> <II = 1> <Delay = 6.01> <FuncUnit> <Opcode : 'fadd' 'fsub'> <InPorts = 2> <OutPorts = 1>
ST_53 : Operation 1161 [1/4] (4.67ns)   --->   "%mul372_1_2_1 = fmul i32 %neighbor_8, i32 %combined_w_16" [top.cpp:172]   --->   Operation 1161 'fmul' 'mul372_1_2_1' <Predicate = true> <Delay = 4.67> <CoreInst = "FMul_maxdsp">   --->   Core 30 'FMul_maxdsp' <Latency = 3> <II = 1> <Delay = 4.67> <FuncUnit> <Opcode : 'fmul'> <InPorts = 2> <OutPorts = 1>
ST_53 : Operation 1162 [4/4] (4.67ns)   --->   "%mul372_1_2_2 = fmul i32 %neighbor_11, i32 %combined_w_17" [top.cpp:172]   --->   Operation 1162 'fmul' 'mul372_1_2_2' <Predicate = true> <Delay = 4.67> <CoreInst = "FMul_maxdsp">   --->   Core 30 'FMul_maxdsp' <Latency = 3> <II = 1> <Delay = 4.67> <FuncUnit> <Opcode : 'fmul'> <InPorts = 2> <OutPorts = 1>

State 54 <SV = 53> <Delay = 6.01>
ST_54 : Operation 1163 [5/5] (6.01ns)   --->   "%weighted_sum_1 = fadd i32 %weighted_sum, i32 %mul372_s" [top.cpp:172]   --->   Operation 1163 'fadd' 'weighted_sum_1' <Predicate = true> <Delay = 6.01> <CoreInst = "FAddSub_fulldsp">   --->   Core 18 'FAddSub_fulldsp' <Latency = 4> <II = 1> <Delay = 6.01> <FuncUnit> <Opcode : 'fadd' 'fsub'> <InPorts = 2> <OutPorts = 1>
ST_54 : Operation 1164 [1/5] (6.01ns)   --->   "%weight_sum_1 = fadd i32 %weight_sum, i32 %combined_w_1" [top.cpp:173]   --->   Operation 1164 'fadd' 'weight_sum_1' <Predicate = true> <Delay = 6.01> <CoreInst = "FAddSub_fulldsp">   --->   Core 18 'FAddSub_fulldsp' <Latency = 4> <II = 1> <Delay = 6.01> <FuncUnit> <Opcode : 'fadd' 'fsub'> <InPorts = 2> <OutPorts = 1>
ST_54 : Operation 1165 [1/5] (6.01ns)   --->   "%weighted_sum_9 = fadd i32 %mul372_1, i32 0" [top.cpp:172]   --->   Operation 1165 'fadd' 'weighted_sum_9' <Predicate = true> <Delay = 6.01> <CoreInst = "FAddSub_fulldsp">   --->   Core 18 'FAddSub_fulldsp' <Latency = 4> <II = 1> <Delay = 6.01> <FuncUnit> <Opcode : 'fadd' 'fsub'> <InPorts = 2> <OutPorts = 1>
ST_54 : Operation 1166 [2/5] (6.01ns)   --->   "%weight_sum_10 = fadd i32 %weight_sum_9, i32 %combined_w_10" [top.cpp:173]   --->   Operation 1166 'fadd' 'weight_sum_10' <Predicate = true> <Delay = 6.01> <CoreInst = "FAddSub_fulldsp">   --->   Core 18 'FAddSub_fulldsp' <Latency = 4> <II = 1> <Delay = 6.01> <FuncUnit> <Opcode : 'fadd' 'fsub'> <InPorts = 2> <OutPorts = 1>
ST_54 : Operation 1167 [3/4] (4.67ns)   --->   "%mul372_1_2_2 = fmul i32 %neighbor_11, i32 %combined_w_17" [top.cpp:172]   --->   Operation 1167 'fmul' 'mul372_1_2_2' <Predicate = true> <Delay = 4.67> <CoreInst = "FMul_maxdsp">   --->   Core 30 'FMul_maxdsp' <Latency = 3> <II = 1> <Delay = 4.67> <FuncUnit> <Opcode : 'fmul'> <InPorts = 2> <OutPorts = 1>

State 55 <SV = 54> <Delay = 6.01>
ST_55 : Operation 1168 [4/5] (6.01ns)   --->   "%weighted_sum_1 = fadd i32 %weighted_sum, i32 %mul372_s" [top.cpp:172]   --->   Operation 1168 'fadd' 'weighted_sum_1' <Predicate = true> <Delay = 6.01> <CoreInst = "FAddSub_fulldsp">   --->   Core 18 'FAddSub_fulldsp' <Latency = 4> <II = 1> <Delay = 6.01> <FuncUnit> <Opcode : 'fadd' 'fsub'> <InPorts = 2> <OutPorts = 1>
ST_55 : Operation 1169 [5/5] (6.01ns)   --->   "%weight_sum_2 = fadd i32 %weight_sum_1, i32 %combined_w_2" [top.cpp:173]   --->   Operation 1169 'fadd' 'weight_sum_2' <Predicate = true> <Delay = 6.01> <CoreInst = "FAddSub_fulldsp">   --->   Core 18 'FAddSub_fulldsp' <Latency = 4> <II = 1> <Delay = 6.01> <FuncUnit> <Opcode : 'fadd' 'fsub'> <InPorts = 2> <OutPorts = 1>
ST_55 : Operation 1170 [5/5] (6.01ns)   --->   "%weighted_sum_10 = fadd i32 %weighted_sum_9, i32 %mul372_1_s" [top.cpp:172]   --->   Operation 1170 'fadd' 'weighted_sum_10' <Predicate = true> <Delay = 6.01> <CoreInst = "FAddSub_fulldsp">   --->   Core 18 'FAddSub_fulldsp' <Latency = 4> <II = 1> <Delay = 6.01> <FuncUnit> <Opcode : 'fadd' 'fsub'> <InPorts = 2> <OutPorts = 1>
ST_55 : Operation 1171 [1/5] (6.01ns)   --->   "%weight_sum_10 = fadd i32 %weight_sum_9, i32 %combined_w_10" [top.cpp:173]   --->   Operation 1171 'fadd' 'weight_sum_10' <Predicate = true> <Delay = 6.01> <CoreInst = "FAddSub_fulldsp">   --->   Core 18 'FAddSub_fulldsp' <Latency = 4> <II = 1> <Delay = 6.01> <FuncUnit> <Opcode : 'fadd' 'fsub'> <InPorts = 2> <OutPorts = 1>
ST_55 : Operation 1172 [2/4] (4.67ns)   --->   "%mul372_1_2_2 = fmul i32 %neighbor_11, i32 %combined_w_17" [top.cpp:172]   --->   Operation 1172 'fmul' 'mul372_1_2_2' <Predicate = true> <Delay = 4.67> <CoreInst = "FMul_maxdsp">   --->   Core 30 'FMul_maxdsp' <Latency = 3> <II = 1> <Delay = 4.67> <FuncUnit> <Opcode : 'fmul'> <InPorts = 2> <OutPorts = 1>

State 56 <SV = 55> <Delay = 6.01>
ST_56 : Operation 1173 [3/5] (6.01ns)   --->   "%weighted_sum_1 = fadd i32 %weighted_sum, i32 %mul372_s" [top.cpp:172]   --->   Operation 1173 'fadd' 'weighted_sum_1' <Predicate = true> <Delay = 6.01> <CoreInst = "FAddSub_fulldsp">   --->   Core 18 'FAddSub_fulldsp' <Latency = 4> <II = 1> <Delay = 6.01> <FuncUnit> <Opcode : 'fadd' 'fsub'> <InPorts = 2> <OutPorts = 1>
ST_56 : Operation 1174 [4/5] (6.01ns)   --->   "%weight_sum_2 = fadd i32 %weight_sum_1, i32 %combined_w_2" [top.cpp:173]   --->   Operation 1174 'fadd' 'weight_sum_2' <Predicate = true> <Delay = 6.01> <CoreInst = "FAddSub_fulldsp">   --->   Core 18 'FAddSub_fulldsp' <Latency = 4> <II = 1> <Delay = 6.01> <FuncUnit> <Opcode : 'fadd' 'fsub'> <InPorts = 2> <OutPorts = 1>
ST_56 : Operation 1175 [4/5] (6.01ns)   --->   "%weighted_sum_10 = fadd i32 %weighted_sum_9, i32 %mul372_1_s" [top.cpp:172]   --->   Operation 1175 'fadd' 'weighted_sum_10' <Predicate = true> <Delay = 6.01> <CoreInst = "FAddSub_fulldsp">   --->   Core 18 'FAddSub_fulldsp' <Latency = 4> <II = 1> <Delay = 6.01> <FuncUnit> <Opcode : 'fadd' 'fsub'> <InPorts = 2> <OutPorts = 1>
ST_56 : Operation 1176 [5/5] (6.01ns)   --->   "%weight_sum_11 = fadd i32 %weight_sum_10, i32 %combined_w_11" [top.cpp:173]   --->   Operation 1176 'fadd' 'weight_sum_11' <Predicate = true> <Delay = 6.01> <CoreInst = "FAddSub_fulldsp">   --->   Core 18 'FAddSub_fulldsp' <Latency = 4> <II = 1> <Delay = 6.01> <FuncUnit> <Opcode : 'fadd' 'fsub'> <InPorts = 2> <OutPorts = 1>
ST_56 : Operation 1177 [1/4] (4.67ns)   --->   "%mul372_1_2_2 = fmul i32 %neighbor_11, i32 %combined_w_17" [top.cpp:172]   --->   Operation 1177 'fmul' 'mul372_1_2_2' <Predicate = true> <Delay = 4.67> <CoreInst = "FMul_maxdsp">   --->   Core 30 'FMul_maxdsp' <Latency = 3> <II = 1> <Delay = 4.67> <FuncUnit> <Opcode : 'fmul'> <InPorts = 2> <OutPorts = 1>

State 57 <SV = 56> <Delay = 6.01>
ST_57 : Operation 1178 [2/5] (6.01ns)   --->   "%weighted_sum_1 = fadd i32 %weighted_sum, i32 %mul372_s" [top.cpp:172]   --->   Operation 1178 'fadd' 'weighted_sum_1' <Predicate = true> <Delay = 6.01> <CoreInst = "FAddSub_fulldsp">   --->   Core 18 'FAddSub_fulldsp' <Latency = 4> <II = 1> <Delay = 6.01> <FuncUnit> <Opcode : 'fadd' 'fsub'> <InPorts = 2> <OutPorts = 1>
ST_57 : Operation 1179 [3/5] (6.01ns)   --->   "%weight_sum_2 = fadd i32 %weight_sum_1, i32 %combined_w_2" [top.cpp:173]   --->   Operation 1179 'fadd' 'weight_sum_2' <Predicate = true> <Delay = 6.01> <CoreInst = "FAddSub_fulldsp">   --->   Core 18 'FAddSub_fulldsp' <Latency = 4> <II = 1> <Delay = 6.01> <FuncUnit> <Opcode : 'fadd' 'fsub'> <InPorts = 2> <OutPorts = 1>
ST_57 : Operation 1180 [3/5] (6.01ns)   --->   "%weighted_sum_10 = fadd i32 %weighted_sum_9, i32 %mul372_1_s" [top.cpp:172]   --->   Operation 1180 'fadd' 'weighted_sum_10' <Predicate = true> <Delay = 6.01> <CoreInst = "FAddSub_fulldsp">   --->   Core 18 'FAddSub_fulldsp' <Latency = 4> <II = 1> <Delay = 6.01> <FuncUnit> <Opcode : 'fadd' 'fsub'> <InPorts = 2> <OutPorts = 1>
ST_57 : Operation 1181 [4/5] (6.01ns)   --->   "%weight_sum_11 = fadd i32 %weight_sum_10, i32 %combined_w_11" [top.cpp:173]   --->   Operation 1181 'fadd' 'weight_sum_11' <Predicate = true> <Delay = 6.01> <CoreInst = "FAddSub_fulldsp">   --->   Core 18 'FAddSub_fulldsp' <Latency = 4> <II = 1> <Delay = 6.01> <FuncUnit> <Opcode : 'fadd' 'fsub'> <InPorts = 2> <OutPorts = 1>

State 58 <SV = 57> <Delay = 6.01>
ST_58 : Operation 1182 [1/5] (6.01ns)   --->   "%weighted_sum_1 = fadd i32 %weighted_sum, i32 %mul372_s" [top.cpp:172]   --->   Operation 1182 'fadd' 'weighted_sum_1' <Predicate = true> <Delay = 6.01> <CoreInst = "FAddSub_fulldsp">   --->   Core 18 'FAddSub_fulldsp' <Latency = 4> <II = 1> <Delay = 6.01> <FuncUnit> <Opcode : 'fadd' 'fsub'> <InPorts = 2> <OutPorts = 1>
ST_58 : Operation 1183 [2/5] (6.01ns)   --->   "%weight_sum_2 = fadd i32 %weight_sum_1, i32 %combined_w_2" [top.cpp:173]   --->   Operation 1183 'fadd' 'weight_sum_2' <Predicate = true> <Delay = 6.01> <CoreInst = "FAddSub_fulldsp">   --->   Core 18 'FAddSub_fulldsp' <Latency = 4> <II = 1> <Delay = 6.01> <FuncUnit> <Opcode : 'fadd' 'fsub'> <InPorts = 2> <OutPorts = 1>
ST_58 : Operation 1184 [2/5] (6.01ns)   --->   "%weighted_sum_10 = fadd i32 %weighted_sum_9, i32 %mul372_1_s" [top.cpp:172]   --->   Operation 1184 'fadd' 'weighted_sum_10' <Predicate = true> <Delay = 6.01> <CoreInst = "FAddSub_fulldsp">   --->   Core 18 'FAddSub_fulldsp' <Latency = 4> <II = 1> <Delay = 6.01> <FuncUnit> <Opcode : 'fadd' 'fsub'> <InPorts = 2> <OutPorts = 1>
ST_58 : Operation 1185 [3/5] (6.01ns)   --->   "%weight_sum_11 = fadd i32 %weight_sum_10, i32 %combined_w_11" [top.cpp:173]   --->   Operation 1185 'fadd' 'weight_sum_11' <Predicate = true> <Delay = 6.01> <CoreInst = "FAddSub_fulldsp">   --->   Core 18 'FAddSub_fulldsp' <Latency = 4> <II = 1> <Delay = 6.01> <FuncUnit> <Opcode : 'fadd' 'fsub'> <InPorts = 2> <OutPorts = 1>

State 59 <SV = 58> <Delay = 6.01>
ST_59 : Operation 1186 [5/5] (6.01ns)   --->   "%weighted_sum_2 = fadd i32 %weighted_sum_1, i32 %mul372_3" [top.cpp:172]   --->   Operation 1186 'fadd' 'weighted_sum_2' <Predicate = true> <Delay = 6.01> <CoreInst = "FAddSub_fulldsp">   --->   Core 18 'FAddSub_fulldsp' <Latency = 4> <II = 1> <Delay = 6.01> <FuncUnit> <Opcode : 'fadd' 'fsub'> <InPorts = 2> <OutPorts = 1>
ST_59 : Operation 1187 [1/5] (6.01ns)   --->   "%weight_sum_2 = fadd i32 %weight_sum_1, i32 %combined_w_2" [top.cpp:173]   --->   Operation 1187 'fadd' 'weight_sum_2' <Predicate = true> <Delay = 6.01> <CoreInst = "FAddSub_fulldsp">   --->   Core 18 'FAddSub_fulldsp' <Latency = 4> <II = 1> <Delay = 6.01> <FuncUnit> <Opcode : 'fadd' 'fsub'> <InPorts = 2> <OutPorts = 1>
ST_59 : Operation 1188 [1/5] (6.01ns)   --->   "%weighted_sum_10 = fadd i32 %weighted_sum_9, i32 %mul372_1_s" [top.cpp:172]   --->   Operation 1188 'fadd' 'weighted_sum_10' <Predicate = true> <Delay = 6.01> <CoreInst = "FAddSub_fulldsp">   --->   Core 18 'FAddSub_fulldsp' <Latency = 4> <II = 1> <Delay = 6.01> <FuncUnit> <Opcode : 'fadd' 'fsub'> <InPorts = 2> <OutPorts = 1>
ST_59 : Operation 1189 [2/5] (6.01ns)   --->   "%weight_sum_11 = fadd i32 %weight_sum_10, i32 %combined_w_11" [top.cpp:173]   --->   Operation 1189 'fadd' 'weight_sum_11' <Predicate = true> <Delay = 6.01> <CoreInst = "FAddSub_fulldsp">   --->   Core 18 'FAddSub_fulldsp' <Latency = 4> <II = 1> <Delay = 6.01> <FuncUnit> <Opcode : 'fadd' 'fsub'> <InPorts = 2> <OutPorts = 1>

State 60 <SV = 59> <Delay = 6.01>
ST_60 : Operation 1190 [4/5] (6.01ns)   --->   "%weighted_sum_2 = fadd i32 %weighted_sum_1, i32 %mul372_3" [top.cpp:172]   --->   Operation 1190 'fadd' 'weighted_sum_2' <Predicate = true> <Delay = 6.01> <CoreInst = "FAddSub_fulldsp">   --->   Core 18 'FAddSub_fulldsp' <Latency = 4> <II = 1> <Delay = 6.01> <FuncUnit> <Opcode : 'fadd' 'fsub'> <InPorts = 2> <OutPorts = 1>
ST_60 : Operation 1191 [5/5] (6.01ns)   --->   "%weight_sum_3 = fadd i32 %weight_sum_2, i32 %combined_w_3" [top.cpp:173]   --->   Operation 1191 'fadd' 'weight_sum_3' <Predicate = true> <Delay = 6.01> <CoreInst = "FAddSub_fulldsp">   --->   Core 18 'FAddSub_fulldsp' <Latency = 4> <II = 1> <Delay = 6.01> <FuncUnit> <Opcode : 'fadd' 'fsub'> <InPorts = 2> <OutPorts = 1>
ST_60 : Operation 1192 [5/5] (6.01ns)   --->   "%weighted_sum_11 = fadd i32 %weighted_sum_10, i32 %mul372_1_3" [top.cpp:172]   --->   Operation 1192 'fadd' 'weighted_sum_11' <Predicate = true> <Delay = 6.01> <CoreInst = "FAddSub_fulldsp">   --->   Core 18 'FAddSub_fulldsp' <Latency = 4> <II = 1> <Delay = 6.01> <FuncUnit> <Opcode : 'fadd' 'fsub'> <InPorts = 2> <OutPorts = 1>
ST_60 : Operation 1193 [1/5] (6.01ns)   --->   "%weight_sum_11 = fadd i32 %weight_sum_10, i32 %combined_w_11" [top.cpp:173]   --->   Operation 1193 'fadd' 'weight_sum_11' <Predicate = true> <Delay = 6.01> <CoreInst = "FAddSub_fulldsp">   --->   Core 18 'FAddSub_fulldsp' <Latency = 4> <II = 1> <Delay = 6.01> <FuncUnit> <Opcode : 'fadd' 'fsub'> <InPorts = 2> <OutPorts = 1>

State 61 <SV = 60> <Delay = 6.01>
ST_61 : Operation 1194 [3/5] (6.01ns)   --->   "%weighted_sum_2 = fadd i32 %weighted_sum_1, i32 %mul372_3" [top.cpp:172]   --->   Operation 1194 'fadd' 'weighted_sum_2' <Predicate = true> <Delay = 6.01> <CoreInst = "FAddSub_fulldsp">   --->   Core 18 'FAddSub_fulldsp' <Latency = 4> <II = 1> <Delay = 6.01> <FuncUnit> <Opcode : 'fadd' 'fsub'> <InPorts = 2> <OutPorts = 1>
ST_61 : Operation 1195 [4/5] (6.01ns)   --->   "%weight_sum_3 = fadd i32 %weight_sum_2, i32 %combined_w_3" [top.cpp:173]   --->   Operation 1195 'fadd' 'weight_sum_3' <Predicate = true> <Delay = 6.01> <CoreInst = "FAddSub_fulldsp">   --->   Core 18 'FAddSub_fulldsp' <Latency = 4> <II = 1> <Delay = 6.01> <FuncUnit> <Opcode : 'fadd' 'fsub'> <InPorts = 2> <OutPorts = 1>
ST_61 : Operation 1196 [4/5] (6.01ns)   --->   "%weighted_sum_11 = fadd i32 %weighted_sum_10, i32 %mul372_1_3" [top.cpp:172]   --->   Operation 1196 'fadd' 'weighted_sum_11' <Predicate = true> <Delay = 6.01> <CoreInst = "FAddSub_fulldsp">   --->   Core 18 'FAddSub_fulldsp' <Latency = 4> <II = 1> <Delay = 6.01> <FuncUnit> <Opcode : 'fadd' 'fsub'> <InPorts = 2> <OutPorts = 1>
ST_61 : Operation 1197 [5/5] (6.01ns)   --->   "%weight_sum_12 = fadd i32 %weight_sum_11, i32 %combined_w_12" [top.cpp:173]   --->   Operation 1197 'fadd' 'weight_sum_12' <Predicate = true> <Delay = 6.01> <CoreInst = "FAddSub_fulldsp">   --->   Core 18 'FAddSub_fulldsp' <Latency = 4> <II = 1> <Delay = 6.01> <FuncUnit> <Opcode : 'fadd' 'fsub'> <InPorts = 2> <OutPorts = 1>

State 62 <SV = 61> <Delay = 6.01>
ST_62 : Operation 1198 [2/5] (6.01ns)   --->   "%weighted_sum_2 = fadd i32 %weighted_sum_1, i32 %mul372_3" [top.cpp:172]   --->   Operation 1198 'fadd' 'weighted_sum_2' <Predicate = true> <Delay = 6.01> <CoreInst = "FAddSub_fulldsp">   --->   Core 18 'FAddSub_fulldsp' <Latency = 4> <II = 1> <Delay = 6.01> <FuncUnit> <Opcode : 'fadd' 'fsub'> <InPorts = 2> <OutPorts = 1>
ST_62 : Operation 1199 [3/5] (6.01ns)   --->   "%weight_sum_3 = fadd i32 %weight_sum_2, i32 %combined_w_3" [top.cpp:173]   --->   Operation 1199 'fadd' 'weight_sum_3' <Predicate = true> <Delay = 6.01> <CoreInst = "FAddSub_fulldsp">   --->   Core 18 'FAddSub_fulldsp' <Latency = 4> <II = 1> <Delay = 6.01> <FuncUnit> <Opcode : 'fadd' 'fsub'> <InPorts = 2> <OutPorts = 1>
ST_62 : Operation 1200 [3/5] (6.01ns)   --->   "%weighted_sum_11 = fadd i32 %weighted_sum_10, i32 %mul372_1_3" [top.cpp:172]   --->   Operation 1200 'fadd' 'weighted_sum_11' <Predicate = true> <Delay = 6.01> <CoreInst = "FAddSub_fulldsp">   --->   Core 18 'FAddSub_fulldsp' <Latency = 4> <II = 1> <Delay = 6.01> <FuncUnit> <Opcode : 'fadd' 'fsub'> <InPorts = 2> <OutPorts = 1>
ST_62 : Operation 1201 [4/5] (6.01ns)   --->   "%weight_sum_12 = fadd i32 %weight_sum_11, i32 %combined_w_12" [top.cpp:173]   --->   Operation 1201 'fadd' 'weight_sum_12' <Predicate = true> <Delay = 6.01> <CoreInst = "FAddSub_fulldsp">   --->   Core 18 'FAddSub_fulldsp' <Latency = 4> <II = 1> <Delay = 6.01> <FuncUnit> <Opcode : 'fadd' 'fsub'> <InPorts = 2> <OutPorts = 1>

State 63 <SV = 62> <Delay = 6.01>
ST_63 : Operation 1202 [1/5] (6.01ns)   --->   "%weighted_sum_2 = fadd i32 %weighted_sum_1, i32 %mul372_3" [top.cpp:172]   --->   Operation 1202 'fadd' 'weighted_sum_2' <Predicate = true> <Delay = 6.01> <CoreInst = "FAddSub_fulldsp">   --->   Core 18 'FAddSub_fulldsp' <Latency = 4> <II = 1> <Delay = 6.01> <FuncUnit> <Opcode : 'fadd' 'fsub'> <InPorts = 2> <OutPorts = 1>
ST_63 : Operation 1203 [2/5] (6.01ns)   --->   "%weight_sum_3 = fadd i32 %weight_sum_2, i32 %combined_w_3" [top.cpp:173]   --->   Operation 1203 'fadd' 'weight_sum_3' <Predicate = true> <Delay = 6.01> <CoreInst = "FAddSub_fulldsp">   --->   Core 18 'FAddSub_fulldsp' <Latency = 4> <II = 1> <Delay = 6.01> <FuncUnit> <Opcode : 'fadd' 'fsub'> <InPorts = 2> <OutPorts = 1>
ST_63 : Operation 1204 [2/5] (6.01ns)   --->   "%weighted_sum_11 = fadd i32 %weighted_sum_10, i32 %mul372_1_3" [top.cpp:172]   --->   Operation 1204 'fadd' 'weighted_sum_11' <Predicate = true> <Delay = 6.01> <CoreInst = "FAddSub_fulldsp">   --->   Core 18 'FAddSub_fulldsp' <Latency = 4> <II = 1> <Delay = 6.01> <FuncUnit> <Opcode : 'fadd' 'fsub'> <InPorts = 2> <OutPorts = 1>
ST_63 : Operation 1205 [3/5] (6.01ns)   --->   "%weight_sum_12 = fadd i32 %weight_sum_11, i32 %combined_w_12" [top.cpp:173]   --->   Operation 1205 'fadd' 'weight_sum_12' <Predicate = true> <Delay = 6.01> <CoreInst = "FAddSub_fulldsp">   --->   Core 18 'FAddSub_fulldsp' <Latency = 4> <II = 1> <Delay = 6.01> <FuncUnit> <Opcode : 'fadd' 'fsub'> <InPorts = 2> <OutPorts = 1>

State 64 <SV = 63> <Delay = 6.01>
ST_64 : Operation 1206 [5/5] (6.01ns)   --->   "%weighted_sum_3 = fadd i32 %weighted_sum_2, i32 %mul372_4" [top.cpp:172]   --->   Operation 1206 'fadd' 'weighted_sum_3' <Predicate = true> <Delay = 6.01> <CoreInst = "FAddSub_fulldsp">   --->   Core 18 'FAddSub_fulldsp' <Latency = 4> <II = 1> <Delay = 6.01> <FuncUnit> <Opcode : 'fadd' 'fsub'> <InPorts = 2> <OutPorts = 1>
ST_64 : Operation 1207 [1/5] (6.01ns)   --->   "%weight_sum_3 = fadd i32 %weight_sum_2, i32 %combined_w_3" [top.cpp:173]   --->   Operation 1207 'fadd' 'weight_sum_3' <Predicate = true> <Delay = 6.01> <CoreInst = "FAddSub_fulldsp">   --->   Core 18 'FAddSub_fulldsp' <Latency = 4> <II = 1> <Delay = 6.01> <FuncUnit> <Opcode : 'fadd' 'fsub'> <InPorts = 2> <OutPorts = 1>
ST_64 : Operation 1208 [1/5] (6.01ns)   --->   "%weighted_sum_11 = fadd i32 %weighted_sum_10, i32 %mul372_1_3" [top.cpp:172]   --->   Operation 1208 'fadd' 'weighted_sum_11' <Predicate = true> <Delay = 6.01> <CoreInst = "FAddSub_fulldsp">   --->   Core 18 'FAddSub_fulldsp' <Latency = 4> <II = 1> <Delay = 6.01> <FuncUnit> <Opcode : 'fadd' 'fsub'> <InPorts = 2> <OutPorts = 1>
ST_64 : Operation 1209 [2/5] (6.01ns)   --->   "%weight_sum_12 = fadd i32 %weight_sum_11, i32 %combined_w_12" [top.cpp:173]   --->   Operation 1209 'fadd' 'weight_sum_12' <Predicate = true> <Delay = 6.01> <CoreInst = "FAddSub_fulldsp">   --->   Core 18 'FAddSub_fulldsp' <Latency = 4> <II = 1> <Delay = 6.01> <FuncUnit> <Opcode : 'fadd' 'fsub'> <InPorts = 2> <OutPorts = 1>

State 65 <SV = 64> <Delay = 6.01>
ST_65 : Operation 1210 [4/5] (6.01ns)   --->   "%weighted_sum_3 = fadd i32 %weighted_sum_2, i32 %mul372_4" [top.cpp:172]   --->   Operation 1210 'fadd' 'weighted_sum_3' <Predicate = true> <Delay = 6.01> <CoreInst = "FAddSub_fulldsp">   --->   Core 18 'FAddSub_fulldsp' <Latency = 4> <II = 1> <Delay = 6.01> <FuncUnit> <Opcode : 'fadd' 'fsub'> <InPorts = 2> <OutPorts = 1>
ST_65 : Operation 1211 [5/5] (6.01ns)   --->   "%weight_sum_4 = fadd i32 %weight_sum_3, i32 %range_w_18" [top.cpp:173]   --->   Operation 1211 'fadd' 'weight_sum_4' <Predicate = true> <Delay = 6.01> <CoreInst = "FAddSub_fulldsp">   --->   Core 18 'FAddSub_fulldsp' <Latency = 4> <II = 1> <Delay = 6.01> <FuncUnit> <Opcode : 'fadd' 'fsub'> <InPorts = 2> <OutPorts = 1>
ST_65 : Operation 1212 [5/5] (6.01ns)   --->   "%weighted_sum_12 = fadd i32 %weighted_sum_11, i32 %mul372_1_1" [top.cpp:172]   --->   Operation 1212 'fadd' 'weighted_sum_12' <Predicate = true> <Delay = 6.01> <CoreInst = "FAddSub_fulldsp">   --->   Core 18 'FAddSub_fulldsp' <Latency = 4> <II = 1> <Delay = 6.01> <FuncUnit> <Opcode : 'fadd' 'fsub'> <InPorts = 2> <OutPorts = 1>
ST_65 : Operation 1213 [1/5] (6.01ns)   --->   "%weight_sum_12 = fadd i32 %weight_sum_11, i32 %combined_w_12" [top.cpp:173]   --->   Operation 1213 'fadd' 'weight_sum_12' <Predicate = true> <Delay = 6.01> <CoreInst = "FAddSub_fulldsp">   --->   Core 18 'FAddSub_fulldsp' <Latency = 4> <II = 1> <Delay = 6.01> <FuncUnit> <Opcode : 'fadd' 'fsub'> <InPorts = 2> <OutPorts = 1>

State 66 <SV = 65> <Delay = 6.01>
ST_66 : Operation 1214 [3/5] (6.01ns)   --->   "%weighted_sum_3 = fadd i32 %weighted_sum_2, i32 %mul372_4" [top.cpp:172]   --->   Operation 1214 'fadd' 'weighted_sum_3' <Predicate = true> <Delay = 6.01> <CoreInst = "FAddSub_fulldsp">   --->   Core 18 'FAddSub_fulldsp' <Latency = 4> <II = 1> <Delay = 6.01> <FuncUnit> <Opcode : 'fadd' 'fsub'> <InPorts = 2> <OutPorts = 1>
ST_66 : Operation 1215 [4/5] (6.01ns)   --->   "%weight_sum_4 = fadd i32 %weight_sum_3, i32 %range_w_18" [top.cpp:173]   --->   Operation 1215 'fadd' 'weight_sum_4' <Predicate = true> <Delay = 6.01> <CoreInst = "FAddSub_fulldsp">   --->   Core 18 'FAddSub_fulldsp' <Latency = 4> <II = 1> <Delay = 6.01> <FuncUnit> <Opcode : 'fadd' 'fsub'> <InPorts = 2> <OutPorts = 1>
ST_66 : Operation 1216 [4/5] (6.01ns)   --->   "%weighted_sum_12 = fadd i32 %weighted_sum_11, i32 %mul372_1_1" [top.cpp:172]   --->   Operation 1216 'fadd' 'weighted_sum_12' <Predicate = true> <Delay = 6.01> <CoreInst = "FAddSub_fulldsp">   --->   Core 18 'FAddSub_fulldsp' <Latency = 4> <II = 1> <Delay = 6.01> <FuncUnit> <Opcode : 'fadd' 'fsub'> <InPorts = 2> <OutPorts = 1>
ST_66 : Operation 1217 [5/5] (6.01ns)   --->   "%weight_sum_13 = fadd i32 %weight_sum_12, i32 %range_w_19" [top.cpp:173]   --->   Operation 1217 'fadd' 'weight_sum_13' <Predicate = true> <Delay = 6.01> <CoreInst = "FAddSub_fulldsp">   --->   Core 18 'FAddSub_fulldsp' <Latency = 4> <II = 1> <Delay = 6.01> <FuncUnit> <Opcode : 'fadd' 'fsub'> <InPorts = 2> <OutPorts = 1>

State 67 <SV = 66> <Delay = 6.01>
ST_67 : Operation 1218 [2/5] (6.01ns)   --->   "%weighted_sum_3 = fadd i32 %weighted_sum_2, i32 %mul372_4" [top.cpp:172]   --->   Operation 1218 'fadd' 'weighted_sum_3' <Predicate = true> <Delay = 6.01> <CoreInst = "FAddSub_fulldsp">   --->   Core 18 'FAddSub_fulldsp' <Latency = 4> <II = 1> <Delay = 6.01> <FuncUnit> <Opcode : 'fadd' 'fsub'> <InPorts = 2> <OutPorts = 1>
ST_67 : Operation 1219 [3/5] (6.01ns)   --->   "%weight_sum_4 = fadd i32 %weight_sum_3, i32 %range_w_18" [top.cpp:173]   --->   Operation 1219 'fadd' 'weight_sum_4' <Predicate = true> <Delay = 6.01> <CoreInst = "FAddSub_fulldsp">   --->   Core 18 'FAddSub_fulldsp' <Latency = 4> <II = 1> <Delay = 6.01> <FuncUnit> <Opcode : 'fadd' 'fsub'> <InPorts = 2> <OutPorts = 1>
ST_67 : Operation 1220 [3/5] (6.01ns)   --->   "%weighted_sum_12 = fadd i32 %weighted_sum_11, i32 %mul372_1_1" [top.cpp:172]   --->   Operation 1220 'fadd' 'weighted_sum_12' <Predicate = true> <Delay = 6.01> <CoreInst = "FAddSub_fulldsp">   --->   Core 18 'FAddSub_fulldsp' <Latency = 4> <II = 1> <Delay = 6.01> <FuncUnit> <Opcode : 'fadd' 'fsub'> <InPorts = 2> <OutPorts = 1>
ST_67 : Operation 1221 [4/5] (6.01ns)   --->   "%weight_sum_13 = fadd i32 %weight_sum_12, i32 %range_w_19" [top.cpp:173]   --->   Operation 1221 'fadd' 'weight_sum_13' <Predicate = true> <Delay = 6.01> <CoreInst = "FAddSub_fulldsp">   --->   Core 18 'FAddSub_fulldsp' <Latency = 4> <II = 1> <Delay = 6.01> <FuncUnit> <Opcode : 'fadd' 'fsub'> <InPorts = 2> <OutPorts = 1>

State 68 <SV = 67> <Delay = 6.01>
ST_68 : Operation 1222 [1/5] (6.01ns)   --->   "%weighted_sum_3 = fadd i32 %weighted_sum_2, i32 %mul372_4" [top.cpp:172]   --->   Operation 1222 'fadd' 'weighted_sum_3' <Predicate = true> <Delay = 6.01> <CoreInst = "FAddSub_fulldsp">   --->   Core 18 'FAddSub_fulldsp' <Latency = 4> <II = 1> <Delay = 6.01> <FuncUnit> <Opcode : 'fadd' 'fsub'> <InPorts = 2> <OutPorts = 1>
ST_68 : Operation 1223 [2/5] (6.01ns)   --->   "%weight_sum_4 = fadd i32 %weight_sum_3, i32 %range_w_18" [top.cpp:173]   --->   Operation 1223 'fadd' 'weight_sum_4' <Predicate = true> <Delay = 6.01> <CoreInst = "FAddSub_fulldsp">   --->   Core 18 'FAddSub_fulldsp' <Latency = 4> <II = 1> <Delay = 6.01> <FuncUnit> <Opcode : 'fadd' 'fsub'> <InPorts = 2> <OutPorts = 1>
ST_68 : Operation 1224 [2/5] (6.01ns)   --->   "%weighted_sum_12 = fadd i32 %weighted_sum_11, i32 %mul372_1_1" [top.cpp:172]   --->   Operation 1224 'fadd' 'weighted_sum_12' <Predicate = true> <Delay = 6.01> <CoreInst = "FAddSub_fulldsp">   --->   Core 18 'FAddSub_fulldsp' <Latency = 4> <II = 1> <Delay = 6.01> <FuncUnit> <Opcode : 'fadd' 'fsub'> <InPorts = 2> <OutPorts = 1>
ST_68 : Operation 1225 [3/5] (6.01ns)   --->   "%weight_sum_13 = fadd i32 %weight_sum_12, i32 %range_w_19" [top.cpp:173]   --->   Operation 1225 'fadd' 'weight_sum_13' <Predicate = true> <Delay = 6.01> <CoreInst = "FAddSub_fulldsp">   --->   Core 18 'FAddSub_fulldsp' <Latency = 4> <II = 1> <Delay = 6.01> <FuncUnit> <Opcode : 'fadd' 'fsub'> <InPorts = 2> <OutPorts = 1>

State 69 <SV = 68> <Delay = 6.01>
ST_69 : Operation 1226 [5/5] (6.01ns)   --->   "%weighted_sum_4 = fadd i32 %weighted_sum_3, i32 %mul372_1172_1" [top.cpp:172]   --->   Operation 1226 'fadd' 'weighted_sum_4' <Predicate = true> <Delay = 6.01> <CoreInst = "FAddSub_fulldsp">   --->   Core 18 'FAddSub_fulldsp' <Latency = 4> <II = 1> <Delay = 6.01> <FuncUnit> <Opcode : 'fadd' 'fsub'> <InPorts = 2> <OutPorts = 1>
ST_69 : Operation 1227 [1/5] (6.01ns)   --->   "%weight_sum_4 = fadd i32 %weight_sum_3, i32 %range_w_18" [top.cpp:173]   --->   Operation 1227 'fadd' 'weight_sum_4' <Predicate = true> <Delay = 6.01> <CoreInst = "FAddSub_fulldsp">   --->   Core 18 'FAddSub_fulldsp' <Latency = 4> <II = 1> <Delay = 6.01> <FuncUnit> <Opcode : 'fadd' 'fsub'> <InPorts = 2> <OutPorts = 1>
ST_69 : Operation 1228 [1/5] (6.01ns)   --->   "%weighted_sum_12 = fadd i32 %weighted_sum_11, i32 %mul372_1_1" [top.cpp:172]   --->   Operation 1228 'fadd' 'weighted_sum_12' <Predicate = true> <Delay = 6.01> <CoreInst = "FAddSub_fulldsp">   --->   Core 18 'FAddSub_fulldsp' <Latency = 4> <II = 1> <Delay = 6.01> <FuncUnit> <Opcode : 'fadd' 'fsub'> <InPorts = 2> <OutPorts = 1>
ST_69 : Operation 1229 [2/5] (6.01ns)   --->   "%weight_sum_13 = fadd i32 %weight_sum_12, i32 %range_w_19" [top.cpp:173]   --->   Operation 1229 'fadd' 'weight_sum_13' <Predicate = true> <Delay = 6.01> <CoreInst = "FAddSub_fulldsp">   --->   Core 18 'FAddSub_fulldsp' <Latency = 4> <II = 1> <Delay = 6.01> <FuncUnit> <Opcode : 'fadd' 'fsub'> <InPorts = 2> <OutPorts = 1>

State 70 <SV = 69> <Delay = 6.01>
ST_70 : Operation 1230 [4/5] (6.01ns)   --->   "%weighted_sum_4 = fadd i32 %weighted_sum_3, i32 %mul372_1172_1" [top.cpp:172]   --->   Operation 1230 'fadd' 'weighted_sum_4' <Predicate = true> <Delay = 6.01> <CoreInst = "FAddSub_fulldsp">   --->   Core 18 'FAddSub_fulldsp' <Latency = 4> <II = 1> <Delay = 6.01> <FuncUnit> <Opcode : 'fadd' 'fsub'> <InPorts = 2> <OutPorts = 1>
ST_70 : Operation 1231 [5/5] (6.01ns)   --->   "%weight_sum_5 = fadd i32 %weight_sum_4, i32 %combined_w_5" [top.cpp:173]   --->   Operation 1231 'fadd' 'weight_sum_5' <Predicate = true> <Delay = 6.01> <CoreInst = "FAddSub_fulldsp">   --->   Core 18 'FAddSub_fulldsp' <Latency = 4> <II = 1> <Delay = 6.01> <FuncUnit> <Opcode : 'fadd' 'fsub'> <InPorts = 2> <OutPorts = 1>
ST_70 : Operation 1232 [5/5] (6.01ns)   --->   "%weighted_sum_13 = fadd i32 %weighted_sum_12, i32 %mul372_1_1_1" [top.cpp:172]   --->   Operation 1232 'fadd' 'weighted_sum_13' <Predicate = true> <Delay = 6.01> <CoreInst = "FAddSub_fulldsp">   --->   Core 18 'FAddSub_fulldsp' <Latency = 4> <II = 1> <Delay = 6.01> <FuncUnit> <Opcode : 'fadd' 'fsub'> <InPorts = 2> <OutPorts = 1>
ST_70 : Operation 1233 [1/5] (6.01ns)   --->   "%weight_sum_13 = fadd i32 %weight_sum_12, i32 %range_w_19" [top.cpp:173]   --->   Operation 1233 'fadd' 'weight_sum_13' <Predicate = true> <Delay = 6.01> <CoreInst = "FAddSub_fulldsp">   --->   Core 18 'FAddSub_fulldsp' <Latency = 4> <II = 1> <Delay = 6.01> <FuncUnit> <Opcode : 'fadd' 'fsub'> <InPorts = 2> <OutPorts = 1>

State 71 <SV = 70> <Delay = 6.01>
ST_71 : Operation 1234 [3/5] (6.01ns)   --->   "%weighted_sum_4 = fadd i32 %weighted_sum_3, i32 %mul372_1172_1" [top.cpp:172]   --->   Operation 1234 'fadd' 'weighted_sum_4' <Predicate = true> <Delay = 6.01> <CoreInst = "FAddSub_fulldsp">   --->   Core 18 'FAddSub_fulldsp' <Latency = 4> <II = 1> <Delay = 6.01> <FuncUnit> <Opcode : 'fadd' 'fsub'> <InPorts = 2> <OutPorts = 1>
ST_71 : Operation 1235 [4/5] (6.01ns)   --->   "%weight_sum_5 = fadd i32 %weight_sum_4, i32 %combined_w_5" [top.cpp:173]   --->   Operation 1235 'fadd' 'weight_sum_5' <Predicate = true> <Delay = 6.01> <CoreInst = "FAddSub_fulldsp">   --->   Core 18 'FAddSub_fulldsp' <Latency = 4> <II = 1> <Delay = 6.01> <FuncUnit> <Opcode : 'fadd' 'fsub'> <InPorts = 2> <OutPorts = 1>
ST_71 : Operation 1236 [4/5] (6.01ns)   --->   "%weighted_sum_13 = fadd i32 %weighted_sum_12, i32 %mul372_1_1_1" [top.cpp:172]   --->   Operation 1236 'fadd' 'weighted_sum_13' <Predicate = true> <Delay = 6.01> <CoreInst = "FAddSub_fulldsp">   --->   Core 18 'FAddSub_fulldsp' <Latency = 4> <II = 1> <Delay = 6.01> <FuncUnit> <Opcode : 'fadd' 'fsub'> <InPorts = 2> <OutPorts = 1>
ST_71 : Operation 1237 [5/5] (6.01ns)   --->   "%weight_sum_14 = fadd i32 %weight_sum_13, i32 %combined_w_14" [top.cpp:173]   --->   Operation 1237 'fadd' 'weight_sum_14' <Predicate = true> <Delay = 6.01> <CoreInst = "FAddSub_fulldsp">   --->   Core 18 'FAddSub_fulldsp' <Latency = 4> <II = 1> <Delay = 6.01> <FuncUnit> <Opcode : 'fadd' 'fsub'> <InPorts = 2> <OutPorts = 1>

State 72 <SV = 71> <Delay = 6.01>
ST_72 : Operation 1238 [2/5] (6.01ns)   --->   "%weighted_sum_4 = fadd i32 %weighted_sum_3, i32 %mul372_1172_1" [top.cpp:172]   --->   Operation 1238 'fadd' 'weighted_sum_4' <Predicate = true> <Delay = 6.01> <CoreInst = "FAddSub_fulldsp">   --->   Core 18 'FAddSub_fulldsp' <Latency = 4> <II = 1> <Delay = 6.01> <FuncUnit> <Opcode : 'fadd' 'fsub'> <InPorts = 2> <OutPorts = 1>
ST_72 : Operation 1239 [3/5] (6.01ns)   --->   "%weight_sum_5 = fadd i32 %weight_sum_4, i32 %combined_w_5" [top.cpp:173]   --->   Operation 1239 'fadd' 'weight_sum_5' <Predicate = true> <Delay = 6.01> <CoreInst = "FAddSub_fulldsp">   --->   Core 18 'FAddSub_fulldsp' <Latency = 4> <II = 1> <Delay = 6.01> <FuncUnit> <Opcode : 'fadd' 'fsub'> <InPorts = 2> <OutPorts = 1>
ST_72 : Operation 1240 [3/5] (6.01ns)   --->   "%weighted_sum_13 = fadd i32 %weighted_sum_12, i32 %mul372_1_1_1" [top.cpp:172]   --->   Operation 1240 'fadd' 'weighted_sum_13' <Predicate = true> <Delay = 6.01> <CoreInst = "FAddSub_fulldsp">   --->   Core 18 'FAddSub_fulldsp' <Latency = 4> <II = 1> <Delay = 6.01> <FuncUnit> <Opcode : 'fadd' 'fsub'> <InPorts = 2> <OutPorts = 1>
ST_72 : Operation 1241 [4/5] (6.01ns)   --->   "%weight_sum_14 = fadd i32 %weight_sum_13, i32 %combined_w_14" [top.cpp:173]   --->   Operation 1241 'fadd' 'weight_sum_14' <Predicate = true> <Delay = 6.01> <CoreInst = "FAddSub_fulldsp">   --->   Core 18 'FAddSub_fulldsp' <Latency = 4> <II = 1> <Delay = 6.01> <FuncUnit> <Opcode : 'fadd' 'fsub'> <InPorts = 2> <OutPorts = 1>

State 73 <SV = 72> <Delay = 6.01>
ST_73 : Operation 1242 [1/5] (6.01ns)   --->   "%weighted_sum_4 = fadd i32 %weighted_sum_3, i32 %mul372_1172_1" [top.cpp:172]   --->   Operation 1242 'fadd' 'weighted_sum_4' <Predicate = true> <Delay = 6.01> <CoreInst = "FAddSub_fulldsp">   --->   Core 18 'FAddSub_fulldsp' <Latency = 4> <II = 1> <Delay = 6.01> <FuncUnit> <Opcode : 'fadd' 'fsub'> <InPorts = 2> <OutPorts = 1>
ST_73 : Operation 1243 [2/5] (6.01ns)   --->   "%weight_sum_5 = fadd i32 %weight_sum_4, i32 %combined_w_5" [top.cpp:173]   --->   Operation 1243 'fadd' 'weight_sum_5' <Predicate = true> <Delay = 6.01> <CoreInst = "FAddSub_fulldsp">   --->   Core 18 'FAddSub_fulldsp' <Latency = 4> <II = 1> <Delay = 6.01> <FuncUnit> <Opcode : 'fadd' 'fsub'> <InPorts = 2> <OutPorts = 1>
ST_73 : Operation 1244 [2/5] (6.01ns)   --->   "%weighted_sum_13 = fadd i32 %weighted_sum_12, i32 %mul372_1_1_1" [top.cpp:172]   --->   Operation 1244 'fadd' 'weighted_sum_13' <Predicate = true> <Delay = 6.01> <CoreInst = "FAddSub_fulldsp">   --->   Core 18 'FAddSub_fulldsp' <Latency = 4> <II = 1> <Delay = 6.01> <FuncUnit> <Opcode : 'fadd' 'fsub'> <InPorts = 2> <OutPorts = 1>
ST_73 : Operation 1245 [3/5] (6.01ns)   --->   "%weight_sum_14 = fadd i32 %weight_sum_13, i32 %combined_w_14" [top.cpp:173]   --->   Operation 1245 'fadd' 'weight_sum_14' <Predicate = true> <Delay = 6.01> <CoreInst = "FAddSub_fulldsp">   --->   Core 18 'FAddSub_fulldsp' <Latency = 4> <II = 1> <Delay = 6.01> <FuncUnit> <Opcode : 'fadd' 'fsub'> <InPorts = 2> <OutPorts = 1>

State 74 <SV = 73> <Delay = 6.01>
ST_74 : Operation 1246 [5/5] (6.01ns)   --->   "%weighted_sum_5 = fadd i32 %weighted_sum_4, i32 %mul372_1172_2" [top.cpp:172]   --->   Operation 1246 'fadd' 'weighted_sum_5' <Predicate = true> <Delay = 6.01> <CoreInst = "FAddSub_fulldsp">   --->   Core 18 'FAddSub_fulldsp' <Latency = 4> <II = 1> <Delay = 6.01> <FuncUnit> <Opcode : 'fadd' 'fsub'> <InPorts = 2> <OutPorts = 1>
ST_74 : Operation 1247 [1/5] (6.01ns)   --->   "%weight_sum_5 = fadd i32 %weight_sum_4, i32 %combined_w_5" [top.cpp:173]   --->   Operation 1247 'fadd' 'weight_sum_5' <Predicate = true> <Delay = 6.01> <CoreInst = "FAddSub_fulldsp">   --->   Core 18 'FAddSub_fulldsp' <Latency = 4> <II = 1> <Delay = 6.01> <FuncUnit> <Opcode : 'fadd' 'fsub'> <InPorts = 2> <OutPorts = 1>
ST_74 : Operation 1248 [1/5] (6.01ns)   --->   "%weighted_sum_13 = fadd i32 %weighted_sum_12, i32 %mul372_1_1_1" [top.cpp:172]   --->   Operation 1248 'fadd' 'weighted_sum_13' <Predicate = true> <Delay = 6.01> <CoreInst = "FAddSub_fulldsp">   --->   Core 18 'FAddSub_fulldsp' <Latency = 4> <II = 1> <Delay = 6.01> <FuncUnit> <Opcode : 'fadd' 'fsub'> <InPorts = 2> <OutPorts = 1>
ST_74 : Operation 1249 [2/5] (6.01ns)   --->   "%weight_sum_14 = fadd i32 %weight_sum_13, i32 %combined_w_14" [top.cpp:173]   --->   Operation 1249 'fadd' 'weight_sum_14' <Predicate = true> <Delay = 6.01> <CoreInst = "FAddSub_fulldsp">   --->   Core 18 'FAddSub_fulldsp' <Latency = 4> <II = 1> <Delay = 6.01> <FuncUnit> <Opcode : 'fadd' 'fsub'> <InPorts = 2> <OutPorts = 1>

State 75 <SV = 74> <Delay = 6.01>
ST_75 : Operation 1250 [4/5] (6.01ns)   --->   "%weighted_sum_5 = fadd i32 %weighted_sum_4, i32 %mul372_1172_2" [top.cpp:172]   --->   Operation 1250 'fadd' 'weighted_sum_5' <Predicate = true> <Delay = 6.01> <CoreInst = "FAddSub_fulldsp">   --->   Core 18 'FAddSub_fulldsp' <Latency = 4> <II = 1> <Delay = 6.01> <FuncUnit> <Opcode : 'fadd' 'fsub'> <InPorts = 2> <OutPorts = 1>
ST_75 : Operation 1251 [5/5] (6.01ns)   --->   "%weight_sum_6 = fadd i32 %weight_sum_5, i32 %combined_w_6" [top.cpp:173]   --->   Operation 1251 'fadd' 'weight_sum_6' <Predicate = true> <Delay = 6.01> <CoreInst = "FAddSub_fulldsp">   --->   Core 18 'FAddSub_fulldsp' <Latency = 4> <II = 1> <Delay = 6.01> <FuncUnit> <Opcode : 'fadd' 'fsub'> <InPorts = 2> <OutPorts = 1>
ST_75 : Operation 1252 [5/5] (6.01ns)   --->   "%weighted_sum_14 = fadd i32 %weighted_sum_13, i32 %mul372_1_1_2" [top.cpp:172]   --->   Operation 1252 'fadd' 'weighted_sum_14' <Predicate = true> <Delay = 6.01> <CoreInst = "FAddSub_fulldsp">   --->   Core 18 'FAddSub_fulldsp' <Latency = 4> <II = 1> <Delay = 6.01> <FuncUnit> <Opcode : 'fadd' 'fsub'> <InPorts = 2> <OutPorts = 1>
ST_75 : Operation 1253 [1/5] (6.01ns)   --->   "%weight_sum_14 = fadd i32 %weight_sum_13, i32 %combined_w_14" [top.cpp:173]   --->   Operation 1253 'fadd' 'weight_sum_14' <Predicate = true> <Delay = 6.01> <CoreInst = "FAddSub_fulldsp">   --->   Core 18 'FAddSub_fulldsp' <Latency = 4> <II = 1> <Delay = 6.01> <FuncUnit> <Opcode : 'fadd' 'fsub'> <InPorts = 2> <OutPorts = 1>

State 76 <SV = 75> <Delay = 6.01>
ST_76 : Operation 1254 [3/5] (6.01ns)   --->   "%weighted_sum_5 = fadd i32 %weighted_sum_4, i32 %mul372_1172_2" [top.cpp:172]   --->   Operation 1254 'fadd' 'weighted_sum_5' <Predicate = true> <Delay = 6.01> <CoreInst = "FAddSub_fulldsp">   --->   Core 18 'FAddSub_fulldsp' <Latency = 4> <II = 1> <Delay = 6.01> <FuncUnit> <Opcode : 'fadd' 'fsub'> <InPorts = 2> <OutPorts = 1>
ST_76 : Operation 1255 [4/5] (6.01ns)   --->   "%weight_sum_6 = fadd i32 %weight_sum_5, i32 %combined_w_6" [top.cpp:173]   --->   Operation 1255 'fadd' 'weight_sum_6' <Predicate = true> <Delay = 6.01> <CoreInst = "FAddSub_fulldsp">   --->   Core 18 'FAddSub_fulldsp' <Latency = 4> <II = 1> <Delay = 6.01> <FuncUnit> <Opcode : 'fadd' 'fsub'> <InPorts = 2> <OutPorts = 1>
ST_76 : Operation 1256 [4/5] (6.01ns)   --->   "%weighted_sum_14 = fadd i32 %weighted_sum_13, i32 %mul372_1_1_2" [top.cpp:172]   --->   Operation 1256 'fadd' 'weighted_sum_14' <Predicate = true> <Delay = 6.01> <CoreInst = "FAddSub_fulldsp">   --->   Core 18 'FAddSub_fulldsp' <Latency = 4> <II = 1> <Delay = 6.01> <FuncUnit> <Opcode : 'fadd' 'fsub'> <InPorts = 2> <OutPorts = 1>

State 77 <SV = 76> <Delay = 6.01>
ST_77 : Operation 1257 [2/5] (6.01ns)   --->   "%weighted_sum_5 = fadd i32 %weighted_sum_4, i32 %mul372_1172_2" [top.cpp:172]   --->   Operation 1257 'fadd' 'weighted_sum_5' <Predicate = true> <Delay = 6.01> <CoreInst = "FAddSub_fulldsp">   --->   Core 18 'FAddSub_fulldsp' <Latency = 4> <II = 1> <Delay = 6.01> <FuncUnit> <Opcode : 'fadd' 'fsub'> <InPorts = 2> <OutPorts = 1>
ST_77 : Operation 1258 [3/5] (6.01ns)   --->   "%weight_sum_6 = fadd i32 %weight_sum_5, i32 %combined_w_6" [top.cpp:173]   --->   Operation 1258 'fadd' 'weight_sum_6' <Predicate = true> <Delay = 6.01> <CoreInst = "FAddSub_fulldsp">   --->   Core 18 'FAddSub_fulldsp' <Latency = 4> <II = 1> <Delay = 6.01> <FuncUnit> <Opcode : 'fadd' 'fsub'> <InPorts = 2> <OutPorts = 1>
ST_77 : Operation 1259 [3/5] (6.01ns)   --->   "%weighted_sum_14 = fadd i32 %weighted_sum_13, i32 %mul372_1_1_2" [top.cpp:172]   --->   Operation 1259 'fadd' 'weighted_sum_14' <Predicate = true> <Delay = 6.01> <CoreInst = "FAddSub_fulldsp">   --->   Core 18 'FAddSub_fulldsp' <Latency = 4> <II = 1> <Delay = 6.01> <FuncUnit> <Opcode : 'fadd' 'fsub'> <InPorts = 2> <OutPorts = 1>
ST_77 : Operation 1260 [5/5] (6.01ns)   --->   "%weight_sum_15 = fadd i32 %weight_sum_14, i32 %combined_w_15" [top.cpp:173]   --->   Operation 1260 'fadd' 'weight_sum_15' <Predicate = true> <Delay = 6.01> <CoreInst = "FAddSub_fulldsp">   --->   Core 18 'FAddSub_fulldsp' <Latency = 4> <II = 1> <Delay = 6.01> <FuncUnit> <Opcode : 'fadd' 'fsub'> <InPorts = 2> <OutPorts = 1>

State 78 <SV = 77> <Delay = 6.01>
ST_78 : Operation 1261 [1/5] (6.01ns)   --->   "%weighted_sum_5 = fadd i32 %weighted_sum_4, i32 %mul372_1172_2" [top.cpp:172]   --->   Operation 1261 'fadd' 'weighted_sum_5' <Predicate = true> <Delay = 6.01> <CoreInst = "FAddSub_fulldsp">   --->   Core 18 'FAddSub_fulldsp' <Latency = 4> <II = 1> <Delay = 6.01> <FuncUnit> <Opcode : 'fadd' 'fsub'> <InPorts = 2> <OutPorts = 1>
ST_78 : Operation 1262 [2/5] (6.01ns)   --->   "%weight_sum_6 = fadd i32 %weight_sum_5, i32 %combined_w_6" [top.cpp:173]   --->   Operation 1262 'fadd' 'weight_sum_6' <Predicate = true> <Delay = 6.01> <CoreInst = "FAddSub_fulldsp">   --->   Core 18 'FAddSub_fulldsp' <Latency = 4> <II = 1> <Delay = 6.01> <FuncUnit> <Opcode : 'fadd' 'fsub'> <InPorts = 2> <OutPorts = 1>
ST_78 : Operation 1263 [2/5] (6.01ns)   --->   "%weighted_sum_14 = fadd i32 %weighted_sum_13, i32 %mul372_1_1_2" [top.cpp:172]   --->   Operation 1263 'fadd' 'weighted_sum_14' <Predicate = true> <Delay = 6.01> <CoreInst = "FAddSub_fulldsp">   --->   Core 18 'FAddSub_fulldsp' <Latency = 4> <II = 1> <Delay = 6.01> <FuncUnit> <Opcode : 'fadd' 'fsub'> <InPorts = 2> <OutPorts = 1>
ST_78 : Operation 1264 [4/5] (6.01ns)   --->   "%weight_sum_15 = fadd i32 %weight_sum_14, i32 %combined_w_15" [top.cpp:173]   --->   Operation 1264 'fadd' 'weight_sum_15' <Predicate = true> <Delay = 6.01> <CoreInst = "FAddSub_fulldsp">   --->   Core 18 'FAddSub_fulldsp' <Latency = 4> <II = 1> <Delay = 6.01> <FuncUnit> <Opcode : 'fadd' 'fsub'> <InPorts = 2> <OutPorts = 1>

State 79 <SV = 78> <Delay = 6.01>
ST_79 : Operation 1265 [5/5] (6.01ns)   --->   "%weighted_sum_6 = fadd i32 %weighted_sum_5, i32 %mul372_2" [top.cpp:172]   --->   Operation 1265 'fadd' 'weighted_sum_6' <Predicate = true> <Delay = 6.01> <CoreInst = "FAddSub_fulldsp">   --->   Core 18 'FAddSub_fulldsp' <Latency = 4> <II = 1> <Delay = 6.01> <FuncUnit> <Opcode : 'fadd' 'fsub'> <InPorts = 2> <OutPorts = 1>
ST_79 : Operation 1266 [1/5] (6.01ns)   --->   "%weight_sum_6 = fadd i32 %weight_sum_5, i32 %combined_w_6" [top.cpp:173]   --->   Operation 1266 'fadd' 'weight_sum_6' <Predicate = true> <Delay = 6.01> <CoreInst = "FAddSub_fulldsp">   --->   Core 18 'FAddSub_fulldsp' <Latency = 4> <II = 1> <Delay = 6.01> <FuncUnit> <Opcode : 'fadd' 'fsub'> <InPorts = 2> <OutPorts = 1>
ST_79 : Operation 1267 [1/5] (6.01ns)   --->   "%weighted_sum_14 = fadd i32 %weighted_sum_13, i32 %mul372_1_1_2" [top.cpp:172]   --->   Operation 1267 'fadd' 'weighted_sum_14' <Predicate = true> <Delay = 6.01> <CoreInst = "FAddSub_fulldsp">   --->   Core 18 'FAddSub_fulldsp' <Latency = 4> <II = 1> <Delay = 6.01> <FuncUnit> <Opcode : 'fadd' 'fsub'> <InPorts = 2> <OutPorts = 1>
ST_79 : Operation 1268 [3/5] (6.01ns)   --->   "%weight_sum_15 = fadd i32 %weight_sum_14, i32 %combined_w_15" [top.cpp:173]   --->   Operation 1268 'fadd' 'weight_sum_15' <Predicate = true> <Delay = 6.01> <CoreInst = "FAddSub_fulldsp">   --->   Core 18 'FAddSub_fulldsp' <Latency = 4> <II = 1> <Delay = 6.01> <FuncUnit> <Opcode : 'fadd' 'fsub'> <InPorts = 2> <OutPorts = 1>

State 80 <SV = 79> <Delay = 6.01>
ST_80 : Operation 1269 [4/5] (6.01ns)   --->   "%weighted_sum_6 = fadd i32 %weighted_sum_5, i32 %mul372_2" [top.cpp:172]   --->   Operation 1269 'fadd' 'weighted_sum_6' <Predicate = true> <Delay = 6.01> <CoreInst = "FAddSub_fulldsp">   --->   Core 18 'FAddSub_fulldsp' <Latency = 4> <II = 1> <Delay = 6.01> <FuncUnit> <Opcode : 'fadd' 'fsub'> <InPorts = 2> <OutPorts = 1>
ST_80 : Operation 1270 [5/5] (6.01ns)   --->   "%weight_sum_7 = fadd i32 %weight_sum_6, i32 %combined_w_7" [top.cpp:173]   --->   Operation 1270 'fadd' 'weight_sum_7' <Predicate = true> <Delay = 6.01> <CoreInst = "FAddSub_fulldsp">   --->   Core 18 'FAddSub_fulldsp' <Latency = 4> <II = 1> <Delay = 6.01> <FuncUnit> <Opcode : 'fadd' 'fsub'> <InPorts = 2> <OutPorts = 1>
ST_80 : Operation 1271 [5/5] (6.01ns)   --->   "%weighted_sum_15 = fadd i32 %weighted_sum_14, i32 %mul372_1_2" [top.cpp:172]   --->   Operation 1271 'fadd' 'weighted_sum_15' <Predicate = true> <Delay = 6.01> <CoreInst = "FAddSub_fulldsp">   --->   Core 18 'FAddSub_fulldsp' <Latency = 4> <II = 1> <Delay = 6.01> <FuncUnit> <Opcode : 'fadd' 'fsub'> <InPorts = 2> <OutPorts = 1>
ST_80 : Operation 1272 [2/5] (6.01ns)   --->   "%weight_sum_15 = fadd i32 %weight_sum_14, i32 %combined_w_15" [top.cpp:173]   --->   Operation 1272 'fadd' 'weight_sum_15' <Predicate = true> <Delay = 6.01> <CoreInst = "FAddSub_fulldsp">   --->   Core 18 'FAddSub_fulldsp' <Latency = 4> <II = 1> <Delay = 6.01> <FuncUnit> <Opcode : 'fadd' 'fsub'> <InPorts = 2> <OutPorts = 1>

State 81 <SV = 80> <Delay = 6.01>
ST_81 : Operation 1273 [3/5] (6.01ns)   --->   "%weighted_sum_6 = fadd i32 %weighted_sum_5, i32 %mul372_2" [top.cpp:172]   --->   Operation 1273 'fadd' 'weighted_sum_6' <Predicate = true> <Delay = 6.01> <CoreInst = "FAddSub_fulldsp">   --->   Core 18 'FAddSub_fulldsp' <Latency = 4> <II = 1> <Delay = 6.01> <FuncUnit> <Opcode : 'fadd' 'fsub'> <InPorts = 2> <OutPorts = 1>
ST_81 : Operation 1274 [4/5] (6.01ns)   --->   "%weight_sum_7 = fadd i32 %weight_sum_6, i32 %combined_w_7" [top.cpp:173]   --->   Operation 1274 'fadd' 'weight_sum_7' <Predicate = true> <Delay = 6.01> <CoreInst = "FAddSub_fulldsp">   --->   Core 18 'FAddSub_fulldsp' <Latency = 4> <II = 1> <Delay = 6.01> <FuncUnit> <Opcode : 'fadd' 'fsub'> <InPorts = 2> <OutPorts = 1>
ST_81 : Operation 1275 [4/5] (6.01ns)   --->   "%weighted_sum_15 = fadd i32 %weighted_sum_14, i32 %mul372_1_2" [top.cpp:172]   --->   Operation 1275 'fadd' 'weighted_sum_15' <Predicate = true> <Delay = 6.01> <CoreInst = "FAddSub_fulldsp">   --->   Core 18 'FAddSub_fulldsp' <Latency = 4> <II = 1> <Delay = 6.01> <FuncUnit> <Opcode : 'fadd' 'fsub'> <InPorts = 2> <OutPorts = 1>
ST_81 : Operation 1276 [1/5] (6.01ns)   --->   "%weight_sum_15 = fadd i32 %weight_sum_14, i32 %combined_w_15" [top.cpp:173]   --->   Operation 1276 'fadd' 'weight_sum_15' <Predicate = true> <Delay = 6.01> <CoreInst = "FAddSub_fulldsp">   --->   Core 18 'FAddSub_fulldsp' <Latency = 4> <II = 1> <Delay = 6.01> <FuncUnit> <Opcode : 'fadd' 'fsub'> <InPorts = 2> <OutPorts = 1>

State 82 <SV = 81> <Delay = 6.01>
ST_82 : Operation 1277 [2/5] (6.01ns)   --->   "%weighted_sum_6 = fadd i32 %weighted_sum_5, i32 %mul372_2" [top.cpp:172]   --->   Operation 1277 'fadd' 'weighted_sum_6' <Predicate = true> <Delay = 6.01> <CoreInst = "FAddSub_fulldsp">   --->   Core 18 'FAddSub_fulldsp' <Latency = 4> <II = 1> <Delay = 6.01> <FuncUnit> <Opcode : 'fadd' 'fsub'> <InPorts = 2> <OutPorts = 1>
ST_82 : Operation 1278 [3/5] (6.01ns)   --->   "%weight_sum_7 = fadd i32 %weight_sum_6, i32 %combined_w_7" [top.cpp:173]   --->   Operation 1278 'fadd' 'weight_sum_7' <Predicate = true> <Delay = 6.01> <CoreInst = "FAddSub_fulldsp">   --->   Core 18 'FAddSub_fulldsp' <Latency = 4> <II = 1> <Delay = 6.01> <FuncUnit> <Opcode : 'fadd' 'fsub'> <InPorts = 2> <OutPorts = 1>
ST_82 : Operation 1279 [3/5] (6.01ns)   --->   "%weighted_sum_15 = fadd i32 %weighted_sum_14, i32 %mul372_1_2" [top.cpp:172]   --->   Operation 1279 'fadd' 'weighted_sum_15' <Predicate = true> <Delay = 6.01> <CoreInst = "FAddSub_fulldsp">   --->   Core 18 'FAddSub_fulldsp' <Latency = 4> <II = 1> <Delay = 6.01> <FuncUnit> <Opcode : 'fadd' 'fsub'> <InPorts = 2> <OutPorts = 1>

State 83 <SV = 82> <Delay = 6.01>
ST_83 : Operation 1280 [1/5] (6.01ns)   --->   "%weighted_sum_6 = fadd i32 %weighted_sum_5, i32 %mul372_2" [top.cpp:172]   --->   Operation 1280 'fadd' 'weighted_sum_6' <Predicate = true> <Delay = 6.01> <CoreInst = "FAddSub_fulldsp">   --->   Core 18 'FAddSub_fulldsp' <Latency = 4> <II = 1> <Delay = 6.01> <FuncUnit> <Opcode : 'fadd' 'fsub'> <InPorts = 2> <OutPorts = 1>
ST_83 : Operation 1281 [2/5] (6.01ns)   --->   "%weight_sum_7 = fadd i32 %weight_sum_6, i32 %combined_w_7" [top.cpp:173]   --->   Operation 1281 'fadd' 'weight_sum_7' <Predicate = true> <Delay = 6.01> <CoreInst = "FAddSub_fulldsp">   --->   Core 18 'FAddSub_fulldsp' <Latency = 4> <II = 1> <Delay = 6.01> <FuncUnit> <Opcode : 'fadd' 'fsub'> <InPorts = 2> <OutPorts = 1>
ST_83 : Operation 1282 [2/5] (6.01ns)   --->   "%weighted_sum_15 = fadd i32 %weighted_sum_14, i32 %mul372_1_2" [top.cpp:172]   --->   Operation 1282 'fadd' 'weighted_sum_15' <Predicate = true> <Delay = 6.01> <CoreInst = "FAddSub_fulldsp">   --->   Core 18 'FAddSub_fulldsp' <Latency = 4> <II = 1> <Delay = 6.01> <FuncUnit> <Opcode : 'fadd' 'fsub'> <InPorts = 2> <OutPorts = 1>
ST_83 : Operation 1283 [5/5] (6.01ns)   --->   "%weight_sum_16 = fadd i32 %weight_sum_15, i32 %combined_w_16" [top.cpp:173]   --->   Operation 1283 'fadd' 'weight_sum_16' <Predicate = true> <Delay = 6.01> <CoreInst = "FAddSub_fulldsp">   --->   Core 18 'FAddSub_fulldsp' <Latency = 4> <II = 1> <Delay = 6.01> <FuncUnit> <Opcode : 'fadd' 'fsub'> <InPorts = 2> <OutPorts = 1>

State 84 <SV = 83> <Delay = 6.01>
ST_84 : Operation 1284 [5/5] (6.01ns)   --->   "%weighted_sum_7 = fadd i32 %weighted_sum_6, i32 %mul372_2_1" [top.cpp:172]   --->   Operation 1284 'fadd' 'weighted_sum_7' <Predicate = true> <Delay = 6.01> <CoreInst = "FAddSub_fulldsp">   --->   Core 18 'FAddSub_fulldsp' <Latency = 4> <II = 1> <Delay = 6.01> <FuncUnit> <Opcode : 'fadd' 'fsub'> <InPorts = 2> <OutPorts = 1>
ST_84 : Operation 1285 [1/5] (6.01ns)   --->   "%weight_sum_7 = fadd i32 %weight_sum_6, i32 %combined_w_7" [top.cpp:173]   --->   Operation 1285 'fadd' 'weight_sum_7' <Predicate = true> <Delay = 6.01> <CoreInst = "FAddSub_fulldsp">   --->   Core 18 'FAddSub_fulldsp' <Latency = 4> <II = 1> <Delay = 6.01> <FuncUnit> <Opcode : 'fadd' 'fsub'> <InPorts = 2> <OutPorts = 1>
ST_84 : Operation 1286 [1/5] (6.01ns)   --->   "%weighted_sum_15 = fadd i32 %weighted_sum_14, i32 %mul372_1_2" [top.cpp:172]   --->   Operation 1286 'fadd' 'weighted_sum_15' <Predicate = true> <Delay = 6.01> <CoreInst = "FAddSub_fulldsp">   --->   Core 18 'FAddSub_fulldsp' <Latency = 4> <II = 1> <Delay = 6.01> <FuncUnit> <Opcode : 'fadd' 'fsub'> <InPorts = 2> <OutPorts = 1>
ST_84 : Operation 1287 [4/5] (6.01ns)   --->   "%weight_sum_16 = fadd i32 %weight_sum_15, i32 %combined_w_16" [top.cpp:173]   --->   Operation 1287 'fadd' 'weight_sum_16' <Predicate = true> <Delay = 6.01> <CoreInst = "FAddSub_fulldsp">   --->   Core 18 'FAddSub_fulldsp' <Latency = 4> <II = 1> <Delay = 6.01> <FuncUnit> <Opcode : 'fadd' 'fsub'> <InPorts = 2> <OutPorts = 1>

State 85 <SV = 84> <Delay = 6.01>
ST_85 : Operation 1288 [4/5] (6.01ns)   --->   "%weighted_sum_7 = fadd i32 %weighted_sum_6, i32 %mul372_2_1" [top.cpp:172]   --->   Operation 1288 'fadd' 'weighted_sum_7' <Predicate = true> <Delay = 6.01> <CoreInst = "FAddSub_fulldsp">   --->   Core 18 'FAddSub_fulldsp' <Latency = 4> <II = 1> <Delay = 6.01> <FuncUnit> <Opcode : 'fadd' 'fsub'> <InPorts = 2> <OutPorts = 1>
ST_85 : Operation 1289 [5/5] (6.01ns)   --->   "%weighted_sum_16 = fadd i32 %weighted_sum_15, i32 %mul372_1_2_1" [top.cpp:172]   --->   Operation 1289 'fadd' 'weighted_sum_16' <Predicate = true> <Delay = 6.01> <CoreInst = "FAddSub_fulldsp">   --->   Core 18 'FAddSub_fulldsp' <Latency = 4> <II = 1> <Delay = 6.01> <FuncUnit> <Opcode : 'fadd' 'fsub'> <InPorts = 2> <OutPorts = 1>
ST_85 : Operation 1290 [3/5] (6.01ns)   --->   "%weight_sum_16 = fadd i32 %weight_sum_15, i32 %combined_w_16" [top.cpp:173]   --->   Operation 1290 'fadd' 'weight_sum_16' <Predicate = true> <Delay = 6.01> <CoreInst = "FAddSub_fulldsp">   --->   Core 18 'FAddSub_fulldsp' <Latency = 4> <II = 1> <Delay = 6.01> <FuncUnit> <Opcode : 'fadd' 'fsub'> <InPorts = 2> <OutPorts = 1>

State 86 <SV = 85> <Delay = 6.01>
ST_86 : Operation 1291 [3/5] (6.01ns)   --->   "%weighted_sum_7 = fadd i32 %weighted_sum_6, i32 %mul372_2_1" [top.cpp:172]   --->   Operation 1291 'fadd' 'weighted_sum_7' <Predicate = true> <Delay = 6.01> <CoreInst = "FAddSub_fulldsp">   --->   Core 18 'FAddSub_fulldsp' <Latency = 4> <II = 1> <Delay = 6.01> <FuncUnit> <Opcode : 'fadd' 'fsub'> <InPorts = 2> <OutPorts = 1>
ST_86 : Operation 1292 [4/5] (6.01ns)   --->   "%weighted_sum_16 = fadd i32 %weighted_sum_15, i32 %mul372_1_2_1" [top.cpp:172]   --->   Operation 1292 'fadd' 'weighted_sum_16' <Predicate = true> <Delay = 6.01> <CoreInst = "FAddSub_fulldsp">   --->   Core 18 'FAddSub_fulldsp' <Latency = 4> <II = 1> <Delay = 6.01> <FuncUnit> <Opcode : 'fadd' 'fsub'> <InPorts = 2> <OutPorts = 1>
ST_86 : Operation 1293 [2/5] (6.01ns)   --->   "%weight_sum_16 = fadd i32 %weight_sum_15, i32 %combined_w_16" [top.cpp:173]   --->   Operation 1293 'fadd' 'weight_sum_16' <Predicate = true> <Delay = 6.01> <CoreInst = "FAddSub_fulldsp">   --->   Core 18 'FAddSub_fulldsp' <Latency = 4> <II = 1> <Delay = 6.01> <FuncUnit> <Opcode : 'fadd' 'fsub'> <InPorts = 2> <OutPorts = 1>

State 87 <SV = 86> <Delay = 6.01>
ST_87 : Operation 1294 [2/5] (6.01ns)   --->   "%weighted_sum_7 = fadd i32 %weighted_sum_6, i32 %mul372_2_1" [top.cpp:172]   --->   Operation 1294 'fadd' 'weighted_sum_7' <Predicate = true> <Delay = 6.01> <CoreInst = "FAddSub_fulldsp">   --->   Core 18 'FAddSub_fulldsp' <Latency = 4> <II = 1> <Delay = 6.01> <FuncUnit> <Opcode : 'fadd' 'fsub'> <InPorts = 2> <OutPorts = 1>
ST_87 : Operation 1295 [5/5] (6.01ns)   --->   "%weight_sum_8 = fadd i32 %weight_sum_7, i32 %combined_w_8" [top.cpp:173]   --->   Operation 1295 'fadd' 'weight_sum_8' <Predicate = true> <Delay = 6.01> <CoreInst = "FAddSub_fulldsp">   --->   Core 18 'FAddSub_fulldsp' <Latency = 4> <II = 1> <Delay = 6.01> <FuncUnit> <Opcode : 'fadd' 'fsub'> <InPorts = 2> <OutPorts = 1>
ST_87 : Operation 1296 [3/5] (6.01ns)   --->   "%weighted_sum_16 = fadd i32 %weighted_sum_15, i32 %mul372_1_2_1" [top.cpp:172]   --->   Operation 1296 'fadd' 'weighted_sum_16' <Predicate = true> <Delay = 6.01> <CoreInst = "FAddSub_fulldsp">   --->   Core 18 'FAddSub_fulldsp' <Latency = 4> <II = 1> <Delay = 6.01> <FuncUnit> <Opcode : 'fadd' 'fsub'> <InPorts = 2> <OutPorts = 1>
ST_87 : Operation 1297 [1/5] (6.01ns)   --->   "%weight_sum_16 = fadd i32 %weight_sum_15, i32 %combined_w_16" [top.cpp:173]   --->   Operation 1297 'fadd' 'weight_sum_16' <Predicate = true> <Delay = 6.01> <CoreInst = "FAddSub_fulldsp">   --->   Core 18 'FAddSub_fulldsp' <Latency = 4> <II = 1> <Delay = 6.01> <FuncUnit> <Opcode : 'fadd' 'fsub'> <InPorts = 2> <OutPorts = 1>

State 88 <SV = 87> <Delay = 6.01>
ST_88 : Operation 1298 [1/5] (6.01ns)   --->   "%weighted_sum_7 = fadd i32 %weighted_sum_6, i32 %mul372_2_1" [top.cpp:172]   --->   Operation 1298 'fadd' 'weighted_sum_7' <Predicate = true> <Delay = 6.01> <CoreInst = "FAddSub_fulldsp">   --->   Core 18 'FAddSub_fulldsp' <Latency = 4> <II = 1> <Delay = 6.01> <FuncUnit> <Opcode : 'fadd' 'fsub'> <InPorts = 2> <OutPorts = 1>
ST_88 : Operation 1299 [4/5] (6.01ns)   --->   "%weight_sum_8 = fadd i32 %weight_sum_7, i32 %combined_w_8" [top.cpp:173]   --->   Operation 1299 'fadd' 'weight_sum_8' <Predicate = true> <Delay = 6.01> <CoreInst = "FAddSub_fulldsp">   --->   Core 18 'FAddSub_fulldsp' <Latency = 4> <II = 1> <Delay = 6.01> <FuncUnit> <Opcode : 'fadd' 'fsub'> <InPorts = 2> <OutPorts = 1>
ST_88 : Operation 1300 [2/5] (6.01ns)   --->   "%weighted_sum_16 = fadd i32 %weighted_sum_15, i32 %mul372_1_2_1" [top.cpp:172]   --->   Operation 1300 'fadd' 'weighted_sum_16' <Predicate = true> <Delay = 6.01> <CoreInst = "FAddSub_fulldsp">   --->   Core 18 'FAddSub_fulldsp' <Latency = 4> <II = 1> <Delay = 6.01> <FuncUnit> <Opcode : 'fadd' 'fsub'> <InPorts = 2> <OutPorts = 1>

State 89 <SV = 88> <Delay = 6.01>
ST_89 : Operation 1301 [3/5] (6.01ns)   --->   "%weight_sum_8 = fadd i32 %weight_sum_7, i32 %combined_w_8" [top.cpp:173]   --->   Operation 1301 'fadd' 'weight_sum_8' <Predicate = true> <Delay = 6.01> <CoreInst = "FAddSub_fulldsp">   --->   Core 18 'FAddSub_fulldsp' <Latency = 4> <II = 1> <Delay = 6.01> <FuncUnit> <Opcode : 'fadd' 'fsub'> <InPorts = 2> <OutPorts = 1>
ST_89 : Operation 1302 [1/5] (6.01ns)   --->   "%weighted_sum_16 = fadd i32 %weighted_sum_15, i32 %mul372_1_2_1" [top.cpp:172]   --->   Operation 1302 'fadd' 'weighted_sum_16' <Predicate = true> <Delay = 6.01> <CoreInst = "FAddSub_fulldsp">   --->   Core 18 'FAddSub_fulldsp' <Latency = 4> <II = 1> <Delay = 6.01> <FuncUnit> <Opcode : 'fadd' 'fsub'> <InPorts = 2> <OutPorts = 1>

State 90 <SV = 89> <Delay = 6.01>
ST_90 : Operation 1303 [5/5] (6.01ns)   --->   "%weighted_sum_8 = fadd i32 %weighted_sum_7, i32 %mul372_2_2" [top.cpp:172]   --->   Operation 1303 'fadd' 'weighted_sum_8' <Predicate = true> <Delay = 6.01> <CoreInst = "FAddSub_fulldsp">   --->   Core 18 'FAddSub_fulldsp' <Latency = 4> <II = 1> <Delay = 6.01> <FuncUnit> <Opcode : 'fadd' 'fsub'> <InPorts = 2> <OutPorts = 1>
ST_90 : Operation 1304 [2/5] (6.01ns)   --->   "%weight_sum_8 = fadd i32 %weight_sum_7, i32 %combined_w_8" [top.cpp:173]   --->   Operation 1304 'fadd' 'weight_sum_8' <Predicate = true> <Delay = 6.01> <CoreInst = "FAddSub_fulldsp">   --->   Core 18 'FAddSub_fulldsp' <Latency = 4> <II = 1> <Delay = 6.01> <FuncUnit> <Opcode : 'fadd' 'fsub'> <InPorts = 2> <OutPorts = 1>
ST_90 : Operation 1305 [5/5] (6.01ns)   --->   "%weight_sum_17 = fadd i32 %weight_sum_16, i32 %combined_w_17" [top.cpp:173]   --->   Operation 1305 'fadd' 'weight_sum_17' <Predicate = true> <Delay = 6.01> <CoreInst = "FAddSub_fulldsp">   --->   Core 18 'FAddSub_fulldsp' <Latency = 4> <II = 1> <Delay = 6.01> <FuncUnit> <Opcode : 'fadd' 'fsub'> <InPorts = 2> <OutPorts = 1>

State 91 <SV = 90> <Delay = 6.01>
ST_91 : Operation 1306 [4/5] (6.01ns)   --->   "%weighted_sum_8 = fadd i32 %weighted_sum_7, i32 %mul372_2_2" [top.cpp:172]   --->   Operation 1306 'fadd' 'weighted_sum_8' <Predicate = true> <Delay = 6.01> <CoreInst = "FAddSub_fulldsp">   --->   Core 18 'FAddSub_fulldsp' <Latency = 4> <II = 1> <Delay = 6.01> <FuncUnit> <Opcode : 'fadd' 'fsub'> <InPorts = 2> <OutPorts = 1>
ST_91 : Operation 1307 [1/5] (6.01ns)   --->   "%weight_sum_8 = fadd i32 %weight_sum_7, i32 %combined_w_8" [top.cpp:173]   --->   Operation 1307 'fadd' 'weight_sum_8' <Predicate = true> <Delay = 6.01> <CoreInst = "FAddSub_fulldsp">   --->   Core 18 'FAddSub_fulldsp' <Latency = 4> <II = 1> <Delay = 6.01> <FuncUnit> <Opcode : 'fadd' 'fsub'> <InPorts = 2> <OutPorts = 1>
ST_91 : Operation 1308 [4/5] (6.01ns)   --->   "%weight_sum_17 = fadd i32 %weight_sum_16, i32 %combined_w_17" [top.cpp:173]   --->   Operation 1308 'fadd' 'weight_sum_17' <Predicate = true> <Delay = 6.01> <CoreInst = "FAddSub_fulldsp">   --->   Core 18 'FAddSub_fulldsp' <Latency = 4> <II = 1> <Delay = 6.01> <FuncUnit> <Opcode : 'fadd' 'fsub'> <InPorts = 2> <OutPorts = 1>

State 92 <SV = 91> <Delay = 6.01>
ST_92 : Operation 1309 [3/5] (6.01ns)   --->   "%weighted_sum_8 = fadd i32 %weighted_sum_7, i32 %mul372_2_2" [top.cpp:172]   --->   Operation 1309 'fadd' 'weighted_sum_8' <Predicate = true> <Delay = 6.01> <CoreInst = "FAddSub_fulldsp">   --->   Core 18 'FAddSub_fulldsp' <Latency = 4> <II = 1> <Delay = 6.01> <FuncUnit> <Opcode : 'fadd' 'fsub'> <InPorts = 2> <OutPorts = 1>
ST_92 : Operation 1310 [3/5] (6.01ns)   --->   "%weight_sum_17 = fadd i32 %weight_sum_16, i32 %combined_w_17" [top.cpp:173]   --->   Operation 1310 'fadd' 'weight_sum_17' <Predicate = true> <Delay = 6.01> <CoreInst = "FAddSub_fulldsp">   --->   Core 18 'FAddSub_fulldsp' <Latency = 4> <II = 1> <Delay = 6.01> <FuncUnit> <Opcode : 'fadd' 'fsub'> <InPorts = 2> <OutPorts = 1>

State 93 <SV = 92> <Delay = 6.01>
ST_93 : Operation 1311 [2/5] (6.01ns)   --->   "%weighted_sum_8 = fadd i32 %weighted_sum_7, i32 %mul372_2_2" [top.cpp:172]   --->   Operation 1311 'fadd' 'weighted_sum_8' <Predicate = true> <Delay = 6.01> <CoreInst = "FAddSub_fulldsp">   --->   Core 18 'FAddSub_fulldsp' <Latency = 4> <II = 1> <Delay = 6.01> <FuncUnit> <Opcode : 'fadd' 'fsub'> <InPorts = 2> <OutPorts = 1>
ST_93 : Operation 1312 [5/5] (6.01ns)   --->   "%weighted_sum_17 = fadd i32 %weighted_sum_16, i32 %mul372_1_2_2" [top.cpp:172]   --->   Operation 1312 'fadd' 'weighted_sum_17' <Predicate = true> <Delay = 6.01> <CoreInst = "FAddSub_fulldsp">   --->   Core 18 'FAddSub_fulldsp' <Latency = 4> <II = 1> <Delay = 6.01> <FuncUnit> <Opcode : 'fadd' 'fsub'> <InPorts = 2> <OutPorts = 1>
ST_93 : Operation 1313 [2/5] (6.01ns)   --->   "%weight_sum_17 = fadd i32 %weight_sum_16, i32 %combined_w_17" [top.cpp:173]   --->   Operation 1313 'fadd' 'weight_sum_17' <Predicate = true> <Delay = 6.01> <CoreInst = "FAddSub_fulldsp">   --->   Core 18 'FAddSub_fulldsp' <Latency = 4> <II = 1> <Delay = 6.01> <FuncUnit> <Opcode : 'fadd' 'fsub'> <InPorts = 2> <OutPorts = 1>

State 94 <SV = 93> <Delay = 6.01>
ST_94 : Operation 1314 [1/5] (6.01ns)   --->   "%weighted_sum_8 = fadd i32 %weighted_sum_7, i32 %mul372_2_2" [top.cpp:172]   --->   Operation 1314 'fadd' 'weighted_sum_8' <Predicate = true> <Delay = 6.01> <CoreInst = "FAddSub_fulldsp">   --->   Core 18 'FAddSub_fulldsp' <Latency = 4> <II = 1> <Delay = 6.01> <FuncUnit> <Opcode : 'fadd' 'fsub'> <InPorts = 2> <OutPorts = 1>
ST_94 : Operation 1315 [4/5] (6.01ns)   --->   "%weighted_sum_17 = fadd i32 %weighted_sum_16, i32 %mul372_1_2_2" [top.cpp:172]   --->   Operation 1315 'fadd' 'weighted_sum_17' <Predicate = true> <Delay = 6.01> <CoreInst = "FAddSub_fulldsp">   --->   Core 18 'FAddSub_fulldsp' <Latency = 4> <II = 1> <Delay = 6.01> <FuncUnit> <Opcode : 'fadd' 'fsub'> <InPorts = 2> <OutPorts = 1>
ST_94 : Operation 1316 [1/5] (6.01ns)   --->   "%weight_sum_17 = fadd i32 %weight_sum_16, i32 %combined_w_17" [top.cpp:173]   --->   Operation 1316 'fadd' 'weight_sum_17' <Predicate = true> <Delay = 6.01> <CoreInst = "FAddSub_fulldsp">   --->   Core 18 'FAddSub_fulldsp' <Latency = 4> <II = 1> <Delay = 6.01> <FuncUnit> <Opcode : 'fadd' 'fsub'> <InPorts = 2> <OutPorts = 1>

State 95 <SV = 94> <Delay = 6.70>
ST_95 : Operation 1317 [10/10] (6.70ns)   --->   "%div2 = fdiv i32 %weighted_sum_8, i32 %weight_sum_8" [top.cpp:176]   --->   Operation 1317 'fdiv' 'div2' <Predicate = true> <Delay = 6.70> <CoreInst = "FDiv">   --->   Core 20 'FDiv' <Latency = 9> <II = 1> <Delay = 6.70> <FuncUnit> <Opcode : 'fdiv' 'frem'> <InPorts = 2> <OutPorts = 1>
ST_95 : Operation 1318 [3/5] (6.01ns)   --->   "%weighted_sum_17 = fadd i32 %weighted_sum_16, i32 %mul372_1_2_2" [top.cpp:172]   --->   Operation 1318 'fadd' 'weighted_sum_17' <Predicate = true> <Delay = 6.01> <CoreInst = "FAddSub_fulldsp">   --->   Core 18 'FAddSub_fulldsp' <Latency = 4> <II = 1> <Delay = 6.01> <FuncUnit> <Opcode : 'fadd' 'fsub'> <InPorts = 2> <OutPorts = 1>

State 96 <SV = 95> <Delay = 6.70>
ST_96 : Operation 1319 [9/10] (6.70ns)   --->   "%div2 = fdiv i32 %weighted_sum_8, i32 %weight_sum_8" [top.cpp:176]   --->   Operation 1319 'fdiv' 'div2' <Predicate = true> <Delay = 6.70> <CoreInst = "FDiv">   --->   Core 20 'FDiv' <Latency = 9> <II = 1> <Delay = 6.70> <FuncUnit> <Opcode : 'fdiv' 'frem'> <InPorts = 2> <OutPorts = 1>
ST_96 : Operation 1320 [2/5] (6.01ns)   --->   "%weighted_sum_17 = fadd i32 %weighted_sum_16, i32 %mul372_1_2_2" [top.cpp:172]   --->   Operation 1320 'fadd' 'weighted_sum_17' <Predicate = true> <Delay = 6.01> <CoreInst = "FAddSub_fulldsp">   --->   Core 18 'FAddSub_fulldsp' <Latency = 4> <II = 1> <Delay = 6.01> <FuncUnit> <Opcode : 'fadd' 'fsub'> <InPorts = 2> <OutPorts = 1>

State 97 <SV = 96> <Delay = 6.70>
ST_97 : Operation 1321 [8/10] (6.70ns)   --->   "%div2 = fdiv i32 %weighted_sum_8, i32 %weight_sum_8" [top.cpp:176]   --->   Operation 1321 'fdiv' 'div2' <Predicate = true> <Delay = 6.70> <CoreInst = "FDiv">   --->   Core 20 'FDiv' <Latency = 9> <II = 1> <Delay = 6.70> <FuncUnit> <Opcode : 'fdiv' 'frem'> <InPorts = 2> <OutPorts = 1>
ST_97 : Operation 1322 [1/5] (6.01ns)   --->   "%weighted_sum_17 = fadd i32 %weighted_sum_16, i32 %mul372_1_2_2" [top.cpp:172]   --->   Operation 1322 'fadd' 'weighted_sum_17' <Predicate = true> <Delay = 6.01> <CoreInst = "FAddSub_fulldsp">   --->   Core 18 'FAddSub_fulldsp' <Latency = 4> <II = 1> <Delay = 6.01> <FuncUnit> <Opcode : 'fadd' 'fsub'> <InPorts = 2> <OutPorts = 1>

State 98 <SV = 97> <Delay = 6.70>
ST_98 : Operation 1323 [7/10] (6.70ns)   --->   "%div2 = fdiv i32 %weighted_sum_8, i32 %weight_sum_8" [top.cpp:176]   --->   Operation 1323 'fdiv' 'div2' <Predicate = true> <Delay = 6.70> <CoreInst = "FDiv">   --->   Core 20 'FDiv' <Latency = 9> <II = 1> <Delay = 6.70> <FuncUnit> <Opcode : 'fdiv' 'frem'> <InPorts = 2> <OutPorts = 1>

State 99 <SV = 98> <Delay = 6.70>
ST_99 : Operation 1324 [6/10] (6.70ns)   --->   "%div2 = fdiv i32 %weighted_sum_8, i32 %weight_sum_8" [top.cpp:176]   --->   Operation 1324 'fdiv' 'div2' <Predicate = true> <Delay = 6.70> <CoreInst = "FDiv">   --->   Core 20 'FDiv' <Latency = 9> <II = 1> <Delay = 6.70> <FuncUnit> <Opcode : 'fdiv' 'frem'> <InPorts = 2> <OutPorts = 1>
ST_99 : Operation 1325 [10/10] (6.70ns)   --->   "%div381_1 = fdiv i32 %weighted_sum_17, i32 %weight_sum_17" [top.cpp:176]   --->   Operation 1325 'fdiv' 'div381_1' <Predicate = true> <Delay = 6.70> <CoreInst = "FDiv">   --->   Core 20 'FDiv' <Latency = 9> <II = 1> <Delay = 6.70> <FuncUnit> <Opcode : 'fdiv' 'frem'> <InPorts = 2> <OutPorts = 1>

State 100 <SV = 99> <Delay = 6.70>
ST_100 : Operation 1326 [5/10] (6.70ns)   --->   "%div2 = fdiv i32 %weighted_sum_8, i32 %weight_sum_8" [top.cpp:176]   --->   Operation 1326 'fdiv' 'div2' <Predicate = true> <Delay = 6.70> <CoreInst = "FDiv">   --->   Core 20 'FDiv' <Latency = 9> <II = 1> <Delay = 6.70> <FuncUnit> <Opcode : 'fdiv' 'frem'> <InPorts = 2> <OutPorts = 1>
ST_100 : Operation 1327 [9/10] (6.70ns)   --->   "%div381_1 = fdiv i32 %weighted_sum_17, i32 %weight_sum_17" [top.cpp:176]   --->   Operation 1327 'fdiv' 'div381_1' <Predicate = true> <Delay = 6.70> <CoreInst = "FDiv">   --->   Core 20 'FDiv' <Latency = 9> <II = 1> <Delay = 6.70> <FuncUnit> <Opcode : 'fdiv' 'frem'> <InPorts = 2> <OutPorts = 1>

State 101 <SV = 100> <Delay = 6.70>
ST_101 : Operation 1328 [4/10] (6.70ns)   --->   "%div2 = fdiv i32 %weighted_sum_8, i32 %weight_sum_8" [top.cpp:176]   --->   Operation 1328 'fdiv' 'div2' <Predicate = true> <Delay = 6.70> <CoreInst = "FDiv">   --->   Core 20 'FDiv' <Latency = 9> <II = 1> <Delay = 6.70> <FuncUnit> <Opcode : 'fdiv' 'frem'> <InPorts = 2> <OutPorts = 1>
ST_101 : Operation 1329 [8/10] (6.70ns)   --->   "%div381_1 = fdiv i32 %weighted_sum_17, i32 %weight_sum_17" [top.cpp:176]   --->   Operation 1329 'fdiv' 'div381_1' <Predicate = true> <Delay = 6.70> <CoreInst = "FDiv">   --->   Core 20 'FDiv' <Latency = 9> <II = 1> <Delay = 6.70> <FuncUnit> <Opcode : 'fdiv' 'frem'> <InPorts = 2> <OutPorts = 1>

State 102 <SV = 101> <Delay = 6.70>
ST_102 : Operation 1330 [3/10] (6.70ns)   --->   "%div2 = fdiv i32 %weighted_sum_8, i32 %weight_sum_8" [top.cpp:176]   --->   Operation 1330 'fdiv' 'div2' <Predicate = true> <Delay = 6.70> <CoreInst = "FDiv">   --->   Core 20 'FDiv' <Latency = 9> <II = 1> <Delay = 6.70> <FuncUnit> <Opcode : 'fdiv' 'frem'> <InPorts = 2> <OutPorts = 1>
ST_102 : Operation 1331 [7/10] (6.70ns)   --->   "%div381_1 = fdiv i32 %weighted_sum_17, i32 %weight_sum_17" [top.cpp:176]   --->   Operation 1331 'fdiv' 'div381_1' <Predicate = true> <Delay = 6.70> <CoreInst = "FDiv">   --->   Core 20 'FDiv' <Latency = 9> <II = 1> <Delay = 6.70> <FuncUnit> <Opcode : 'fdiv' 'frem'> <InPorts = 2> <OutPorts = 1>

State 103 <SV = 102> <Delay = 6.70>
ST_103 : Operation 1332 [2/10] (6.70ns)   --->   "%div2 = fdiv i32 %weighted_sum_8, i32 %weight_sum_8" [top.cpp:176]   --->   Operation 1332 'fdiv' 'div2' <Predicate = true> <Delay = 6.70> <CoreInst = "FDiv">   --->   Core 20 'FDiv' <Latency = 9> <II = 1> <Delay = 6.70> <FuncUnit> <Opcode : 'fdiv' 'frem'> <InPorts = 2> <OutPorts = 1>
ST_103 : Operation 1333 [6/10] (6.70ns)   --->   "%div381_1 = fdiv i32 %weighted_sum_17, i32 %weight_sum_17" [top.cpp:176]   --->   Operation 1333 'fdiv' 'div381_1' <Predicate = true> <Delay = 6.70> <CoreInst = "FDiv">   --->   Core 20 'FDiv' <Latency = 9> <II = 1> <Delay = 6.70> <FuncUnit> <Opcode : 'fdiv' 'frem'> <InPorts = 2> <OutPorts = 1>
ST_103 : Operation 1348 [1/1] (0.48ns)   --->   "%ret_ln0 = ret"   --->   Operation 1348 'ret' 'ret_ln0' <Predicate = (icmp_ln153)> <Delay = 0.48>

State 104 <SV = 103> <Delay = 6.70>
ST_104 : Operation 1334 [1/10] (6.70ns)   --->   "%div2 = fdiv i32 %weighted_sum_8, i32 %weight_sum_8" [top.cpp:176]   --->   Operation 1334 'fdiv' 'div2' <Predicate = true> <Delay = 6.70> <CoreInst = "FDiv">   --->   Core 20 'FDiv' <Latency = 9> <II = 1> <Delay = 6.70> <FuncUnit> <Opcode : 'fdiv' 'frem'> <InPorts = 2> <OutPorts = 1>
ST_104 : Operation 1335 [5/10] (6.70ns)   --->   "%div381_1 = fdiv i32 %weighted_sum_17, i32 %weight_sum_17" [top.cpp:176]   --->   Operation 1335 'fdiv' 'div381_1' <Predicate = true> <Delay = 6.70> <CoreInst = "FDiv">   --->   Core 20 'FDiv' <Latency = 9> <II = 1> <Delay = 6.70> <FuncUnit> <Opcode : 'fdiv' 'frem'> <InPorts = 2> <OutPorts = 1>

State 105 <SV = 104> <Delay = 6.70>
ST_105 : Operation 1336 [1/1] (0.00ns)   --->   "%bilateral_filtered_addr_2 = getelementptr i32 %bilateral_filtered, i64 0, i64 %zext_ln176" [top.cpp:176]   --->   Operation 1336 'getelementptr' 'bilateral_filtered_addr_2' <Predicate = true> <Delay = 0.00>
ST_105 : Operation 1337 [1/1] ( I:1.35ns O:1.35ns )   --->   "%store_ln176 = store i32 %div2, i12 %bilateral_filtered_addr_2" [top.cpp:176]   --->   Operation 1337 'store' 'store_ln176' <Predicate = true> <Delay = 1.35> <CoreInst = "RAM">   --->   Core 82 'RAM' <Latency = 1> <II = 1> <Delay = 1.35> <Storage> <Opcode : 'load' 'store'> <Ports = 2> <Width = 32> <Depth = 4096> <RAM>
ST_105 : Operation 1338 [4/10] (6.70ns)   --->   "%div381_1 = fdiv i32 %weighted_sum_17, i32 %weight_sum_17" [top.cpp:176]   --->   Operation 1338 'fdiv' 'div381_1' <Predicate = true> <Delay = 6.70> <CoreInst = "FDiv">   --->   Core 20 'FDiv' <Latency = 9> <II = 1> <Delay = 6.70> <FuncUnit> <Opcode : 'fdiv' 'frem'> <InPorts = 2> <OutPorts = 1>

State 106 <SV = 105> <Delay = 6.70>
ST_106 : Operation 1339 [3/10] (6.70ns)   --->   "%div381_1 = fdiv i32 %weighted_sum_17, i32 %weight_sum_17" [top.cpp:176]   --->   Operation 1339 'fdiv' 'div381_1' <Predicate = true> <Delay = 6.70> <CoreInst = "FDiv">   --->   Core 20 'FDiv' <Latency = 9> <II = 1> <Delay = 6.70> <FuncUnit> <Opcode : 'fdiv' 'frem'> <InPorts = 2> <OutPorts = 1>

State 107 <SV = 106> <Delay = 6.70>
ST_107 : Operation 1340 [2/10] (6.70ns)   --->   "%div381_1 = fdiv i32 %weighted_sum_17, i32 %weight_sum_17" [top.cpp:176]   --->   Operation 1340 'fdiv' 'div381_1' <Predicate = true> <Delay = 6.70> <CoreInst = "FDiv">   --->   Core 20 'FDiv' <Latency = 9> <II = 1> <Delay = 6.70> <FuncUnit> <Opcode : 'fdiv' 'frem'> <InPorts = 2> <OutPorts = 1>

State 108 <SV = 107> <Delay = 6.70>
ST_108 : Operation 1341 [1/10] (6.70ns)   --->   "%div381_1 = fdiv i32 %weighted_sum_17, i32 %weight_sum_17" [top.cpp:176]   --->   Operation 1341 'fdiv' 'div381_1' <Predicate = true> <Delay = 6.70> <CoreInst = "FDiv">   --->   Core 20 'FDiv' <Latency = 9> <II = 1> <Delay = 6.70> <FuncUnit> <Opcode : 'fdiv' 'frem'> <InPorts = 2> <OutPorts = 1>

State 109 <SV = 108> <Delay = 1.35>
ST_109 : Operation 1342 [1/1] (0.00ns)   --->   "%specloopname_ln0 = specloopname void @_ssdm_op_SpecLoopName, void @VITIS_LOOP_153_19_VITIS_LOOP_155_20_str"   --->   Operation 1342 'specloopname' 'specloopname_ln0' <Predicate = true> <Delay = 0.00>
ST_109 : Operation 1343 [1/1] (0.00ns)   --->   "%speclooptripcount_ln0 = speclooptripcount void @_ssdm_op_SpecLoopTripCount, i64 1922, i64 1922, i64 1922"   --->   Operation 1343 'speclooptripcount' 'speclooptripcount_ln0' <Predicate = true> <Delay = 0.00>
ST_109 : Operation 1344 [1/1] (0.00ns)   --->   "%specpipeline_ln156 = specpipeline void @_ssdm_op_SpecPipeline, i32 4, i32 0, i32 0, i32 0, void @empty" [top.cpp:156]   --->   Operation 1344 'specpipeline' 'specpipeline_ln156' <Predicate = true> <Delay = 0.00>
ST_109 : Operation 1345 [1/1] (0.00ns)   --->   "%bilateral_filtered_addr_3 = getelementptr i32 %bilateral_filtered, i64 0, i64 %zext_ln176_1" [top.cpp:176]   --->   Operation 1345 'getelementptr' 'bilateral_filtered_addr_3' <Predicate = true> <Delay = 0.00>
ST_109 : Operation 1346 [1/1] ( I:1.35ns O:1.35ns )   --->   "%store_ln176 = store i32 %div381_1, i12 %bilateral_filtered_addr_3" [top.cpp:176]   --->   Operation 1346 'store' 'store_ln176' <Predicate = true> <Delay = 1.35> <CoreInst = "RAM">   --->   Core 82 'RAM' <Latency = 1> <II = 1> <Delay = 1.35> <Storage> <Opcode : 'load' 'store'> <Ports = 2> <Width = 32> <Depth = 4096> <RAM>
ST_109 : Operation 1347 [1/1] (0.00ns)   --->   "%br_ln155 = br void %VITIS_LOOP_162_21" [top.cpp:155]   --->   Operation 1347 'br' 'br_ln155' <Predicate = true> <Delay = 0.00>


============================================================
+ Verbose Summary: Timing violations
============================================================
Target clock period: 10.000ns, clock uncertainty: 2.700ns.

 <State 1>: 4.056ns
The critical path consists of the following:
	'store' operation 0 bit ('store_ln153', top.cpp:153) of constant 1 on local variable 'r', top.cpp:153 [7]  (0.489 ns)
	'load' operation 6 bit ('r_load') on local variable 'r', top.cpp:153 [17]  (0.000 ns)
	'add' operation 6 bit ('indvars_iv_next368132') [23]  (0.887 ns)
	'select' operation 6 bit ('select_ln153', top.cpp:153) [24]  (0.440 ns)
	'add' operation 6 bit ('empty', top.cpp:153) [28]  (0.887 ns)
	'getelementptr' operation 12 bit ('gaussian_blurred_addr_3', top.cpp:166) [46]  (0.000 ns)
	'load' operation 32 bit ('neighbor', top.cpp:166) on array 'gaussian_blurred' [53]  (1.352 ns)

 <State 2>: 2.240ns
The critical path consists of the following:
	'add' operation 6 bit ('add_ln165_1', top.cpp:165) [87]  (0.887 ns)
	'getelementptr' operation 12 bit ('gaussian_blurred_addr_7', top.cpp:166) [94]  (0.000 ns)
	'load' operation 32 bit ('neighbor', top.cpp:166) on array 'gaussian_blurred' [147]  (1.352 ns)

 <State 3>: 6.018ns
The critical path consists of the following:
	'fsub' operation 32 bit ('intensity_diff', top.cpp:168) [54]  (6.018 ns)

 <State 4>: 6.018ns
The critical path consists of the following:
	'fsub' operation 32 bit ('intensity_diff', top.cpp:168) [54]  (6.018 ns)

 <State 5>: 6.018ns
The critical path consists of the following:
	'fsub' operation 32 bit ('intensity_diff', top.cpp:168) [54]  (6.018 ns)

 <State 6>: 6.018ns
The critical path consists of the following:
	'fsub' operation 32 bit ('intensity_diff', top.cpp:168) [54]  (6.018 ns)

 <State 7>: 6.018ns
The critical path consists of the following:
	'fsub' operation 32 bit ('intensity_diff', top.cpp:168) [54]  (6.018 ns)

 <State 8>: 6.018ns
The critical path consists of the following:
	'fsub' operation 32 bit ('intensity_diff', top.cpp:168) [71]  (6.018 ns)

 <State 9>: 6.018ns
The critical path consists of the following:
	'fsub' operation 32 bit ('intensity_diff', top.cpp:168) [99]  (6.018 ns)

 <State 10>: 6.018ns
The critical path consists of the following:
	'fsub' operation 32 bit ('intensity_diff', top.cpp:168) [116]  (6.018 ns)

 <State 11>: 6.018ns
The critical path consists of the following:
	'fsub' operation 32 bit ('intensity_diff', top.cpp:168) [165]  (6.018 ns)

 <State 12>: 7.039ns
The critical path consists of the following:
	'xor' operation 1 bit ('xor_ln169_17', top.cpp:169) [58]  (0.331 ns)
	'fdiv' operation 32 bit ('div1', top.cpp:169) [62]  (6.708 ns)

 <State 13>: 7.039ns
The critical path consists of the following:
	'xor' operation 1 bit ('xor_ln169', top.cpp:169) [75]  (0.331 ns)
	'fdiv' operation 32 bit ('div368_s', top.cpp:169) [79]  (6.708 ns)

 <State 14>: 7.039ns
The critical path consists of the following:
	'xor' operation 1 bit ('xor_ln169_18', top.cpp:169) [103]  (0.331 ns)
	'fdiv' operation 32 bit ('div368_3', top.cpp:169) [107]  (6.708 ns)

 <State 15>: 7.039ns
The critical path consists of the following:
	'xor' operation 1 bit ('xor_ln169_19', top.cpp:169) [120]  (0.331 ns)
	'fdiv' operation 32 bit ('div368_4', top.cpp:169) [124]  (6.708 ns)

 <State 16>: 7.039ns
The critical path consists of the following:
	'xor' operation 1 bit ('xor_ln169_22', top.cpp:169) [169]  (0.331 ns)
	'fdiv' operation 32 bit ('div368_2', top.cpp:169) [173]  (6.708 ns)

 <State 17>: 7.039ns
The critical path consists of the following:
	'xor' operation 1 bit ('xor_ln169_24', top.cpp:169) [203]  (0.331 ns)
	'fdiv' operation 32 bit ('div368_2_2', top.cpp:169) [207]  (6.708 ns)

 <State 18>: 6.708ns
The critical path consists of the following:
	'fdiv' operation 32 bit ('div1', top.cpp:169) [62]  (6.708 ns)

 <State 19>: 6.708ns
The critical path consists of the following:
	'fdiv' operation 32 bit ('div1', top.cpp:169) [62]  (6.708 ns)

 <State 20>: 6.708ns
The critical path consists of the following:
	'fdiv' operation 32 bit ('div1', top.cpp:169) [62]  (6.708 ns)

 <State 21>: 6.708ns
The critical path consists of the following:
	'fdiv' operation 32 bit ('div1', top.cpp:169) [62]  (6.708 ns)

 <State 22>: 6.708ns
The critical path consists of the following:
	'fdiv' operation 32 bit ('div368_s', top.cpp:169) [79]  (6.708 ns)

 <State 23>: 6.708ns
The critical path consists of the following:
	'fdiv' operation 32 bit ('div368_3', top.cpp:169) [107]  (6.708 ns)

 <State 24>: 7.025ns
The critical path consists of the following:
	'dexp' operation 64 bit ('tmp_69', top.cpp:169) [64]  (7.025 ns)

 <State 25>: 7.025ns
The critical path consists of the following:
	'dexp' operation 64 bit ('tmp_69', top.cpp:169) [64]  (7.025 ns)

 <State 26>: 7.025ns
The critical path consists of the following:
	'dexp' operation 64 bit ('tmp_69', top.cpp:169) [64]  (7.025 ns)

 <State 27>: 7.025ns
The critical path consists of the following:
	'dexp' operation 64 bit ('tmp_69', top.cpp:169) [64]  (7.025 ns)

 <State 28>: 7.025ns
The critical path consists of the following:
	'dexp' operation 64 bit ('tmp_69', top.cpp:169) [64]  (7.025 ns)

 <State 29>: 7.025ns
The critical path consists of the following:
	'dexp' operation 64 bit ('tmp_69', top.cpp:169) [64]  (7.025 ns)

 <State 30>: 7.025ns
The critical path consists of the following:
	'dexp' operation 64 bit ('tmp_69', top.cpp:169) [64]  (7.025 ns)

 <State 31>: 7.025ns
The critical path consists of the following:
	'dexp' operation 64 bit ('tmp_69', top.cpp:169) [64]  (7.025 ns)

 <State 32>: 7.025ns
The critical path consists of the following:
	'dexp' operation 64 bit ('tmp_69', top.cpp:169) [64]  (7.025 ns)

 <State 33>: 7.025ns
The critical path consists of the following:
	'dexp' operation 64 bit ('tmp_69', top.cpp:169) [64]  (7.025 ns)

 <State 34>: 7.025ns
The critical path consists of the following:
	'dexp' operation 64 bit ('tmp_69', top.cpp:169) [64]  (7.025 ns)

 <State 35>: 7.025ns
The critical path consists of the following:
	'dexp' operation 64 bit ('tmp_69', top.cpp:169) [64]  (7.025 ns)

 <State 36>: 7.025ns
The critical path consists of the following:
	'dexp' operation 64 bit ('tmp_69', top.cpp:169) [64]  (7.025 ns)

 <State 37>: 7.025ns
The critical path consists of the following:
	'dexp' operation 64 bit ('tmp_69', top.cpp:169) [64]  (7.025 ns)

 <State 38>: 7.025ns
The critical path consists of the following:
	'dexp' operation 64 bit ('tmp_69', top.cpp:169) [64]  (7.025 ns)

 <State 39>: 7.025ns
The critical path consists of the following:
	'dexp' operation 64 bit ('tmp_70', top.cpp:169) [81]  (7.025 ns)

 <State 40>: 7.025ns
The critical path consists of the following:
	'dexp' operation 64 bit ('tmp_71', top.cpp:169) [109]  (7.025 ns)

 <State 41>: 7.025ns
The critical path consists of the following:
	'dexp' operation 64 bit ('tmp_72', top.cpp:169) [126]  (7.025 ns)

 <State 42>: 7.025ns
The critical path consists of the following:
	'dexp' operation 64 bit ('tmp_75', top.cpp:169) [175]  (7.025 ns)

 <State 43>: 7.025ns
The critical path consists of the following:
	'dexp' operation 64 bit ('tmp_76', top.cpp:169) [192]  (7.025 ns)

 <State 44>: 7.025ns
The critical path consists of the following:
	'dexp' operation 64 bit ('tmp_86', top.cpp:169) [377]  (7.025 ns)

 <State 45>: 6.018ns
The critical path consists of the following:
	'fadd' operation 32 bit ('weight_sum', top.cpp:173) [69]  (6.018 ns)

 <State 46>: 6.018ns
The critical path consists of the following:
	'fadd' operation 32 bit ('weight_sum', top.cpp:173) [69]  (6.018 ns)

 <State 47>: 6.018ns
The critical path consists of the following:
	'fadd' operation 32 bit ('weight_sum', top.cpp:173) [69]  (6.018 ns)

 <State 48>: 6.018ns
The critical path consists of the following:
	'fadd' operation 32 bit ('weight_sum', top.cpp:173) [69]  (6.018 ns)

 <State 49>: 6.018ns
The critical path consists of the following:
	'fadd' operation 32 bit ('weighted_sum', top.cpp:172) [68]  (6.018 ns)

 <State 50>: 6.018ns
The critical path consists of the following:
	'fadd' operation 32 bit ('weighted_sum', top.cpp:172) [68]  (6.018 ns)

 <State 51>: 6.018ns
The critical path consists of the following:
	'fadd' operation 32 bit ('weighted_sum', top.cpp:172) [68]  (6.018 ns)

 <State 52>: 6.018ns
The critical path consists of the following:
	'fadd' operation 32 bit ('weighted_sum', top.cpp:172) [68]  (6.018 ns)

 <State 53>: 6.018ns
The critical path consists of the following:
	'fadd' operation 32 bit ('weighted_sum', top.cpp:172) [68]  (6.018 ns)

 <State 54>: 6.018ns
The critical path consists of the following:
	'fadd' operation 32 bit ('weighted_sum', top.cpp:172) [85]  (6.018 ns)

 <State 55>: 6.018ns
The critical path consists of the following:
	'fadd' operation 32 bit ('weighted_sum', top.cpp:172) [85]  (6.018 ns)

 <State 56>: 6.018ns
The critical path consists of the following:
	'fadd' operation 32 bit ('weighted_sum', top.cpp:172) [85]  (6.018 ns)

 <State 57>: 6.018ns
The critical path consists of the following:
	'fadd' operation 32 bit ('weighted_sum', top.cpp:172) [85]  (6.018 ns)

 <State 58>: 6.018ns
The critical path consists of the following:
	'fadd' operation 32 bit ('weighted_sum', top.cpp:172) [85]  (6.018 ns)

 <State 59>: 6.018ns
The critical path consists of the following:
	'fadd' operation 32 bit ('weighted_sum', top.cpp:172) [113]  (6.018 ns)

 <State 60>: 6.018ns
The critical path consists of the following:
	'fadd' operation 32 bit ('weighted_sum', top.cpp:172) [113]  (6.018 ns)

 <State 61>: 6.018ns
The critical path consists of the following:
	'fadd' operation 32 bit ('weighted_sum', top.cpp:172) [113]  (6.018 ns)

 <State 62>: 6.018ns
The critical path consists of the following:
	'fadd' operation 32 bit ('weighted_sum', top.cpp:172) [113]  (6.018 ns)

 <State 63>: 6.018ns
The critical path consists of the following:
	'fadd' operation 32 bit ('weighted_sum', top.cpp:172) [113]  (6.018 ns)

 <State 64>: 6.018ns
The critical path consists of the following:
	'fadd' operation 32 bit ('weighted_sum', top.cpp:172) [130]  (6.018 ns)

 <State 65>: 6.018ns
The critical path consists of the following:
	'fadd' operation 32 bit ('weighted_sum', top.cpp:172) [130]  (6.018 ns)

 <State 66>: 6.018ns
The critical path consists of the following:
	'fadd' operation 32 bit ('weighted_sum', top.cpp:172) [130]  (6.018 ns)

 <State 67>: 6.018ns
The critical path consists of the following:
	'fadd' operation 32 bit ('weighted_sum', top.cpp:172) [130]  (6.018 ns)

 <State 68>: 6.018ns
The critical path consists of the following:
	'fadd' operation 32 bit ('weighted_sum', top.cpp:172) [130]  (6.018 ns)

 <State 69>: 6.018ns
The critical path consists of the following:
	'fadd' operation 32 bit ('weighted_sum', top.cpp:172) [145]  (6.018 ns)

 <State 70>: 6.018ns
The critical path consists of the following:
	'fadd' operation 32 bit ('weighted_sum', top.cpp:172) [145]  (6.018 ns)

 <State 71>: 6.018ns
The critical path consists of the following:
	'fadd' operation 32 bit ('weighted_sum', top.cpp:172) [145]  (6.018 ns)

 <State 72>: 6.018ns
The critical path consists of the following:
	'fadd' operation 32 bit ('weighted_sum', top.cpp:172) [145]  (6.018 ns)

 <State 73>: 6.018ns
The critical path consists of the following:
	'fadd' operation 32 bit ('weighted_sum', top.cpp:172) [145]  (6.018 ns)

 <State 74>: 6.018ns
The critical path consists of the following:
	'fadd' operation 32 bit ('weighted_sum', top.cpp:172) [162]  (6.018 ns)

 <State 75>: 6.018ns
The critical path consists of the following:
	'fadd' operation 32 bit ('weighted_sum', top.cpp:172) [162]  (6.018 ns)

 <State 76>: 6.018ns
The critical path consists of the following:
	'fadd' operation 32 bit ('weighted_sum', top.cpp:172) [162]  (6.018 ns)

 <State 77>: 6.018ns
The critical path consists of the following:
	'fadd' operation 32 bit ('weighted_sum', top.cpp:172) [162]  (6.018 ns)

 <State 78>: 6.018ns
The critical path consists of the following:
	'fadd' operation 32 bit ('weighted_sum', top.cpp:172) [162]  (6.018 ns)

 <State 79>: 6.018ns
The critical path consists of the following:
	'fadd' operation 32 bit ('weighted_sum', top.cpp:172) [179]  (6.018 ns)

 <State 80>: 6.018ns
The critical path consists of the following:
	'fadd' operation 32 bit ('weighted_sum', top.cpp:172) [179]  (6.018 ns)

 <State 81>: 6.018ns
The critical path consists of the following:
	'fadd' operation 32 bit ('weighted_sum', top.cpp:172) [179]  (6.018 ns)

 <State 82>: 6.018ns
The critical path consists of the following:
	'fadd' operation 32 bit ('weighted_sum', top.cpp:172) [179]  (6.018 ns)

 <State 83>: 6.018ns
The critical path consists of the following:
	'fadd' operation 32 bit ('weighted_sum', top.cpp:172) [179]  (6.018 ns)

 <State 84>: 6.018ns
The critical path consists of the following:
	'fadd' operation 32 bit ('weighted_sum', top.cpp:172) [196]  (6.018 ns)

 <State 85>: 6.018ns
The critical path consists of the following:
	'fadd' operation 32 bit ('weighted_sum', top.cpp:172) [196]  (6.018 ns)

 <State 86>: 6.018ns
The critical path consists of the following:
	'fadd' operation 32 bit ('weighted_sum', top.cpp:172) [196]  (6.018 ns)

 <State 87>: 6.018ns
The critical path consists of the following:
	'fadd' operation 32 bit ('weighted_sum', top.cpp:172) [196]  (6.018 ns)

 <State 88>: 6.018ns
The critical path consists of the following:
	'fadd' operation 32 bit ('weighted_sum', top.cpp:172) [196]  (6.018 ns)

 <State 89>: 6.018ns
The critical path consists of the following:
	'fadd' operation 32 bit ('weight_sum', top.cpp:173) [214]  (6.018 ns)

 <State 90>: 6.018ns
The critical path consists of the following:
	'fadd' operation 32 bit ('weighted_sum', top.cpp:172) [213]  (6.018 ns)

 <State 91>: 6.018ns
The critical path consists of the following:
	'fadd' operation 32 bit ('weighted_sum', top.cpp:172) [213]  (6.018 ns)

 <State 92>: 6.018ns
The critical path consists of the following:
	'fadd' operation 32 bit ('weighted_sum', top.cpp:172) [213]  (6.018 ns)

 <State 93>: 6.018ns
The critical path consists of the following:
	'fadd' operation 32 bit ('weighted_sum', top.cpp:172) [213]  (6.018 ns)

 <State 94>: 6.018ns
The critical path consists of the following:
	'fadd' operation 32 bit ('weighted_sum', top.cpp:172) [213]  (6.018 ns)

 <State 95>: 6.708ns
The critical path consists of the following:
	'fdiv' operation 32 bit ('div2', top.cpp:176) [215]  (6.708 ns)

 <State 96>: 6.708ns
The critical path consists of the following:
	'fdiv' operation 32 bit ('div2', top.cpp:176) [215]  (6.708 ns)

 <State 97>: 6.708ns
The critical path consists of the following:
	'fdiv' operation 32 bit ('div2', top.cpp:176) [215]  (6.708 ns)

 <State 98>: 6.708ns
The critical path consists of the following:
	'fdiv' operation 32 bit ('div2', top.cpp:176) [215]  (6.708 ns)

 <State 99>: 6.708ns
The critical path consists of the following:
	'fdiv' operation 32 bit ('div2', top.cpp:176) [215]  (6.708 ns)

 <State 100>: 6.708ns
The critical path consists of the following:
	'fdiv' operation 32 bit ('div2', top.cpp:176) [215]  (6.708 ns)

 <State 101>: 6.708ns
The critical path consists of the following:
	'fdiv' operation 32 bit ('div2', top.cpp:176) [215]  (6.708 ns)

 <State 102>: 6.708ns
The critical path consists of the following:
	'fdiv' operation 32 bit ('div2', top.cpp:176) [215]  (6.708 ns)

 <State 103>: 6.708ns
The critical path consists of the following:
	'fdiv' operation 32 bit ('div2', top.cpp:176) [215]  (6.708 ns)

 <State 104>: 6.708ns
The critical path consists of the following:
	'fdiv' operation 32 bit ('div2', top.cpp:176) [215]  (6.708 ns)

 <State 105>: 6.708ns
The critical path consists of the following:
	'fdiv' operation 32 bit ('div381_1', top.cpp:176) [383]  (6.708 ns)

 <State 106>: 6.708ns
The critical path consists of the following:
	'fdiv' operation 32 bit ('div381_1', top.cpp:176) [383]  (6.708 ns)

 <State 107>: 6.708ns
The critical path consists of the following:
	'fdiv' operation 32 bit ('div381_1', top.cpp:176) [383]  (6.708 ns)

 <State 108>: 6.708ns
The critical path consists of the following:
	'fdiv' operation 32 bit ('div381_1', top.cpp:176) [383]  (6.708 ns)

 <State 109>: 1.352ns
The critical path consists of the following:
	'getelementptr' operation 12 bit ('bilateral_filtered_addr_3', top.cpp:176) [90]  (0.000 ns)
	'store' operation 0 bit ('store_ln176', top.cpp:176) of variable 'div381_1', top.cpp:176 on array 'bilateral_filtered' [384]  (1.352 ns)


============================================================
+ Verbose Summary: Binding
============================================================
N/A
* FSMD analyzer results:
  - Output states:
 - Input state : 
  - Chain level:
	State 1
	State 2
	State 3
	State 4
	State 5
	State 6
	State 7
	State 8
	State 9
	State 10
	State 11
	State 12
	State 13
	State 14
	State 15
	State 16
	State 17
	State 18
	State 19
	State 20
	State 21
	State 22
	State 23
	State 24
	State 25
	State 26
	State 27
	State 28
	State 29
	State 30
	State 31
	State 32
	State 33
	State 34
	State 35
	State 36
	State 37
	State 38
	State 39
	State 40
	State 41
	State 42
	State 43
	State 44
	State 45
	State 46
	State 47
	State 48
	State 49
	State 50
	State 51
	State 52
	State 53
	State 54
	State 55
	State 56
	State 57
	State 58
	State 59
	State 60
	State 61
	State 62
	State 63
	State 64
	State 65
	State 66
	State 67
	State 68
	State 69
	State 70
	State 71
	State 72
	State 73
	State 74
	State 75
	State 76
	State 77
	State 78
	State 79
	State 80
	State 81
	State 82
	State 83
	State 84
	State 85
	State 86
	State 87
	State 88
	State 89
	State 90
	State 91
	State 92
	State 93
	State 94
	State 95
	State 96
	State 97
	State 98
	State 99
	State 100
	State 101
	State 102
	State 103
	State 104
	State 105
	State 106
	State 107
	State 108
	State 109


============================================================
+ Verbose Summary: Datapath Resource usage 
============================================================
N/A
