

================================================================
== Vitis HLS Report for 'slow_ndvi'
================================================================
* Date:           Sat Mar 28 00:00:31 2026

* Version:        2025.1.1 (Build 6214317 on Sep 11 2025)
* Project:        project_1
* Solution:       hls (Vivado IP Flow Target)
* Product family: zynquplus
* Target device:  xczu3eg-sbva484-1-e


================================================================
== Performance Estimates
================================================================
+ Timing: 
    * Summary: 
    +--------+----------+----------+------------+
    |  Clock |  Target  | Estimated| Uncertainty|
    +--------+----------+----------+------------+
    |ap_clk  |  10.00 ns|  7.288 ns|     2.70 ns|
    +--------+----------+----------+------------+

+ Latency: 
    * Summary: 
    +---------+---------+----------+----------+--------+--------+---------+
    |  Latency (cycles) |  Latency (absolute) |     Interval    | Pipeline|
    |   min   |   max   |    min   |    max   |   min  |   max  |   Type  |
    +---------+---------+----------+----------+--------+--------+---------+
    |   164097|   606465|  1.641 ms|  6.065 ms|  164097|  606465|       no|
    +---------+---------+----------+----------+--------+--------+---------+

    + Detail: 
        * Instance: 
        N/A

        * Loop: 
        +--------------------+---------+---------+-------------+-----------+-----------+------+----------+
        |                    |  Latency (cycles) |  Iteration  |  Initiation Interval  | Trip |          |
        |      Loop Name     |   min   |   max   |   Latency   |  achieved |   target  | Count| Pipelined|
        +--------------------+---------+---------+-------------+-----------+-----------+------+----------+
        |- VITIS_LOOP_28_1   |   164096|   606464|  1282 ~ 4738|          -|          -|   128|        no|
        | + VITIS_LOOP_29_2  |     1280|     4736|      10 ~ 37|          -|          -|   128|        no|
        +--------------------+---------+---------+-------------+-----------+-----------+------+----------+

============================================================
+ Verbose Summary: Synthesis Manager
============================================================
InlineROM: 1
ExposeGlobal: 0
============================================================
+ Verbose Summary: CDFG Model
============================================================
IsTopModel: 0
ResetActiveHigh: 1
IsCombinational: 0
IsDatapathOnly: 0
HasWiredReturn: 1
HasMFsm: 0
HasVarLatency: 1
IsPipeline: 0
IsRtlPipelined: 0
IsInstanceOverlapped: 0
IsDontTouch: 0
HasImplIP: 0
IsGatedGlobalClock: 0


============================================================
+ Verbose Summary: Schedule
============================================================
* Number of FSM states : 39
* Pipeline : 0
* Dataflow Pipeline: 0

* FSM state transitions: 
1 --> 2 
2 --> 3 
3 --> 4 2 
4 --> 5 
5 --> 6 
6 --> 7 
7 --> 8 
8 --> 9 
9 --> 10 
10 --> 11 
11 --> 12 39 
12 --> 13 
13 --> 14 
14 --> 15 
15 --> 16 
16 --> 17 
17 --> 18 
18 --> 19 
19 --> 20 
20 --> 21 
21 --> 22 
22 --> 23 
23 --> 24 
24 --> 25 
25 --> 26 
26 --> 27 
27 --> 28 
28 --> 29 
29 --> 30 
30 --> 31 
31 --> 32 
32 --> 33 
33 --> 34 
34 --> 35 
35 --> 36 
36 --> 37 
37 --> 38 
38 --> 39 
39 --> 3 

* FSM state operations: 

State 1 <SV = 0> <Delay = 0.48>
ST_1 : Operation 40 [1/1] (0.00ns)   --->   "%r = alloca i32 1" [baseline.cpp:28]   --->   Operation 40 'alloca' 'r' <Predicate = true> <Delay = 0.00>
ST_1 : Operation 41 [1/1] (0.48ns)   --->   "%store_ln28 = store i8 0, i8 %r" [baseline.cpp:28]   --->   Operation 41 'store' 'store_ln28' <Predicate = true> <Delay = 0.48>
ST_1 : Operation 42 [1/1] (0.00ns)   --->   "%br_ln28 = br void %VITIS_LOOP_29_2" [baseline.cpp:28]   --->   Operation 42 'br' 'br_ln28' <Predicate = true> <Delay = 0.00>

State 2 <SV = 1> <Delay = 1.39>
ST_2 : Operation 43 [1/1] (0.00ns)   --->   "%r_2 = load i8 %r" [baseline.cpp:28]   --->   Operation 43 'load' 'r_2' <Predicate = true> <Delay = 0.00>
ST_2 : Operation 44 [1/1] (0.90ns)   --->   "%icmp_ln28 = icmp_eq  i8 %r_2, i8 128" [baseline.cpp:28]   --->   Operation 44 'icmp' 'icmp_ln28' <Predicate = true> <Delay = 0.90> <CoreInst = "Cmp">   --->   Core 9 'Cmp' <Latency = 0> <II = 1> <Delay = 0.90> <FuncUnit> <Opcode : 'seteq' 'setne' 'setle' 'setge' 'setlt' 'setgt'> <InPorts = 2> <OutPorts = 1>
ST_2 : Operation 45 [1/1] (0.90ns)   --->   "%add_ln28 = add i8 %r_2, i8 1" [baseline.cpp:28]   --->   Operation 45 'add' 'add_ln28' <Predicate = true> <Delay = 0.90> <CoreInst = "Adder">   --->   Core 1 'Adder' <Latency = 0> <II = 1> <Delay = 0.90> <FuncUnit> <Opcode : 'add' 'sub'> <InPorts = 2> <OutPorts = 1>
ST_2 : Operation 46 [1/1] (0.00ns)   --->   "%br_ln28 = br i1 %icmp_ln28, void %VITIS_LOOP_29_2.split, void %for.end25" [baseline.cpp:28]   --->   Operation 46 'br' 'br_ln28' <Predicate = true> <Delay = 0.00>
ST_2 : Operation 47 [1/1] (0.00ns)   --->   "%trunc_ln28 = trunc i8 %r_2" [baseline.cpp:28]   --->   Operation 47 'trunc' 'trunc_ln28' <Predicate = (!icmp_ln28)> <Delay = 0.00>
ST_2 : Operation 48 [1/1] (0.00ns)   --->   "%tmp_s = bitconcatenate i14 @_ssdm_op_BitConcatenate.i14.i7.i7, i7 %trunc_ln28, i7 0" [baseline.cpp:31]   --->   Operation 48 'bitconcatenate' 'tmp_s' <Predicate = (!icmp_ln28)> <Delay = 0.00>
ST_2 : Operation 49 [1/1] (0.00ns)   --->   "%speclooptripcount_ln28 = speclooptripcount void @_ssdm_op_SpecLoopTripCount, i64 128, i64 128, i64 128" [baseline.cpp:28]   --->   Operation 49 'speclooptripcount' 'speclooptripcount_ln28' <Predicate = (!icmp_ln28)> <Delay = 0.00>
ST_2 : Operation 50 [1/1] (0.00ns)   --->   "%specloopname_ln28 = specloopname void @_ssdm_op_SpecLoopName, void @empty_5" [baseline.cpp:28]   --->   Operation 50 'specloopname' 'specloopname_ln28' <Predicate = (!icmp_ln28)> <Delay = 0.00>
ST_2 : Operation 51 [1/1] (0.48ns)   --->   "%br_ln29 = br void %for.body4" [baseline.cpp:29]   --->   Operation 51 'br' 'br_ln29' <Predicate = (!icmp_ln28)> <Delay = 0.48>
ST_2 : Operation 52 [1/1] (0.00ns)   --->   "%ret_ln37 = ret" [baseline.cpp:37]   --->   Operation 52 'ret' 'ret_ln37' <Predicate = (icmp_ln28)> <Delay = 0.00>

State 3 <SV = 2> <Delay = 2.34>
ST_3 : Operation 53 [1/1] (0.00ns)   --->   "%c = phi i8 0, void %VITIS_LOOP_29_2.split, i8 %add_ln29, void %for.inc" [baseline.cpp:29]   --->   Operation 53 'phi' 'c' <Predicate = true> <Delay = 0.00>
ST_3 : Operation 54 [1/1] (0.90ns)   --->   "%icmp_ln29 = icmp_eq  i8 %c, i8 128" [baseline.cpp:29]   --->   Operation 54 'icmp' 'icmp_ln29' <Predicate = true> <Delay = 0.90> <CoreInst = "Cmp">   --->   Core 9 'Cmp' <Latency = 0> <II = 1> <Delay = 0.90> <FuncUnit> <Opcode : 'seteq' 'setne' 'setle' 'setge' 'setlt' 'setgt'> <InPorts = 2> <OutPorts = 1>
ST_3 : Operation 55 [1/1] (0.90ns)   --->   "%add_ln29 = add i8 %c, i8 1" [baseline.cpp:29]   --->   Operation 55 'add' 'add_ln29' <Predicate = true> <Delay = 0.90> <CoreInst = "Adder">   --->   Core 1 'Adder' <Latency = 0> <II = 1> <Delay = 0.90> <FuncUnit> <Opcode : 'add' 'sub'> <InPorts = 2> <OutPorts = 1>
ST_3 : Operation 56 [1/1] (0.00ns)   --->   "%br_ln29 = br i1 %icmp_ln29, void %for.body4.split_ifconv, void %for.inc23" [baseline.cpp:29]   --->   Operation 56 'br' 'br_ln29' <Predicate = true> <Delay = 0.00>
ST_3 : Operation 57 [1/1] (0.00ns)   --->   "%zext_ln31_2 = zext i8 %c" [baseline.cpp:31]   --->   Operation 57 'zext' 'zext_ln31_2' <Predicate = (!icmp_ln29)> <Delay = 0.00>
ST_3 : Operation 58 [1/1] (0.98ns)   --->   "%add_ln31_2 = add i14 %tmp_s, i14 %zext_ln31_2" [baseline.cpp:31]   --->   Operation 58 'add' 'add_ln31_2' <Predicate = (!icmp_ln29)> <Delay = 0.98> <CoreInst = "Adder">   --->   Core 1 'Adder' <Latency = 0> <II = 1> <Delay = 0.98> <FuncUnit> <Opcode : 'add' 'sub'> <InPorts = 2> <OutPorts = 1>
ST_3 : Operation 59 [1/1] (0.00ns)   --->   "%zext_ln31_4 = zext i14 %add_ln31_2" [baseline.cpp:31]   --->   Operation 59 'zext' 'zext_ln31_4' <Predicate = (!icmp_ln29)> <Delay = 0.00>
ST_3 : Operation 60 [1/1] (0.00ns)   --->   "%red_addr = getelementptr i16 %red, i64 0, i64 %zext_ln31_4" [baseline.cpp:31]   --->   Operation 60 'getelementptr' 'red_addr' <Predicate = (!icmp_ln29)> <Delay = 0.00>
ST_3 : Operation 61 [1/1] (0.00ns)   --->   "%nir_addr = getelementptr i16 %nir, i64 0, i64 %zext_ln31_4" [baseline.cpp:32]   --->   Operation 61 'getelementptr' 'nir_addr' <Predicate = (!icmp_ln29)> <Delay = 0.00>
ST_3 : Operation 62 [1/1] (0.00ns)   --->   "%index_map_addr = getelementptr i16 %index_map, i64 0, i64 %zext_ln31_4" [baseline.cpp:33]   --->   Operation 62 'getelementptr' 'index_map_addr' <Predicate = (!icmp_ln29)> <Delay = 0.00>
ST_3 : Operation 63 [2/2] (1.35ns)   --->   "%red_load = load i14 %red_addr" [baseline.cpp:31]   --->   Operation 63 'load' 'red_load' <Predicate = (!icmp_ln29)> <Delay = 1.35> <CoreInst = "RAM">   --->   Core 82 'RAM' <Latency = 1> <II = 1> <Delay = 1.35> <Storage> <Opcode : 'load' 'store'> <Ports = 2> <Width = 16> <Depth = 16384> <RAM>
ST_3 : Operation 64 [2/2] (1.35ns)   --->   "%nir_load = load i14 %nir_addr" [baseline.cpp:32]   --->   Operation 64 'load' 'nir_load' <Predicate = (!icmp_ln29)> <Delay = 1.35> <CoreInst = "RAM">   --->   Core 82 'RAM' <Latency = 1> <II = 1> <Delay = 1.35> <Storage> <Opcode : 'load' 'store'> <Ports = 2> <Width = 16> <Depth = 16384> <RAM>
ST_3 : Operation 65 [1/1] (0.48ns)   --->   "%store_ln28 = store i8 %add_ln28, i8 %r" [baseline.cpp:28]   --->   Operation 65 'store' 'store_ln28' <Predicate = (icmp_ln29)> <Delay = 0.48>
ST_3 : Operation 66 [1/1] (0.00ns)   --->   "%br_ln28 = br void %VITIS_LOOP_29_2" [baseline.cpp:28]   --->   Operation 66 'br' 'br_ln28' <Predicate = (icmp_ln29)> <Delay = 0.00>

State 4 <SV = 3> <Delay = 6.89>
ST_4 : Operation 67 [1/2] ( I:1.35ns O:1.35ns )   --->   "%red_load = load i14 %red_addr" [baseline.cpp:31]   --->   Operation 67 'load' 'red_load' <Predicate = true> <Delay = 1.35> <CoreInst = "RAM">   --->   Core 82 'RAM' <Latency = 1> <II = 1> <Delay = 1.35> <Storage> <Opcode : 'load' 'store'> <Ports = 2> <Width = 16> <Depth = 16384> <RAM>
ST_4 : Operation 68 [1/1] (1.01ns)   --->   "%icmp_ln31 = icmp_eq  i16 %red_load, i16 0" [baseline.cpp:31]   --->   Operation 68 'icmp' 'icmp_ln31' <Predicate = true> <Delay = 1.01> <CoreInst = "Cmp">   --->   Core 9 'Cmp' <Latency = 0> <II = 1> <Delay = 1.01> <FuncUnit> <Opcode : 'seteq' 'setne' 'setle' 'setge' 'setlt' 'setgt'> <InPorts = 2> <OutPorts = 1>
ST_4 : Operation 69 [1/1] (0.00ns)   --->   "%tmp = bitselect i1 @_ssdm_op_BitSelect.i1.i16.i32, i16 %red_load, i32 15" [baseline.cpp:31]   --->   Operation 69 'bitselect' 'tmp' <Predicate = true> <Delay = 0.00>
ST_4 : Operation 70 [1/1] (1.01ns)   --->   "%sub_ln31 = sub i16 0, i16 %red_load" [baseline.cpp:31]   --->   Operation 70 'sub' 'sub_ln31' <Predicate = true> <Delay = 1.01> <CoreInst = "Adder">   --->   Core 1 'Adder' <Latency = 0> <II = 1> <Delay = 1.01> <FuncUnit> <Opcode : 'add' 'sub'> <InPorts = 2> <OutPorts = 1>
ST_4 : Operation 71 [1/1] (0.42ns)   --->   "%select_ln31 = select i1 %tmp, i16 %sub_ln31, i16 %red_load" [baseline.cpp:31]   --->   Operation 71 'select' 'select_ln31' <Predicate = true> <Delay = 0.42> <CoreInst = "Sel">   --->   Core 73 'Sel' <Latency = 0> <II = 1> <Delay = 0.42> <FuncUnit> <Opcode : 'select'> <InPorts = 3> <OutPorts = 1>
ST_4 : Operation 72 [1/1] (0.75ns)   --->   "%tmp_4 = ctlz i16 @llvm.ctlz.i16, i16 %select_ln31, i1 0" [baseline.cpp:31]   --->   Operation 72 'ctlz' 'tmp_4' <Predicate = true> <Delay = 0.75> <CoreInst = "ctlz">   --->   Core 145 'ctlz' <Latency = 0> <II = 1> <Delay = 0.75> <FuncUnit> <Opcode : 'ctlz'> <InPorts = 1> <OutPorts = 1>
ST_4 : Operation 73 [1/1] (0.00ns)   --->   "%trunc_ln31 = trunc i16 %tmp_4" [baseline.cpp:31]   --->   Operation 73 'trunc' 'trunc_ln31' <Predicate = true> <Delay = 0.00>
ST_4 : Operation 74 [1/1] (0.00ns)   --->   "%trunc_ln31_1 = trunc i16 %tmp_4" [baseline.cpp:31]   --->   Operation 74 'trunc' 'trunc_ln31_1' <Predicate = true> <Delay = 0.00>
ST_4 : Operation 75 [1/1] (0.00ns)   --->   "%zext_ln31 = zext i16 %select_ln31" [baseline.cpp:31]   --->   Operation 75 'zext' 'zext_ln31' <Predicate = true> <Delay = 0.00>
ST_4 : Operation 76 [1/1] (0.88ns)   --->   "%add_ln31 = add i6 %trunc_ln31, i6 38" [baseline.cpp:31]   --->   Operation 76 'add' 'add_ln31' <Predicate = true> <Delay = 0.88> <CoreInst = "Adder">   --->   Core 1 'Adder' <Latency = 0> <II = 1> <Delay = 0.88> <FuncUnit> <Opcode : 'add' 'sub'> <InPorts = 2> <OutPorts = 1>
ST_4 : Operation 77 [1/1] (0.00ns)   --->   "%zext_ln31_1 = zext i6 %add_ln31" [baseline.cpp:31]   --->   Operation 77 'zext' 'zext_ln31_1' <Predicate = true> <Delay = 0.00>
ST_4 : Operation 78 [1/1] (1.01ns)   --->   "%shl_ln31 = shl i64 %zext_ln31, i64 %zext_ln31_1" [baseline.cpp:31]   --->   Operation 78 'shl' 'shl_ln31' <Predicate = true> <Delay = 1.01> <CoreInst = "Shifter">   --->   Core 75 'Shifter' <Latency = 0> <II = 1> <Delay = 1.01> <FuncUnit> <Opcode : 'shl' 'lshr' 'ashr'> <InPorts = 2> <OutPorts = 1>
ST_4 : Operation 79 [1/1] (0.00ns)   --->   "%lshr_ln = partselect i63 @_ssdm_op_PartSelect.i63.i64.i32.i32, i64 %shl_ln31, i32 1, i32 63" [baseline.cpp:31]   --->   Operation 79 'partselect' 'lshr_ln' <Predicate = true> <Delay = 0.00>
ST_4 : Operation 80 [1/1] (0.00ns)   --->   "%zext_ln31_3 = zext i63 %lshr_ln" [baseline.cpp:31]   --->   Operation 80 'zext' 'zext_ln31_3' <Predicate = true> <Delay = 0.00>
ST_4 : Operation 81 [1/1] (0.00ns) (grouped into LUT with out node add_ln31_1)   --->   "%tmp_5 = bitselect i1 @_ssdm_op_BitSelect.i1.i64.i32, i64 %shl_ln31, i32 54" [baseline.cpp:31]   --->   Operation 81 'bitselect' 'tmp_5' <Predicate = true> <Delay = 0.00>
ST_4 : Operation 82 [1/1] (0.00ns) (grouped into LUT with out node add_ln31_1)   --->   "%select_ln31_1 = select i1 %tmp_5, i11 1023, i11 1022" [baseline.cpp:31]   --->   Operation 82 'select' 'select_ln31_1' <Predicate = true> <Delay = 0.00> <CoreInst = "Sel">   --->   Core 73 'Sel' <Latency = 0> <II = 1> <Delay = 0.45> <FuncUnit> <Opcode : 'select'> <InPorts = 3> <OutPorts = 1>
ST_4 : Operation 83 [1/1] (0.87ns)   --->   "%sub_ln31_1 = sub i5 8, i5 %trunc_ln31_1" [baseline.cpp:31]   --->   Operation 83 'sub' 'sub_ln31_1' <Predicate = true> <Delay = 0.87> <CoreInst = "Adder">   --->   Core 1 'Adder' <Latency = 0> <II = 1> <Delay = 0.87> <FuncUnit> <Opcode : 'add' 'sub'> <InPorts = 2> <OutPorts = 1>
ST_4 : Operation 84 [1/1] (0.00ns) (grouped into LUT with out node add_ln31_1)   --->   "%sext_ln31 = sext i5 %sub_ln31_1" [baseline.cpp:31]   --->   Operation 84 'sext' 'sext_ln31' <Predicate = true> <Delay = 0.00>
ST_4 : Operation 85 [1/1] (0.94ns) (out node of the LUT)   --->   "%add_ln31_1 = add i11 %sext_ln31, i11 %select_ln31_1" [baseline.cpp:31]   --->   Operation 85 'add' 'add_ln31_1' <Predicate = true> <Delay = 0.94> <CoreInst = "Adder">   --->   Core 1 'Adder' <Latency = 0> <II = 1> <Delay = 0.94> <FuncUnit> <Opcode : 'add' 'sub'> <InPorts = 2> <OutPorts = 1>
ST_4 : Operation 86 [1/1] (0.00ns)   --->   "%tmp_2 = bitconcatenate i12 @_ssdm_op_BitConcatenate.i12.i1.i11, i1 %tmp, i11 %add_ln31_1" [baseline.cpp:31]   --->   Operation 86 'bitconcatenate' 'tmp_2' <Predicate = true> <Delay = 0.00>
ST_4 : Operation 87 [1/1] (0.00ns)   --->   "%LD = partset i64 @_ssdm_op_PartSet.i64.i64.i12.i32.i32, i64 %zext_ln31_3, i12 %tmp_2, i32 52, i32 63" [baseline.cpp:31]   --->   Operation 87 'partset' 'LD' <Predicate = true> <Delay = 0.00>
ST_4 : Operation 88 [1/1] (0.00ns)   --->   "%bitcast_ln767 = bitcast i64 %LD" [baseline.cpp:31]   --->   Operation 88 'bitcast' 'bitcast_ln767' <Predicate = true> <Delay = 0.00>
ST_4 : Operation 89 [1/1] (0.49ns)   --->   "%r_val = select i1 %icmp_ln31, i64 0, i64 %bitcast_ln767" [baseline.cpp:31]   --->   Operation 89 'select' 'r_val' <Predicate = true> <Delay = 0.49> <CoreInst = "Sel">   --->   Core 73 'Sel' <Latency = 0> <II = 1> <Delay = 0.49> <FuncUnit> <Opcode : 'select'> <InPorts = 3> <OutPorts = 1>
ST_4 : Operation 90 [1/2] ( I:1.35ns O:1.35ns )   --->   "%nir_load = load i14 %nir_addr" [baseline.cpp:32]   --->   Operation 90 'load' 'nir_load' <Predicate = true> <Delay = 1.35> <CoreInst = "RAM">   --->   Core 82 'RAM' <Latency = 1> <II = 1> <Delay = 1.35> <Storage> <Opcode : 'load' 'store'> <Ports = 2> <Width = 16> <Depth = 16384> <RAM>
ST_4 : Operation 91 [1/1] (1.01ns)   --->   "%icmp_ln32 = icmp_eq  i16 %nir_load, i16 0" [baseline.cpp:32]   --->   Operation 91 'icmp' 'icmp_ln32' <Predicate = true> <Delay = 1.01> <CoreInst = "Cmp">   --->   Core 9 'Cmp' <Latency = 0> <II = 1> <Delay = 1.01> <FuncUnit> <Opcode : 'seteq' 'setne' 'setle' 'setge' 'setlt' 'setgt'> <InPorts = 2> <OutPorts = 1>
ST_4 : Operation 92 [1/1] (0.00ns)   --->   "%tmp_7 = bitselect i1 @_ssdm_op_BitSelect.i1.i16.i32, i16 %nir_load, i32 15" [baseline.cpp:32]   --->   Operation 92 'bitselect' 'tmp_7' <Predicate = true> <Delay = 0.00>
ST_4 : Operation 93 [1/1] (1.01ns)   --->   "%sub_ln32 = sub i16 0, i16 %nir_load" [baseline.cpp:32]   --->   Operation 93 'sub' 'sub_ln32' <Predicate = true> <Delay = 1.01> <CoreInst = "Adder">   --->   Core 1 'Adder' <Latency = 0> <II = 1> <Delay = 1.01> <FuncUnit> <Opcode : 'add' 'sub'> <InPorts = 2> <OutPorts = 1>
ST_4 : Operation 94 [1/1] (0.42ns)   --->   "%select_ln32 = select i1 %tmp_7, i16 %sub_ln32, i16 %nir_load" [baseline.cpp:32]   --->   Operation 94 'select' 'select_ln32' <Predicate = true> <Delay = 0.42> <CoreInst = "Sel">   --->   Core 73 'Sel' <Latency = 0> <II = 1> <Delay = 0.42> <FuncUnit> <Opcode : 'select'> <InPorts = 3> <OutPorts = 1>
ST_4 : Operation 95 [1/1] (0.75ns)   --->   "%tmp_1 = ctlz i16 @llvm.ctlz.i16, i16 %select_ln32, i1 0" [baseline.cpp:32]   --->   Operation 95 'ctlz' 'tmp_1' <Predicate = true> <Delay = 0.75> <CoreInst = "ctlz">   --->   Core 145 'ctlz' <Latency = 0> <II = 1> <Delay = 0.75> <FuncUnit> <Opcode : 'ctlz'> <InPorts = 1> <OutPorts = 1>
ST_4 : Operation 96 [1/1] (0.00ns)   --->   "%trunc_ln32 = trunc i16 %tmp_1" [baseline.cpp:32]   --->   Operation 96 'trunc' 'trunc_ln32' <Predicate = true> <Delay = 0.00>
ST_4 : Operation 97 [1/1] (0.00ns)   --->   "%trunc_ln32_1 = trunc i16 %tmp_1" [baseline.cpp:32]   --->   Operation 97 'trunc' 'trunc_ln32_1' <Predicate = true> <Delay = 0.00>
ST_4 : Operation 98 [1/1] (0.00ns)   --->   "%zext_ln32 = zext i16 %select_ln32" [baseline.cpp:32]   --->   Operation 98 'zext' 'zext_ln32' <Predicate = true> <Delay = 0.00>
ST_4 : Operation 99 [1/1] (0.88ns)   --->   "%add_ln32 = add i6 %trunc_ln32, i6 38" [baseline.cpp:32]   --->   Operation 99 'add' 'add_ln32' <Predicate = true> <Delay = 0.88> <CoreInst = "Adder">   --->   Core 1 'Adder' <Latency = 0> <II = 1> <Delay = 0.88> <FuncUnit> <Opcode : 'add' 'sub'> <InPorts = 2> <OutPorts = 1>
ST_4 : Operation 100 [1/1] (0.00ns)   --->   "%zext_ln32_1 = zext i6 %add_ln32" [baseline.cpp:32]   --->   Operation 100 'zext' 'zext_ln32_1' <Predicate = true> <Delay = 0.00>
ST_4 : Operation 101 [1/1] (1.01ns)   --->   "%shl_ln32 = shl i64 %zext_ln32, i64 %zext_ln32_1" [baseline.cpp:32]   --->   Operation 101 'shl' 'shl_ln32' <Predicate = true> <Delay = 1.01> <CoreInst = "Shifter">   --->   Core 75 'Shifter' <Latency = 0> <II = 1> <Delay = 1.01> <FuncUnit> <Opcode : 'shl' 'lshr' 'ashr'> <InPorts = 2> <OutPorts = 1>
ST_4 : Operation 102 [1/1] (0.00ns)   --->   "%lshr_ln1 = partselect i63 @_ssdm_op_PartSelect.i63.i64.i32.i32, i64 %shl_ln32, i32 1, i32 63" [baseline.cpp:32]   --->   Operation 102 'partselect' 'lshr_ln1' <Predicate = true> <Delay = 0.00>
ST_4 : Operation 103 [1/1] (0.00ns)   --->   "%zext_ln32_2 = zext i63 %lshr_ln1" [baseline.cpp:32]   --->   Operation 103 'zext' 'zext_ln32_2' <Predicate = true> <Delay = 0.00>
ST_4 : Operation 104 [1/1] (0.00ns) (grouped into LUT with out node add_ln32_1)   --->   "%tmp_8 = bitselect i1 @_ssdm_op_BitSelect.i1.i64.i32, i64 %shl_ln32, i32 54" [baseline.cpp:32]   --->   Operation 104 'bitselect' 'tmp_8' <Predicate = true> <Delay = 0.00>
ST_4 : Operation 105 [1/1] (0.00ns) (grouped into LUT with out node add_ln32_1)   --->   "%select_ln32_1 = select i1 %tmp_8, i11 1023, i11 1022" [baseline.cpp:32]   --->   Operation 105 'select' 'select_ln32_1' <Predicate = true> <Delay = 0.00> <CoreInst = "Sel">   --->   Core 73 'Sel' <Latency = 0> <II = 1> <Delay = 0.45> <FuncUnit> <Opcode : 'select'> <InPorts = 3> <OutPorts = 1>
ST_4 : Operation 106 [1/1] (0.87ns)   --->   "%sub_ln32_1 = sub i5 8, i5 %trunc_ln32_1" [baseline.cpp:32]   --->   Operation 106 'sub' 'sub_ln32_1' <Predicate = true> <Delay = 0.87> <CoreInst = "Adder">   --->   Core 1 'Adder' <Latency = 0> <II = 1> <Delay = 0.87> <FuncUnit> <Opcode : 'add' 'sub'> <InPorts = 2> <OutPorts = 1>
ST_4 : Operation 107 [1/1] (0.00ns) (grouped into LUT with out node add_ln32_1)   --->   "%sext_ln32 = sext i5 %sub_ln32_1" [baseline.cpp:32]   --->   Operation 107 'sext' 'sext_ln32' <Predicate = true> <Delay = 0.00>
ST_4 : Operation 108 [1/1] (0.94ns) (out node of the LUT)   --->   "%add_ln32_1 = add i11 %sext_ln32, i11 %select_ln32_1" [baseline.cpp:32]   --->   Operation 108 'add' 'add_ln32_1' <Predicate = true> <Delay = 0.94> <CoreInst = "Adder">   --->   Core 1 'Adder' <Latency = 0> <II = 1> <Delay = 0.94> <FuncUnit> <Opcode : 'add' 'sub'> <InPorts = 2> <OutPorts = 1>
ST_4 : Operation 109 [1/1] (0.00ns)   --->   "%tmp_3 = bitconcatenate i12 @_ssdm_op_BitConcatenate.i12.i1.i11, i1 %tmp_7, i11 %add_ln32_1" [baseline.cpp:32]   --->   Operation 109 'bitconcatenate' 'tmp_3' <Predicate = true> <Delay = 0.00>
ST_4 : Operation 110 [1/1] (0.00ns)   --->   "%LD_1 = partset i64 @_ssdm_op_PartSet.i64.i64.i12.i32.i32, i64 %zext_ln32_2, i12 %tmp_3, i32 52, i32 63" [baseline.cpp:32]   --->   Operation 110 'partset' 'LD_1' <Predicate = true> <Delay = 0.00>
ST_4 : Operation 111 [1/1] (0.00ns)   --->   "%bitcast_ln767_1 = bitcast i64 %LD_1" [baseline.cpp:32]   --->   Operation 111 'bitcast' 'bitcast_ln767_1' <Predicate = true> <Delay = 0.00>
ST_4 : Operation 112 [1/1] (0.49ns)   --->   "%n_val = select i1 %icmp_ln32, i64 0, i64 %bitcast_ln767_1" [baseline.cpp:32]   --->   Operation 112 'select' 'n_val' <Predicate = true> <Delay = 0.49> <CoreInst = "Sel">   --->   Core 73 'Sel' <Latency = 0> <II = 1> <Delay = 0.49> <FuncUnit> <Opcode : 'select'> <InPorts = 3> <OutPorts = 1>

State 5 <SV = 4> <Delay = 6.91>
ST_5 : Operation 113 [5/5] (6.91ns)   --->   "%add = dadd i64 %n_val, i64 %r_val" [baseline.cpp:33]   --->   Operation 113 'dadd' 'add' <Predicate = true> <Delay = 6.91> <CoreInst = "DAddSub_fulldsp">   --->   Core 37 'DAddSub_fulldsp' <Latency = 4> <II = 1> <Delay = 6.91> <FuncUnit> <Opcode : 'dadd' 'dsub'> <InPorts = 2> <OutPorts = 1>

State 6 <SV = 5> <Delay = 6.91>
ST_6 : Operation 114 [4/5] (6.91ns)   --->   "%add = dadd i64 %n_val, i64 %r_val" [baseline.cpp:33]   --->   Operation 114 'dadd' 'add' <Predicate = true> <Delay = 6.91> <CoreInst = "DAddSub_fulldsp">   --->   Core 37 'DAddSub_fulldsp' <Latency = 4> <II = 1> <Delay = 6.91> <FuncUnit> <Opcode : 'dadd' 'dsub'> <InPorts = 2> <OutPorts = 1>

State 7 <SV = 6> <Delay = 6.91>
ST_7 : Operation 115 [3/5] (6.91ns)   --->   "%add = dadd i64 %n_val, i64 %r_val" [baseline.cpp:33]   --->   Operation 115 'dadd' 'add' <Predicate = true> <Delay = 6.91> <CoreInst = "DAddSub_fulldsp">   --->   Core 37 'DAddSub_fulldsp' <Latency = 4> <II = 1> <Delay = 6.91> <FuncUnit> <Opcode : 'dadd' 'dsub'> <InPorts = 2> <OutPorts = 1>

State 8 <SV = 7> <Delay = 6.91>
ST_8 : Operation 116 [2/5] (6.91ns)   --->   "%add = dadd i64 %n_val, i64 %r_val" [baseline.cpp:33]   --->   Operation 116 'dadd' 'add' <Predicate = true> <Delay = 6.91> <CoreInst = "DAddSub_fulldsp">   --->   Core 37 'DAddSub_fulldsp' <Latency = 4> <II = 1> <Delay = 6.91> <FuncUnit> <Opcode : 'dadd' 'dsub'> <InPorts = 2> <OutPorts = 1>

State 9 <SV = 8> <Delay = 6.91>
ST_9 : Operation 117 [1/5] (6.91ns)   --->   "%add = dadd i64 %n_val, i64 %r_val" [baseline.cpp:33]   --->   Operation 117 'dadd' 'add' <Predicate = true> <Delay = 6.91> <CoreInst = "DAddSub_fulldsp">   --->   Core 37 'DAddSub_fulldsp' <Latency = 4> <II = 1> <Delay = 6.91> <FuncUnit> <Opcode : 'dadd' 'dsub'> <InPorts = 2> <OutPorts = 1>

State 10 <SV = 9> <Delay = 3.61>
ST_10 : Operation 118 [2/2] (3.61ns)   --->   "%tmp_10 = fcmp_oeq  i64 %add, i64 0" [baseline.cpp:33]   --->   Operation 118 'dcmp' 'tmp_10' <Predicate = true> <Delay = 3.61> <CoreInst = "DCompare">   --->   Core 38 'DCompare' <Latency = 1> <II = 1> <Delay = 3.61> <FuncUnit> <Opcode : 'dcmp'> <InPorts = 2> <OutPorts = 1>

State 11 <SV = 10> <Delay = 6.91>
ST_11 : Operation 119 [1/1] (0.00ns)   --->   "%speclooptripcount_ln29 = speclooptripcount void @_ssdm_op_SpecLoopTripCount, i64 128, i64 128, i64 128" [baseline.cpp:29]   --->   Operation 119 'speclooptripcount' 'speclooptripcount_ln29' <Predicate = true> <Delay = 0.00>
ST_11 : Operation 120 [1/1] (0.00ns)   --->   "%specloopname_ln29 = specloopname void @_ssdm_op_SpecLoopName, void @empty_4" [baseline.cpp:29]   --->   Operation 120 'specloopname' 'specloopname_ln29' <Predicate = true> <Delay = 0.00>
ST_11 : Operation 121 [1/1] (0.00ns)   --->   "%bitcast_ln33 = bitcast i64 %add" [baseline.cpp:33]   --->   Operation 121 'bitcast' 'bitcast_ln33' <Predicate = true> <Delay = 0.00>
ST_11 : Operation 122 [1/1] (0.00ns)   --->   "%tmp_9 = partselect i11 @_ssdm_op_PartSelect.i11.i64.i32.i32, i64 %bitcast_ln33, i32 52, i32 62" [baseline.cpp:33]   --->   Operation 122 'partselect' 'tmp_9' <Predicate = true> <Delay = 0.00>
ST_11 : Operation 123 [1/1] (0.00ns)   --->   "%trunc_ln33 = trunc i64 %bitcast_ln33" [baseline.cpp:33]   --->   Operation 123 'trunc' 'trunc_ln33' <Predicate = true> <Delay = 0.00>
ST_11 : Operation 124 [1/1] (0.94ns)   --->   "%icmp_ln33 = icmp_ne  i11 %tmp_9, i11 2047" [baseline.cpp:33]   --->   Operation 124 'icmp' 'icmp_ln33' <Predicate = true> <Delay = 0.94> <CoreInst = "Cmp">   --->   Core 9 'Cmp' <Latency = 0> <II = 1> <Delay = 0.94> <FuncUnit> <Opcode : 'seteq' 'setne' 'setle' 'setge' 'setlt' 'setgt'> <InPorts = 2> <OutPorts = 1>
ST_11 : Operation 125 [1/1] (1.30ns)   --->   "%icmp_ln33_1 = icmp_eq  i52 %trunc_ln33, i52 0" [baseline.cpp:33]   --->   Operation 125 'icmp' 'icmp_ln33_1' <Predicate = true> <Delay = 1.30> <CoreInst = "Cmp">   --->   Core 9 'Cmp' <Latency = 0> <II = 1> <Delay = 1.30> <FuncUnit> <Opcode : 'seteq' 'setne' 'setle' 'setge' 'setlt' 'setgt'> <InPorts = 2> <OutPorts = 1>
ST_11 : Operation 126 [1/1] (0.00ns) (grouped into LUT with out node and_ln33)   --->   "%or_ln33 = or i1 %icmp_ln33_1, i1 %icmp_ln33" [baseline.cpp:33]   --->   Operation 126 'or' 'or_ln33' <Predicate = true> <Delay = 0.00> <CoreInst = "LogicGate">   --->   Core 74 'LogicGate' <Latency = 0> <II = 1> <Delay = 0.33> <FuncUnit> <Opcode : 'and' 'or' 'xor'> <InPorts = 2> <OutPorts = 1>
ST_11 : Operation 127 [1/2] (3.61ns)   --->   "%tmp_10 = fcmp_oeq  i64 %add, i64 0" [baseline.cpp:33]   --->   Operation 127 'dcmp' 'tmp_10' <Predicate = true> <Delay = 3.61> <CoreInst = "DCompare">   --->   Core 38 'DCompare' <Latency = 1> <II = 1> <Delay = 3.61> <FuncUnit> <Opcode : 'dcmp'> <InPorts = 2> <OutPorts = 1>
ST_11 : Operation 128 [1/1] (0.33ns) (out node of the LUT)   --->   "%and_ln33 = and i1 %or_ln33, i1 %tmp_10" [baseline.cpp:33]   --->   Operation 128 'and' 'and_ln33' <Predicate = true> <Delay = 0.33> <CoreInst = "LogicGate">   --->   Core 74 'LogicGate' <Latency = 0> <II = 1> <Delay = 0.33> <FuncUnit> <Opcode : 'and' 'or' 'xor'> <InPorts = 2> <OutPorts = 1>
ST_11 : Operation 129 [1/1] (0.48ns)   --->   "%br_ln33 = br i1 %and_ln33, void %if.else_ifconv, void %for.inc" [baseline.cpp:33]   --->   Operation 129 'br' 'br_ln33' <Predicate = true> <Delay = 0.48>
ST_11 : Operation 130 [5/5] (6.91ns)   --->   "%sub = dsub i64 %n_val, i64 %r_val" [baseline.cpp:34]   --->   Operation 130 'dsub' 'sub' <Predicate = (!and_ln33)> <Delay = 6.91> <CoreInst = "DAddSub_fulldsp">   --->   Core 37 'DAddSub_fulldsp' <Latency = 4> <II = 1> <Delay = 6.91> <FuncUnit> <Opcode : 'dadd' 'dsub'> <InPorts = 2> <OutPorts = 1>

State 12 <SV = 11> <Delay = 6.91>
ST_12 : Operation 131 [4/5] (6.91ns)   --->   "%sub = dsub i64 %n_val, i64 %r_val" [baseline.cpp:34]   --->   Operation 131 'dsub' 'sub' <Predicate = true> <Delay = 6.91> <CoreInst = "DAddSub_fulldsp">   --->   Core 37 'DAddSub_fulldsp' <Latency = 4> <II = 1> <Delay = 6.91> <FuncUnit> <Opcode : 'dadd' 'dsub'> <InPorts = 2> <OutPorts = 1>

State 13 <SV = 12> <Delay = 6.91>
ST_13 : Operation 132 [3/5] (6.91ns)   --->   "%sub = dsub i64 %n_val, i64 %r_val" [baseline.cpp:34]   --->   Operation 132 'dsub' 'sub' <Predicate = true> <Delay = 6.91> <CoreInst = "DAddSub_fulldsp">   --->   Core 37 'DAddSub_fulldsp' <Latency = 4> <II = 1> <Delay = 6.91> <FuncUnit> <Opcode : 'dadd' 'dsub'> <InPorts = 2> <OutPorts = 1>

State 14 <SV = 13> <Delay = 6.91>
ST_14 : Operation 133 [2/5] (6.91ns)   --->   "%sub = dsub i64 %n_val, i64 %r_val" [baseline.cpp:34]   --->   Operation 133 'dsub' 'sub' <Predicate = true> <Delay = 6.91> <CoreInst = "DAddSub_fulldsp">   --->   Core 37 'DAddSub_fulldsp' <Latency = 4> <II = 1> <Delay = 6.91> <FuncUnit> <Opcode : 'dadd' 'dsub'> <InPorts = 2> <OutPorts = 1>

State 15 <SV = 14> <Delay = 6.91>
ST_15 : Operation 134 [1/5] (6.91ns)   --->   "%sub = dsub i64 %n_val, i64 %r_val" [baseline.cpp:34]   --->   Operation 134 'dsub' 'sub' <Predicate = true> <Delay = 6.91> <CoreInst = "DAddSub_fulldsp">   --->   Core 37 'DAddSub_fulldsp' <Latency = 4> <II = 1> <Delay = 6.91> <FuncUnit> <Opcode : 'dadd' 'dsub'> <InPorts = 2> <OutPorts = 1>

State 16 <SV = 15> <Delay = 7.28>
ST_16 : Operation 135 [22/22] (7.28ns)   --->   "%pf = ddiv i64 %sub, i64 %add" [baseline.cpp:34]   --->   Operation 135 'ddiv' 'pf' <Predicate = true> <Delay = 7.28> <CoreInst = "DDiv">   --->   Core 39 'DDiv' <Latency = 21> <II = 1> <Delay = 7.28> <FuncUnit> <Opcode : 'ddiv' 'drem'> <InPorts = 2> <OutPorts = 1>

State 17 <SV = 16> <Delay = 7.28>
ST_17 : Operation 136 [21/22] (7.28ns)   --->   "%pf = ddiv i64 %sub, i64 %add" [baseline.cpp:34]   --->   Operation 136 'ddiv' 'pf' <Predicate = true> <Delay = 7.28> <CoreInst = "DDiv">   --->   Core 39 'DDiv' <Latency = 21> <II = 1> <Delay = 7.28> <FuncUnit> <Opcode : 'ddiv' 'drem'> <InPorts = 2> <OutPorts = 1>

State 18 <SV = 17> <Delay = 7.28>
ST_18 : Operation 137 [20/22] (7.28ns)   --->   "%pf = ddiv i64 %sub, i64 %add" [baseline.cpp:34]   --->   Operation 137 'ddiv' 'pf' <Predicate = true> <Delay = 7.28> <CoreInst = "DDiv">   --->   Core 39 'DDiv' <Latency = 21> <II = 1> <Delay = 7.28> <FuncUnit> <Opcode : 'ddiv' 'drem'> <InPorts = 2> <OutPorts = 1>

State 19 <SV = 18> <Delay = 7.28>
ST_19 : Operation 138 [19/22] (7.28ns)   --->   "%pf = ddiv i64 %sub, i64 %add" [baseline.cpp:34]   --->   Operation 138 'ddiv' 'pf' <Predicate = true> <Delay = 7.28> <CoreInst = "DDiv">   --->   Core 39 'DDiv' <Latency = 21> <II = 1> <Delay = 7.28> <FuncUnit> <Opcode : 'ddiv' 'drem'> <InPorts = 2> <OutPorts = 1>

State 20 <SV = 19> <Delay = 7.28>
ST_20 : Operation 139 [18/22] (7.28ns)   --->   "%pf = ddiv i64 %sub, i64 %add" [baseline.cpp:34]   --->   Operation 139 'ddiv' 'pf' <Predicate = true> <Delay = 7.28> <CoreInst = "DDiv">   --->   Core 39 'DDiv' <Latency = 21> <II = 1> <Delay = 7.28> <FuncUnit> <Opcode : 'ddiv' 'drem'> <InPorts = 2> <OutPorts = 1>

State 21 <SV = 20> <Delay = 7.28>
ST_21 : Operation 140 [17/22] (7.28ns)   --->   "%pf = ddiv i64 %sub, i64 %add" [baseline.cpp:34]   --->   Operation 140 'ddiv' 'pf' <Predicate = true> <Delay = 7.28> <CoreInst = "DDiv">   --->   Core 39 'DDiv' <Latency = 21> <II = 1> <Delay = 7.28> <FuncUnit> <Opcode : 'ddiv' 'drem'> <InPorts = 2> <OutPorts = 1>

State 22 <SV = 21> <Delay = 7.28>
ST_22 : Operation 141 [16/22] (7.28ns)   --->   "%pf = ddiv i64 %sub, i64 %add" [baseline.cpp:34]   --->   Operation 141 'ddiv' 'pf' <Predicate = true> <Delay = 7.28> <CoreInst = "DDiv">   --->   Core 39 'DDiv' <Latency = 21> <II = 1> <Delay = 7.28> <FuncUnit> <Opcode : 'ddiv' 'drem'> <InPorts = 2> <OutPorts = 1>

State 23 <SV = 22> <Delay = 7.28>
ST_23 : Operation 142 [15/22] (7.28ns)   --->   "%pf = ddiv i64 %sub, i64 %add" [baseline.cpp:34]   --->   Operation 142 'ddiv' 'pf' <Predicate = true> <Delay = 7.28> <CoreInst = "DDiv">   --->   Core 39 'DDiv' <Latency = 21> <II = 1> <Delay = 7.28> <FuncUnit> <Opcode : 'ddiv' 'drem'> <InPorts = 2> <OutPorts = 1>

State 24 <SV = 23> <Delay = 7.28>
ST_24 : Operation 143 [14/22] (7.28ns)   --->   "%pf = ddiv i64 %sub, i64 %add" [baseline.cpp:34]   --->   Operation 143 'ddiv' 'pf' <Predicate = true> <Delay = 7.28> <CoreInst = "DDiv">   --->   Core 39 'DDiv' <Latency = 21> <II = 1> <Delay = 7.28> <FuncUnit> <Opcode : 'ddiv' 'drem'> <InPorts = 2> <OutPorts = 1>

State 25 <SV = 24> <Delay = 7.28>
ST_25 : Operation 144 [13/22] (7.28ns)   --->   "%pf = ddiv i64 %sub, i64 %add" [baseline.cpp:34]   --->   Operation 144 'ddiv' 'pf' <Predicate = true> <Delay = 7.28> <CoreInst = "DDiv">   --->   Core 39 'DDiv' <Latency = 21> <II = 1> <Delay = 7.28> <FuncUnit> <Opcode : 'ddiv' 'drem'> <InPorts = 2> <OutPorts = 1>

State 26 <SV = 25> <Delay = 7.28>
ST_26 : Operation 145 [12/22] (7.28ns)   --->   "%pf = ddiv i64 %sub, i64 %add" [baseline.cpp:34]   --->   Operation 145 'ddiv' 'pf' <Predicate = true> <Delay = 7.28> <CoreInst = "DDiv">   --->   Core 39 'DDiv' <Latency = 21> <II = 1> <Delay = 7.28> <FuncUnit> <Opcode : 'ddiv' 'drem'> <InPorts = 2> <OutPorts = 1>

State 27 <SV = 26> <Delay = 7.28>
ST_27 : Operation 146 [11/22] (7.28ns)   --->   "%pf = ddiv i64 %sub, i64 %add" [baseline.cpp:34]   --->   Operation 146 'ddiv' 'pf' <Predicate = true> <Delay = 7.28> <CoreInst = "DDiv">   --->   Core 39 'DDiv' <Latency = 21> <II = 1> <Delay = 7.28> <FuncUnit> <Opcode : 'ddiv' 'drem'> <InPorts = 2> <OutPorts = 1>

State 28 <SV = 27> <Delay = 7.28>
ST_28 : Operation 147 [10/22] (7.28ns)   --->   "%pf = ddiv i64 %sub, i64 %add" [baseline.cpp:34]   --->   Operation 147 'ddiv' 'pf' <Predicate = true> <Delay = 7.28> <CoreInst = "DDiv">   --->   Core 39 'DDiv' <Latency = 21> <II = 1> <Delay = 7.28> <FuncUnit> <Opcode : 'ddiv' 'drem'> <InPorts = 2> <OutPorts = 1>

State 29 <SV = 28> <Delay = 7.28>
ST_29 : Operation 148 [9/22] (7.28ns)   --->   "%pf = ddiv i64 %sub, i64 %add" [baseline.cpp:34]   --->   Operation 148 'ddiv' 'pf' <Predicate = true> <Delay = 7.28> <CoreInst = "DDiv">   --->   Core 39 'DDiv' <Latency = 21> <II = 1> <Delay = 7.28> <FuncUnit> <Opcode : 'ddiv' 'drem'> <InPorts = 2> <OutPorts = 1>

State 30 <SV = 29> <Delay = 7.28>
ST_30 : Operation 149 [8/22] (7.28ns)   --->   "%pf = ddiv i64 %sub, i64 %add" [baseline.cpp:34]   --->   Operation 149 'ddiv' 'pf' <Predicate = true> <Delay = 7.28> <CoreInst = "DDiv">   --->   Core 39 'DDiv' <Latency = 21> <II = 1> <Delay = 7.28> <FuncUnit> <Opcode : 'ddiv' 'drem'> <InPorts = 2> <OutPorts = 1>

State 31 <SV = 30> <Delay = 7.28>
ST_31 : Operation 150 [7/22] (7.28ns)   --->   "%pf = ddiv i64 %sub, i64 %add" [baseline.cpp:34]   --->   Operation 150 'ddiv' 'pf' <Predicate = true> <Delay = 7.28> <CoreInst = "DDiv">   --->   Core 39 'DDiv' <Latency = 21> <II = 1> <Delay = 7.28> <FuncUnit> <Opcode : 'ddiv' 'drem'> <InPorts = 2> <OutPorts = 1>

State 32 <SV = 31> <Delay = 7.28>
ST_32 : Operation 151 [6/22] (7.28ns)   --->   "%pf = ddiv i64 %sub, i64 %add" [baseline.cpp:34]   --->   Operation 151 'ddiv' 'pf' <Predicate = true> <Delay = 7.28> <CoreInst = "DDiv">   --->   Core 39 'DDiv' <Latency = 21> <II = 1> <Delay = 7.28> <FuncUnit> <Opcode : 'ddiv' 'drem'> <InPorts = 2> <OutPorts = 1>

State 33 <SV = 32> <Delay = 7.28>
ST_33 : Operation 152 [5/22] (7.28ns)   --->   "%pf = ddiv i64 %sub, i64 %add" [baseline.cpp:34]   --->   Operation 152 'ddiv' 'pf' <Predicate = true> <Delay = 7.28> <CoreInst = "DDiv">   --->   Core 39 'DDiv' <Latency = 21> <II = 1> <Delay = 7.28> <FuncUnit> <Opcode : 'ddiv' 'drem'> <InPorts = 2> <OutPorts = 1>

State 34 <SV = 33> <Delay = 7.28>
ST_34 : Operation 153 [4/22] (7.28ns)   --->   "%pf = ddiv i64 %sub, i64 %add" [baseline.cpp:34]   --->   Operation 153 'ddiv' 'pf' <Predicate = true> <Delay = 7.28> <CoreInst = "DDiv">   --->   Core 39 'DDiv' <Latency = 21> <II = 1> <Delay = 7.28> <FuncUnit> <Opcode : 'ddiv' 'drem'> <InPorts = 2> <OutPorts = 1>

State 35 <SV = 34> <Delay = 7.28>
ST_35 : Operation 154 [3/22] (7.28ns)   --->   "%pf = ddiv i64 %sub, i64 %add" [baseline.cpp:34]   --->   Operation 154 'ddiv' 'pf' <Predicate = true> <Delay = 7.28> <CoreInst = "DDiv">   --->   Core 39 'DDiv' <Latency = 21> <II = 1> <Delay = 7.28> <FuncUnit> <Opcode : 'ddiv' 'drem'> <InPorts = 2> <OutPorts = 1>

State 36 <SV = 35> <Delay = 7.28>
ST_36 : Operation 155 [2/22] (7.28ns)   --->   "%pf = ddiv i64 %sub, i64 %add" [baseline.cpp:34]   --->   Operation 155 'ddiv' 'pf' <Predicate = true> <Delay = 7.28> <CoreInst = "DDiv">   --->   Core 39 'DDiv' <Latency = 21> <II = 1> <Delay = 7.28> <FuncUnit> <Opcode : 'ddiv' 'drem'> <InPorts = 2> <OutPorts = 1>

State 37 <SV = 36> <Delay = 7.28>
ST_37 : Operation 156 [1/22] (7.28ns)   --->   "%pf = ddiv i64 %sub, i64 %add" [baseline.cpp:34]   --->   Operation 156 'ddiv' 'pf' <Predicate = true> <Delay = 7.28> <CoreInst = "DDiv">   --->   Core 39 'DDiv' <Latency = 21> <II = 1> <Delay = 7.28> <FuncUnit> <Opcode : 'ddiv' 'drem'> <InPorts = 2> <OutPorts = 1>

State 38 <SV = 37> <Delay = 7.10>
ST_38 : Operation 157 [1/1] (0.00ns)   --->   "%bitcast_ln735 = bitcast i64 %pf" [baseline.cpp:34]   --->   Operation 157 'bitcast' 'bitcast_ln735' <Predicate = true> <Delay = 0.00>
ST_38 : Operation 158 [1/1] (0.00ns)   --->   "%trunc_ln34 = trunc i64 %bitcast_ln735" [baseline.cpp:34]   --->   Operation 158 'trunc' 'trunc_ln34' <Predicate = true> <Delay = 0.00>
ST_38 : Operation 159 [1/1] (0.00ns)   --->   "%tmp_11 = bitselect i1 @_ssdm_op_BitSelect.i1.i64.i32, i64 %bitcast_ln735, i32 63" [baseline.cpp:34]   --->   Operation 159 'bitselect' 'tmp_11' <Predicate = true> <Delay = 0.00>
ST_38 : Operation 160 [1/1] (0.00ns)   --->   "%tmp_6 = partselect i11 @_ssdm_op_PartSelect.i11.i64.i32, i64 %bitcast_ln735, i32 52" [baseline.cpp:34]   --->   Operation 160 'partselect' 'tmp_6' <Predicate = true> <Delay = 0.00>
ST_38 : Operation 161 [1/1] (0.00ns)   --->   "%zext_ln34 = zext i11 %tmp_6" [baseline.cpp:34]   --->   Operation 161 'zext' 'zext_ln34' <Predicate = true> <Delay = 0.00>
ST_38 : Operation 162 [1/1] (0.00ns) (grouped into TernaryAdder)   --->   "%add_ln34 = add i12 %zext_ln34, i12 3073" [baseline.cpp:34]   --->   Operation 162 'add' 'add_ln34' <Predicate = true> <Delay = 0.00> <CoreInst = "TAddSub">   --->   Core 10 'TAddSub' <Latency = 0> <II = 1> <Delay = 0.51> <IPBlock> <Opcode : 'add' 'sub'> <InPorts = 3> <OutPorts = 1> <Sync> <CReg>
ST_38 : Operation 163 [1/1] (0.00ns)   --->   "%trunc_ln34_1 = trunc i64 %bitcast_ln735" [baseline.cpp:34]   --->   Operation 163 'trunc' 'trunc_ln34_1' <Predicate = true> <Delay = 0.00>
ST_38 : Operation 164 [1/1] (0.00ns)   --->   "%zext_ln34_1_cast = bitconcatenate i53 @_ssdm_op_BitConcatenate.i53.i1.i52, i1 1, i52 %trunc_ln34_1" [baseline.cpp:34]   --->   Operation 164 'bitconcatenate' 'zext_ln34_1_cast' <Predicate = true> <Delay = 0.00>
ST_38 : Operation 165 [1/1] (0.00ns)   --->   "%zext_ln34_1 = zext i53 %zext_ln34_1_cast" [baseline.cpp:34]   --->   Operation 165 'zext' 'zext_ln34_1' <Predicate = true> <Delay = 0.00>
ST_38 : Operation 166 [1/1] (1.32ns)   --->   "%sub_ln34 = sub i54 0, i54 %zext_ln34_1" [baseline.cpp:34]   --->   Operation 166 'sub' 'sub_ln34' <Predicate = true> <Delay = 1.32> <CoreInst = "Adder">   --->   Core 1 'Adder' <Latency = 0> <II = 1> <Delay = 1.32> <FuncUnit> <Opcode : 'add' 'sub'> <InPorts = 2> <OutPorts = 1>
ST_38 : Operation 167 [1/1] (0.41ns)   --->   "%select_ln34 = select i1 %tmp_11, i54 %sub_ln34, i54 %zext_ln34_1" [baseline.cpp:34]   --->   Operation 167 'select' 'select_ln34' <Predicate = true> <Delay = 0.41> <CoreInst = "Sel">   --->   Core 73 'Sel' <Latency = 0> <II = 1> <Delay = 0.41> <FuncUnit> <Opcode : 'select'> <InPorts = 3> <OutPorts = 1>
ST_38 : Operation 168 [1/1] (1.45ns)   --->   "%icmp_ln34 = icmp_eq  i63 %trunc_ln34, i63 0" [baseline.cpp:34]   --->   Operation 168 'icmp' 'icmp_ln34' <Predicate = true> <Delay = 1.45> <CoreInst = "Cmp">   --->   Core 9 'Cmp' <Latency = 0> <II = 1> <Delay = 1.45> <FuncUnit> <Opcode : 'seteq' 'setne' 'setle' 'setge' 'setlt' 'setgt'> <InPorts = 2> <OutPorts = 1>
ST_38 : Operation 169 [1/1] (0.96ns)   --->   "%sub_ln34_1 = sub i12 1075, i12 %zext_ln34" [baseline.cpp:34]   --->   Operation 169 'sub' 'sub_ln34_1' <Predicate = true> <Delay = 0.96> <CoreInst = "Adder">   --->   Core 1 'Adder' <Latency = 0> <II = 1> <Delay = 0.96> <FuncUnit> <Opcode : 'add' 'sub'> <InPorts = 2> <OutPorts = 1>
ST_38 : Operation 170 [1/1] (0.00ns)   --->   "%trunc_ln34_2 = trunc i12 %sub_ln34_1" [baseline.cpp:34]   --->   Operation 170 'trunc' 'trunc_ln34_2' <Predicate = true> <Delay = 0.00>
ST_38 : Operation 171 [1/1] (0.00ns)   --->   "%trunc_ln34_3 = trunc i12 %sub_ln34_1" [baseline.cpp:34]   --->   Operation 171 'trunc' 'trunc_ln34_3' <Predicate = true> <Delay = 0.00>
ST_38 : Operation 172 [1/1] (0.96ns)   --->   "%icmp_ln34_1 = icmp_sgt  i12 %sub_ln34_1, i12 8" [baseline.cpp:34]   --->   Operation 172 'icmp' 'icmp_ln34_1' <Predicate = true> <Delay = 0.96> <CoreInst = "Cmp">   --->   Core 9 'Cmp' <Latency = 0> <II = 1> <Delay = 0.96> <FuncUnit> <Opcode : 'seteq' 'setne' 'setle' 'setge' 'setlt' 'setgt'> <InPorts = 2> <OutPorts = 1>
ST_38 : Operation 173 [1/1] (0.96ns)   --->   "%add_ln34_1 = add i12 %sub_ln34_1, i12 4088" [baseline.cpp:34]   --->   Operation 173 'add' 'add_ln34_1' <Predicate = true> <Delay = 0.96> <CoreInst = "Adder">   --->   Core 1 'Adder' <Latency = 0> <II = 1> <Delay = 0.96> <FuncUnit> <Opcode : 'add' 'sub'> <InPorts = 2> <OutPorts = 1>
ST_38 : Operation 174 [1/1] (0.00ns)   --->   "%trunc_ln34_4 = trunc i12 %add_ln34_1" [baseline.cpp:34]   --->   Operation 174 'trunc' 'trunc_ln34_4' <Predicate = true> <Delay = 0.00>
ST_38 : Operation 175 [1/1] (0.94ns)   --->   "%sub_ln34_2 = sub i11 8, i11 %trunc_ln34_3" [baseline.cpp:34]   --->   Operation 175 'sub' 'sub_ln34_2' <Predicate = true> <Delay = 0.94> <CoreInst = "Adder">   --->   Core 1 'Adder' <Latency = 0> <II = 1> <Delay = 0.94> <FuncUnit> <Opcode : 'add' 'sub'> <InPorts = 2> <OutPorts = 1>
ST_38 : Operation 176 [1/1] (0.45ns)   --->   "%select_ln34_1 = select i1 %icmp_ln34_1, i11 %trunc_ln34_4, i11 %sub_ln34_2" [baseline.cpp:34]   --->   Operation 176 'select' 'select_ln34_1' <Predicate = true> <Delay = 0.45> <CoreInst = "Sel">   --->   Core 73 'Sel' <Latency = 0> <II = 1> <Delay = 0.45> <FuncUnit> <Opcode : 'select'> <InPorts = 3> <OutPorts = 1>
ST_38 : Operation 177 [1/1] (0.96ns)   --->   "%icmp_ln34_2 = icmp_eq  i12 %sub_ln34_1, i12 8" [baseline.cpp:34]   --->   Operation 177 'icmp' 'icmp_ln34_2' <Predicate = true> <Delay = 0.96> <CoreInst = "Cmp">   --->   Core 9 'Cmp' <Latency = 0> <II = 1> <Delay = 0.96> <FuncUnit> <Opcode : 'seteq' 'setne' 'setle' 'setge' 'setlt' 'setgt'> <InPorts = 2> <OutPorts = 1>
ST_38 : Operation 178 [1/1] (0.00ns)   --->   "%trunc_ln34_5 = trunc i54 %select_ln34" [baseline.cpp:34]   --->   Operation 178 'trunc' 'trunc_ln34_5' <Predicate = true> <Delay = 0.00>
ST_38 : Operation 179 [1/1] (0.94ns)   --->   "%icmp_ln34_3 = icmp_ult  i11 %select_ln34_1, i11 54" [baseline.cpp:34]   --->   Operation 179 'icmp' 'icmp_ln34_3' <Predicate = true> <Delay = 0.94> <CoreInst = "Cmp">   --->   Core 9 'Cmp' <Latency = 0> <II = 1> <Delay = 0.94> <FuncUnit> <Opcode : 'seteq' 'setne' 'setle' 'setge' 'setlt' 'setgt'> <InPorts = 2> <OutPorts = 1>
ST_38 : Operation 180 [1/1] (0.00ns) (grouped into LUT with out node select_ln34_2)   --->   "%select_ln34_6 = select i1 %tmp_11, i16 65535, i16 0" [baseline.cpp:34]   --->   Operation 180 'select' 'select_ln34_6' <Predicate = true> <Delay = 0.00> <CoreInst = "Sel">   --->   Core 73 'Sel' <Latency = 0> <II = 1> <Delay = 0.26> <FuncUnit> <Opcode : 'select'> <InPorts = 3> <OutPorts = 1>
ST_38 : Operation 181 [1/1] (0.00ns)   --->   "%zext_ln34_2 = zext i11 %select_ln34_1" [baseline.cpp:34]   --->   Operation 181 'zext' 'zext_ln34_2' <Predicate = true> <Delay = 0.00>
ST_38 : Operation 182 [1/1] (1.69ns)   --->   "%ashr_ln34 = ashr i54 %select_ln34, i54 %zext_ln34_2" [baseline.cpp:34]   --->   Operation 182 'ashr' 'ashr_ln34' <Predicate = true> <Delay = 1.69> <CoreInst = "Shifter">   --->   Core 75 'Shifter' <Latency = 0> <II = 1> <Delay = 1.69> <FuncUnit> <Opcode : 'shl' 'lshr' 'ashr'> <InPorts = 2> <OutPorts = 1>
ST_38 : Operation 183 [1/1] (0.00ns) (grouped into LUT with out node select_ln34_2)   --->   "%trunc_ln34_6 = trunc i54 %ashr_ln34" [baseline.cpp:34]   --->   Operation 183 'trunc' 'trunc_ln34_6' <Predicate = true> <Delay = 0.00>
ST_38 : Operation 184 [1/1] (0.42ns) (out node of the LUT)   --->   "%select_ln34_2 = select i1 %icmp_ln34_3, i16 %trunc_ln34_6, i16 %select_ln34_6" [baseline.cpp:34]   --->   Operation 184 'select' 'select_ln34_2' <Predicate = true> <Delay = 0.42> <CoreInst = "Sel">   --->   Core 73 'Sel' <Latency = 0> <II = 1> <Delay = 0.42> <FuncUnit> <Opcode : 'select'> <InPorts = 3> <OutPorts = 1>
ST_38 : Operation 185 [1/1] (0.96ns)   --->   "%icmp_ln34_4 = icmp_sgt  i12 %add_ln34_1, i12 54" [baseline.cpp:34]   --->   Operation 185 'icmp' 'icmp_ln34_4' <Predicate = true> <Delay = 0.96> <CoreInst = "Cmp">   --->   Core 9 'Cmp' <Latency = 0> <II = 1> <Delay = 0.96> <FuncUnit> <Opcode : 'seteq' 'setne' 'setle' 'setge' 'setlt' 'setgt'> <InPorts = 2> <OutPorts = 1>
ST_38 : Operation 186 [1/1] (0.00ns)   --->   "%tmp_12 = partselect i7 @_ssdm_op_PartSelect.i7.i11.i32.i32, i11 %select_ln34_1, i32 4, i32 10" [baseline.cpp:34]   --->   Operation 186 'partselect' 'tmp_12' <Predicate = true> <Delay = 0.00>
ST_38 : Operation 187 [1/1] (0.89ns)   --->   "%icmp_ln34_5 = icmp_eq  i7 %tmp_12, i7 0" [baseline.cpp:34]   --->   Operation 187 'icmp' 'icmp_ln34_5' <Predicate = true> <Delay = 0.89> <CoreInst = "Cmp">   --->   Core 9 'Cmp' <Latency = 0> <II = 1> <Delay = 0.89> <FuncUnit> <Opcode : 'seteq' 'setne' 'setle' 'setge' 'setlt' 'setgt'> <InPorts = 2> <OutPorts = 1>
ST_38 : Operation 188 [1/1] (0.00ns)   --->   "%select_ln34_1cast = zext i11 %select_ln34_1" [baseline.cpp:34]   --->   Operation 188 'zext' 'select_ln34_1cast' <Predicate = true> <Delay = 0.00>
ST_38 : Operation 189 [1/1] (1.01ns)   --->   "%shl_ln34 = shl i16 %trunc_ln34_5, i16 %select_ln34_1cast" [baseline.cpp:34]   --->   Operation 189 'shl' 'shl_ln34' <Predicate = true> <Delay = 1.01> <CoreInst = "Shifter">   --->   Core 75 'Shifter' <Latency = 0> <II = 1> <Delay = 1.01> <FuncUnit> <Opcode : 'shl' 'lshr' 'ashr'> <InPorts = 2> <OutPorts = 1>
ST_38 : Operation 190 [1/1] (0.42ns)   --->   "%select_ln34_3 = select i1 %icmp_ln34_5, i16 %shl_ln34, i16 0" [baseline.cpp:34]   --->   Operation 190 'select' 'select_ln34_3' <Predicate = true> <Delay = 0.42> <CoreInst = "Sel">   --->   Core 73 'Sel' <Latency = 0> <II = 1> <Delay = 0.42> <FuncUnit> <Opcode : 'select'> <InPorts = 3> <OutPorts = 1>
ST_38 : Operation 191 [1/1] (0.88ns)   --->   "%add_ln34_2 = add i6 %trunc_ln34_2, i6 55" [baseline.cpp:34]   --->   Operation 191 'add' 'add_ln34_2' <Predicate = true> <Delay = 0.88> <CoreInst = "Adder">   --->   Core 1 'Adder' <Latency = 0> <II = 1> <Delay = 0.88> <FuncUnit> <Opcode : 'add' 'sub'> <InPorts = 2> <OutPorts = 1>
ST_38 : Operation 192 [1/1] (1.05ns)   --->   "%tmp_13 = bitselect i1 @_ssdm_op_BitSelect.i1.i54.i6, i54 %select_ln34, i6 %add_ln34_2" [baseline.cpp:34]   --->   Operation 192 'bitselect' 'tmp_13' <Predicate = true> <Delay = 1.05> <CoreInst = "BitSelector">   --->   Core 153 'BitSelector' <Latency = 0> <II = 1> <Delay = 1.05> <FuncUnit> <Opcode : 'bitselect'> <InPorts = 2> <OutPorts = 1>
ST_38 : Operation 193 [1/1] (0.00ns) (grouped into LUT with out node add_ln34_3)   --->   "%cond64_i = select i1 %icmp_ln34_4, i1 %tmp_11, i1 %tmp_13" [baseline.cpp:34]   --->   Operation 193 'select' 'cond64_i' <Predicate = true> <Delay = 0.00> <CoreInst = "Sel">   --->   Core 73 'Sel' <Latency = 0> <II = 1> <Delay = 0.26> <FuncUnit> <Opcode : 'select'> <InPorts = 3> <OutPorts = 1>
ST_38 : Operation 194 [1/1] (0.00ns) (grouped into LUT with out node carry_1_i)   --->   "%tmp_14 = bitselect i1 @_ssdm_op_BitSelect.i1.i16.i32, i16 %select_ln34_2, i32 15" [baseline.cpp:34]   --->   Operation 194 'bitselect' 'tmp_14' <Predicate = true> <Delay = 0.00>
ST_38 : Operation 195 [1/1] (0.00ns) (grouped into LUT with out node add_ln34_3)   --->   "%zext_ln34_3 = zext i1 %cond64_i" [baseline.cpp:34]   --->   Operation 195 'zext' 'zext_ln34_3' <Predicate = true> <Delay = 0.00>
ST_38 : Operation 196 [1/1] (1.01ns) (out node of the LUT)   --->   "%add_ln34_3 = add i16 %select_ln34_2, i16 %zext_ln34_3" [baseline.cpp:34]   --->   Operation 196 'add' 'add_ln34_3' <Predicate = true> <Delay = 1.01> <CoreInst = "Adder">   --->   Core 1 'Adder' <Latency = 0> <II = 1> <Delay = 1.01> <FuncUnit> <Opcode : 'add' 'sub'> <InPorts = 2> <OutPorts = 1>
ST_38 : Operation 197 [1/1] (0.00ns) (grouped into LUT with out node carry_1_i)   --->   "%tmp_15 = bitselect i1 @_ssdm_op_BitSelect.i1.i16.i32, i16 %add_ln34_3, i32 15" [baseline.cpp:34]   --->   Operation 197 'bitselect' 'tmp_15' <Predicate = true> <Delay = 0.00>
ST_38 : Operation 198 [1/1] (0.00ns) (grouped into LUT with out node carry_1_i)   --->   "%xor_ln34 = xor i1 %tmp_15, i1 1" [baseline.cpp:34]   --->   Operation 198 'xor' 'xor_ln34' <Predicate = true> <Delay = 0.00> <CoreInst = "LogicGate">   --->   Core 74 'LogicGate' <Latency = 0> <II = 1> <Delay = 0.33> <FuncUnit> <Opcode : 'and' 'or' 'xor'> <InPorts = 2> <OutPorts = 1>
ST_38 : Operation 199 [1/1] (0.00ns) (grouped into LUT with out node and_ln34)   --->   "%xor_ln34_2 = xor i1 %icmp_ln34_2, i1 1" [baseline.cpp:34]   --->   Operation 199 'xor' 'xor_ln34_2' <Predicate = true> <Delay = 0.00> <CoreInst = "LogicGate">   --->   Core 74 'LogicGate' <Latency = 0> <II = 1> <Delay = 0.33> <FuncUnit> <Opcode : 'and' 'or' 'xor'> <InPorts = 2> <OutPorts = 1>
ST_38 : Operation 200 [1/1] (0.33ns) (out node of the LUT)   --->   "%and_ln34 = and i1 %icmp_ln34_1, i1 %xor_ln34_2" [baseline.cpp:34]   --->   Operation 200 'and' 'and_ln34' <Predicate = true> <Delay = 0.33> <CoreInst = "LogicGate">   --->   Core 74 'LogicGate' <Latency = 0> <II = 1> <Delay = 0.33> <FuncUnit> <Opcode : 'and' 'or' 'xor'> <InPorts = 2> <OutPorts = 1>
ST_38 : Operation 201 [1/1] (0.00ns)   --->   "%sel_tmp2 = bitconcatenate i2 @_ssdm_op_BitConcatenate.i2.i1.i1, i1 %icmp_ln34_2, i1 %and_ln34" [baseline.cpp:34]   --->   Operation 201 'bitconcatenate' 'sel_tmp2' <Predicate = true> <Delay = 0.00>
ST_38 : Operation 202 [1/1] (0.48ns)   --->   "%ref_tmp = sparsemux i16 @_ssdm_op_SparseMux.ap_auto.3i16.i16.i2, i2 2, i16 %trunc_ln34_5, i2 1, i16 %add_ln34_3, i2 0, i16 %select_ln34_3, i16 0, i2 %sel_tmp2" [baseline.cpp:34]   --->   Operation 202 'sparsemux' 'ref_tmp' <Predicate = true> <Delay = 0.48> <CoreInst = "OneHotSparseMux_HasDef">   --->   Core 152 'OneHotSparseMux_HasDef' <Latency = 0> <II = 1> <Delay = 0.48> <FuncUnit> <Opcode : 'sparsemux'> <InPorts = 2> <OutPorts = 1>
ST_38 : Operation 203 [1/1] (0.00ns) (grouped into LUT with out node carry_1_i)   --->   "%and_ln34_10 = and i1 %and_ln34, i1 %tmp_14" [baseline.cpp:34]   --->   Operation 203 'and' 'and_ln34_10' <Predicate = true> <Delay = 0.00> <CoreInst = "LogicGate">   --->   Core 74 'LogicGate' <Latency = 0> <II = 1> <Delay = 0.33> <FuncUnit> <Opcode : 'and' 'or' 'xor'> <InPorts = 2> <OutPorts = 1>
ST_38 : Operation 204 [1/1] (0.33ns) (out node of the LUT)   --->   "%carry_1_i = and i1 %and_ln34_10, i1 %xor_ln34" [baseline.cpp:34]   --->   Operation 204 'and' 'carry_1_i' <Predicate = true> <Delay = 0.33> <CoreInst = "LogicGate">   --->   Core 74 'LogicGate' <Latency = 0> <II = 1> <Delay = 0.33> <FuncUnit> <Opcode : 'and' 'or' 'xor'> <InPorts = 2> <OutPorts = 1>
ST_38 : Operation 205 [1/1] (0.27ns)   --->   "%select_ln34_7 = select i1 %icmp_ln34_1, i12 2, i12 1" [baseline.cpp:34]   --->   Operation 205 'select' 'select_ln34_7' <Predicate = true> <Delay = 0.27> <CoreInst = "Sel">   --->   Core 73 'Sel' <Latency = 0> <II = 1> <Delay = 0.27> <FuncUnit> <Opcode : 'select'> <InPorts = 3> <OutPorts = 1>
ST_38 : Operation 206 [1/1] (1.02ns) (root node of TernaryAdder)   --->   "%add_ln34_4 = add i12 %select_ln34_7, i12 %add_ln34" [baseline.cpp:34]   --->   Operation 206 'add' 'add_ln34_4' <Predicate = true> <Delay = 1.02> <CoreInst = "TAddSub">   --->   Core 10 'TAddSub' <Latency = 0> <II = 1> <Delay = 0.51> <IPBlock> <Opcode : 'add' 'sub'> <InPorts = 3> <OutPorts = 1> <Sync> <CReg>
ST_38 : Operation 207 [1/1] (0.00ns)   --->   "%tmp_16 = partselect i9 @_ssdm_op_PartSelect.i9.i12.i32.i32, i12 %add_ln34_4, i32 3, i32 11" [baseline.cpp:34]   --->   Operation 207 'partselect' 'tmp_16' <Predicate = true> <Delay = 0.00>
ST_38 : Operation 208 [1/1] (0.92ns)   --->   "%icmp_ln34_6 = icmp_sgt  i9 %tmp_16, i9 0" [baseline.cpp:34]   --->   Operation 208 'icmp' 'icmp_ln34_6' <Predicate = true> <Delay = 0.92> <CoreInst = "Cmp">   --->   Core 9 'Cmp' <Latency = 0> <II = 1> <Delay = 0.92> <FuncUnit> <Opcode : 'seteq' 'setne' 'setle' 'setge' 'setlt' 'setgt'> <InPorts = 2> <OutPorts = 1>
ST_38 : Operation 209 [1/1] (0.96ns)   --->   "%add_ln34_5 = add i12 %sub_ln34_1, i12 8" [baseline.cpp:34]   --->   Operation 209 'add' 'add_ln34_5' <Predicate = true> <Delay = 0.96> <CoreInst = "Adder">   --->   Core 1 'Adder' <Latency = 0> <II = 1> <Delay = 0.96> <FuncUnit> <Opcode : 'add' 'sub'> <InPorts = 2> <OutPorts = 1>
ST_38 : Operation 210 [1/1] (0.00ns)   --->   "%trunc_ln34_8 = trunc i12 %add_ln34_5" [baseline.cpp:34]   --->   Operation 210 'trunc' 'trunc_ln34_8' <Predicate = true> <Delay = 0.00>
ST_38 : Operation 211 [1/1] (0.96ns)   --->   "%add_ln34_6 = add i12 %sub_ln34_1, i12 9" [baseline.cpp:34]   --->   Operation 211 'add' 'add_ln34_6' <Predicate = true> <Delay = 0.96> <CoreInst = "Adder">   --->   Core 1 'Adder' <Latency = 0> <II = 1> <Delay = 0.96> <FuncUnit> <Opcode : 'add' 'sub'> <InPorts = 2> <OutPorts = 1>
ST_38 : Operation 212 [1/1] (0.00ns)   --->   "%tmp_17 = bitselect i1 @_ssdm_op_BitSelect.i1.i16.i32, i16 %ref_tmp, i32 15" [baseline.cpp:34]   --->   Operation 212 'bitselect' 'tmp_17' <Predicate = true> <Delay = 0.00>
ST_38 : Operation 213 [1/1] (0.96ns)   --->   "%icmp_ln34_7 = icmp_slt  i12 %add_ln34_5, i12 54" [baseline.cpp:34]   --->   Operation 213 'icmp' 'icmp_ln34_7' <Predicate = true> <Delay = 0.96> <CoreInst = "Cmp">   --->   Core 9 'Cmp' <Latency = 0> <II = 1> <Delay = 0.96> <FuncUnit> <Opcode : 'seteq' 'setne' 'setle' 'setge' 'setlt' 'setgt'> <InPorts = 2> <OutPorts = 1>
ST_38 : Operation 214 [1/1] (0.00ns)   --->   "%tmp_18 = bitselect i1 @_ssdm_op_BitSelect.i1.i12.i32, i12 %add_ln34_5, i32 11" [baseline.cpp:34]   --->   Operation 214 'bitselect' 'tmp_18' <Predicate = true> <Delay = 0.00>
ST_38 : Operation 215 [1/1] (0.33ns)   --->   "%xor_ln34_9 = xor i1 %tmp_18, i1 1" [baseline.cpp:34]   --->   Operation 215 'xor' 'xor_ln34_9' <Predicate = true> <Delay = 0.33> <CoreInst = "LogicGate">   --->   Core 74 'LogicGate' <Latency = 0> <II = 1> <Delay = 0.33> <FuncUnit> <Opcode : 'and' 'or' 'xor'> <InPorts = 2> <OutPorts = 1>
ST_38 : Operation 216 [1/1] (0.96ns)   --->   "%icmp_ln34_8 = icmp_ult  i12 %add_ln34_5, i12 54" [baseline.cpp:34]   --->   Operation 216 'icmp' 'icmp_ln34_8' <Predicate = true> <Delay = 0.96> <CoreInst = "Cmp">   --->   Core 9 'Cmp' <Latency = 0> <II = 1> <Delay = 0.96> <FuncUnit> <Opcode : 'seteq' 'setne' 'setle' 'setge' 'setlt' 'setgt'> <InPorts = 2> <OutPorts = 1>
ST_38 : Operation 217 [1/1] (1.05ns)   --->   "%tobool134_i = bitselect i1 @_ssdm_op_BitSelect.i1.i54.i6, i54 %select_ln34, i6 %trunc_ln34_8" [baseline.cpp:34]   --->   Operation 217 'bitselect' 'tobool134_i' <Predicate = true> <Delay = 1.05> <CoreInst = "BitSelector">   --->   Core 153 'BitSelector' <Latency = 0> <II = 1> <Delay = 1.05> <FuncUnit> <Opcode : 'bitselect'> <InPorts = 2> <OutPorts = 1>
ST_38 : Operation 218 [1/1] (0.33ns)   --->   "%lD_0_i = and i1 %icmp_ln34_8, i1 %tobool134_i" [baseline.cpp:34]   --->   Operation 218 'and' 'lD_0_i' <Predicate = true> <Delay = 0.33> <CoreInst = "LogicGate">   --->   Core 74 'LogicGate' <Latency = 0> <II = 1> <Delay = 0.33> <FuncUnit> <Opcode : 'and' 'or' 'xor'> <InPorts = 2> <OutPorts = 1>
ST_38 : Operation 219 [1/1] (0.96ns)   --->   "%icmp_ln34_9 = icmp_slt  i12 %add_ln34_6, i12 54" [baseline.cpp:34]   --->   Operation 219 'icmp' 'icmp_ln34_9' <Predicate = true> <Delay = 0.96> <CoreInst = "Cmp">   --->   Core 9 'Cmp' <Latency = 0> <II = 1> <Delay = 0.96> <FuncUnit> <Opcode : 'seteq' 'setne' 'setle' 'setge' 'setlt' 'setgt'> <InPorts = 2> <OutPorts = 1>
ST_38 : Operation 220 [1/1] (0.96ns)   --->   "%icmp_ln34_10 = icmp_ult  i12 %add_ln34_6, i12 54" [baseline.cpp:34]   --->   Operation 220 'icmp' 'icmp_ln34_10' <Predicate = true> <Delay = 0.96> <CoreInst = "Cmp">   --->   Core 9 'Cmp' <Latency = 0> <II = 1> <Delay = 0.96> <FuncUnit> <Opcode : 'seteq' 'setne' 'setle' 'setge' 'setlt' 'setgt'> <InPorts = 2> <OutPorts = 1>
ST_38 : Operation 221 [1/1] (0.00ns) (grouped into LUT with out node neg_src_0_i)   --->   "%and_ln34_1 = and i1 %tmp_11, i1 %tmp_17" [baseline.cpp:34]   --->   Operation 221 'and' 'and_ln34_1' <Predicate = true> <Delay = 0.00> <CoreInst = "LogicGate">   --->   Core 74 'LogicGate' <Latency = 0> <II = 1> <Delay = 0.33> <FuncUnit> <Opcode : 'and' 'or' 'xor'> <InPorts = 2> <OutPorts = 1>
ST_38 : Operation 222 [1/1] (0.00ns)   --->   "%sext_ln34_1 = sext i12 %add_ln34_6" [baseline.cpp:34]   --->   Operation 222 'sext' 'sext_ln34_1' <Predicate = true> <Delay = 0.00>
ST_38 : Operation 223 [1/1] (0.00ns)   --->   "%zext_ln34_5 = zext i32 %sext_ln34_1" [baseline.cpp:34]   --->   Operation 223 'zext' 'zext_ln34_5' <Predicate = true> <Delay = 0.00>
ST_38 : Operation 224 [1/1] (1.69ns)   --->   "%lshr_ln34 = lshr i54 %select_ln34, i54 %zext_ln34_5" [baseline.cpp:34]   --->   Operation 224 'lshr' 'lshr_ln34' <Predicate = true> <Delay = 1.69> <CoreInst = "Shifter">   --->   Core 75 'Shifter' <Latency = 0> <II = 1> <Delay = 1.69> <FuncUnit> <Opcode : 'shl' 'lshr' 'ashr'> <InPorts = 2> <OutPorts = 1>
ST_38 : Operation 225 [1/1] (1.45ns)   --->   "%lshr_ln34_1 = lshr i54 18014398509481983, i54 %zext_ln34_5" [baseline.cpp:34]   --->   Operation 225 'lshr' 'lshr_ln34_1' <Predicate = true> <Delay = 1.45> <CoreInst = "Shifter">   --->   Core 75 'Shifter' <Latency = 0> <II = 1> <Delay = 1.45> <FuncUnit> <Opcode : 'shl' 'lshr' 'ashr'> <InPorts = 2> <OutPorts = 1>
ST_38 : Operation 226 [1/1] (1.33ns)   --->   "%icmp_ln34_11 = icmp_eq  i54 %lshr_ln34, i54 %lshr_ln34_1" [baseline.cpp:34]   --->   Operation 226 'icmp' 'icmp_ln34_11' <Predicate = true> <Delay = 1.33> <CoreInst = "Cmp">   --->   Core 9 'Cmp' <Latency = 0> <II = 1> <Delay = 1.33> <FuncUnit> <Opcode : 'seteq' 'setne' 'setle' 'setge' 'setlt' 'setgt'> <InPorts = 2> <OutPorts = 1>
ST_38 : Operation 227 [1/1] (0.00ns) (grouped into LUT with out node Range2_all_ones_1_i)   --->   "%tmp_19 = bitselect i1 @_ssdm_op_BitSelect.i1.i12.i32, i12 %add_ln34_6, i32 11" [baseline.cpp:34]   --->   Operation 227 'bitselect' 'tmp_19' <Predicate = true> <Delay = 0.00>
ST_38 : Operation 228 [1/1] (0.00ns) (grouped into LUT with out node Range2_all_ones_1_i)   --->   "%xor_ln34_10 = xor i1 %tmp_19, i1 1" [baseline.cpp:34]   --->   Operation 228 'xor' 'xor_ln34_10' <Predicate = true> <Delay = 0.00> <CoreInst = "LogicGate">   --->   Core 74 'LogicGate' <Latency = 0> <II = 1> <Delay = 0.33> <FuncUnit> <Opcode : 'and' 'or' 'xor'> <InPorts = 2> <OutPorts = 1>
ST_38 : Operation 229 [1/1] (0.33ns) (out node of the LUT)   --->   "%Range2_all_ones_1_i = select i1 %icmp_ln34_10, i1 %icmp_ln34_11, i1 %xor_ln34_10" [baseline.cpp:34]   --->   Operation 229 'select' 'Range2_all_ones_1_i' <Predicate = true> <Delay = 0.33> <CoreInst = "Sel">   --->   Core 73 'Sel' <Latency = 0> <II = 1> <Delay = 0.26> <FuncUnit> <Opcode : 'select'> <InPorts = 3> <OutPorts = 1>
ST_38 : Operation 230 [1/1] (0.33ns)   --->   "%and_ln34_2 = and i1 %icmp_ln34_9, i1 %xor_ln34_9" [baseline.cpp:34]   --->   Operation 230 'and' 'and_ln34_2' <Predicate = true> <Delay = 0.33> <CoreInst = "LogicGate">   --->   Core 74 'LogicGate' <Latency = 0> <II = 1> <Delay = 0.33> <FuncUnit> <Opcode : 'and' 'or' 'xor'> <InPorts = 2> <OutPorts = 1>
ST_38 : Operation 231 [1/1] (0.33ns)   --->   "%and_ln34_3 = and i1 %Range2_all_ones_1_i, i1 %lD_0_i" [baseline.cpp:34]   --->   Operation 231 'and' 'and_ln34_3' <Predicate = true> <Delay = 0.33> <CoreInst = "LogicGate">   --->   Core 74 'LogicGate' <Latency = 0> <II = 1> <Delay = 0.33> <FuncUnit> <Opcode : 'and' 'or' 'xor'> <InPorts = 2> <OutPorts = 1>
ST_38 : Operation 232 [1/1] (0.33ns)   --->   "%xor_ln34_1 = xor i1 %lD_0_i, i1 1" [baseline.cpp:34]   --->   Operation 232 'xor' 'xor_ln34_1' <Predicate = true> <Delay = 0.33> <CoreInst = "LogicGate">   --->   Core 74 'LogicGate' <Latency = 0> <II = 1> <Delay = 0.33> <FuncUnit> <Opcode : 'and' 'or' 'xor'> <InPorts = 2> <OutPorts = 1>
ST_38 : Operation 233 [1/1] (1.33ns)   --->   "%icmp_ln34_12 = icmp_eq  i54 %lshr_ln34, i54 0" [baseline.cpp:34]   --->   Operation 233 'icmp' 'icmp_ln34_12' <Predicate = true> <Delay = 1.33> <CoreInst = "Cmp">   --->   Core 9 'Cmp' <Latency = 0> <II = 1> <Delay = 1.33> <FuncUnit> <Opcode : 'seteq' 'setne' 'setle' 'setge' 'setlt' 'setgt'> <InPorts = 2> <OutPorts = 1>
ST_38 : Operation 234 [1/1] (0.33ns)   --->   "%and_ln34_4 = and i1 %icmp_ln34_12, i1 %xor_ln34_1" [baseline.cpp:34]   --->   Operation 234 'and' 'and_ln34_4' <Predicate = true> <Delay = 0.33> <CoreInst = "LogicGate">   --->   Core 74 'LogicGate' <Latency = 0> <II = 1> <Delay = 0.33> <FuncUnit> <Opcode : 'and' 'or' 'xor'> <InPorts = 2> <OutPorts = 1>
ST_38 : Operation 235 [1/1] (0.96ns)   --->   "%icmp_ln34_13 = icmp_eq  i12 %add_ln34_6, i12 54" [baseline.cpp:34]   --->   Operation 235 'icmp' 'icmp_ln34_13' <Predicate = true> <Delay = 0.96> <CoreInst = "Cmp">   --->   Core 9 'Cmp' <Latency = 0> <II = 1> <Delay = 0.96> <FuncUnit> <Opcode : 'seteq' 'setne' 'setle' 'setge' 'setlt' 'setgt'> <InPorts = 2> <OutPorts = 1>
ST_38 : Operation 236 [1/1] (1.33ns)   --->   "%icmp_ln34_14 = icmp_eq  i54 %select_ln34, i54 0" [baseline.cpp:34]   --->   Operation 236 'icmp' 'icmp_ln34_14' <Predicate = true> <Delay = 1.33> <CoreInst = "Cmp">   --->   Core 9 'Cmp' <Latency = 0> <II = 1> <Delay = 1.33> <FuncUnit> <Opcode : 'seteq' 'setne' 'setle' 'setge' 'setlt' 'setgt'> <InPorts = 2> <OutPorts = 1>
ST_38 : Operation 237 [1/1] (0.33ns)   --->   "%or_ln34 = or i1 %icmp_ln34_14, i1 %xor_ln34_9" [baseline.cpp:34]   --->   Operation 237 'or' 'or_ln34' <Predicate = true> <Delay = 0.33> <CoreInst = "LogicGate">   --->   Core 74 'LogicGate' <Latency = 0> <II = 1> <Delay = 0.33> <FuncUnit> <Opcode : 'and' 'or' 'xor'> <InPorts = 2> <OutPorts = 1>
ST_38 : Operation 238 [1/1] (0.00ns) (grouped into LUT with out node and_ln34_11)   --->   "%xor_ln34_11 = xor i1 %icmp_ln34_9, i1 1" [baseline.cpp:34]   --->   Operation 238 'xor' 'xor_ln34_11' <Predicate = true> <Delay = 0.00> <CoreInst = "LogicGate">   --->   Core 74 'LogicGate' <Latency = 0> <II = 1> <Delay = 0.33> <FuncUnit> <Opcode : 'and' 'or' 'xor'> <InPorts = 2> <OutPorts = 1>
ST_38 : Operation 239 [1/1] (0.00ns) (grouped into LUT with out node and_ln34_11)   --->   "%or_ln34_4 = or i1 %tmp_18, i1 %xor_ln34_11" [baseline.cpp:34]   --->   Operation 239 'or' 'or_ln34_4' <Predicate = true> <Delay = 0.00> <CoreInst = "LogicGate">   --->   Core 74 'LogicGate' <Latency = 0> <II = 1> <Delay = 0.33> <FuncUnit> <Opcode : 'and' 'or' 'xor'> <InPorts = 2> <OutPorts = 1>
ST_38 : Operation 240 [1/1] (0.33ns) (out node of the LUT)   --->   "%and_ln34_11 = and i1 %icmp_ln34_13, i1 %or_ln34_4" [baseline.cpp:34]   --->   Operation 240 'and' 'and_ln34_11' <Predicate = true> <Delay = 0.33> <CoreInst = "LogicGate">   --->   Core 74 'LogicGate' <Latency = 0> <II = 1> <Delay = 0.33> <FuncUnit> <Opcode : 'and' 'or' 'xor'> <InPorts = 2> <OutPorts = 1>
ST_38 : Operation 241 [1/1] (0.00ns)   --->   "%sel_tmp = bitconcatenate i2 @_ssdm_op_BitConcatenate.i2.i1.i1, i1 %and_ln34_2, i1 %and_ln34_11" [baseline.cpp:34]   --->   Operation 241 'bitconcatenate' 'sel_tmp' <Predicate = true> <Delay = 0.00>
ST_38 : Operation 242 [1/1] (0.48ns)   --->   "%Range1_all_ones_2_i = sparsemux i1 @_ssdm_op_SparseMux.ap_auto.3i1.i1.i2, i2 2, i1 %and_ln34_3, i2 1, i1 %lD_0_i, i2 0, i1 %xor_ln34_9, i1 0, i2 %sel_tmp" [baseline.cpp:34]   --->   Operation 242 'sparsemux' 'Range1_all_ones_2_i' <Predicate = true> <Delay = 0.48> <CoreInst = "OneHotSparseMux_HasDef">   --->   Core 152 'OneHotSparseMux_HasDef' <Latency = 0> <II = 1> <Delay = 0.48> <FuncUnit> <Opcode : 'sparsemux'> <InPorts = 2> <OutPorts = 1>
ST_38 : Operation 243 [1/1] (0.48ns)   --->   "%Range1_all_zeros_2_i = sparsemux i1 @_ssdm_op_SparseMux.ap_auto.3i1.i1.i2, i2 2, i1 %and_ln34_4, i2 1, i1 %xor_ln34_1, i2 0, i1 %or_ln34, i1 0, i2 %sel_tmp" [baseline.cpp:34]   --->   Operation 243 'sparsemux' 'Range1_all_zeros_2_i' <Predicate = true> <Delay = 0.48> <CoreInst = "OneHotSparseMux_HasDef">   --->   Core 152 'OneHotSparseMux_HasDef' <Latency = 0> <II = 1> <Delay = 0.48> <FuncUnit> <Opcode : 'sparsemux'> <InPorts = 2> <OutPorts = 1>
ST_38 : Operation 244 [1/1] (0.00ns) (grouped into LUT with out node and_ln34_7)   --->   "%select_ln34_4 = select i1 %carry_1_i, i1 %Range1_all_ones_2_i, i1 %Range1_all_zeros_2_i" [baseline.cpp:34]   --->   Operation 244 'select' 'select_ln34_4' <Predicate = true> <Delay = 0.00> <CoreInst = "Sel">   --->   Core 73 'Sel' <Latency = 0> <II = 1> <Delay = 0.26> <FuncUnit> <Opcode : 'select'> <InPorts = 3> <OutPorts = 1>
ST_38 : Operation 245 [1/1] (0.00ns) (grouped into LUT with out node deleted_ones_0_i)   --->   "%or_ln34_1 = or i1 %tmp_18, i1 %xor_ln34_1" [baseline.cpp:34]   --->   Operation 245 'or' 'or_ln34_1' <Predicate = true> <Delay = 0.00> <CoreInst = "LogicGate">   --->   Core 74 'LogicGate' <Latency = 0> <II = 1> <Delay = 0.33> <FuncUnit> <Opcode : 'and' 'or' 'xor'> <InPorts = 2> <OutPorts = 1>
ST_38 : Operation 246 [1/1] (0.00ns) (grouped into LUT with out node deleted_ones_0_i)   --->   "%and_ln34_5 = and i1 %Range2_all_ones_1_i, i1 %or_ln34_1" [baseline.cpp:34]   --->   Operation 246 'and' 'and_ln34_5' <Predicate = true> <Delay = 0.00> <CoreInst = "LogicGate">   --->   Core 74 'LogicGate' <Latency = 0> <II = 1> <Delay = 0.33> <FuncUnit> <Opcode : 'and' 'or' 'xor'> <InPorts = 2> <OutPorts = 1>
ST_38 : Operation 247 [1/1] (0.00ns) (grouped into LUT with out node deleted_ones_0_i)   --->   "%cond193_i = select i1 %carry_1_i, i1 %and_ln34_5, i1 %Range1_all_ones_2_i" [baseline.cpp:34]   --->   Operation 247 'select' 'cond193_i' <Predicate = true> <Delay = 0.00> <CoreInst = "Sel">   --->   Core 73 'Sel' <Latency = 0> <II = 1> <Delay = 0.26> <FuncUnit> <Opcode : 'select'> <InPorts = 3> <OutPorts = 1>
ST_38 : Operation 248 [1/1] (0.00ns) (grouped into LUT with out node neg_src_0_i)   --->   "%and_ln34_6 = and i1 %carry_1_i, i1 %Range1_all_ones_2_i" [baseline.cpp:34]   --->   Operation 248 'and' 'and_ln34_6' <Predicate = true> <Delay = 0.00> <CoreInst = "LogicGate">   --->   Core 74 'LogicGate' <Latency = 0> <II = 1> <Delay = 0.33> <FuncUnit> <Opcode : 'and' 'or' 'xor'> <InPorts = 2> <OutPorts = 1>
ST_38 : Operation 249 [1/1] (0.00ns) (grouped into LUT with out node neg_src_0_i)   --->   "%xor_ln34_4 = xor i1 %and_ln34_6, i1 1" [baseline.cpp:34]   --->   Operation 249 'xor' 'xor_ln34_4' <Predicate = true> <Delay = 0.00> <CoreInst = "LogicGate">   --->   Core 74 'LogicGate' <Latency = 0> <II = 1> <Delay = 0.33> <FuncUnit> <Opcode : 'and' 'or' 'xor'> <InPorts = 2> <OutPorts = 1>
ST_38 : Operation 250 [1/1] (0.33ns)   --->   "%not_icmp_ln34_764 = xor i1 %icmp_ln34_7, i1 1" [baseline.cpp:34]   --->   Operation 250 'xor' 'not_icmp_ln34_764' <Predicate = true> <Delay = 0.33> <CoreInst = "LogicGate">   --->   Core 74 'LogicGate' <Latency = 0> <II = 1> <Delay = 0.33> <FuncUnit> <Opcode : 'and' 'or' 'xor'> <InPorts = 2> <OutPorts = 1>
ST_38 : Operation 251 [1/1] (0.33ns) (out node of the LUT)   --->   "%deleted_ones_0_i = or i1 %cond193_i, i1 %not_icmp_ln34_764" [baseline.cpp:34]   --->   Operation 251 'or' 'deleted_ones_0_i' <Predicate = true> <Delay = 0.33> <CoreInst = "LogicGate">   --->   Core 74 'LogicGate' <Latency = 0> <II = 1> <Delay = 0.33> <FuncUnit> <Opcode : 'and' 'or' 'xor'> <InPorts = 2> <OutPorts = 1>
ST_38 : Operation 252 [1/1] (0.00ns) (grouped into LUT with out node neg_src_0_i)   --->   "%and_ln34_12 = and i1 %icmp_ln34_7, i1 %tmp_11" [baseline.cpp:34]   --->   Operation 252 'and' 'and_ln34_12' <Predicate = true> <Delay = 0.00> <CoreInst = "LogicGate">   --->   Core 74 'LogicGate' <Latency = 0> <II = 1> <Delay = 0.33> <FuncUnit> <Opcode : 'and' 'or' 'xor'> <InPorts = 2> <OutPorts = 1>
ST_38 : Operation 253 [1/1] (0.00ns) (grouped into LUT with out node neg_src_0_i)   --->   "%sel_tmp1 = bitconcatenate i2 @_ssdm_op_BitConcatenate.i2.i1.i1, i1 %not_icmp_ln34_764, i1 %and_ln34_12" [baseline.cpp:34]   --->   Operation 253 'bitconcatenate' 'sel_tmp1' <Predicate = true> <Delay = 0.00>
ST_38 : Operation 254 [1/1] (0.48ns) (out node of the LUT)   --->   "%neg_src_0_i = sparsemux i1 @_ssdm_op_SparseMux.ap_auto.3i1.i1.i2, i2 2, i1 %and_ln34_1, i2 1, i1 %xor_ln34_4, i2 0, i1 0, i1 0, i2 %sel_tmp1" [baseline.cpp:34]   --->   Operation 254 'sparsemux' 'neg_src_0_i' <Predicate = true> <Delay = 0.48> <CoreInst = "OneHotSparseMux_HasDef">   --->   Core 152 'OneHotSparseMux_HasDef' <Latency = 0> <II = 1> <Delay = 0.48> <FuncUnit> <Opcode : 'sparsemux'> <InPorts = 2> <OutPorts = 1>
ST_38 : Operation 255 [1/1] (0.00ns) (grouped into LUT with out node and_ln34_7)   --->   "%xor_ln34_5 = xor i1 %select_ln34_4, i1 1" [baseline.cpp:34]   --->   Operation 255 'xor' 'xor_ln34_5' <Predicate = true> <Delay = 0.00> <CoreInst = "LogicGate">   --->   Core 74 'LogicGate' <Latency = 0> <II = 1> <Delay = 0.33> <FuncUnit> <Opcode : 'and' 'or' 'xor'> <InPorts = 2> <OutPorts = 1>
ST_38 : Operation 256 [1/1] (0.00ns) (grouped into LUT with out node and_ln34_7)   --->   "%and_ln34_13 = and i1 %icmp_ln34_7, i1 %xor_ln34_5" [baseline.cpp:34]   --->   Operation 256 'and' 'and_ln34_13' <Predicate = true> <Delay = 0.00> <CoreInst = "LogicGate">   --->   Core 74 'LogicGate' <Latency = 0> <II = 1> <Delay = 0.33> <FuncUnit> <Opcode : 'and' 'or' 'xor'> <InPorts = 2> <OutPorts = 1>
ST_38 : Operation 257 [1/1] (0.00ns) (grouped into LUT with out node and_ln34_7)   --->   "%or_ln34_2 = or i1 %tmp_17, i1 %and_ln34_13" [baseline.cpp:34]   --->   Operation 257 'or' 'or_ln34_2' <Predicate = true> <Delay = 0.00> <CoreInst = "LogicGate">   --->   Core 74 'LogicGate' <Latency = 0> <II = 1> <Delay = 0.33> <FuncUnit> <Opcode : 'and' 'or' 'xor'> <InPorts = 2> <OutPorts = 1>
ST_38 : Operation 258 [1/1] (0.00ns) (grouped into LUT with out node and_ln34_7)   --->   "%xor_ln34_6 = xor i1 %tmp_11, i1 1" [baseline.cpp:34]   --->   Operation 258 'xor' 'xor_ln34_6' <Predicate = true> <Delay = 0.00> <CoreInst = "LogicGate">   --->   Core 74 'LogicGate' <Latency = 0> <II = 1> <Delay = 0.33> <FuncUnit> <Opcode : 'and' 'or' 'xor'> <InPorts = 2> <OutPorts = 1>
ST_38 : Operation 259 [1/1] (0.33ns) (out node of the LUT)   --->   "%and_ln34_7 = and i1 %or_ln34_2, i1 %xor_ln34_6" [baseline.cpp:34]   --->   Operation 259 'and' 'and_ln34_7' <Predicate = true> <Delay = 0.33> <CoreInst = "LogicGate">   --->   Core 74 'LogicGate' <Latency = 0> <II = 1> <Delay = 0.33> <FuncUnit> <Opcode : 'and' 'or' 'xor'> <InPorts = 2> <OutPorts = 1>
ST_38 : Operation 260 [1/1] (0.00ns) (grouped into LUT with out node xor_ln34_7)   --->   "%and_ln34_8 = and i1 %tmp_17, i1 %deleted_ones_0_i" [baseline.cpp:34]   --->   Operation 260 'and' 'and_ln34_8' <Predicate = true> <Delay = 0.00> <CoreInst = "LogicGate">   --->   Core 74 'LogicGate' <Latency = 0> <II = 1> <Delay = 0.33> <FuncUnit> <Opcode : 'and' 'or' 'xor'> <InPorts = 2> <OutPorts = 1>
ST_38 : Operation 261 [1/1] (0.33ns) (out node of the LUT)   --->   "%xor_ln34_7 = xor i1 %and_ln34_8, i1 1" [baseline.cpp:34]   --->   Operation 261 'xor' 'xor_ln34_7' <Predicate = true> <Delay = 0.33> <CoreInst = "LogicGate">   --->   Core 74 'LogicGate' <Latency = 0> <II = 1> <Delay = 0.33> <FuncUnit> <Opcode : 'and' 'or' 'xor'> <InPorts = 2> <OutPorts = 1>
ST_38 : Operation 262 [1/1] (0.00ns) (grouped into LUT with out node sel_tmp3)   --->   "%and_ln34_9 = and i1 %neg_src_0_i, i1 %xor_ln34_7" [baseline.cpp:34]   --->   Operation 262 'and' 'and_ln34_9' <Predicate = true> <Delay = 0.00> <CoreInst = "LogicGate">   --->   Core 74 'LogicGate' <Latency = 0> <II = 1> <Delay = 0.33> <FuncUnit> <Opcode : 'and' 'or' 'xor'> <InPorts = 2> <OutPorts = 1>
ST_38 : Operation 263 [1/1] (0.00ns) (grouped into LUT with out node sel_tmp3)   --->   "%or_ln34_3 = or i1 %and_ln34_9, i1 %and_ln34_7" [baseline.cpp:34]   --->   Operation 263 'or' 'or_ln34_3' <Predicate = true> <Delay = 0.00> <CoreInst = "LogicGate">   --->   Core 74 'LogicGate' <Latency = 0> <II = 1> <Delay = 0.33> <FuncUnit> <Opcode : 'and' 'or' 'xor'> <InPorts = 2> <OutPorts = 1>
ST_38 : Operation 264 [1/1] (0.00ns) (grouped into LUT with out node sel_tmp3)   --->   "%xor_ln34_8 = xor i1 %icmp_ln34, i1 1" [baseline.cpp:34]   --->   Operation 264 'xor' 'xor_ln34_8' <Predicate = true> <Delay = 0.00> <CoreInst = "LogicGate">   --->   Core 74 'LogicGate' <Latency = 0> <II = 1> <Delay = 0.33> <FuncUnit> <Opcode : 'and' 'or' 'xor'> <InPorts = 2> <OutPorts = 1>
ST_38 : Operation 265 [1/1] (0.00ns) (grouped into LUT with out node sel_tmp3)   --->   "%and_ln34_14 = and i1 %or_ln34_3, i1 %xor_ln34_8" [baseline.cpp:34]   --->   Operation 265 'and' 'and_ln34_14' <Predicate = true> <Delay = 0.00> <CoreInst = "LogicGate">   --->   Core 74 'LogicGate' <Latency = 0> <II = 1> <Delay = 0.33> <FuncUnit> <Opcode : 'and' 'or' 'xor'> <InPorts = 2> <OutPorts = 1>
ST_38 : Operation 266 [1/1] (0.00ns) (grouped into LUT with out node sel_tmp3)   --->   "%and_ln34_15 = and i1 %and_ln34_14, i1 %icmp_ln34_6" [baseline.cpp:34]   --->   Operation 266 'and' 'and_ln34_15' <Predicate = true> <Delay = 0.00> <CoreInst = "LogicGate">   --->   Core 74 'LogicGate' <Latency = 0> <II = 1> <Delay = 0.33> <FuncUnit> <Opcode : 'and' 'or' 'xor'> <InPorts = 2> <OutPorts = 1>
ST_38 : Operation 267 [1/1] (0.33ns) (out node of the LUT)   --->   "%sel_tmp3 = bitconcatenate i2 @_ssdm_op_BitConcatenate.i2.i1.i1, i1 %icmp_ln34, i1 %and_ln34_15" [baseline.cpp:34]   --->   Operation 267 'bitconcatenate' 'sel_tmp3' <Predicate = true> <Delay = 0.33>

State 39 <SV = 38> <Delay = 2.33>
ST_39 : Operation 268 [1/1] (0.00ns) (grouped into LUT with out node ref_tmp17_4)   --->   "%select_ln34_5 = select i1 %and_ln34_7, i16 32767, i16 32768" [baseline.cpp:34]   --->   Operation 268 'select' 'select_ln34_5' <Predicate = (!and_ln33 & sel_tmp3 == 1)> <Delay = 0.00> <CoreInst = "Sel">   --->   Core 73 'Sel' <Latency = 0> <II = 1> <Delay = 0.42> <FuncUnit> <Opcode : 'select'> <InPorts = 3> <OutPorts = 1>
ST_39 : Operation 269 [1/1] (0.48ns) (out node of the LUT)   --->   "%ref_tmp17_4 = sparsemux i16 @_ssdm_op_SparseMux.ap_auto.3i16.i16.i2, i2 2, i16 0, i2 1, i16 %select_ln34_5, i2 0, i16 %ref_tmp, i16 0, i2 %sel_tmp3" [baseline.cpp:34]   --->   Operation 269 'sparsemux' 'ref_tmp17_4' <Predicate = (!and_ln33)> <Delay = 0.48> <CoreInst = "OneHotSparseMux_HasDef">   --->   Core 152 'OneHotSparseMux_HasDef' <Latency = 0> <II = 1> <Delay = 0.48> <FuncUnit> <Opcode : 'sparsemux'> <InPorts = 2> <OutPorts = 1>
ST_39 : Operation 270 [1/1] (0.48ns)   --->   "%br_ln0 = br void %for.inc"   --->   Operation 270 'br' 'br_ln0' <Predicate = (!and_ln33)> <Delay = 0.48>
ST_39 : Operation 271 [1/1] (0.00ns)   --->   "%storemerge = phi i16 %ref_tmp17_4, void %if.else_ifconv, i16 0, void %for.body4.split_ifconv" [baseline.cpp:34]   --->   Operation 271 'phi' 'storemerge' <Predicate = true> <Delay = 0.00>
ST_39 : Operation 272 [1/1] ( I:1.35ns O:1.35ns )   --->   "%store_ln33 = store i16 %storemerge, i14 %index_map_addr" [baseline.cpp:33]   --->   Operation 272 'store' 'store_ln33' <Predicate = true> <Delay = 1.35> <CoreInst = "RAM">   --->   Core 82 'RAM' <Latency = 1> <II = 1> <Delay = 1.35> <Storage> <Opcode : 'load' 'store'> <Ports = 2> <Width = 16> <Depth = 16384> <RAM>
ST_39 : Operation 273 [1/1] (0.00ns)   --->   "%br_ln29 = br void %for.body4" [baseline.cpp:29]   --->   Operation 273 'br' 'br_ln29' <Predicate = true> <Delay = 0.00>


============================================================
+ Verbose Summary: Binding
============================================================
STG Binding: 
---------------- STG Properties BEGIN ----------------
- Is combinational: 0
- Is one-state seq: 0
- Is datapath-only: 0
- Is pipelined: 0
- Is top level: 0
Port [ Return ] is wired: 1; IO mode=ap_ctrl_hs:ce=0
Port [ red]:  wired=1; compound=1; hidden=0; nouse=0; global=0; static=0; extern=0; dir=0; type=1; pingpong=0; private_global=0; MemPort=[13]; IO mode=ap_memory:ce=0
Port [ nir]:  wired=1; compound=1; hidden=0; nouse=0; global=0; static=0; extern=0; dir=0; type=1; pingpong=0; private_global=0; MemPort=[13]; IO mode=ap_memory:ce=0
Port [ index_map]:  wired=1; compound=1; hidden=0; nouse=0; global=0; static=0; extern=0; dir=1; type=1; pingpong=0; private_global=0; MemPort=[03]; IO mode=ap_memory:ce=0
---------------- STG Properties END ------------------

---------------- Datapath Model BEGIN ----------------

<LifeTime>
<method=bitvector/>
r                      (alloca           ) [ 0111111111111111111111111111111111111111]
store_ln28             (store            ) [ 0000000000000000000000000000000000000000]
br_ln28                (br               ) [ 0000000000000000000000000000000000000000]
r_2                    (load             ) [ 0000000000000000000000000000000000000000]
icmp_ln28              (icmp             ) [ 0011111111111111111111111111111111111111]
add_ln28               (add              ) [ 0001111111111111111111111111111111111111]
br_ln28                (br               ) [ 0000000000000000000000000000000000000000]
trunc_ln28             (trunc            ) [ 0000000000000000000000000000000000000000]
tmp_s                  (bitconcatenate   ) [ 0001111111111111111111111111111111111111]
speclooptripcount_ln28 (speclooptripcount) [ 0000000000000000000000000000000000000000]
specloopname_ln28      (specloopname     ) [ 0000000000000000000000000000000000000000]
br_ln29                (br               ) [ 0011111111111111111111111111111111111111]
ret_ln37               (ret              ) [ 0000000000000000000000000000000000000000]
c                      (phi              ) [ 0001000000000000000000000000000000000000]
icmp_ln29              (icmp             ) [ 0011111111111111111111111111111111111111]
add_ln29               (add              ) [ 0011111111111111111111111111111111111111]
br_ln29                (br               ) [ 0000000000000000000000000000000000000000]
zext_ln31_2            (zext             ) [ 0000000000000000000000000000000000000000]
add_ln31_2             (add              ) [ 0000000000000000000000000000000000000000]
zext_ln31_4            (zext             ) [ 0000000000000000000000000000000000000000]
red_addr               (getelementptr    ) [ 0000100000000000000000000000000000000000]
nir_addr               (getelementptr    ) [ 0000100000000000000000000000000000000000]
index_map_addr         (getelementptr    ) [ 0000111111111111111111111111111111111111]
store_ln28             (store            ) [ 0000000000000000000000000000000000000000]
br_ln28                (br               ) [ 0000000000000000000000000000000000000000]
red_load               (load             ) [ 0000000000000000000000000000000000000000]
icmp_ln31              (icmp             ) [ 0000000000000000000000000000000000000000]
tmp                    (bitselect        ) [ 0000000000000000000000000000000000000000]
sub_ln31               (sub              ) [ 0000000000000000000000000000000000000000]
select_ln31            (select           ) [ 0000000000000000000000000000000000000000]
tmp_4                  (ctlz             ) [ 0000000000000000000000000000000000000000]
trunc_ln31             (trunc            ) [ 0000000000000000000000000000000000000000]
trunc_ln31_1           (trunc            ) [ 0000000000000000000000000000000000000000]
zext_ln31              (zext             ) [ 0000000000000000000000000000000000000000]
add_ln31               (add              ) [ 0000000000000000000000000000000000000000]
zext_ln31_1            (zext             ) [ 0000000000000000000000000000000000000000]
shl_ln31               (shl              ) [ 0000000000000000000000000000000000000000]
lshr_ln                (partselect       ) [ 0000000000000000000000000000000000000000]
zext_ln31_3            (zext             ) [ 0000000000000000000000000000000000000000]
tmp_5                  (bitselect        ) [ 0000000000000000000000000000000000000000]
select_ln31_1          (select           ) [ 0000000000000000000000000000000000000000]
sub_ln31_1             (sub              ) [ 0000000000000000000000000000000000000000]
sext_ln31              (sext             ) [ 0000000000000000000000000000000000000000]
add_ln31_1             (add              ) [ 0000000000000000000000000000000000000000]
tmp_2                  (bitconcatenate   ) [ 0000000000000000000000000000000000000000]
LD                     (partset          ) [ 0000000000000000000000000000000000000000]
bitcast_ln767          (bitcast          ) [ 0000000000000000000000000000000000000000]
r_val                  (select           ) [ 0000011111111111000000000000000000000000]
nir_load               (load             ) [ 0000000000000000000000000000000000000000]
icmp_ln32              (icmp             ) [ 0000000000000000000000000000000000000000]
tmp_7                  (bitselect        ) [ 0000000000000000000000000000000000000000]
sub_ln32               (sub              ) [ 0000000000000000000000000000000000000000]
select_ln32            (select           ) [ 0000000000000000000000000000000000000000]
tmp_1                  (ctlz             ) [ 0000000000000000000000000000000000000000]
trunc_ln32             (trunc            ) [ 0000000000000000000000000000000000000000]
trunc_ln32_1           (trunc            ) [ 0000000000000000000000000000000000000000]
zext_ln32              (zext             ) [ 0000000000000000000000000000000000000000]
add_ln32               (add              ) [ 0000000000000000000000000000000000000000]
zext_ln32_1            (zext             ) [ 0000000000000000000000000000000000000000]
shl_ln32               (shl              ) [ 0000000000000000000000000000000000000000]
lshr_ln1               (partselect       ) [ 0000000000000000000000000000000000000000]
zext_ln32_2            (zext             ) [ 0000000000000000000000000000000000000000]
tmp_8                  (bitselect        ) [ 0000000000000000000000000000000000000000]
select_ln32_1          (select           ) [ 0000000000000000000000000000000000000000]
sub_ln32_1             (sub              ) [ 0000000000000000000000000000000000000000]
sext_ln32              (sext             ) [ 0000000000000000000000000000000000000000]
add_ln32_1             (add              ) [ 0000000000000000000000000000000000000000]
tmp_3                  (bitconcatenate   ) [ 0000000000000000000000000000000000000000]
LD_1                   (partset          ) [ 0000000000000000000000000000000000000000]
bitcast_ln767_1        (bitcast          ) [ 0000000000000000000000000000000000000000]
n_val                  (select           ) [ 0000011111111111000000000000000000000000]
add                    (dadd             ) [ 0000000000111111111111111111111111111100]
speclooptripcount_ln29 (speclooptripcount) [ 0000000000000000000000000000000000000000]
specloopname_ln29      (specloopname     ) [ 0000000000000000000000000000000000000000]
bitcast_ln33           (bitcast          ) [ 0000000000000000000000000000000000000000]
tmp_9                  (partselect       ) [ 0000000000000000000000000000000000000000]
trunc_ln33             (trunc            ) [ 0000000000000000000000000000000000000000]
icmp_ln33              (icmp             ) [ 0000000000000000000000000000000000000000]
icmp_ln33_1            (icmp             ) [ 0000000000000000000000000000000000000000]
or_ln33                (or               ) [ 0000000000000000000000000000000000000000]
tmp_10                 (dcmp             ) [ 0000000000000000000000000000000000000000]
and_ln33               (and              ) [ 0011111111111111111111111111111111111111]
br_ln33                (br               ) [ 0011111111111111111111111111111111111111]
sub                    (dsub             ) [ 0000000000000000111111111111111111111100]
pf                     (ddiv             ) [ 0000000000000000000000000000000000000010]
bitcast_ln735          (bitcast          ) [ 0000000000000000000000000000000000000000]
trunc_ln34             (trunc            ) [ 0000000000000000000000000000000000000000]
tmp_11                 (bitselect        ) [ 0000000000000000000000000000000000000000]
tmp_6                  (partselect       ) [ 0000000000000000000000000000000000000000]
zext_ln34              (zext             ) [ 0000000000000000000000000000000000000000]
add_ln34               (add              ) [ 0000000000000000000000000000000000000000]
trunc_ln34_1           (trunc            ) [ 0000000000000000000000000000000000000000]
zext_ln34_1_cast       (bitconcatenate   ) [ 0000000000000000000000000000000000000000]
zext_ln34_1            (zext             ) [ 0000000000000000000000000000000000000000]
sub_ln34               (sub              ) [ 0000000000000000000000000000000000000000]
select_ln34            (select           ) [ 0000000000000000000000000000000000000000]
icmp_ln34              (icmp             ) [ 0000000000000000000000000000000000000000]
sub_ln34_1             (sub              ) [ 0000000000000000000000000000000000000000]
trunc_ln34_2           (trunc            ) [ 0000000000000000000000000000000000000000]
trunc_ln34_3           (trunc            ) [ 0000000000000000000000000000000000000000]
icmp_ln34_1            (icmp             ) [ 0000000000000000000000000000000000000000]
add_ln34_1             (add              ) [ 0000000000000000000000000000000000000000]
trunc_ln34_4           (trunc            ) [ 0000000000000000000000000000000000000000]
sub_ln34_2             (sub              ) [ 0000000000000000000000000000000000000000]
select_ln34_1          (select           ) [ 0000000000000000000000000000000000000000]
icmp_ln34_2            (icmp             ) [ 0000000000000000000000000000000000000000]
trunc_ln34_5           (trunc            ) [ 0000000000000000000000000000000000000000]
icmp_ln34_3            (icmp             ) [ 0000000000000000000000000000000000000000]
select_ln34_6          (select           ) [ 0000000000000000000000000000000000000000]
zext_ln34_2            (zext             ) [ 0000000000000000000000000000000000000000]
ashr_ln34              (ashr             ) [ 0000000000000000000000000000000000000000]
trunc_ln34_6           (trunc            ) [ 0000000000000000000000000000000000000000]
select_ln34_2          (select           ) [ 0000000000000000000000000000000000000000]
icmp_ln34_4            (icmp             ) [ 0000000000000000000000000000000000000000]
tmp_12                 (partselect       ) [ 0000000000000000000000000000000000000000]
icmp_ln34_5            (icmp             ) [ 0000000000000000000000000000000000000000]
select_ln34_1cast      (zext             ) [ 0000000000000000000000000000000000000000]
shl_ln34               (shl              ) [ 0000000000000000000000000000000000000000]
select_ln34_3          (select           ) [ 0000000000000000000000000000000000000000]
add_ln34_2             (add              ) [ 0000000000000000000000000000000000000000]
tmp_13                 (bitselect        ) [ 0000000000000000000000000000000000000000]
cond64_i               (select           ) [ 0000000000000000000000000000000000000000]
tmp_14                 (bitselect        ) [ 0000000000000000000000000000000000000000]
zext_ln34_3            (zext             ) [ 0000000000000000000000000000000000000000]
add_ln34_3             (add              ) [ 0000000000000000000000000000000000000000]
tmp_15                 (bitselect        ) [ 0000000000000000000000000000000000000000]
xor_ln34               (xor              ) [ 0000000000000000000000000000000000000000]
xor_ln34_2             (xor              ) [ 0000000000000000000000000000000000000000]
and_ln34               (and              ) [ 0000000000000000000000000000000000000000]
sel_tmp2               (bitconcatenate   ) [ 0000000000000000000000000000000000000000]
ref_tmp                (sparsemux        ) [ 0011111111110000000000000000000000000001]
and_ln34_10            (and              ) [ 0000000000000000000000000000000000000000]
carry_1_i              (and              ) [ 0000000000000000000000000000000000000000]
select_ln34_7          (select           ) [ 0000000000000000000000000000000000000000]
add_ln34_4             (add              ) [ 0000000000000000000000000000000000000000]
tmp_16                 (partselect       ) [ 0000000000000000000000000000000000000000]
icmp_ln34_6            (icmp             ) [ 0000000000000000000000000000000000000000]
add_ln34_5             (add              ) [ 0000000000000000000000000000000000000000]
trunc_ln34_8           (trunc            ) [ 0000000000000000000000000000000000000000]
add_ln34_6             (add              ) [ 0000000000000000000000000000000000000000]
tmp_17                 (bitselect        ) [ 0000000000000000000000000000000000000000]
icmp_ln34_7            (icmp             ) [ 0000000000000000000000000000000000000000]
tmp_18                 (bitselect        ) [ 0000000000000000000000000000000000000000]
xor_ln34_9             (xor              ) [ 0000000000000000000000000000000000000000]
icmp_ln34_8            (icmp             ) [ 0000000000000000000000000000000000000000]
tobool134_i            (bitselect        ) [ 0000000000000000000000000000000000000000]
lD_0_i                 (and              ) [ 0000000000000000000000000000000000000000]
icmp_ln34_9            (icmp             ) [ 0000000000000000000000000000000000000000]
icmp_ln34_10           (icmp             ) [ 0000000000000000000000000000000000000000]
and_ln34_1             (and              ) [ 0000000000000000000000000000000000000000]
sext_ln34_1            (sext             ) [ 0000000000000000000000000000000000000000]
zext_ln34_5            (zext             ) [ 0000000000000000000000000000000000000000]
lshr_ln34              (lshr             ) [ 0000000000000000000000000000000000000000]
lshr_ln34_1            (lshr             ) [ 0000000000000000000000000000000000000000]
icmp_ln34_11           (icmp             ) [ 0000000000000000000000000000000000000000]
tmp_19                 (bitselect        ) [ 0000000000000000000000000000000000000000]
xor_ln34_10            (xor              ) [ 0000000000000000000000000000000000000000]
Range2_all_ones_1_i    (select           ) [ 0000000000000000000000000000000000000000]
and_ln34_2             (and              ) [ 0000000000000000000000000000000000000000]
and_ln34_3             (and              ) [ 0000000000000000000000000000000000000000]
xor_ln34_1             (xor              ) [ 0000000000000000000000000000000000000000]
icmp_ln34_12           (icmp             ) [ 0000000000000000000000000000000000000000]
and_ln34_4             (and              ) [ 0000000000000000000000000000000000000000]
icmp_ln34_13           (icmp             ) [ 0000000000000000000000000000000000000000]
icmp_ln34_14           (icmp             ) [ 0000000000000000000000000000000000000000]
or_ln34                (or               ) [ 0000000000000000000000000000000000000000]
xor_ln34_11            (xor              ) [ 0000000000000000000000000000000000000000]
or_ln34_4              (or               ) [ 0000000000000000000000000000000000000000]
and_ln34_11            (and              ) [ 0000000000000000000000000000000000000000]
sel_tmp                (bitconcatenate   ) [ 0000000000000000000000000000000000000000]
Range1_all_ones_2_i    (sparsemux        ) [ 0000000000000000000000000000000000000000]
Range1_all_zeros_2_i   (sparsemux        ) [ 0000000000000000000000000000000000000000]
select_ln34_4          (select           ) [ 0000000000000000000000000000000000000000]
or_ln34_1              (or               ) [ 0000000000000000000000000000000000000000]
and_ln34_5             (and              ) [ 0000000000000000000000000000000000000000]
cond193_i              (select           ) [ 0000000000000000000000000000000000000000]
and_ln34_6             (and              ) [ 0000000000000000000000000000000000000000]
xor_ln34_4             (xor              ) [ 0000000000000000000000000000000000000000]
not_icmp_ln34_764      (xor              ) [ 0000000000000000000000000000000000000000]
deleted_ones_0_i       (or               ) [ 0000000000000000000000000000000000000000]
and_ln34_12            (and              ) [ 0000000000000000000000000000000000000000]
sel_tmp1               (bitconcatenate   ) [ 0000000000000000000000000000000000000000]
neg_src_0_i            (sparsemux        ) [ 0000000000000000000000000000000000000000]
xor_ln34_5             (xor              ) [ 0000000000000000000000000000000000000000]
and_ln34_13            (and              ) [ 0000000000000000000000000000000000000000]
or_ln34_2              (or               ) [ 0000000000000000000000000000000000000000]
xor_ln34_6             (xor              ) [ 0000000000000000000000000000000000000000]
and_ln34_7             (and              ) [ 0011111111110000000000000000000000000001]
and_ln34_8             (and              ) [ 0000000000000000000000000000000000000000]
xor_ln34_7             (xor              ) [ 0000000000000000000000000000000000000000]
and_ln34_9             (and              ) [ 0000000000000000000000000000000000000000]
or_ln34_3              (or               ) [ 0000000000000000000000000000000000000000]
xor_ln34_8             (xor              ) [ 0000000000000000000000000000000000000000]
and_ln34_14            (and              ) [ 0000000000000000000000000000000000000000]
and_ln34_15            (and              ) [ 0000000000000000000000000000000000000000]
sel_tmp3               (bitconcatenate   ) [ 0011111111110000000000000000000000000001]
select_ln34_5          (select           ) [ 0000000000000000000000000000000000000000]
ref_tmp17_4            (sparsemux        ) [ 0000000000000000000000000000000000000000]
br_ln0                 (br               ) [ 0000000000000000000000000000000000000000]
storemerge             (phi              ) [ 0000000000000000000000000000000000000001]
store_ln33             (store            ) [ 0000000000000000000000000000000000000000]
br_ln29                (br               ) [ 0011111111111111111111111111111111111111]
</LifeTime>

<model>

<comp_list>
<comp id="0" class="1000" name="red">
<pin_list>
<pin id="1" dir="1" index="0" bw="1" slack="0"/>
</pin_list>
<bind>
<StgValue><ssdm name="red"/><MemPortTyVec>1 3 </MemPortTyVec>
</StgValue>
</bind>
</comp>

<comp id="2" class="1000" name="nir">
<pin_list>
<pin id="3" dir="1" index="0" bw="1" slack="0"/>
</pin_list>
<bind>
<StgValue><ssdm name="nir"/><MemPortTyVec>1 3 </MemPortTyVec>
</StgValue>
</bind>
</comp>

<comp id="4" class="1000" name="index_map">
<pin_list>
<pin id="5" dir="1" index="0" bw="1" slack="0"/>
</pin_list>
<bind>
<StgValue><ssdm name="index_map"/><MemPortTyVec>0 3 </MemPortTyVec>
</StgValue>
</bind>
</comp>

<comp id="6" class="1001" name="const_6">
<pin_list>
<pin id="7" dir="1" index="0" bw="1" slack="0"/>
</pin_list>
<bind>
<StgValue><ssdm name=""/></StgValue>
</bind>
</comp>

<comp id="8" class="1001" name="const_8">
<pin_list>
<pin id="9" dir="1" index="0" bw="1" slack="0"/>
</pin_list>
<bind>
<StgValue><ssdm name=""/></StgValue>
</bind>
</comp>

<comp id="10" class="1001" name="const_10">
<pin_list>
<pin id="11" dir="1" index="0" bw="1" slack="0"/>
</pin_list>
<bind>
<StgValue><ssdm name=""/></StgValue>
</bind>
</comp>

<comp id="12" class="1001" name="const_12">
<pin_list>
<pin id="13" dir="1" index="0" bw="1" slack="0"/>
</pin_list>
<bind>
<StgValue><ssdm name=""/></StgValue>
</bind>
</comp>

<comp id="14" class="1001" name="const_14">
<pin_list>
<pin id="15" dir="1" index="0" bw="1" slack="0"/>
</pin_list>
<bind>
<StgValue><ssdm name="_ssdm_op_BitConcatenate.i14.i7.i7"/></StgValue>
</bind>
</comp>

<comp id="16" class="1001" name="const_16">
<pin_list>
<pin id="17" dir="1" index="0" bw="1" slack="0"/>
</pin_list>
<bind>
<StgValue><ssdm name=""/></StgValue>
</bind>
</comp>

<comp id="18" class="1001" name="const_18">
<pin_list>
<pin id="19" dir="1" index="0" bw="1" slack="2147483647"/>
</pin_list>
<bind>
<StgValue><ssdm name="_ssdm_op_SpecLoopTripCount"/></StgValue>
</bind>
</comp>

<comp id="20" class="1001" name="const_20">
<pin_list>
<pin id="21" dir="1" index="0" bw="1" slack="2147483647"/>
</pin_list>
<bind>
<StgValue><ssdm name=""/></StgValue>
</bind>
</comp>

<comp id="22" class="1001" name="const_22">
<pin_list>
<pin id="23" dir="1" index="0" bw="1" slack="2147483647"/>
</pin_list>
<bind>
<StgValue><ssdm name="_ssdm_op_SpecLoopName"/></StgValue>
</bind>
</comp>

<comp id="24" class="1001" name="const_24">
<pin_list>
<pin id="25" dir="1" index="0" bw="1" slack="2147483647"/>
</pin_list>
<bind>
<StgValue><ssdm name="empty_5"/></StgValue>
</bind>
</comp>

<comp id="26" class="1001" name="const_26">
<pin_list>
<pin id="27" dir="1" index="0" bw="1" slack="0"/>
</pin_list>
<bind>
<StgValue><ssdm name=""/></StgValue>
</bind>
</comp>

<comp id="28" class="1001" name="const_28">
<pin_list>
<pin id="29" dir="1" index="0" bw="1" slack="0"/>
</pin_list>
<bind>
<StgValue><ssdm name=""/></StgValue>
</bind>
</comp>

<comp id="30" class="1001" name="const_30">
<pin_list>
<pin id="31" dir="1" index="0" bw="1" slack="0"/>
</pin_list>
<bind>
<StgValue><ssdm name="_ssdm_op_BitSelect.i1.i16.i32"/></StgValue>
</bind>
</comp>

<comp id="32" class="1001" name="const_32">
<pin_list>
<pin id="33" dir="1" index="0" bw="1" slack="0"/>
</pin_list>
<bind>
<StgValue><ssdm name=""/></StgValue>
</bind>
</comp>

<comp id="34" class="1001" name="const_34">
<pin_list>
<pin id="35" dir="1" index="0" bw="1" slack="0"/>
</pin_list>
<bind>
<StgValue><ssdm name="llvm.ctlz.i16"/></StgValue>
</bind>
</comp>

<comp id="36" class="1001" name="const_36">
<pin_list>
<pin id="37" dir="1" index="0" bw="1" slack="0"/>
</pin_list>
<bind>
<StgValue><ssdm name=""/></StgValue>
</bind>
</comp>

<comp id="38" class="1001" name="const_38">
<pin_list>
<pin id="39" dir="1" index="0" bw="1" slack="0"/>
</pin_list>
<bind>
<StgValue><ssdm name=""/></StgValue>
</bind>
</comp>

<comp id="40" class="1001" name="const_40">
<pin_list>
<pin id="41" dir="1" index="0" bw="1" slack="0"/>
</pin_list>
<bind>
<StgValue><ssdm name="_ssdm_op_PartSelect.i63.i64.i32.i32"/></StgValue>
</bind>
</comp>

<comp id="42" class="1001" name="const_42">
<pin_list>
<pin id="43" dir="1" index="0" bw="1" slack="0"/>
</pin_list>
<bind>
<StgValue><ssdm name=""/></StgValue>
</bind>
</comp>

<comp id="44" class="1001" name="const_44">
<pin_list>
<pin id="45" dir="1" index="0" bw="1" slack="0"/>
</pin_list>
<bind>
<StgValue><ssdm name="_ssdm_op_BitSelect.i1.i64.i32"/></StgValue>
</bind>
</comp>

<comp id="46" class="1001" name="const_46">
<pin_list>
<pin id="47" dir="1" index="0" bw="1" slack="0"/>
</pin_list>
<bind>
<StgValue><ssdm name=""/></StgValue>
</bind>
</comp>

<comp id="48" class="1001" name="const_48">
<pin_list>
<pin id="49" dir="1" index="0" bw="1" slack="0"/>
</pin_list>
<bind>
<StgValue><ssdm name=""/></StgValue>
</bind>
</comp>

<comp id="50" class="1001" name="const_50">
<pin_list>
<pin id="51" dir="1" index="0" bw="1" slack="0"/>
</pin_list>
<bind>
<StgValue><ssdm name=""/></StgValue>
</bind>
</comp>

<comp id="52" class="1001" name="const_52">
<pin_list>
<pin id="53" dir="1" index="0" bw="1" slack="0"/>
</pin_list>
<bind>
<StgValue><ssdm name=""/></StgValue>
</bind>
</comp>

<comp id="54" class="1001" name="const_54">
<pin_list>
<pin id="55" dir="1" index="0" bw="1" slack="0"/>
</pin_list>
<bind>
<StgValue><ssdm name="_ssdm_op_BitConcatenate.i12.i1.i11"/></StgValue>
</bind>
</comp>

<comp id="56" class="1001" name="const_56">
<pin_list>
<pin id="57" dir="1" index="0" bw="1" slack="0"/>
</pin_list>
<bind>
<StgValue><ssdm name="_ssdm_op_PartSet.i64.i64.i12.i32.i32"/></StgValue>
</bind>
</comp>

<comp id="58" class="1001" name="const_58">
<pin_list>
<pin id="59" dir="1" index="0" bw="1" slack="0"/>
</pin_list>
<bind>
<StgValue><ssdm name=""/></StgValue>
</bind>
</comp>

<comp id="60" class="1001" name="const_60">
<pin_list>
<pin id="61" dir="1" index="0" bw="1" slack="0"/>
</pin_list>
<bind>
<StgValue><ssdm name=""/></StgValue>
</bind>
</comp>

<comp id="62" class="1001" name="const_62">
<pin_list>
<pin id="63" dir="1" index="0" bw="1" slack="2147483647"/>
</pin_list>
<bind>
<StgValue><ssdm name="empty_4"/></StgValue>
</bind>
</comp>

<comp id="64" class="1001" name="const_64">
<pin_list>
<pin id="65" dir="1" index="0" bw="1" slack="0"/>
</pin_list>
<bind>
<StgValue><ssdm name="_ssdm_op_PartSelect.i11.i64.i32.i32"/></StgValue>
</bind>
</comp>

<comp id="66" class="1001" name="const_66">
<pin_list>
<pin id="67" dir="1" index="0" bw="1" slack="0"/>
</pin_list>
<bind>
<StgValue><ssdm name=""/></StgValue>
</bind>
</comp>

<comp id="68" class="1001" name="const_68">
<pin_list>
<pin id="69" dir="1" index="0" bw="1" slack="0"/>
</pin_list>
<bind>
<StgValue><ssdm name=""/></StgValue>
</bind>
</comp>

<comp id="70" class="1001" name="const_70">
<pin_list>
<pin id="71" dir="1" index="0" bw="1" slack="0"/>
</pin_list>
<bind>
<StgValue><ssdm name=""/></StgValue>
</bind>
</comp>

<comp id="72" class="1001" name="const_72">
<pin_list>
<pin id="73" dir="1" index="0" bw="1" slack="0"/>
</pin_list>
<bind>
<StgValue><ssdm name="_ssdm_op_PartSelect.i11.i64.i32"/></StgValue>
</bind>
</comp>

<comp id="74" class="1001" name="const_74">
<pin_list>
<pin id="75" dir="1" index="0" bw="1" slack="0"/>
</pin_list>
<bind>
<StgValue><ssdm name=""/></StgValue>
</bind>
</comp>

<comp id="76" class="1001" name="const_76">
<pin_list>
<pin id="77" dir="1" index="0" bw="1" slack="0"/>
</pin_list>
<bind>
<StgValue><ssdm name="_ssdm_op_BitConcatenate.i53.i1.i52"/></StgValue>
</bind>
</comp>

<comp id="78" class="1001" name="const_78">
<pin_list>
<pin id="79" dir="1" index="0" bw="1" slack="0"/>
</pin_list>
<bind>
<StgValue><ssdm name=""/></StgValue>
</bind>
</comp>

<comp id="80" class="1001" name="const_80">
<pin_list>
<pin id="81" dir="1" index="0" bw="1" slack="0"/>
</pin_list>
<bind>
<StgValue><ssdm name=""/></StgValue>
</bind>
</comp>

<comp id="82" class="1001" name="const_82">
<pin_list>
<pin id="83" dir="1" index="0" bw="1" slack="0"/>
</pin_list>
<bind>
<StgValue><ssdm name=""/></StgValue>
</bind>
</comp>

<comp id="84" class="1001" name="const_84">
<pin_list>
<pin id="85" dir="1" index="0" bw="1" slack="0"/>
</pin_list>
<bind>
<StgValue><ssdm name=""/></StgValue>
</bind>
</comp>

<comp id="86" class="1001" name="const_86">
<pin_list>
<pin id="87" dir="1" index="0" bw="1" slack="0"/>
</pin_list>
<bind>
<StgValue><ssdm name=""/></StgValue>
</bind>
</comp>

<comp id="88" class="1001" name="const_88">
<pin_list>
<pin id="89" dir="1" index="0" bw="1" slack="0"/>
</pin_list>
<bind>
<StgValue><ssdm name=""/></StgValue>
</bind>
</comp>

<comp id="90" class="1001" name="const_90">
<pin_list>
<pin id="91" dir="1" index="0" bw="1" slack="0"/>
</pin_list>
<bind>
<StgValue><ssdm name=""/></StgValue>
</bind>
</comp>

<comp id="92" class="1001" name="const_92">
<pin_list>
<pin id="93" dir="1" index="0" bw="1" slack="0"/>
</pin_list>
<bind>
<StgValue><ssdm name=""/></StgValue>
</bind>
</comp>

<comp id="94" class="1001" name="const_94">
<pin_list>
<pin id="95" dir="1" index="0" bw="1" slack="0"/>
</pin_list>
<bind>
<StgValue><ssdm name=""/></StgValue>
</bind>
</comp>

<comp id="96" class="1001" name="const_96">
<pin_list>
<pin id="97" dir="1" index="0" bw="1" slack="0"/>
</pin_list>
<bind>
<StgValue><ssdm name=""/></StgValue>
</bind>
</comp>

<comp id="98" class="1001" name="const_98">
<pin_list>
<pin id="99" dir="1" index="0" bw="1" slack="0"/>
</pin_list>
<bind>
<StgValue><ssdm name="_ssdm_op_PartSelect.i7.i11.i32.i32"/></StgValue>
</bind>
</comp>

<comp id="100" class="1001" name="const_100">
<pin_list>
<pin id="101" dir="1" index="0" bw="1" slack="0"/>
</pin_list>
<bind>
<StgValue><ssdm name=""/></StgValue>
</bind>
</comp>

<comp id="102" class="1001" name="const_102">
<pin_list>
<pin id="103" dir="1" index="0" bw="1" slack="0"/>
</pin_list>
<bind>
<StgValue><ssdm name=""/></StgValue>
</bind>
</comp>

<comp id="104" class="1001" name="const_104">
<pin_list>
<pin id="105" dir="1" index="0" bw="1" slack="0"/>
</pin_list>
<bind>
<StgValue><ssdm name=""/></StgValue>
</bind>
</comp>

<comp id="106" class="1001" name="const_106">
<pin_list>
<pin id="107" dir="1" index="0" bw="1" slack="0"/>
</pin_list>
<bind>
<StgValue><ssdm name="_ssdm_op_BitSelect.i1.i54.i6"/></StgValue>
</bind>
</comp>

<comp id="108" class="1001" name="const_108">
<pin_list>
<pin id="109" dir="1" index="0" bw="1" slack="0"/>
</pin_list>
<bind>
<StgValue><ssdm name="_ssdm_op_BitConcatenate.i2.i1.i1"/></StgValue>
</bind>
</comp>

<comp id="110" class="1001" name="const_110">
<pin_list>
<pin id="111" dir="1" index="0" bw="1" slack="0"/>
</pin_list>
<bind>
<StgValue><ssdm name="_ssdm_op_SparseMux.ap_auto.3i16.i16.i2"/></StgValue>
</bind>
</comp>

<comp id="112" class="1001" name="const_112">
<pin_list>
<pin id="113" dir="1" index="0" bw="1" slack="0"/>
</pin_list>
<bind>
<StgValue><ssdm name=""/></StgValue>
</bind>
</comp>

<comp id="114" class="1001" name="const_114">
<pin_list>
<pin id="115" dir="1" index="0" bw="1" slack="0"/>
</pin_list>
<bind>
<StgValue><ssdm name=""/></StgValue>
</bind>
</comp>

<comp id="116" class="1001" name="const_116">
<pin_list>
<pin id="117" dir="1" index="0" bw="1" slack="0"/>
</pin_list>
<bind>
<StgValue><ssdm name=""/></StgValue>
</bind>
</comp>

<comp id="118" class="1001" name="const_118">
<pin_list>
<pin id="119" dir="1" index="0" bw="1" slack="0"/>
</pin_list>
<bind>
<StgValue><ssdm name=""/></StgValue>
</bind>
</comp>

<comp id="120" class="1001" name="const_120">
<pin_list>
<pin id="121" dir="1" index="0" bw="1" slack="0"/>
</pin_list>
<bind>
<StgValue><ssdm name=""/></StgValue>
</bind>
</comp>

<comp id="122" class="1001" name="const_122">
<pin_list>
<pin id="123" dir="1" index="0" bw="1" slack="0"/>
</pin_list>
<bind>
<StgValue><ssdm name=""/></StgValue>
</bind>
</comp>

<comp id="124" class="1001" name="const_124">
<pin_list>
<pin id="125" dir="1" index="0" bw="1" slack="0"/>
</pin_list>
<bind>
<StgValue><ssdm name="_ssdm_op_PartSelect.i9.i12.i32.i32"/></StgValue>
</bind>
</comp>

<comp id="126" class="1001" name="const_126">
<pin_list>
<pin id="127" dir="1" index="0" bw="1" slack="0"/>
</pin_list>
<bind>
<StgValue><ssdm name=""/></StgValue>
</bind>
</comp>

<comp id="128" class="1001" name="const_128">
<pin_list>
<pin id="129" dir="1" index="0" bw="1" slack="0"/>
</pin_list>
<bind>
<StgValue><ssdm name=""/></StgValue>
</bind>
</comp>

<comp id="130" class="1001" name="const_130">
<pin_list>
<pin id="131" dir="1" index="0" bw="1" slack="0"/>
</pin_list>
<bind>
<StgValue><ssdm name=""/></StgValue>
</bind>
</comp>

<comp id="132" class="1001" name="const_132">
<pin_list>
<pin id="133" dir="1" index="0" bw="1" slack="0"/>
</pin_list>
<bind>
<StgValue><ssdm name=""/></StgValue>
</bind>
</comp>

<comp id="134" class="1001" name="const_134">
<pin_list>
<pin id="135" dir="1" index="0" bw="1" slack="0"/>
</pin_list>
<bind>
<StgValue><ssdm name="_ssdm_op_BitSelect.i1.i12.i32"/></StgValue>
</bind>
</comp>

<comp id="136" class="1001" name="const_136">
<pin_list>
<pin id="137" dir="1" index="0" bw="1" slack="0"/>
</pin_list>
<bind>
<StgValue><ssdm name=""/></StgValue>
</bind>
</comp>

<comp id="138" class="1001" name="const_138">
<pin_list>
<pin id="139" dir="1" index="0" bw="1" slack="0"/>
</pin_list>
<bind>
<StgValue><ssdm name="_ssdm_op_SparseMux.ap_auto.3i1.i1.i2"/></StgValue>
</bind>
</comp>

<comp id="140" class="1001" name="const_140">
<pin_list>
<pin id="141" dir="1" index="0" bw="1" slack="0"/>
</pin_list>
<bind>
<StgValue><ssdm name=""/></StgValue>
</bind>
</comp>

<comp id="142" class="1001" name="const_142">
<pin_list>
<pin id="143" dir="1" index="0" bw="1" slack="0"/>
</pin_list>
<bind>
<StgValue><ssdm name=""/></StgValue>
</bind>
</comp>

<comp id="144" class="1001" name="const_144">
<pin_list>
<pin id="145" dir="1" index="0" bw="1" slack="0"/>
</pin_list>
<bind>
<StgValue><ssdm name=""/></StgValue>
</bind>
</comp>

<comp id="146" class="1004" name="r_fu_146">
<pin_list>
<pin id="147" dir="0" index="0" bw="1" slack="0"/>
<pin id="148" dir="1" index="1" bw="8" slack="0"/>
</pin_list>
<bind>
<opcode="alloca(26) " fcode="alloca"/>
<opset="r/1 "/>
</bind>
</comp>

<comp id="150" class="1004" name="red_addr_gep_fu_150">
<pin_list>
<pin id="151" dir="0" index="0" bw="16" slack="0"/>
<pin id="152" dir="0" index="1" bw="1" slack="0"/>
<pin id="153" dir="0" index="2" bw="14" slack="0"/>
<pin id="154" dir="1" index="3" bw="14" slack="0"/>
</pin_list>
<bind>
<opcode="getelementptr(29) " fcode="getelementptr"/>
<opset="red_addr/3 "/>
</bind>
</comp>

<comp id="157" class="1004" name="nir_addr_gep_fu_157">
<pin_list>
<pin id="158" dir="0" index="0" bw="16" slack="0"/>
<pin id="159" dir="0" index="1" bw="1" slack="0"/>
<pin id="160" dir="0" index="2" bw="14" slack="0"/>
<pin id="161" dir="1" index="3" bw="14" slack="0"/>
</pin_list>
<bind>
<opcode="getelementptr(29) " fcode="getelementptr"/>
<opset="nir_addr/3 "/>
</bind>
</comp>

<comp id="164" class="1004" name="index_map_addr_gep_fu_164">
<pin_list>
<pin id="165" dir="0" index="0" bw="16" slack="0"/>
<pin id="166" dir="0" index="1" bw="1" slack="0"/>
<pin id="167" dir="0" index="2" bw="14" slack="0"/>
<pin id="168" dir="1" index="3" bw="14" slack="36"/>
</pin_list>
<bind>
<opcode="getelementptr(29) " fcode="getelementptr"/>
<opset="index_map_addr/3 "/>
</bind>
</comp>

<comp id="171" class="1004" name="grp_access_fu_171">
<pin_list>
<pin id="172" dir="0" index="0" bw="14" slack="0"/>
<pin id="173" dir="0" index="1" bw="16" slack="2147483647"/>
<pin id="174" dir="0" index="2" bw="0" slack="2147483647"/>
<pin id="175" dir="1" index="3" bw="16" slack="0"/>
</pin_list>
<bind>
<opcode="load(27) " fcode="load"/>
<opset="red_load/3 "/>
</bind>
</comp>

<comp id="177" class="1004" name="grp_access_fu_177">
<pin_list>
<pin id="178" dir="0" index="0" bw="14" slack="0"/>
<pin id="179" dir="0" index="1" bw="16" slack="2147483647"/>
<pin id="180" dir="0" index="2" bw="0" slack="2147483647"/>
<pin id="181" dir="1" index="3" bw="16" slack="0"/>
</pin_list>
<bind>
<opcode="load(27) " fcode="load"/>
<opset="nir_load/3 "/>
</bind>
</comp>

<comp id="183" class="1004" name="store_ln33_access_fu_183">
<pin_list>
<pin id="184" dir="0" index="0" bw="14" slack="36"/>
<pin id="185" dir="0" index="1" bw="16" slack="0"/>
<pin id="186" dir="0" index="2" bw="0" slack="2147483647"/>
<pin id="187" dir="1" index="3" bw="16" slack="2147483647"/>
</pin_list>
<bind>
<opcode="store(28) " fcode="store"/>
<opset="store_ln33/39 "/>
</bind>
</comp>

<comp id="188" class="1005" name="c_reg_188">
<pin_list>
<pin id="189" dir="0" index="0" bw="8" slack="1"/>
<pin id="190" dir="1" index="1" bw="8" slack="1"/>
</pin_list>
<bind>
<opset="c (phireg) "/>
</bind>
</comp>

<comp id="192" class="1004" name="c_phi_fu_192">
<pin_list>
<pin id="193" dir="0" index="0" bw="1" slack="1"/>
<pin id="194" dir="0" index="1" bw="0" slack="2147483647"/>
<pin id="195" dir="0" index="2" bw="8" slack="0"/>
<pin id="196" dir="0" index="3" bw="0" slack="2147483647"/>
<pin id="197" dir="1" index="4" bw="8" slack="0"/>
</pin_list>
<bind>
<opcode="phi(47) " fcode="phi"/>
<opset="c/3 "/>
</bind>
</comp>

<comp id="199" class="1005" name="storemerge_reg_199">
<pin_list>
<pin id="200" dir="0" index="0" bw="16" slack="28"/>
<pin id="201" dir="1" index="1" bw="16" slack="28"/>
</pin_list>
<bind>
<opset="storemerge (phireg) "/>
</bind>
</comp>

<comp id="203" class="1004" name="storemerge_phi_fu_203">
<pin_list>
<pin id="204" dir="0" index="0" bw="16" slack="0"/>
<pin id="205" dir="0" index="1" bw="0" slack="2147483647"/>
<pin id="206" dir="0" index="2" bw="1" slack="28"/>
<pin id="207" dir="0" index="3" bw="0" slack="2147483647"/>
<pin id="208" dir="1" index="4" bw="16" slack="0"/>
</pin_list>
<bind>
<opcode="phi(47) " fcode="phi"/>
<opset="storemerge/39 "/>
</bind>
</comp>

<comp id="211" class="1004" name="grp_fu_211">
<pin_list>
<pin id="212" dir="0" index="0" bw="64" slack="1"/>
<pin id="213" dir="0" index="1" bw="64" slack="1"/>
<pin id="214" dir="1" index="2" bw="64" slack="1"/>
</pin_list>
<bind>
<opcode="dadd(508) dsub(509) " fcode="dadd"/>
<opset="add/5 sub/11 "/>
</bind>
</comp>

<comp id="215" class="1004" name="grp_fu_215">
<pin_list>
<pin id="216" dir="0" index="0" bw="64" slack="1"/>
<pin id="217" dir="0" index="1" bw="64" slack="7"/>
<pin id="218" dir="1" index="2" bw="64" slack="1"/>
</pin_list>
<bind>
<opcode="ddiv(511) " fcode="ddiv"/>
<opset="pf/16 "/>
</bind>
</comp>

<comp id="219" class="1004" name="grp_fu_219">
<pin_list>
<pin id="220" dir="0" index="0" bw="64" slack="1"/>
<pin id="221" dir="0" index="1" bw="64" slack="0"/>
<pin id="222" dir="1" index="2" bw="1" slack="0"/>
</pin_list>
<bind>
<opcode="dcmp(513) " fcode="dcmp"/>
<opset="tmp_10/10 "/>
</bind>
</comp>

<comp id="224" class="1004" name="store_ln28_store_fu_224">
<pin_list>
<pin id="225" dir="0" index="0" bw="1" slack="0"/>
<pin id="226" dir="0" index="1" bw="8" slack="0"/>
<pin id="227" dir="1" index="2" bw="0" slack="2147483647"/>
</pin_list>
<bind>
<opcode="store(28) " fcode="store"/>
<opset="store_ln28/1 "/>
</bind>
</comp>

<comp id="229" class="1004" name="r_2_load_fu_229">
<pin_list>
<pin id="230" dir="0" index="0" bw="8" slack="1"/>
<pin id="231" dir="1" index="1" bw="8" slack="0"/>
</pin_list>
<bind>
<opcode="load(27) " fcode="load"/>
<opset="r_2/2 "/>
</bind>
</comp>

<comp id="232" class="1004" name="icmp_ln28_fu_232">
<pin_list>
<pin id="233" dir="0" index="0" bw="8" slack="0"/>
<pin id="234" dir="0" index="1" bw="8" slack="0"/>
<pin id="235" dir="1" index="2" bw="1" slack="2147483647"/>
</pin_list>
<bind>
<opcode="icmp(45) " fcode="icmp"/>
<opset="icmp_ln28/2 "/>
</bind>
</comp>

<comp id="238" class="1004" name="add_ln28_fu_238">
<pin_list>
<pin id="239" dir="0" index="0" bw="8" slack="0"/>
<pin id="240" dir="0" index="1" bw="1" slack="0"/>
<pin id="241" dir="1" index="2" bw="8" slack="1"/>
</pin_list>
<bind>
<opcode="add(8) " fcode="add"/>
<opset="add_ln28/2 "/>
</bind>
</comp>

<comp id="244" class="1004" name="trunc_ln28_fu_244">
<pin_list>
<pin id="245" dir="0" index="0" bw="8" slack="0"/>
<pin id="246" dir="1" index="1" bw="7" slack="0"/>
</pin_list>
<bind>
<opcode="trunc(33) " fcode="trunc"/>
<opset="trunc_ln28/2 "/>
</bind>
</comp>

<comp id="248" class="1004" name="tmp_s_fu_248">
<pin_list>
<pin id="249" dir="0" index="0" bw="14" slack="0"/>
<pin id="250" dir="0" index="1" bw="7" slack="0"/>
<pin id="251" dir="0" index="2" bw="1" slack="0"/>
<pin id="252" dir="1" index="3" bw="14" slack="1"/>
</pin_list>
<bind>
<opcode="bitconcatenate(1004) " fcode="bitconcatenate"/>
<opset="tmp_s/2 "/>
</bind>
</comp>

<comp id="256" class="1004" name="icmp_ln29_fu_256">
<pin_list>
<pin id="257" dir="0" index="0" bw="8" slack="0"/>
<pin id="258" dir="0" index="1" bw="8" slack="0"/>
<pin id="259" dir="1" index="2" bw="1" slack="2147483647"/>
</pin_list>
<bind>
<opcode="icmp(45) " fcode="icmp"/>
<opset="icmp_ln29/3 "/>
</bind>
</comp>

<comp id="262" class="1004" name="add_ln29_fu_262">
<pin_list>
<pin id="263" dir="0" index="0" bw="8" slack="0"/>
<pin id="264" dir="0" index="1" bw="1" slack="0"/>
<pin id="265" dir="1" index="2" bw="8" slack="0"/>
</pin_list>
<bind>
<opcode="add(8) " fcode="add"/>
<opset="add_ln29/3 "/>
</bind>
</comp>

<comp id="268" class="1004" name="zext_ln31_2_fu_268">
<pin_list>
<pin id="269" dir="0" index="0" bw="8" slack="0"/>
<pin id="270" dir="1" index="1" bw="14" slack="0"/>
</pin_list>
<bind>
<opcode="zext(34) " fcode="zext"/>
<opset="zext_ln31_2/3 "/>
</bind>
</comp>

<comp id="272" class="1004" name="add_ln31_2_fu_272">
<pin_list>
<pin id="273" dir="0" index="0" bw="14" slack="1"/>
<pin id="274" dir="0" index="1" bw="8" slack="0"/>
<pin id="275" dir="1" index="2" bw="14" slack="0"/>
</pin_list>
<bind>
<opcode="add(8) " fcode="add"/>
<opset="add_ln31_2/3 "/>
</bind>
</comp>

<comp id="277" class="1004" name="zext_ln31_4_fu_277">
<pin_list>
<pin id="278" dir="0" index="0" bw="14" slack="0"/>
<pin id="279" dir="1" index="1" bw="64" slack="0"/>
</pin_list>
<bind>
<opcode="zext(34) " fcode="zext"/>
<opset="zext_ln31_4/3 "/>
</bind>
</comp>

<comp id="284" class="1004" name="store_ln28_store_fu_284">
<pin_list>
<pin id="285" dir="0" index="0" bw="8" slack="1"/>
<pin id="286" dir="0" index="1" bw="8" slack="2"/>
<pin id="287" dir="1" index="2" bw="0" slack="2147483647"/>
</pin_list>
<bind>
<opcode="store(28) " fcode="store"/>
<opset="store_ln28/3 "/>
</bind>
</comp>

<comp id="288" class="1004" name="icmp_ln31_fu_288">
<pin_list>
<pin id="289" dir="0" index="0" bw="16" slack="0"/>
<pin id="290" dir="0" index="1" bw="1" slack="0"/>
<pin id="291" dir="1" index="2" bw="1" slack="0"/>
</pin_list>
<bind>
<opcode="icmp(45) " fcode="icmp"/>
<opset="icmp_ln31/4 "/>
</bind>
</comp>

<comp id="294" class="1004" name="tmp_fu_294">
<pin_list>
<pin id="295" dir="0" index="0" bw="1" slack="0"/>
<pin id="296" dir="0" index="1" bw="16" slack="0"/>
<pin id="297" dir="0" index="2" bw="5" slack="0"/>
<pin id="298" dir="1" index="3" bw="1" slack="0"/>
</pin_list>
<bind>
<opcode="bitselect(1000) " fcode="bitselect"/>
<opset="tmp/4 "/>
</bind>
</comp>

<comp id="302" class="1004" name="sub_ln31_fu_302">
<pin_list>
<pin id="303" dir="0" index="0" bw="1" slack="0"/>
<pin id="304" dir="0" index="1" bw="16" slack="0"/>
<pin id="305" dir="1" index="2" bw="16" slack="0"/>
</pin_list>
<bind>
<opcode="sub(10) " fcode="sub"/>
<opset="sub_ln31/4 "/>
</bind>
</comp>

<comp id="308" class="1004" name="select_ln31_fu_308">
<pin_list>
<pin id="309" dir="0" index="0" bw="1" slack="0"/>
<pin id="310" dir="0" index="1" bw="16" slack="0"/>
<pin id="311" dir="0" index="2" bw="16" slack="0"/>
<pin id="312" dir="1" index="3" bw="16" slack="0"/>
</pin_list>
<bind>
<opcode="select(49) " fcode="select"/>
<opset="select_ln31/4 "/>
</bind>
</comp>

<comp id="316" class="1004" name="tmp_4_fu_316">
<pin_list>
<pin id="317" dir="0" index="0" bw="16" slack="0"/>
<pin id="318" dir="0" index="1" bw="16" slack="0"/>
<pin id="319" dir="0" index="2" bw="1" slack="0"/>
<pin id="320" dir="1" index="3" bw="16" slack="0"/>
</pin_list>
<bind>
<opcode="ctlz(523) " fcode="ctlz"/>
<opset="tmp_4/4 "/>
</bind>
</comp>

<comp id="324" class="1004" name="trunc_ln31_fu_324">
<pin_list>
<pin id="325" dir="0" index="0" bw="16" slack="0"/>
<pin id="326" dir="1" index="1" bw="6" slack="0"/>
</pin_list>
<bind>
<opcode="trunc(33) " fcode="trunc"/>
<opset="trunc_ln31/4 "/>
</bind>
</comp>

<comp id="328" class="1004" name="trunc_ln31_1_fu_328">
<pin_list>
<pin id="329" dir="0" index="0" bw="16" slack="0"/>
<pin id="330" dir="1" index="1" bw="5" slack="0"/>
</pin_list>
<bind>
<opcode="trunc(33) " fcode="trunc"/>
<opset="trunc_ln31_1/4 "/>
</bind>
</comp>

<comp id="332" class="1004" name="zext_ln31_fu_332">
<pin_list>
<pin id="333" dir="0" index="0" bw="16" slack="0"/>
<pin id="334" dir="1" index="1" bw="64" slack="0"/>
</pin_list>
<bind>
<opcode="zext(34) " fcode="zext"/>
<opset="zext_ln31/4 "/>
</bind>
</comp>

<comp id="336" class="1004" name="add_ln31_fu_336">
<pin_list>
<pin id="337" dir="0" index="0" bw="6" slack="0"/>
<pin id="338" dir="0" index="1" bw="6" slack="0"/>
<pin id="339" dir="1" index="2" bw="6" slack="0"/>
</pin_list>
<bind>
<opcode="add(8) " fcode="add"/>
<opset="add_ln31/4 "/>
</bind>
</comp>

<comp id="342" class="1004" name="zext_ln31_1_fu_342">
<pin_list>
<pin id="343" dir="0" index="0" bw="6" slack="0"/>
<pin id="344" dir="1" index="1" bw="64" slack="0"/>
</pin_list>
<bind>
<opcode="zext(34) " fcode="zext"/>
<opset="zext_ln31_1/4 "/>
</bind>
</comp>

<comp id="346" class="1004" name="shl_ln31_fu_346">
<pin_list>
<pin id="347" dir="0" index="0" bw="16" slack="0"/>
<pin id="348" dir="0" index="1" bw="6" slack="0"/>
<pin id="349" dir="1" index="2" bw="64" slack="0"/>
</pin_list>
<bind>
<opcode="shl(20) " fcode="shl"/>
<opset="shl_ln31/4 "/>
</bind>
</comp>

<comp id="352" class="1004" name="lshr_ln_fu_352">
<pin_list>
<pin id="353" dir="0" index="0" bw="63" slack="0"/>
<pin id="354" dir="0" index="1" bw="64" slack="0"/>
<pin id="355" dir="0" index="2" bw="1" slack="0"/>
<pin id="356" dir="0" index="3" bw="7" slack="0"/>
<pin id="357" dir="1" index="4" bw="63" slack="0"/>
</pin_list>
<bind>
<opcode="partselect(1002) " fcode="partselect"/>
<opset="lshr_ln/4 "/>
</bind>
</comp>

<comp id="362" class="1004" name="zext_ln31_3_fu_362">
<pin_list>
<pin id="363" dir="0" index="0" bw="63" slack="0"/>
<pin id="364" dir="1" index="1" bw="64" slack="0"/>
</pin_list>
<bind>
<opcode="zext(34) " fcode="zext"/>
<opset="zext_ln31_3/4 "/>
</bind>
</comp>

<comp id="366" class="1004" name="tmp_5_fu_366">
<pin_list>
<pin id="367" dir="0" index="0" bw="1" slack="0"/>
<pin id="368" dir="0" index="1" bw="64" slack="0"/>
<pin id="369" dir="0" index="2" bw="7" slack="0"/>
<pin id="370" dir="1" index="3" bw="1" slack="0"/>
</pin_list>
<bind>
<opcode="bitselect(1000) " fcode="bitselect"/>
<opset="tmp_5/4 "/>
</bind>
</comp>

<comp id="374" class="1004" name="select_ln31_1_fu_374">
<pin_list>
<pin id="375" dir="0" index="0" bw="1" slack="0"/>
<pin id="376" dir="0" index="1" bw="11" slack="0"/>
<pin id="377" dir="0" index="2" bw="11" slack="0"/>
<pin id="378" dir="1" index="3" bw="11" slack="0"/>
</pin_list>
<bind>
<opcode="select(49) " fcode="select"/>
<opset="select_ln31_1/4 "/>
</bind>
</comp>

<comp id="382" class="1004" name="sub_ln31_1_fu_382">
<pin_list>
<pin id="383" dir="0" index="0" bw="5" slack="0"/>
<pin id="384" dir="0" index="1" bw="5" slack="0"/>
<pin id="385" dir="1" index="2" bw="5" slack="0"/>
</pin_list>
<bind>
<opcode="sub(10) " fcode="sub"/>
<opset="sub_ln31_1/4 "/>
</bind>
</comp>

<comp id="388" class="1004" name="sext_ln31_fu_388">
<pin_list>
<pin id="389" dir="0" index="0" bw="5" slack="0"/>
<pin id="390" dir="1" index="1" bw="11" slack="0"/>
</pin_list>
<bind>
<opcode="sext(35) " fcode="sext"/>
<opset="sext_ln31/4 "/>
</bind>
</comp>

<comp id="392" class="1004" name="add_ln31_1_fu_392">
<pin_list>
<pin id="393" dir="0" index="0" bw="5" slack="0"/>
<pin id="394" dir="0" index="1" bw="11" slack="0"/>
<pin id="395" dir="1" index="2" bw="11" slack="0"/>
</pin_list>
<bind>
<opcode="add(8) " fcode="add"/>
<opset="add_ln31_1/4 "/>
</bind>
</comp>

<comp id="398" class="1004" name="tmp_2_fu_398">
<pin_list>
<pin id="399" dir="0" index="0" bw="12" slack="0"/>
<pin id="400" dir="0" index="1" bw="1" slack="0"/>
<pin id="401" dir="0" index="2" bw="11" slack="0"/>
<pin id="402" dir="1" index="3" bw="12" slack="0"/>
</pin_list>
<bind>
<opcode="bitconcatenate(1004) " fcode="bitconcatenate"/>
<opset="tmp_2/4 "/>
</bind>
</comp>

<comp id="406" class="1004" name="LD_fu_406">
<pin_list>
<pin id="407" dir="0" index="0" bw="64" slack="0"/>
<pin id="408" dir="0" index="1" bw="63" slack="0"/>
<pin id="409" dir="0" index="2" bw="12" slack="0"/>
<pin id="410" dir="0" index="3" bw="7" slack="0"/>
<pin id="411" dir="0" index="4" bw="7" slack="0"/>
<pin id="412" dir="1" index="5" bw="64" slack="0"/>
</pin_list>
<bind>
<opcode="partset(1003) " fcode="partset"/>
<opset="LD/4 "/>
</bind>
</comp>

<comp id="418" class="1004" name="bitcast_ln767_fu_418">
<pin_list>
<pin id="419" dir="0" index="0" bw="64" slack="0"/>
<pin id="420" dir="1" index="1" bw="64" slack="0"/>
</pin_list>
<bind>
<opcode="bitcast(44) " fcode="bitcast"/>
<opset="bitcast_ln767/4 "/>
</bind>
</comp>

<comp id="422" class="1004" name="r_val_fu_422">
<pin_list>
<pin id="423" dir="0" index="0" bw="1" slack="0"/>
<pin id="424" dir="0" index="1" bw="64" slack="0"/>
<pin id="425" dir="0" index="2" bw="64" slack="0"/>
<pin id="426" dir="1" index="3" bw="64" slack="1"/>
</pin_list>
<bind>
<opcode="select(49) " fcode="select"/>
<opset="r_val/4 "/>
</bind>
</comp>

<comp id="430" class="1004" name="icmp_ln32_fu_430">
<pin_list>
<pin id="431" dir="0" index="0" bw="16" slack="0"/>
<pin id="432" dir="0" index="1" bw="1" slack="0"/>
<pin id="433" dir="1" index="2" bw="1" slack="0"/>
</pin_list>
<bind>
<opcode="icmp(45) " fcode="icmp"/>
<opset="icmp_ln32/4 "/>
</bind>
</comp>

<comp id="436" class="1004" name="tmp_7_fu_436">
<pin_list>
<pin id="437" dir="0" index="0" bw="1" slack="0"/>
<pin id="438" dir="0" index="1" bw="16" slack="0"/>
<pin id="439" dir="0" index="2" bw="5" slack="0"/>
<pin id="440" dir="1" index="3" bw="1" slack="0"/>
</pin_list>
<bind>
<opcode="bitselect(1000) " fcode="bitselect"/>
<opset="tmp_7/4 "/>
</bind>
</comp>

<comp id="444" class="1004" name="sub_ln32_fu_444">
<pin_list>
<pin id="445" dir="0" index="0" bw="1" slack="0"/>
<pin id="446" dir="0" index="1" bw="16" slack="0"/>
<pin id="447" dir="1" index="2" bw="16" slack="0"/>
</pin_list>
<bind>
<opcode="sub(10) " fcode="sub"/>
<opset="sub_ln32/4 "/>
</bind>
</comp>

<comp id="450" class="1004" name="select_ln32_fu_450">
<pin_list>
<pin id="451" dir="0" index="0" bw="1" slack="0"/>
<pin id="452" dir="0" index="1" bw="16" slack="0"/>
<pin id="453" dir="0" index="2" bw="16" slack="0"/>
<pin id="454" dir="1" index="3" bw="16" slack="0"/>
</pin_list>
<bind>
<opcode="select(49) " fcode="select"/>
<opset="select_ln32/4 "/>
</bind>
</comp>

<comp id="458" class="1004" name="tmp_1_fu_458">
<pin_list>
<pin id="459" dir="0" index="0" bw="16" slack="0"/>
<pin id="460" dir="0" index="1" bw="16" slack="0"/>
<pin id="461" dir="0" index="2" bw="1" slack="0"/>
<pin id="462" dir="1" index="3" bw="16" slack="0"/>
</pin_list>
<bind>
<opcode="ctlz(523) " fcode="ctlz"/>
<opset="tmp_1/4 "/>
</bind>
</comp>

<comp id="466" class="1004" name="trunc_ln32_fu_466">
<pin_list>
<pin id="467" dir="0" index="0" bw="16" slack="0"/>
<pin id="468" dir="1" index="1" bw="6" slack="0"/>
</pin_list>
<bind>
<opcode="trunc(33) " fcode="trunc"/>
<opset="trunc_ln32/4 "/>
</bind>
</comp>

<comp id="470" class="1004" name="trunc_ln32_1_fu_470">
<pin_list>
<pin id="471" dir="0" index="0" bw="16" slack="0"/>
<pin id="472" dir="1" index="1" bw="5" slack="0"/>
</pin_list>
<bind>
<opcode="trunc(33) " fcode="trunc"/>
<opset="trunc_ln32_1/4 "/>
</bind>
</comp>

<comp id="474" class="1004" name="zext_ln32_fu_474">
<pin_list>
<pin id="475" dir="0" index="0" bw="16" slack="0"/>
<pin id="476" dir="1" index="1" bw="64" slack="0"/>
</pin_list>
<bind>
<opcode="zext(34) " fcode="zext"/>
<opset="zext_ln32/4 "/>
</bind>
</comp>

<comp id="478" class="1004" name="add_ln32_fu_478">
<pin_list>
<pin id="479" dir="0" index="0" bw="6" slack="0"/>
<pin id="480" dir="0" index="1" bw="6" slack="0"/>
<pin id="481" dir="1" index="2" bw="6" slack="0"/>
</pin_list>
<bind>
<opcode="add(8) " fcode="add"/>
<opset="add_ln32/4 "/>
</bind>
</comp>

<comp id="484" class="1004" name="zext_ln32_1_fu_484">
<pin_list>
<pin id="485" dir="0" index="0" bw="6" slack="0"/>
<pin id="486" dir="1" index="1" bw="64" slack="0"/>
</pin_list>
<bind>
<opcode="zext(34) " fcode="zext"/>
<opset="zext_ln32_1/4 "/>
</bind>
</comp>

<comp id="488" class="1004" name="shl_ln32_fu_488">
<pin_list>
<pin id="489" dir="0" index="0" bw="16" slack="0"/>
<pin id="490" dir="0" index="1" bw="6" slack="0"/>
<pin id="491" dir="1" index="2" bw="64" slack="0"/>
</pin_list>
<bind>
<opcode="shl(20) " fcode="shl"/>
<opset="shl_ln32/4 "/>
</bind>
</comp>

<comp id="494" class="1004" name="lshr_ln1_fu_494">
<pin_list>
<pin id="495" dir="0" index="0" bw="63" slack="0"/>
<pin id="496" dir="0" index="1" bw="64" slack="0"/>
<pin id="497" dir="0" index="2" bw="1" slack="0"/>
<pin id="498" dir="0" index="3" bw="7" slack="0"/>
<pin id="499" dir="1" index="4" bw="63" slack="0"/>
</pin_list>
<bind>
<opcode="partselect(1002) " fcode="partselect"/>
<opset="lshr_ln1/4 "/>
</bind>
</comp>

<comp id="504" class="1004" name="zext_ln32_2_fu_504">
<pin_list>
<pin id="505" dir="0" index="0" bw="63" slack="0"/>
<pin id="506" dir="1" index="1" bw="64" slack="0"/>
</pin_list>
<bind>
<opcode="zext(34) " fcode="zext"/>
<opset="zext_ln32_2/4 "/>
</bind>
</comp>

<comp id="508" class="1004" name="tmp_8_fu_508">
<pin_list>
<pin id="509" dir="0" index="0" bw="1" slack="0"/>
<pin id="510" dir="0" index="1" bw="64" slack="0"/>
<pin id="511" dir="0" index="2" bw="7" slack="0"/>
<pin id="512" dir="1" index="3" bw="1" slack="0"/>
</pin_list>
<bind>
<opcode="bitselect(1000) " fcode="bitselect"/>
<opset="tmp_8/4 "/>
</bind>
</comp>

<comp id="516" class="1004" name="select_ln32_1_fu_516">
<pin_list>
<pin id="517" dir="0" index="0" bw="1" slack="0"/>
<pin id="518" dir="0" index="1" bw="11" slack="0"/>
<pin id="519" dir="0" index="2" bw="11" slack="0"/>
<pin id="520" dir="1" index="3" bw="11" slack="0"/>
</pin_list>
<bind>
<opcode="select(49) " fcode="select"/>
<opset="select_ln32_1/4 "/>
</bind>
</comp>

<comp id="524" class="1004" name="sub_ln32_1_fu_524">
<pin_list>
<pin id="525" dir="0" index="0" bw="5" slack="0"/>
<pin id="526" dir="0" index="1" bw="5" slack="0"/>
<pin id="527" dir="1" index="2" bw="5" slack="0"/>
</pin_list>
<bind>
<opcode="sub(10) " fcode="sub"/>
<opset="sub_ln32_1/4 "/>
</bind>
</comp>

<comp id="530" class="1004" name="sext_ln32_fu_530">
<pin_list>
<pin id="531" dir="0" index="0" bw="5" slack="0"/>
<pin id="532" dir="1" index="1" bw="11" slack="0"/>
</pin_list>
<bind>
<opcode="sext(35) " fcode="sext"/>
<opset="sext_ln32/4 "/>
</bind>
</comp>

<comp id="534" class="1004" name="add_ln32_1_fu_534">
<pin_list>
<pin id="535" dir="0" index="0" bw="5" slack="0"/>
<pin id="536" dir="0" index="1" bw="11" slack="0"/>
<pin id="537" dir="1" index="2" bw="11" slack="0"/>
</pin_list>
<bind>
<opcode="add(8) " fcode="add"/>
<opset="add_ln32_1/4 "/>
</bind>
</comp>

<comp id="540" class="1004" name="tmp_3_fu_540">
<pin_list>
<pin id="541" dir="0" index="0" bw="12" slack="0"/>
<pin id="542" dir="0" index="1" bw="1" slack="0"/>
<pin id="543" dir="0" index="2" bw="11" slack="0"/>
<pin id="544" dir="1" index="3" bw="12" slack="0"/>
</pin_list>
<bind>
<opcode="bitconcatenate(1004) " fcode="bitconcatenate"/>
<opset="tmp_3/4 "/>
</bind>
</comp>

<comp id="548" class="1004" name="LD_1_fu_548">
<pin_list>
<pin id="549" dir="0" index="0" bw="64" slack="0"/>
<pin id="550" dir="0" index="1" bw="63" slack="0"/>
<pin id="551" dir="0" index="2" bw="12" slack="0"/>
<pin id="552" dir="0" index="3" bw="7" slack="0"/>
<pin id="553" dir="0" index="4" bw="7" slack="0"/>
<pin id="554" dir="1" index="5" bw="64" slack="0"/>
</pin_list>
<bind>
<opcode="partset(1003) " fcode="partset"/>
<opset="LD_1/4 "/>
</bind>
</comp>

<comp id="560" class="1004" name="bitcast_ln767_1_fu_560">
<pin_list>
<pin id="561" dir="0" index="0" bw="64" slack="0"/>
<pin id="562" dir="1" index="1" bw="64" slack="0"/>
</pin_list>
<bind>
<opcode="bitcast(44) " fcode="bitcast"/>
<opset="bitcast_ln767_1/4 "/>
</bind>
</comp>

<comp id="564" class="1004" name="n_val_fu_564">
<pin_list>
<pin id="565" dir="0" index="0" bw="1" slack="0"/>
<pin id="566" dir="0" index="1" bw="64" slack="0"/>
<pin id="567" dir="0" index="2" bw="64" slack="0"/>
<pin id="568" dir="1" index="3" bw="64" slack="1"/>
</pin_list>
<bind>
<opcode="select(49) " fcode="select"/>
<opset="n_val/4 "/>
</bind>
</comp>

<comp id="572" class="1004" name="bitcast_ln33_fu_572">
<pin_list>
<pin id="573" dir="0" index="0" bw="64" slack="2"/>
<pin id="574" dir="1" index="1" bw="64" slack="0"/>
</pin_list>
<bind>
<opcode="bitcast(44) " fcode="bitcast"/>
<opset="bitcast_ln33/11 "/>
</bind>
</comp>

<comp id="575" class="1004" name="tmp_9_fu_575">
<pin_list>
<pin id="576" dir="0" index="0" bw="11" slack="0"/>
<pin id="577" dir="0" index="1" bw="64" slack="0"/>
<pin id="578" dir="0" index="2" bw="7" slack="0"/>
<pin id="579" dir="0" index="3" bw="7" slack="0"/>
<pin id="580" dir="1" index="4" bw="11" slack="0"/>
</pin_list>
<bind>
<opcode="partselect(1002) " fcode="partselect"/>
<opset="tmp_9/11 "/>
</bind>
</comp>

<comp id="585" class="1004" name="trunc_ln33_fu_585">
<pin_list>
<pin id="586" dir="0" index="0" bw="64" slack="0"/>
<pin id="587" dir="1" index="1" bw="52" slack="0"/>
</pin_list>
<bind>
<opcode="trunc(33) " fcode="trunc"/>
<opset="trunc_ln33/11 "/>
</bind>
</comp>

<comp id="589" class="1004" name="icmp_ln33_fu_589">
<pin_list>
<pin id="590" dir="0" index="0" bw="11" slack="0"/>
<pin id="591" dir="0" index="1" bw="1" slack="0"/>
<pin id="592" dir="1" index="2" bw="1" slack="0"/>
</pin_list>
<bind>
<opcode="icmp(45) " fcode="icmp"/>
<opset="icmp_ln33/11 "/>
</bind>
</comp>

<comp id="595" class="1004" name="icmp_ln33_1_fu_595">
<pin_list>
<pin id="596" dir="0" index="0" bw="52" slack="0"/>
<pin id="597" dir="0" index="1" bw="1" slack="0"/>
<pin id="598" dir="1" index="2" bw="1" slack="0"/>
</pin_list>
<bind>
<opcode="icmp(45) " fcode="icmp"/>
<opset="icmp_ln33_1/11 "/>
</bind>
</comp>

<comp id="601" class="1004" name="or_ln33_fu_601">
<pin_list>
<pin id="602" dir="0" index="0" bw="1" slack="0"/>
<pin id="603" dir="0" index="1" bw="1" slack="0"/>
<pin id="604" dir="1" index="2" bw="1" slack="0"/>
</pin_list>
<bind>
<opcode="or(24) " fcode="or"/>
<opset="or_ln33/11 "/>
</bind>
</comp>

<comp id="607" class="1004" name="and_ln33_fu_607">
<pin_list>
<pin id="608" dir="0" index="0" bw="1" slack="0"/>
<pin id="609" dir="0" index="1" bw="1" slack="0"/>
<pin id="610" dir="1" index="2" bw="1" slack="28"/>
</pin_list>
<bind>
<opcode="and(23) " fcode="and"/>
<opset="and_ln33/11 "/>
</bind>
</comp>

<comp id="613" class="1004" name="bitcast_ln735_fu_613">
<pin_list>
<pin id="614" dir="0" index="0" bw="64" slack="1"/>
<pin id="615" dir="1" index="1" bw="64" slack="0"/>
</pin_list>
<bind>
<opcode="bitcast(44) " fcode="bitcast"/>
<opset="bitcast_ln735/38 "/>
</bind>
</comp>

<comp id="616" class="1004" name="trunc_ln34_fu_616">
<pin_list>
<pin id="617" dir="0" index="0" bw="64" slack="0"/>
<pin id="618" dir="1" index="1" bw="63" slack="0"/>
</pin_list>
<bind>
<opcode="trunc(33) " fcode="trunc"/>
<opset="trunc_ln34/38 "/>
</bind>
</comp>

<comp id="620" class="1004" name="tmp_11_fu_620">
<pin_list>
<pin id="621" dir="0" index="0" bw="1" slack="0"/>
<pin id="622" dir="0" index="1" bw="64" slack="0"/>
<pin id="623" dir="0" index="2" bw="7" slack="0"/>
<pin id="624" dir="1" index="3" bw="1" slack="0"/>
</pin_list>
<bind>
<opcode="bitselect(1000) " fcode="bitselect"/>
<opset="tmp_11/38 "/>
</bind>
</comp>

<comp id="628" class="1004" name="tmp_6_fu_628">
<pin_list>
<pin id="629" dir="0" index="0" bw="11" slack="0"/>
<pin id="630" dir="0" index="1" bw="64" slack="0"/>
<pin id="631" dir="0" index="2" bw="7" slack="0"/>
<pin id="632" dir="1" index="3" bw="11" slack="0"/>
</pin_list>
<bind>
<opcode="partselect(1002) " fcode="partselect"/>
<opset="tmp_6/38 "/>
</bind>
</comp>

<comp id="636" class="1004" name="zext_ln34_fu_636">
<pin_list>
<pin id="637" dir="0" index="0" bw="11" slack="0"/>
<pin id="638" dir="1" index="1" bw="12" slack="0"/>
</pin_list>
<bind>
<opcode="zext(34) " fcode="zext"/>
<opset="zext_ln34/38 "/>
</bind>
</comp>

<comp id="640" class="1004" name="add_ln34_fu_640">
<pin_list>
<pin id="641" dir="0" index="0" bw="11" slack="0"/>
<pin id="642" dir="0" index="1" bw="11" slack="0"/>
<pin id="643" dir="1" index="2" bw="12" slack="0"/>
</pin_list>
<bind>
<opcode="add(8) " fcode="add"/>
<opset="add_ln34/38 "/>
</bind>
</comp>

<comp id="646" class="1004" name="trunc_ln34_1_fu_646">
<pin_list>
<pin id="647" dir="0" index="0" bw="64" slack="0"/>
<pin id="648" dir="1" index="1" bw="52" slack="0"/>
</pin_list>
<bind>
<opcode="trunc(33) " fcode="trunc"/>
<opset="trunc_ln34_1/38 "/>
</bind>
</comp>

<comp id="650" class="1004" name="zext_ln34_1_cast_fu_650">
<pin_list>
<pin id="651" dir="0" index="0" bw="53" slack="0"/>
<pin id="652" dir="0" index="1" bw="1" slack="0"/>
<pin id="653" dir="0" index="2" bw="52" slack="0"/>
<pin id="654" dir="1" index="3" bw="53" slack="0"/>
</pin_list>
<bind>
<opcode="bitconcatenate(1004) " fcode="bitconcatenate"/>
<opset="zext_ln34_1_cast/38 "/>
</bind>
</comp>

<comp id="658" class="1004" name="zext_ln34_1_fu_658">
<pin_list>
<pin id="659" dir="0" index="0" bw="53" slack="0"/>
<pin id="660" dir="1" index="1" bw="54" slack="0"/>
</pin_list>
<bind>
<opcode="zext(34) " fcode="zext"/>
<opset="zext_ln34_1/38 "/>
</bind>
</comp>

<comp id="662" class="1004" name="sub_ln34_fu_662">
<pin_list>
<pin id="663" dir="0" index="0" bw="1" slack="0"/>
<pin id="664" dir="0" index="1" bw="53" slack="0"/>
<pin id="665" dir="1" index="2" bw="54" slack="0"/>
</pin_list>
<bind>
<opcode="sub(10) " fcode="sub"/>
<opset="sub_ln34/38 "/>
</bind>
</comp>

<comp id="668" class="1004" name="select_ln34_fu_668">
<pin_list>
<pin id="669" dir="0" index="0" bw="1" slack="0"/>
<pin id="670" dir="0" index="1" bw="54" slack="0"/>
<pin id="671" dir="0" index="2" bw="53" slack="0"/>
<pin id="672" dir="1" index="3" bw="54" slack="0"/>
</pin_list>
<bind>
<opcode="select(49) " fcode="select"/>
<opset="select_ln34/38 "/>
</bind>
</comp>

<comp id="676" class="1004" name="icmp_ln34_fu_676">
<pin_list>
<pin id="677" dir="0" index="0" bw="63" slack="0"/>
<pin id="678" dir="0" index="1" bw="1" slack="0"/>
<pin id="679" dir="1" index="2" bw="1" slack="0"/>
</pin_list>
<bind>
<opcode="icmp(45) " fcode="icmp"/>
<opset="icmp_ln34/38 "/>
</bind>
</comp>

<comp id="682" class="1004" name="sub_ln34_1_fu_682">
<pin_list>
<pin id="683" dir="0" index="0" bw="12" slack="0"/>
<pin id="684" dir="0" index="1" bw="11" slack="0"/>
<pin id="685" dir="1" index="2" bw="12" slack="0"/>
</pin_list>
<bind>
<opcode="sub(10) " fcode="sub"/>
<opset="sub_ln34_1/38 "/>
</bind>
</comp>

<comp id="688" class="1004" name="trunc_ln34_2_fu_688">
<pin_list>
<pin id="689" dir="0" index="0" bw="12" slack="0"/>
<pin id="690" dir="1" index="1" bw="6" slack="0"/>
</pin_list>
<bind>
<opcode="trunc(33) " fcode="trunc"/>
<opset="trunc_ln34_2/38 "/>
</bind>
</comp>

<comp id="692" class="1004" name="trunc_ln34_3_fu_692">
<pin_list>
<pin id="693" dir="0" index="0" bw="12" slack="0"/>
<pin id="694" dir="1" index="1" bw="11" slack="0"/>
</pin_list>
<bind>
<opcode="trunc(33) " fcode="trunc"/>
<opset="trunc_ln34_3/38 "/>
</bind>
</comp>

<comp id="696" class="1004" name="icmp_ln34_1_fu_696">
<pin_list>
<pin id="697" dir="0" index="0" bw="12" slack="0"/>
<pin id="698" dir="0" index="1" bw="5" slack="0"/>
<pin id="699" dir="1" index="2" bw="1" slack="0"/>
</pin_list>
<bind>
<opcode="icmp(45) " fcode="icmp"/>
<opset="icmp_ln34_1/38 "/>
</bind>
</comp>

<comp id="702" class="1004" name="add_ln34_1_fu_702">
<pin_list>
<pin id="703" dir="0" index="0" bw="12" slack="0"/>
<pin id="704" dir="0" index="1" bw="4" slack="0"/>
<pin id="705" dir="1" index="2" bw="12" slack="0"/>
</pin_list>
<bind>
<opcode="add(8) " fcode="add"/>
<opset="add_ln34_1/38 "/>
</bind>
</comp>

<comp id="708" class="1004" name="trunc_ln34_4_fu_708">
<pin_list>
<pin id="709" dir="0" index="0" bw="12" slack="0"/>
<pin id="710" dir="1" index="1" bw="11" slack="0"/>
</pin_list>
<bind>
<opcode="trunc(33) " fcode="trunc"/>
<opset="trunc_ln34_4/38 "/>
</bind>
</comp>

<comp id="712" class="1004" name="sub_ln34_2_fu_712">
<pin_list>
<pin id="713" dir="0" index="0" bw="5" slack="0"/>
<pin id="714" dir="0" index="1" bw="11" slack="0"/>
<pin id="715" dir="1" index="2" bw="11" slack="0"/>
</pin_list>
<bind>
<opcode="sub(10) " fcode="sub"/>
<opset="sub_ln34_2/38 "/>
</bind>
</comp>

<comp id="718" class="1004" name="select_ln34_1_fu_718">
<pin_list>
<pin id="719" dir="0" index="0" bw="1" slack="0"/>
<pin id="720" dir="0" index="1" bw="11" slack="0"/>
<pin id="721" dir="0" index="2" bw="11" slack="0"/>
<pin id="722" dir="1" index="3" bw="11" slack="0"/>
</pin_list>
<bind>
<opcode="select(49) " fcode="select"/>
<opset="select_ln34_1/38 "/>
</bind>
</comp>

<comp id="726" class="1004" name="icmp_ln34_2_fu_726">
<pin_list>
<pin id="727" dir="0" index="0" bw="12" slack="0"/>
<pin id="728" dir="0" index="1" bw="5" slack="0"/>
<pin id="729" dir="1" index="2" bw="1" slack="0"/>
</pin_list>
<bind>
<opcode="icmp(45) " fcode="icmp"/>
<opset="icmp_ln34_2/38 "/>
</bind>
</comp>

<comp id="732" class="1004" name="trunc_ln34_5_fu_732">
<pin_list>
<pin id="733" dir="0" index="0" bw="54" slack="0"/>
<pin id="734" dir="1" index="1" bw="16" slack="0"/>
</pin_list>
<bind>
<opcode="trunc(33) " fcode="trunc"/>
<opset="trunc_ln34_5/38 "/>
</bind>
</comp>

<comp id="736" class="1004" name="icmp_ln34_3_fu_736">
<pin_list>
<pin id="737" dir="0" index="0" bw="11" slack="0"/>
<pin id="738" dir="0" index="1" bw="7" slack="0"/>
<pin id="739" dir="1" index="2" bw="1" slack="0"/>
</pin_list>
<bind>
<opcode="icmp(45) " fcode="icmp"/>
<opset="icmp_ln34_3/38 "/>
</bind>
</comp>

<comp id="742" class="1004" name="select_ln34_6_fu_742">
<pin_list>
<pin id="743" dir="0" index="0" bw="1" slack="0"/>
<pin id="744" dir="0" index="1" bw="1" slack="0"/>
<pin id="745" dir="0" index="2" bw="1" slack="0"/>
<pin id="746" dir="1" index="3" bw="16" slack="0"/>
</pin_list>
<bind>
<opcode="select(49) " fcode="select"/>
<opset="select_ln34_6/38 "/>
</bind>
</comp>

<comp id="750" class="1004" name="zext_ln34_2_fu_750">
<pin_list>
<pin id="751" dir="0" index="0" bw="11" slack="0"/>
<pin id="752" dir="1" index="1" bw="54" slack="0"/>
</pin_list>
<bind>
<opcode="zext(34) " fcode="zext"/>
<opset="zext_ln34_2/38 "/>
</bind>
</comp>

<comp id="754" class="1004" name="ashr_ln34_fu_754">
<pin_list>
<pin id="755" dir="0" index="0" bw="54" slack="0"/>
<pin id="756" dir="0" index="1" bw="11" slack="0"/>
<pin id="757" dir="1" index="2" bw="54" slack="0"/>
</pin_list>
<bind>
<opcode="ashr(22) " fcode="ashr"/>
<opset="ashr_ln34/38 "/>
</bind>
</comp>

<comp id="760" class="1004" name="trunc_ln34_6_fu_760">
<pin_list>
<pin id="761" dir="0" index="0" bw="54" slack="0"/>
<pin id="762" dir="1" index="1" bw="16" slack="0"/>
</pin_list>
<bind>
<opcode="trunc(33) " fcode="trunc"/>
<opset="trunc_ln34_6/38 "/>
</bind>
</comp>

<comp id="764" class="1004" name="select_ln34_2_fu_764">
<pin_list>
<pin id="765" dir="0" index="0" bw="1" slack="0"/>
<pin id="766" dir="0" index="1" bw="16" slack="0"/>
<pin id="767" dir="0" index="2" bw="16" slack="0"/>
<pin id="768" dir="1" index="3" bw="16" slack="0"/>
</pin_list>
<bind>
<opcode="select(49) " fcode="select"/>
<opset="select_ln34_2/38 "/>
</bind>
</comp>

<comp id="772" class="1004" name="icmp_ln34_4_fu_772">
<pin_list>
<pin id="773" dir="0" index="0" bw="12" slack="0"/>
<pin id="774" dir="0" index="1" bw="7" slack="0"/>
<pin id="775" dir="1" index="2" bw="1" slack="0"/>
</pin_list>
<bind>
<opcode="icmp(45) " fcode="icmp"/>
<opset="icmp_ln34_4/38 "/>
</bind>
</comp>

<comp id="778" class="1004" name="tmp_12_fu_778">
<pin_list>
<pin id="779" dir="0" index="0" bw="7" slack="0"/>
<pin id="780" dir="0" index="1" bw="11" slack="0"/>
<pin id="781" dir="0" index="2" bw="4" slack="0"/>
<pin id="782" dir="0" index="3" bw="5" slack="0"/>
<pin id="783" dir="1" index="4" bw="7" slack="0"/>
</pin_list>
<bind>
<opcode="partselect(1002) " fcode="partselect"/>
<opset="tmp_12/38 "/>
</bind>
</comp>

<comp id="788" class="1004" name="icmp_ln34_5_fu_788">
<pin_list>
<pin id="789" dir="0" index="0" bw="7" slack="0"/>
<pin id="790" dir="0" index="1" bw="1" slack="0"/>
<pin id="791" dir="1" index="2" bw="1" slack="0"/>
</pin_list>
<bind>
<opcode="icmp(45) " fcode="icmp"/>
<opset="icmp_ln34_5/38 "/>
</bind>
</comp>

<comp id="794" class="1004" name="select_ln34_1cast_fu_794">
<pin_list>
<pin id="795" dir="0" index="0" bw="11" slack="0"/>
<pin id="796" dir="1" index="1" bw="16" slack="0"/>
</pin_list>
<bind>
<opcode="zext(34) " fcode="zext"/>
<opset="select_ln34_1cast/38 "/>
</bind>
</comp>

<comp id="798" class="1004" name="shl_ln34_fu_798">
<pin_list>
<pin id="799" dir="0" index="0" bw="16" slack="0"/>
<pin id="800" dir="0" index="1" bw="11" slack="0"/>
<pin id="801" dir="1" index="2" bw="16" slack="0"/>
</pin_list>
<bind>
<opcode="shl(20) " fcode="shl"/>
<opset="shl_ln34/38 "/>
</bind>
</comp>

<comp id="804" class="1004" name="select_ln34_3_fu_804">
<pin_list>
<pin id="805" dir="0" index="0" bw="1" slack="0"/>
<pin id="806" dir="0" index="1" bw="16" slack="0"/>
<pin id="807" dir="0" index="2" bw="1" slack="0"/>
<pin id="808" dir="1" index="3" bw="16" slack="0"/>
</pin_list>
<bind>
<opcode="select(49) " fcode="select"/>
<opset="select_ln34_3/38 "/>
</bind>
</comp>

<comp id="812" class="1004" name="add_ln34_2_fu_812">
<pin_list>
<pin id="813" dir="0" index="0" bw="6" slack="0"/>
<pin id="814" dir="0" index="1" bw="5" slack="0"/>
<pin id="815" dir="1" index="2" bw="6" slack="0"/>
</pin_list>
<bind>
<opcode="add(8) " fcode="add"/>
<opset="add_ln34_2/38 "/>
</bind>
</comp>

<comp id="818" class="1004" name="tmp_13_fu_818">
<pin_list>
<pin id="819" dir="0" index="0" bw="1" slack="0"/>
<pin id="820" dir="0" index="1" bw="54" slack="0"/>
<pin id="821" dir="0" index="2" bw="6" slack="0"/>
<pin id="822" dir="1" index="3" bw="1" slack="0"/>
</pin_list>
<bind>
<opcode="bitselect(1000) " fcode="bitselect"/>
<opset="tmp_13/38 "/>
</bind>
</comp>

<comp id="826" class="1004" name="cond64_i_fu_826">
<pin_list>
<pin id="827" dir="0" index="0" bw="1" slack="0"/>
<pin id="828" dir="0" index="1" bw="1" slack="0"/>
<pin id="829" dir="0" index="2" bw="1" slack="0"/>
<pin id="830" dir="1" index="3" bw="1" slack="0"/>
</pin_list>
<bind>
<opcode="select(49) " fcode="select"/>
<opset="cond64_i/38 "/>
</bind>
</comp>

<comp id="834" class="1004" name="tmp_14_fu_834">
<pin_list>
<pin id="835" dir="0" index="0" bw="1" slack="0"/>
<pin id="836" dir="0" index="1" bw="16" slack="0"/>
<pin id="837" dir="0" index="2" bw="5" slack="0"/>
<pin id="838" dir="1" index="3" bw="1" slack="0"/>
</pin_list>
<bind>
<opcode="bitselect(1000) " fcode="bitselect"/>
<opset="tmp_14/38 "/>
</bind>
</comp>

<comp id="842" class="1004" name="zext_ln34_3_fu_842">
<pin_list>
<pin id="843" dir="0" index="0" bw="1" slack="0"/>
<pin id="844" dir="1" index="1" bw="16" slack="0"/>
</pin_list>
<bind>
<opcode="zext(34) " fcode="zext"/>
<opset="zext_ln34_3/38 "/>
</bind>
</comp>

<comp id="846" class="1004" name="add_ln34_3_fu_846">
<pin_list>
<pin id="847" dir="0" index="0" bw="16" slack="0"/>
<pin id="848" dir="0" index="1" bw="1" slack="0"/>
<pin id="849" dir="1" index="2" bw="16" slack="0"/>
</pin_list>
<bind>
<opcode="add(8) " fcode="add"/>
<opset="add_ln34_3/38 "/>
</bind>
</comp>

<comp id="852" class="1004" name="tmp_15_fu_852">
<pin_list>
<pin id="853" dir="0" index="0" bw="1" slack="0"/>
<pin id="854" dir="0" index="1" bw="16" slack="0"/>
<pin id="855" dir="0" index="2" bw="5" slack="0"/>
<pin id="856" dir="1" index="3" bw="1" slack="0"/>
</pin_list>
<bind>
<opcode="bitselect(1000) " fcode="bitselect"/>
<opset="tmp_15/38 "/>
</bind>
</comp>

<comp id="860" class="1004" name="xor_ln34_fu_860">
<pin_list>
<pin id="861" dir="0" index="0" bw="1" slack="0"/>
<pin id="862" dir="0" index="1" bw="1" slack="0"/>
<pin id="863" dir="1" index="2" bw="1" slack="0"/>
</pin_list>
<bind>
<opcode="xor(25) " fcode="xor"/>
<opset="xor_ln34/38 "/>
</bind>
</comp>

<comp id="866" class="1004" name="xor_ln34_2_fu_866">
<pin_list>
<pin id="867" dir="0" index="0" bw="1" slack="0"/>
<pin id="868" dir="0" index="1" bw="1" slack="0"/>
<pin id="869" dir="1" index="2" bw="1" slack="0"/>
</pin_list>
<bind>
<opcode="xor(25) " fcode="xor"/>
<opset="xor_ln34_2/38 "/>
</bind>
</comp>

<comp id="872" class="1004" name="and_ln34_fu_872">
<pin_list>
<pin id="873" dir="0" index="0" bw="1" slack="0"/>
<pin id="874" dir="0" index="1" bw="1" slack="0"/>
<pin id="875" dir="1" index="2" bw="1" slack="0"/>
</pin_list>
<bind>
<opcode="and(23) " fcode="and"/>
<opset="and_ln34/38 "/>
</bind>
</comp>

<comp id="878" class="1004" name="sel_tmp2_fu_878">
<pin_list>
<pin id="879" dir="0" index="0" bw="2" slack="0"/>
<pin id="880" dir="0" index="1" bw="1" slack="0"/>
<pin id="881" dir="0" index="2" bw="1" slack="0"/>
<pin id="882" dir="1" index="3" bw="2" slack="0"/>
</pin_list>
<bind>
<opcode="bitconcatenate(1004) " fcode="bitconcatenate"/>
<opset="sel_tmp2/38 "/>
</bind>
</comp>

<comp id="886" class="1004" name="ref_tmp_fu_886">
<pin_list>
<pin id="887" dir="0" index="0" bw="16" slack="0"/>
<pin id="888" dir="0" index="1" bw="2" slack="0"/>
<pin id="889" dir="0" index="2" bw="16" slack="0"/>
<pin id="890" dir="0" index="3" bw="2" slack="0"/>
<pin id="891" dir="0" index="4" bw="16" slack="0"/>
<pin id="892" dir="0" index="5" bw="2" slack="0"/>
<pin id="893" dir="0" index="6" bw="16" slack="0"/>
<pin id="894" dir="0" index="7" bw="16" slack="0"/>
<pin id="895" dir="0" index="8" bw="2" slack="0"/>
<pin id="896" dir="1" index="9" bw="16" slack="0"/>
</pin_list>
<bind>
<opcode="sparsemux(1197) " fcode="sparsemux"/>
<opset="ref_tmp/38 "/>
</bind>
</comp>

<comp id="906" class="1004" name="and_ln34_10_fu_906">
<pin_list>
<pin id="907" dir="0" index="0" bw="1" slack="0"/>
<pin id="908" dir="0" index="1" bw="1" slack="0"/>
<pin id="909" dir="1" index="2" bw="1" slack="0"/>
</pin_list>
<bind>
<opcode="and(23) " fcode="and"/>
<opset="and_ln34_10/38 "/>
</bind>
</comp>

<comp id="912" class="1004" name="carry_1_i_fu_912">
<pin_list>
<pin id="913" dir="0" index="0" bw="1" slack="0"/>
<pin id="914" dir="0" index="1" bw="1" slack="0"/>
<pin id="915" dir="1" index="2" bw="1" slack="0"/>
</pin_list>
<bind>
<opcode="and(23) " fcode="and"/>
<opset="carry_1_i/38 "/>
</bind>
</comp>

<comp id="918" class="1004" name="select_ln34_7_fu_918">
<pin_list>
<pin id="919" dir="0" index="0" bw="1" slack="0"/>
<pin id="920" dir="0" index="1" bw="3" slack="0"/>
<pin id="921" dir="0" index="2" bw="1" slack="0"/>
<pin id="922" dir="1" index="3" bw="12" slack="0"/>
</pin_list>
<bind>
<opcode="select(49) " fcode="select"/>
<opset="select_ln34_7/38 "/>
</bind>
</comp>

<comp id="926" class="1004" name="add_ln34_4_fu_926">
<pin_list>
<pin id="927" dir="0" index="0" bw="3" slack="0"/>
<pin id="928" dir="0" index="1" bw="12" slack="0"/>
<pin id="929" dir="1" index="2" bw="12" slack="0"/>
</pin_list>
<bind>
<opcode="add(8) " fcode="add"/>
<opset="add_ln34_4/38 "/>
</bind>
</comp>

<comp id="932" class="1004" name="tmp_16_fu_932">
<pin_list>
<pin id="933" dir="0" index="0" bw="9" slack="0"/>
<pin id="934" dir="0" index="1" bw="12" slack="0"/>
<pin id="935" dir="0" index="2" bw="3" slack="0"/>
<pin id="936" dir="0" index="3" bw="5" slack="0"/>
<pin id="937" dir="1" index="4" bw="9" slack="0"/>
</pin_list>
<bind>
<opcode="partselect(1002) " fcode="partselect"/>
<opset="tmp_16/38 "/>
</bind>
</comp>

<comp id="942" class="1004" name="icmp_ln34_6_fu_942">
<pin_list>
<pin id="943" dir="0" index="0" bw="9" slack="0"/>
<pin id="944" dir="0" index="1" bw="1" slack="0"/>
<pin id="945" dir="1" index="2" bw="1" slack="0"/>
</pin_list>
<bind>
<opcode="icmp(45) " fcode="icmp"/>
<opset="icmp_ln34_6/38 "/>
</bind>
</comp>

<comp id="948" class="1004" name="add_ln34_5_fu_948">
<pin_list>
<pin id="949" dir="0" index="0" bw="12" slack="0"/>
<pin id="950" dir="0" index="1" bw="5" slack="0"/>
<pin id="951" dir="1" index="2" bw="12" slack="0"/>
</pin_list>
<bind>
<opcode="add(8) " fcode="add"/>
<opset="add_ln34_5/38 "/>
</bind>
</comp>

<comp id="954" class="1004" name="trunc_ln34_8_fu_954">
<pin_list>
<pin id="955" dir="0" index="0" bw="12" slack="0"/>
<pin id="956" dir="1" index="1" bw="6" slack="0"/>
</pin_list>
<bind>
<opcode="trunc(33) " fcode="trunc"/>
<opset="trunc_ln34_8/38 "/>
</bind>
</comp>

<comp id="958" class="1004" name="add_ln34_6_fu_958">
<pin_list>
<pin id="959" dir="0" index="0" bw="12" slack="0"/>
<pin id="960" dir="0" index="1" bw="5" slack="0"/>
<pin id="961" dir="1" index="2" bw="12" slack="0"/>
</pin_list>
<bind>
<opcode="add(8) " fcode="add"/>
<opset="add_ln34_6/38 "/>
</bind>
</comp>

<comp id="964" class="1004" name="tmp_17_fu_964">
<pin_list>
<pin id="965" dir="0" index="0" bw="1" slack="0"/>
<pin id="966" dir="0" index="1" bw="16" slack="0"/>
<pin id="967" dir="0" index="2" bw="5" slack="0"/>
<pin id="968" dir="1" index="3" bw="1" slack="0"/>
</pin_list>
<bind>
<opcode="bitselect(1000) " fcode="bitselect"/>
<opset="tmp_17/38 "/>
</bind>
</comp>

<comp id="972" class="1004" name="icmp_ln34_7_fu_972">
<pin_list>
<pin id="973" dir="0" index="0" bw="12" slack="0"/>
<pin id="974" dir="0" index="1" bw="7" slack="0"/>
<pin id="975" dir="1" index="2" bw="1" slack="0"/>
</pin_list>
<bind>
<opcode="icmp(45) " fcode="icmp"/>
<opset="icmp_ln34_7/38 "/>
</bind>
</comp>

<comp id="978" class="1004" name="tmp_18_fu_978">
<pin_list>
<pin id="979" dir="0" index="0" bw="1" slack="0"/>
<pin id="980" dir="0" index="1" bw="12" slack="0"/>
<pin id="981" dir="0" index="2" bw="5" slack="0"/>
<pin id="982" dir="1" index="3" bw="1" slack="0"/>
</pin_list>
<bind>
<opcode="bitselect(1000) " fcode="bitselect"/>
<opset="tmp_18/38 "/>
</bind>
</comp>

<comp id="986" class="1004" name="xor_ln34_9_fu_986">
<pin_list>
<pin id="987" dir="0" index="0" bw="1" slack="0"/>
<pin id="988" dir="0" index="1" bw="1" slack="0"/>
<pin id="989" dir="1" index="2" bw="1" slack="0"/>
</pin_list>
<bind>
<opcode="xor(25) " fcode="xor"/>
<opset="xor_ln34_9/38 "/>
</bind>
</comp>

<comp id="992" class="1004" name="icmp_ln34_8_fu_992">
<pin_list>
<pin id="993" dir="0" index="0" bw="12" slack="0"/>
<pin id="994" dir="0" index="1" bw="7" slack="0"/>
<pin id="995" dir="1" index="2" bw="1" slack="0"/>
</pin_list>
<bind>
<opcode="icmp(45) " fcode="icmp"/>
<opset="icmp_ln34_8/38 "/>
</bind>
</comp>

<comp id="998" class="1004" name="tobool134_i_fu_998">
<pin_list>
<pin id="999" dir="0" index="0" bw="1" slack="0"/>
<pin id="1000" dir="0" index="1" bw="54" slack="0"/>
<pin id="1001" dir="0" index="2" bw="6" slack="0"/>
<pin id="1002" dir="1" index="3" bw="1" slack="0"/>
</pin_list>
<bind>
<opcode="bitselect(1000) " fcode="bitselect"/>
<opset="tobool134_i/38 "/>
</bind>
</comp>

<comp id="1006" class="1004" name="lD_0_i_fu_1006">
<pin_list>
<pin id="1007" dir="0" index="0" bw="1" slack="0"/>
<pin id="1008" dir="0" index="1" bw="1" slack="0"/>
<pin id="1009" dir="1" index="2" bw="1" slack="0"/>
</pin_list>
<bind>
<opcode="and(23) " fcode="and"/>
<opset="lD_0_i/38 "/>
</bind>
</comp>

<comp id="1012" class="1004" name="icmp_ln34_9_fu_1012">
<pin_list>
<pin id="1013" dir="0" index="0" bw="12" slack="0"/>
<pin id="1014" dir="0" index="1" bw="7" slack="0"/>
<pin id="1015" dir="1" index="2" bw="1" slack="0"/>
</pin_list>
<bind>
<opcode="icmp(45) " fcode="icmp"/>
<opset="icmp_ln34_9/38 "/>
</bind>
</comp>

<comp id="1018" class="1004" name="icmp_ln34_10_fu_1018">
<pin_list>
<pin id="1019" dir="0" index="0" bw="12" slack="0"/>
<pin id="1020" dir="0" index="1" bw="7" slack="0"/>
<pin id="1021" dir="1" index="2" bw="1" slack="0"/>
</pin_list>
<bind>
<opcode="icmp(45) " fcode="icmp"/>
<opset="icmp_ln34_10/38 "/>
</bind>
</comp>

<comp id="1024" class="1004" name="and_ln34_1_fu_1024">
<pin_list>
<pin id="1025" dir="0" index="0" bw="1" slack="0"/>
<pin id="1026" dir="0" index="1" bw="1" slack="0"/>
<pin id="1027" dir="1" index="2" bw="1" slack="0"/>
</pin_list>
<bind>
<opcode="and(23) " fcode="and"/>
<opset="and_ln34_1/38 "/>
</bind>
</comp>

<comp id="1030" class="1004" name="sext_ln34_1_fu_1030">
<pin_list>
<pin id="1031" dir="0" index="0" bw="12" slack="0"/>
<pin id="1032" dir="1" index="1" bw="32" slack="0"/>
</pin_list>
<bind>
<opcode="sext(35) " fcode="sext"/>
<opset="sext_ln34_1/38 "/>
</bind>
</comp>

<comp id="1034" class="1004" name="zext_ln34_5_fu_1034">
<pin_list>
<pin id="1035" dir="0" index="0" bw="12" slack="0"/>
<pin id="1036" dir="1" index="1" bw="54" slack="0"/>
</pin_list>
<bind>
<opcode="zext(34) " fcode="zext"/>
<opset="zext_ln34_5/38 "/>
</bind>
</comp>

<comp id="1038" class="1004" name="lshr_ln34_fu_1038">
<pin_list>
<pin id="1039" dir="0" index="0" bw="54" slack="0"/>
<pin id="1040" dir="0" index="1" bw="32" slack="0"/>
<pin id="1041" dir="1" index="2" bw="54" slack="0"/>
</pin_list>
<bind>
<opcode="lshr(21) " fcode="lshr"/>
<opset="lshr_ln34/38 "/>
</bind>
</comp>

<comp id="1044" class="1004" name="lshr_ln34_1_fu_1044">
<pin_list>
<pin id="1045" dir="0" index="0" bw="1" slack="0"/>
<pin id="1046" dir="0" index="1" bw="32" slack="0"/>
<pin id="1047" dir="1" index="2" bw="54" slack="0"/>
</pin_list>
<bind>
<opcode="lshr(21) " fcode="lshr"/>
<opset="lshr_ln34_1/38 "/>
</bind>
</comp>

<comp id="1050" class="1004" name="icmp_ln34_11_fu_1050">
<pin_list>
<pin id="1051" dir="0" index="0" bw="54" slack="0"/>
<pin id="1052" dir="0" index="1" bw="54" slack="0"/>
<pin id="1053" dir="1" index="2" bw="1" slack="0"/>
</pin_list>
<bind>
<opcode="icmp(45) " fcode="icmp"/>
<opset="icmp_ln34_11/38 "/>
</bind>
</comp>

<comp id="1056" class="1004" name="tmp_19_fu_1056">
<pin_list>
<pin id="1057" dir="0" index="0" bw="1" slack="0"/>
<pin id="1058" dir="0" index="1" bw="12" slack="0"/>
<pin id="1059" dir="0" index="2" bw="5" slack="0"/>
<pin id="1060" dir="1" index="3" bw="1" slack="0"/>
</pin_list>
<bind>
<opcode="bitselect(1000) " fcode="bitselect"/>
<opset="tmp_19/38 "/>
</bind>
</comp>

<comp id="1064" class="1004" name="xor_ln34_10_fu_1064">
<pin_list>
<pin id="1065" dir="0" index="0" bw="1" slack="0"/>
<pin id="1066" dir="0" index="1" bw="1" slack="0"/>
<pin id="1067" dir="1" index="2" bw="1" slack="0"/>
</pin_list>
<bind>
<opcode="xor(25) " fcode="xor"/>
<opset="xor_ln34_10/38 "/>
</bind>
</comp>

<comp id="1070" class="1004" name="Range2_all_ones_1_i_fu_1070">
<pin_list>
<pin id="1071" dir="0" index="0" bw="1" slack="0"/>
<pin id="1072" dir="0" index="1" bw="1" slack="0"/>
<pin id="1073" dir="0" index="2" bw="1" slack="0"/>
<pin id="1074" dir="1" index="3" bw="1" slack="0"/>
</pin_list>
<bind>
<opcode="select(49) " fcode="select"/>
<opset="Range2_all_ones_1_i/38 "/>
</bind>
</comp>

<comp id="1078" class="1004" name="and_ln34_2_fu_1078">
<pin_list>
<pin id="1079" dir="0" index="0" bw="1" slack="0"/>
<pin id="1080" dir="0" index="1" bw="1" slack="0"/>
<pin id="1081" dir="1" index="2" bw="1" slack="0"/>
</pin_list>
<bind>
<opcode="and(23) " fcode="and"/>
<opset="and_ln34_2/38 "/>
</bind>
</comp>

<comp id="1084" class="1004" name="and_ln34_3_fu_1084">
<pin_list>
<pin id="1085" dir="0" index="0" bw="1" slack="0"/>
<pin id="1086" dir="0" index="1" bw="1" slack="0"/>
<pin id="1087" dir="1" index="2" bw="1" slack="0"/>
</pin_list>
<bind>
<opcode="and(23) " fcode="and"/>
<opset="and_ln34_3/38 "/>
</bind>
</comp>

<comp id="1090" class="1004" name="xor_ln34_1_fu_1090">
<pin_list>
<pin id="1091" dir="0" index="0" bw="1" slack="0"/>
<pin id="1092" dir="0" index="1" bw="1" slack="0"/>
<pin id="1093" dir="1" index="2" bw="1" slack="0"/>
</pin_list>
<bind>
<opcode="xor(25) " fcode="xor"/>
<opset="xor_ln34_1/38 "/>
</bind>
</comp>

<comp id="1096" class="1004" name="icmp_ln34_12_fu_1096">
<pin_list>
<pin id="1097" dir="0" index="0" bw="54" slack="0"/>
<pin id="1098" dir="0" index="1" bw="1" slack="0"/>
<pin id="1099" dir="1" index="2" bw="1" slack="0"/>
</pin_list>
<bind>
<opcode="icmp(45) " fcode="icmp"/>
<opset="icmp_ln34_12/38 "/>
</bind>
</comp>

<comp id="1102" class="1004" name="and_ln34_4_fu_1102">
<pin_list>
<pin id="1103" dir="0" index="0" bw="1" slack="0"/>
<pin id="1104" dir="0" index="1" bw="1" slack="0"/>
<pin id="1105" dir="1" index="2" bw="1" slack="0"/>
</pin_list>
<bind>
<opcode="and(23) " fcode="and"/>
<opset="and_ln34_4/38 "/>
</bind>
</comp>

<comp id="1108" class="1004" name="icmp_ln34_13_fu_1108">
<pin_list>
<pin id="1109" dir="0" index="0" bw="12" slack="0"/>
<pin id="1110" dir="0" index="1" bw="7" slack="0"/>
<pin id="1111" dir="1" index="2" bw="1" slack="0"/>
</pin_list>
<bind>
<opcode="icmp(45) " fcode="icmp"/>
<opset="icmp_ln34_13/38 "/>
</bind>
</comp>

<comp id="1114" class="1004" name="icmp_ln34_14_fu_1114">
<pin_list>
<pin id="1115" dir="0" index="0" bw="54" slack="0"/>
<pin id="1116" dir="0" index="1" bw="1" slack="0"/>
<pin id="1117" dir="1" index="2" bw="1" slack="0"/>
</pin_list>
<bind>
<opcode="icmp(45) " fcode="icmp"/>
<opset="icmp_ln34_14/38 "/>
</bind>
</comp>

<comp id="1120" class="1004" name="or_ln34_fu_1120">
<pin_list>
<pin id="1121" dir="0" index="0" bw="1" slack="0"/>
<pin id="1122" dir="0" index="1" bw="1" slack="0"/>
<pin id="1123" dir="1" index="2" bw="1" slack="0"/>
</pin_list>
<bind>
<opcode="or(24) " fcode="or"/>
<opset="or_ln34/38 "/>
</bind>
</comp>

<comp id="1126" class="1004" name="xor_ln34_11_fu_1126">
<pin_list>
<pin id="1127" dir="0" index="0" bw="1" slack="0"/>
<pin id="1128" dir="0" index="1" bw="1" slack="0"/>
<pin id="1129" dir="1" index="2" bw="1" slack="0"/>
</pin_list>
<bind>
<opcode="xor(25) " fcode="xor"/>
<opset="xor_ln34_11/38 "/>
</bind>
</comp>

<comp id="1132" class="1004" name="or_ln34_4_fu_1132">
<pin_list>
<pin id="1133" dir="0" index="0" bw="1" slack="0"/>
<pin id="1134" dir="0" index="1" bw="1" slack="0"/>
<pin id="1135" dir="1" index="2" bw="1" slack="0"/>
</pin_list>
<bind>
<opcode="or(24) " fcode="or"/>
<opset="or_ln34_4/38 "/>
</bind>
</comp>

<comp id="1138" class="1004" name="and_ln34_11_fu_1138">
<pin_list>
<pin id="1139" dir="0" index="0" bw="1" slack="0"/>
<pin id="1140" dir="0" index="1" bw="1" slack="0"/>
<pin id="1141" dir="1" index="2" bw="1" slack="0"/>
</pin_list>
<bind>
<opcode="and(23) " fcode="and"/>
<opset="and_ln34_11/38 "/>
</bind>
</comp>

<comp id="1144" class="1004" name="sel_tmp_fu_1144">
<pin_list>
<pin id="1145" dir="0" index="0" bw="2" slack="0"/>
<pin id="1146" dir="0" index="1" bw="1" slack="0"/>
<pin id="1147" dir="0" index="2" bw="1" slack="0"/>
<pin id="1148" dir="1" index="3" bw="2" slack="0"/>
</pin_list>
<bind>
<opcode="bitconcatenate(1004) " fcode="bitconcatenate"/>
<opset="sel_tmp/38 "/>
</bind>
</comp>

<comp id="1152" class="1004" name="Range1_all_ones_2_i_fu_1152">
<pin_list>
<pin id="1153" dir="0" index="0" bw="1" slack="0"/>
<pin id="1154" dir="0" index="1" bw="2" slack="0"/>
<pin id="1155" dir="0" index="2" bw="1" slack="0"/>
<pin id="1156" dir="0" index="3" bw="2" slack="0"/>
<pin id="1157" dir="0" index="4" bw="1" slack="0"/>
<pin id="1158" dir="0" index="5" bw="2" slack="0"/>
<pin id="1159" dir="0" index="6" bw="1" slack="0"/>
<pin id="1160" dir="0" index="7" bw="1" slack="0"/>
<pin id="1161" dir="0" index="8" bw="2" slack="0"/>
<pin id="1162" dir="1" index="9" bw="1" slack="0"/>
</pin_list>
<bind>
<opcode="sparsemux(1197) " fcode="sparsemux"/>
<opset="Range1_all_ones_2_i/38 "/>
</bind>
</comp>

<comp id="1172" class="1004" name="Range1_all_zeros_2_i_fu_1172">
<pin_list>
<pin id="1173" dir="0" index="0" bw="1" slack="0"/>
<pin id="1174" dir="0" index="1" bw="2" slack="0"/>
<pin id="1175" dir="0" index="2" bw="1" slack="0"/>
<pin id="1176" dir="0" index="3" bw="2" slack="0"/>
<pin id="1177" dir="0" index="4" bw="1" slack="0"/>
<pin id="1178" dir="0" index="5" bw="2" slack="0"/>
<pin id="1179" dir="0" index="6" bw="1" slack="0"/>
<pin id="1180" dir="0" index="7" bw="1" slack="0"/>
<pin id="1181" dir="0" index="8" bw="2" slack="0"/>
<pin id="1182" dir="1" index="9" bw="1" slack="0"/>
</pin_list>
<bind>
<opcode="sparsemux(1197) " fcode="sparsemux"/>
<opset="Range1_all_zeros_2_i/38 "/>
</bind>
</comp>

<comp id="1192" class="1004" name="select_ln34_4_fu_1192">
<pin_list>
<pin id="1193" dir="0" index="0" bw="1" slack="0"/>
<pin id="1194" dir="0" index="1" bw="1" slack="0"/>
<pin id="1195" dir="0" index="2" bw="1" slack="0"/>
<pin id="1196" dir="1" index="3" bw="1" slack="0"/>
</pin_list>
<bind>
<opcode="select(49) " fcode="select"/>
<opset="select_ln34_4/38 "/>
</bind>
</comp>

<comp id="1200" class="1004" name="or_ln34_1_fu_1200">
<pin_list>
<pin id="1201" dir="0" index="0" bw="1" slack="0"/>
<pin id="1202" dir="0" index="1" bw="1" slack="0"/>
<pin id="1203" dir="1" index="2" bw="1" slack="0"/>
</pin_list>
<bind>
<opcode="or(24) " fcode="or"/>
<opset="or_ln34_1/38 "/>
</bind>
</comp>

<comp id="1206" class="1004" name="and_ln34_5_fu_1206">
<pin_list>
<pin id="1207" dir="0" index="0" bw="1" slack="0"/>
<pin id="1208" dir="0" index="1" bw="1" slack="0"/>
<pin id="1209" dir="1" index="2" bw="1" slack="0"/>
</pin_list>
<bind>
<opcode="and(23) " fcode="and"/>
<opset="and_ln34_5/38 "/>
</bind>
</comp>

<comp id="1212" class="1004" name="cond193_i_fu_1212">
<pin_list>
<pin id="1213" dir="0" index="0" bw="1" slack="0"/>
<pin id="1214" dir="0" index="1" bw="1" slack="0"/>
<pin id="1215" dir="0" index="2" bw="1" slack="0"/>
<pin id="1216" dir="1" index="3" bw="1" slack="0"/>
</pin_list>
<bind>
<opcode="select(49) " fcode="select"/>
<opset="cond193_i/38 "/>
</bind>
</comp>

<comp id="1220" class="1004" name="and_ln34_6_fu_1220">
<pin_list>
<pin id="1221" dir="0" index="0" bw="1" slack="0"/>
<pin id="1222" dir="0" index="1" bw="1" slack="0"/>
<pin id="1223" dir="1" index="2" bw="1" slack="0"/>
</pin_list>
<bind>
<opcode="and(23) " fcode="and"/>
<opset="and_ln34_6/38 "/>
</bind>
</comp>

<comp id="1226" class="1004" name="xor_ln34_4_fu_1226">
<pin_list>
<pin id="1227" dir="0" index="0" bw="1" slack="0"/>
<pin id="1228" dir="0" index="1" bw="1" slack="0"/>
<pin id="1229" dir="1" index="2" bw="1" slack="0"/>
</pin_list>
<bind>
<opcode="xor(25) " fcode="xor"/>
<opset="xor_ln34_4/38 "/>
</bind>
</comp>

<comp id="1232" class="1004" name="not_icmp_ln34_764_fu_1232">
<pin_list>
<pin id="1233" dir="0" index="0" bw="1" slack="0"/>
<pin id="1234" dir="0" index="1" bw="1" slack="0"/>
<pin id="1235" dir="1" index="2" bw="1" slack="0"/>
</pin_list>
<bind>
<opcode="xor(25) " fcode="xor"/>
<opset="not_icmp_ln34_764/38 "/>
</bind>
</comp>

<comp id="1238" class="1004" name="deleted_ones_0_i_fu_1238">
<pin_list>
<pin id="1239" dir="0" index="0" bw="1" slack="0"/>
<pin id="1240" dir="0" index="1" bw="1" slack="0"/>
<pin id="1241" dir="1" index="2" bw="1" slack="0"/>
</pin_list>
<bind>
<opcode="or(24) " fcode="or"/>
<opset="deleted_ones_0_i/38 "/>
</bind>
</comp>

<comp id="1244" class="1004" name="and_ln34_12_fu_1244">
<pin_list>
<pin id="1245" dir="0" index="0" bw="1" slack="0"/>
<pin id="1246" dir="0" index="1" bw="1" slack="0"/>
<pin id="1247" dir="1" index="2" bw="1" slack="0"/>
</pin_list>
<bind>
<opcode="and(23) " fcode="and"/>
<opset="and_ln34_12/38 "/>
</bind>
</comp>

<comp id="1250" class="1004" name="sel_tmp1_fu_1250">
<pin_list>
<pin id="1251" dir="0" index="0" bw="2" slack="0"/>
<pin id="1252" dir="0" index="1" bw="1" slack="0"/>
<pin id="1253" dir="0" index="2" bw="1" slack="0"/>
<pin id="1254" dir="1" index="3" bw="2" slack="0"/>
</pin_list>
<bind>
<opcode="bitconcatenate(1004) " fcode="bitconcatenate"/>
<opset="sel_tmp1/38 "/>
</bind>
</comp>

<comp id="1258" class="1004" name="neg_src_0_i_fu_1258">
<pin_list>
<pin id="1259" dir="0" index="0" bw="1" slack="0"/>
<pin id="1260" dir="0" index="1" bw="2" slack="0"/>
<pin id="1261" dir="0" index="2" bw="1" slack="0"/>
<pin id="1262" dir="0" index="3" bw="2" slack="0"/>
<pin id="1263" dir="0" index="4" bw="1" slack="0"/>
<pin id="1264" dir="0" index="5" bw="2" slack="0"/>
<pin id="1265" dir="0" index="6" bw="1" slack="0"/>
<pin id="1266" dir="0" index="7" bw="1" slack="0"/>
<pin id="1267" dir="0" index="8" bw="2" slack="0"/>
<pin id="1268" dir="1" index="9" bw="1" slack="0"/>
</pin_list>
<bind>
<opcode="sparsemux(1197) " fcode="sparsemux"/>
<opset="neg_src_0_i/38 "/>
</bind>
</comp>

<comp id="1278" class="1004" name="xor_ln34_5_fu_1278">
<pin_list>
<pin id="1279" dir="0" index="0" bw="1" slack="0"/>
<pin id="1280" dir="0" index="1" bw="1" slack="0"/>
<pin id="1281" dir="1" index="2" bw="1" slack="0"/>
</pin_list>
<bind>
<opcode="xor(25) " fcode="xor"/>
<opset="xor_ln34_5/38 "/>
</bind>
</comp>

<comp id="1284" class="1004" name="and_ln34_13_fu_1284">
<pin_list>
<pin id="1285" dir="0" index="0" bw="1" slack="0"/>
<pin id="1286" dir="0" index="1" bw="1" slack="0"/>
<pin id="1287" dir="1" index="2" bw="1" slack="0"/>
</pin_list>
<bind>
<opcode="and(23) " fcode="and"/>
<opset="and_ln34_13/38 "/>
</bind>
</comp>

<comp id="1290" class="1004" name="or_ln34_2_fu_1290">
<pin_list>
<pin id="1291" dir="0" index="0" bw="1" slack="0"/>
<pin id="1292" dir="0" index="1" bw="1" slack="0"/>
<pin id="1293" dir="1" index="2" bw="1" slack="0"/>
</pin_list>
<bind>
<opcode="or(24) " fcode="or"/>
<opset="or_ln34_2/38 "/>
</bind>
</comp>

<comp id="1296" class="1004" name="xor_ln34_6_fu_1296">
<pin_list>
<pin id="1297" dir="0" index="0" bw="1" slack="0"/>
<pin id="1298" dir="0" index="1" bw="1" slack="0"/>
<pin id="1299" dir="1" index="2" bw="1" slack="0"/>
</pin_list>
<bind>
<opcode="xor(25) " fcode="xor"/>
<opset="xor_ln34_6/38 "/>
</bind>
</comp>

<comp id="1302" class="1004" name="and_ln34_7_fu_1302">
<pin_list>
<pin id="1303" dir="0" index="0" bw="1" slack="0"/>
<pin id="1304" dir="0" index="1" bw="1" slack="0"/>
<pin id="1305" dir="1" index="2" bw="1" slack="0"/>
</pin_list>
<bind>
<opcode="and(23) " fcode="and"/>
<opset="and_ln34_7/38 "/>
</bind>
</comp>

<comp id="1308" class="1004" name="and_ln34_8_fu_1308">
<pin_list>
<pin id="1309" dir="0" index="0" bw="1" slack="0"/>
<pin id="1310" dir="0" index="1" bw="1" slack="0"/>
<pin id="1311" dir="1" index="2" bw="1" slack="0"/>
</pin_list>
<bind>
<opcode="and(23) " fcode="and"/>
<opset="and_ln34_8/38 "/>
</bind>
</comp>

<comp id="1314" class="1004" name="xor_ln34_7_fu_1314">
<pin_list>
<pin id="1315" dir="0" index="0" bw="1" slack="0"/>
<pin id="1316" dir="0" index="1" bw="1" slack="0"/>
<pin id="1317" dir="1" index="2" bw="1" slack="0"/>
</pin_list>
<bind>
<opcode="xor(25) " fcode="xor"/>
<opset="xor_ln34_7/38 "/>
</bind>
</comp>

<comp id="1320" class="1004" name="and_ln34_9_fu_1320">
<pin_list>
<pin id="1321" dir="0" index="0" bw="1" slack="0"/>
<pin id="1322" dir="0" index="1" bw="1" slack="0"/>
<pin id="1323" dir="1" index="2" bw="1" slack="0"/>
</pin_list>
<bind>
<opcode="and(23) " fcode="and"/>
<opset="and_ln34_9/38 "/>
</bind>
</comp>

<comp id="1326" class="1004" name="or_ln34_3_fu_1326">
<pin_list>
<pin id="1327" dir="0" index="0" bw="1" slack="0"/>
<pin id="1328" dir="0" index="1" bw="1" slack="0"/>
<pin id="1329" dir="1" index="2" bw="1" slack="0"/>
</pin_list>
<bind>
<opcode="or(24) " fcode="or"/>
<opset="or_ln34_3/38 "/>
</bind>
</comp>

<comp id="1332" class="1004" name="xor_ln34_8_fu_1332">
<pin_list>
<pin id="1333" dir="0" index="0" bw="1" slack="0"/>
<pin id="1334" dir="0" index="1" bw="1" slack="0"/>
<pin id="1335" dir="1" index="2" bw="1" slack="0"/>
</pin_list>
<bind>
<opcode="xor(25) " fcode="xor"/>
<opset="xor_ln34_8/38 "/>
</bind>
</comp>

<comp id="1338" class="1004" name="and_ln34_14_fu_1338">
<pin_list>
<pin id="1339" dir="0" index="0" bw="1" slack="0"/>
<pin id="1340" dir="0" index="1" bw="1" slack="0"/>
<pin id="1341" dir="1" index="2" bw="1" slack="0"/>
</pin_list>
<bind>
<opcode="and(23) " fcode="and"/>
<opset="and_ln34_14/38 "/>
</bind>
</comp>

<comp id="1344" class="1004" name="and_ln34_15_fu_1344">
<pin_list>
<pin id="1345" dir="0" index="0" bw="1" slack="0"/>
<pin id="1346" dir="0" index="1" bw="1" slack="0"/>
<pin id="1347" dir="1" index="2" bw="1" slack="0"/>
</pin_list>
<bind>
<opcode="and(23) " fcode="and"/>
<opset="and_ln34_15/38 "/>
</bind>
</comp>

<comp id="1350" class="1004" name="sel_tmp3_fu_1350">
<pin_list>
<pin id="1351" dir="0" index="0" bw="2" slack="0"/>
<pin id="1352" dir="0" index="1" bw="1" slack="0"/>
<pin id="1353" dir="0" index="2" bw="1" slack="0"/>
<pin id="1354" dir="1" index="3" bw="2" slack="1"/>
</pin_list>
<bind>
<opcode="bitconcatenate(1004) " fcode="bitconcatenate"/>
<opset="sel_tmp3/38 "/>
</bind>
</comp>

<comp id="1358" class="1004" name="select_ln34_5_fu_1358">
<pin_list>
<pin id="1359" dir="0" index="0" bw="1" slack="1"/>
<pin id="1360" dir="0" index="1" bw="16" slack="0"/>
<pin id="1361" dir="0" index="2" bw="16" slack="0"/>
<pin id="1362" dir="1" index="3" bw="16" slack="0"/>
</pin_list>
<bind>
<opcode="select(49) " fcode="select"/>
<opset="select_ln34_5/39 "/>
</bind>
</comp>

<comp id="1365" class="1004" name="ref_tmp17_4_fu_1365">
<pin_list>
<pin id="1366" dir="0" index="0" bw="16" slack="0"/>
<pin id="1367" dir="0" index="1" bw="2" slack="0"/>
<pin id="1368" dir="0" index="2" bw="16" slack="0"/>
<pin id="1369" dir="0" index="3" bw="2" slack="0"/>
<pin id="1370" dir="0" index="4" bw="16" slack="0"/>
<pin id="1371" dir="0" index="5" bw="2" slack="0"/>
<pin id="1372" dir="0" index="6" bw="16" slack="1"/>
<pin id="1373" dir="0" index="7" bw="16" slack="0"/>
<pin id="1374" dir="0" index="8" bw="2" slack="1"/>
<pin id="1375" dir="1" index="9" bw="16" slack="0"/>
</pin_list>
<bind>
<opcode="sparsemux(1197) " fcode="sparsemux"/>
<opset="ref_tmp17_4/39 "/>
</bind>
</comp>

<comp id="1384" class="1005" name="r_reg_1384">
<pin_list>
<pin id="1385" dir="0" index="0" bw="8" slack="0"/>
<pin id="1386" dir="1" index="1" bw="8" slack="0"/>
</pin_list>
<bind>
<opset="r "/>
</bind>
</comp>

<comp id="1394" class="1005" name="add_ln28_reg_1394">
<pin_list>
<pin id="1395" dir="0" index="0" bw="8" slack="1"/>
<pin id="1396" dir="1" index="1" bw="8" slack="1"/>
</pin_list>
<bind>
<opset="add_ln28 "/>
</bind>
</comp>

<comp id="1399" class="1005" name="tmp_s_reg_1399">
<pin_list>
<pin id="1400" dir="0" index="0" bw="14" slack="1"/>
<pin id="1401" dir="1" index="1" bw="14" slack="1"/>
</pin_list>
<bind>
<opset="tmp_s "/>
</bind>
</comp>

<comp id="1407" class="1005" name="add_ln29_reg_1407">
<pin_list>
<pin id="1408" dir="0" index="0" bw="8" slack="0"/>
<pin id="1409" dir="1" index="1" bw="8" slack="0"/>
</pin_list>
<bind>
<opset="add_ln29 "/>
</bind>
</comp>

<comp id="1412" class="1005" name="red_addr_reg_1412">
<pin_list>
<pin id="1413" dir="0" index="0" bw="14" slack="1"/>
<pin id="1414" dir="1" index="1" bw="14" slack="1"/>
</pin_list>
<bind>
<opset="red_addr "/>
</bind>
</comp>

<comp id="1417" class="1005" name="nir_addr_reg_1417">
<pin_list>
<pin id="1418" dir="0" index="0" bw="14" slack="1"/>
<pin id="1419" dir="1" index="1" bw="14" slack="1"/>
</pin_list>
<bind>
<opset="nir_addr "/>
</bind>
</comp>

<comp id="1422" class="1005" name="index_map_addr_reg_1422">
<pin_list>
<pin id="1423" dir="0" index="0" bw="14" slack="36"/>
<pin id="1424" dir="1" index="1" bw="14" slack="36"/>
</pin_list>
<bind>
<opset="index_map_addr "/>
</bind>
</comp>

<comp id="1427" class="1005" name="r_val_reg_1427">
<pin_list>
<pin id="1428" dir="0" index="0" bw="64" slack="1"/>
<pin id="1429" dir="1" index="1" bw="64" slack="1"/>
</pin_list>
<bind>
<opset="r_val "/>
</bind>
</comp>

<comp id="1432" class="1005" name="n_val_reg_1432">
<pin_list>
<pin id="1433" dir="0" index="0" bw="64" slack="1"/>
<pin id="1434" dir="1" index="1" bw="64" slack="1"/>
</pin_list>
<bind>
<opset="n_val "/>
</bind>
</comp>

<comp id="1437" class="1005" name="add_reg_1437">
<pin_list>
<pin id="1438" dir="0" index="0" bw="64" slack="1"/>
<pin id="1439" dir="1" index="1" bw="64" slack="1"/>
</pin_list>
<bind>
<opset="add "/>
</bind>
</comp>

<comp id="1444" class="1005" name="and_ln33_reg_1444">
<pin_list>
<pin id="1445" dir="0" index="0" bw="1" slack="28"/>
<pin id="1446" dir="1" index="1" bw="1" slack="2147483647"/>
</pin_list>
<bind>
<opset="and_ln33 "/>
</bind>
</comp>

<comp id="1448" class="1005" name="sub_reg_1448">
<pin_list>
<pin id="1449" dir="0" index="0" bw="64" slack="1"/>
<pin id="1450" dir="1" index="1" bw="64" slack="1"/>
</pin_list>
<bind>
<opset="sub "/>
</bind>
</comp>

<comp id="1453" class="1005" name="pf_reg_1453">
<pin_list>
<pin id="1454" dir="0" index="0" bw="64" slack="1"/>
<pin id="1455" dir="1" index="1" bw="64" slack="1"/>
</pin_list>
<bind>
<opset="pf "/>
</bind>
</comp>

<comp id="1458" class="1005" name="ref_tmp_reg_1458">
<pin_list>
<pin id="1459" dir="0" index="0" bw="16" slack="1"/>
<pin id="1460" dir="1" index="1" bw="16" slack="1"/>
</pin_list>
<bind>
<opset="ref_tmp "/>
</bind>
</comp>

<comp id="1463" class="1005" name="and_ln34_7_reg_1463">
<pin_list>
<pin id="1464" dir="0" index="0" bw="1" slack="1"/>
<pin id="1465" dir="1" index="1" bw="1" slack="1"/>
</pin_list>
<bind>
<opset="and_ln34_7 "/>
</bind>
</comp>

<comp id="1468" class="1005" name="sel_tmp3_reg_1468">
<pin_list>
<pin id="1469" dir="0" index="0" bw="2" slack="1"/>
<pin id="1470" dir="1" index="1" bw="2" slack="1"/>
</pin_list>
<bind>
<opset="sel_tmp3 "/>
</bind>
</comp>

</comp_list>

<net_list>
<net id="149"><net_src comp="6" pin="0"/><net_sink comp="146" pin=0"/></net>

<net id="155"><net_src comp="0" pin="0"/><net_sink comp="150" pin=0"/></net>

<net id="156"><net_src comp="26" pin="0"/><net_sink comp="150" pin=1"/></net>

<net id="162"><net_src comp="2" pin="0"/><net_sink comp="157" pin=0"/></net>

<net id="163"><net_src comp="26" pin="0"/><net_sink comp="157" pin=1"/></net>

<net id="169"><net_src comp="4" pin="0"/><net_sink comp="164" pin=0"/></net>

<net id="170"><net_src comp="26" pin="0"/><net_sink comp="164" pin=1"/></net>

<net id="176"><net_src comp="150" pin="3"/><net_sink comp="171" pin=0"/></net>

<net id="182"><net_src comp="157" pin="3"/><net_sink comp="177" pin=0"/></net>

<net id="191"><net_src comp="8" pin="0"/><net_sink comp="188" pin=0"/></net>

<net id="198"><net_src comp="188" pin="1"/><net_sink comp="192" pin=0"/></net>

<net id="202"><net_src comp="28" pin="0"/><net_sink comp="199" pin=0"/></net>

<net id="209"><net_src comp="199" pin="1"/><net_sink comp="203" pin=2"/></net>

<net id="210"><net_src comp="203" pin="4"/><net_sink comp="183" pin=1"/></net>

<net id="223"><net_src comp="60" pin="0"/><net_sink comp="219" pin=1"/></net>

<net id="228"><net_src comp="8" pin="0"/><net_sink comp="224" pin=0"/></net>

<net id="236"><net_src comp="229" pin="1"/><net_sink comp="232" pin=0"/></net>

<net id="237"><net_src comp="10" pin="0"/><net_sink comp="232" pin=1"/></net>

<net id="242"><net_src comp="229" pin="1"/><net_sink comp="238" pin=0"/></net>

<net id="243"><net_src comp="12" pin="0"/><net_sink comp="238" pin=1"/></net>

<net id="247"><net_src comp="229" pin="1"/><net_sink comp="244" pin=0"/></net>

<net id="253"><net_src comp="14" pin="0"/><net_sink comp="248" pin=0"/></net>

<net id="254"><net_src comp="244" pin="1"/><net_sink comp="248" pin=1"/></net>

<net id="255"><net_src comp="16" pin="0"/><net_sink comp="248" pin=2"/></net>

<net id="260"><net_src comp="192" pin="4"/><net_sink comp="256" pin=0"/></net>

<net id="261"><net_src comp="10" pin="0"/><net_sink comp="256" pin=1"/></net>

<net id="266"><net_src comp="192" pin="4"/><net_sink comp="262" pin=0"/></net>

<net id="267"><net_src comp="12" pin="0"/><net_sink comp="262" pin=1"/></net>

<net id="271"><net_src comp="192" pin="4"/><net_sink comp="268" pin=0"/></net>

<net id="276"><net_src comp="268" pin="1"/><net_sink comp="272" pin=1"/></net>

<net id="280"><net_src comp="272" pin="2"/><net_sink comp="277" pin=0"/></net>

<net id="281"><net_src comp="277" pin="1"/><net_sink comp="150" pin=2"/></net>

<net id="282"><net_src comp="277" pin="1"/><net_sink comp="157" pin=2"/></net>

<net id="283"><net_src comp="277" pin="1"/><net_sink comp="164" pin=2"/></net>

<net id="292"><net_src comp="171" pin="3"/><net_sink comp="288" pin=0"/></net>

<net id="293"><net_src comp="28" pin="0"/><net_sink comp="288" pin=1"/></net>

<net id="299"><net_src comp="30" pin="0"/><net_sink comp="294" pin=0"/></net>

<net id="300"><net_src comp="171" pin="3"/><net_sink comp="294" pin=1"/></net>

<net id="301"><net_src comp="32" pin="0"/><net_sink comp="294" pin=2"/></net>

<net id="306"><net_src comp="28" pin="0"/><net_sink comp="302" pin=0"/></net>

<net id="307"><net_src comp="171" pin="3"/><net_sink comp="302" pin=1"/></net>

<net id="313"><net_src comp="294" pin="3"/><net_sink comp="308" pin=0"/></net>

<net id="314"><net_src comp="302" pin="2"/><net_sink comp="308" pin=1"/></net>

<net id="315"><net_src comp="171" pin="3"/><net_sink comp="308" pin=2"/></net>

<net id="321"><net_src comp="34" pin="0"/><net_sink comp="316" pin=0"/></net>

<net id="322"><net_src comp="308" pin="3"/><net_sink comp="316" pin=1"/></net>

<net id="323"><net_src comp="36" pin="0"/><net_sink comp="316" pin=2"/></net>

<net id="327"><net_src comp="316" pin="3"/><net_sink comp="324" pin=0"/></net>

<net id="331"><net_src comp="316" pin="3"/><net_sink comp="328" pin=0"/></net>

<net id="335"><net_src comp="308" pin="3"/><net_sink comp="332" pin=0"/></net>

<net id="340"><net_src comp="324" pin="1"/><net_sink comp="336" pin=0"/></net>

<net id="341"><net_src comp="38" pin="0"/><net_sink comp="336" pin=1"/></net>

<net id="345"><net_src comp="336" pin="2"/><net_sink comp="342" pin=0"/></net>

<net id="350"><net_src comp="332" pin="1"/><net_sink comp="346" pin=0"/></net>

<net id="351"><net_src comp="342" pin="1"/><net_sink comp="346" pin=1"/></net>

<net id="358"><net_src comp="40" pin="0"/><net_sink comp="352" pin=0"/></net>

<net id="359"><net_src comp="346" pin="2"/><net_sink comp="352" pin=1"/></net>

<net id="360"><net_src comp="6" pin="0"/><net_sink comp="352" pin=2"/></net>

<net id="361"><net_src comp="42" pin="0"/><net_sink comp="352" pin=3"/></net>

<net id="365"><net_src comp="352" pin="4"/><net_sink comp="362" pin=0"/></net>

<net id="371"><net_src comp="44" pin="0"/><net_sink comp="366" pin=0"/></net>

<net id="372"><net_src comp="346" pin="2"/><net_sink comp="366" pin=1"/></net>

<net id="373"><net_src comp="46" pin="0"/><net_sink comp="366" pin=2"/></net>

<net id="379"><net_src comp="366" pin="3"/><net_sink comp="374" pin=0"/></net>

<net id="380"><net_src comp="48" pin="0"/><net_sink comp="374" pin=1"/></net>

<net id="381"><net_src comp="50" pin="0"/><net_sink comp="374" pin=2"/></net>

<net id="386"><net_src comp="52" pin="0"/><net_sink comp="382" pin=0"/></net>

<net id="387"><net_src comp="328" pin="1"/><net_sink comp="382" pin=1"/></net>

<net id="391"><net_src comp="382" pin="2"/><net_sink comp="388" pin=0"/></net>

<net id="396"><net_src comp="388" pin="1"/><net_sink comp="392" pin=0"/></net>

<net id="397"><net_src comp="374" pin="3"/><net_sink comp="392" pin=1"/></net>

<net id="403"><net_src comp="54" pin="0"/><net_sink comp="398" pin=0"/></net>

<net id="404"><net_src comp="294" pin="3"/><net_sink comp="398" pin=1"/></net>

<net id="405"><net_src comp="392" pin="2"/><net_sink comp="398" pin=2"/></net>

<net id="413"><net_src comp="56" pin="0"/><net_sink comp="406" pin=0"/></net>

<net id="414"><net_src comp="362" pin="1"/><net_sink comp="406" pin=1"/></net>

<net id="415"><net_src comp="398" pin="3"/><net_sink comp="406" pin=2"/></net>

<net id="416"><net_src comp="58" pin="0"/><net_sink comp="406" pin=3"/></net>

<net id="417"><net_src comp="42" pin="0"/><net_sink comp="406" pin=4"/></net>

<net id="421"><net_src comp="406" pin="5"/><net_sink comp="418" pin=0"/></net>

<net id="427"><net_src comp="288" pin="2"/><net_sink comp="422" pin=0"/></net>

<net id="428"><net_src comp="60" pin="0"/><net_sink comp="422" pin=1"/></net>

<net id="429"><net_src comp="418" pin="1"/><net_sink comp="422" pin=2"/></net>

<net id="434"><net_src comp="177" pin="3"/><net_sink comp="430" pin=0"/></net>

<net id="435"><net_src comp="28" pin="0"/><net_sink comp="430" pin=1"/></net>

<net id="441"><net_src comp="30" pin="0"/><net_sink comp="436" pin=0"/></net>

<net id="442"><net_src comp="177" pin="3"/><net_sink comp="436" pin=1"/></net>

<net id="443"><net_src comp="32" pin="0"/><net_sink comp="436" pin=2"/></net>

<net id="448"><net_src comp="28" pin="0"/><net_sink comp="444" pin=0"/></net>

<net id="449"><net_src comp="177" pin="3"/><net_sink comp="444" pin=1"/></net>

<net id="455"><net_src comp="436" pin="3"/><net_sink comp="450" pin=0"/></net>

<net id="456"><net_src comp="444" pin="2"/><net_sink comp="450" pin=1"/></net>

<net id="457"><net_src comp="177" pin="3"/><net_sink comp="450" pin=2"/></net>

<net id="463"><net_src comp="34" pin="0"/><net_sink comp="458" pin=0"/></net>

<net id="464"><net_src comp="450" pin="3"/><net_sink comp="458" pin=1"/></net>

<net id="465"><net_src comp="36" pin="0"/><net_sink comp="458" pin=2"/></net>

<net id="469"><net_src comp="458" pin="3"/><net_sink comp="466" pin=0"/></net>

<net id="473"><net_src comp="458" pin="3"/><net_sink comp="470" pin=0"/></net>

<net id="477"><net_src comp="450" pin="3"/><net_sink comp="474" pin=0"/></net>

<net id="482"><net_src comp="466" pin="1"/><net_sink comp="478" pin=0"/></net>

<net id="483"><net_src comp="38" pin="0"/><net_sink comp="478" pin=1"/></net>

<net id="487"><net_src comp="478" pin="2"/><net_sink comp="484" pin=0"/></net>

<net id="492"><net_src comp="474" pin="1"/><net_sink comp="488" pin=0"/></net>

<net id="493"><net_src comp="484" pin="1"/><net_sink comp="488" pin=1"/></net>

<net id="500"><net_src comp="40" pin="0"/><net_sink comp="494" pin=0"/></net>

<net id="501"><net_src comp="488" pin="2"/><net_sink comp="494" pin=1"/></net>

<net id="502"><net_src comp="6" pin="0"/><net_sink comp="494" pin=2"/></net>

<net id="503"><net_src comp="42" pin="0"/><net_sink comp="494" pin=3"/></net>

<net id="507"><net_src comp="494" pin="4"/><net_sink comp="504" pin=0"/></net>

<net id="513"><net_src comp="44" pin="0"/><net_sink comp="508" pin=0"/></net>

<net id="514"><net_src comp="488" pin="2"/><net_sink comp="508" pin=1"/></net>

<net id="515"><net_src comp="46" pin="0"/><net_sink comp="508" pin=2"/></net>

<net id="521"><net_src comp="508" pin="3"/><net_sink comp="516" pin=0"/></net>

<net id="522"><net_src comp="48" pin="0"/><net_sink comp="516" pin=1"/></net>

<net id="523"><net_src comp="50" pin="0"/><net_sink comp="516" pin=2"/></net>

<net id="528"><net_src comp="52" pin="0"/><net_sink comp="524" pin=0"/></net>

<net id="529"><net_src comp="470" pin="1"/><net_sink comp="524" pin=1"/></net>

<net id="533"><net_src comp="524" pin="2"/><net_sink comp="530" pin=0"/></net>

<net id="538"><net_src comp="530" pin="1"/><net_sink comp="534" pin=0"/></net>

<net id="539"><net_src comp="516" pin="3"/><net_sink comp="534" pin=1"/></net>

<net id="545"><net_src comp="54" pin="0"/><net_sink comp="540" pin=0"/></net>

<net id="546"><net_src comp="436" pin="3"/><net_sink comp="540" pin=1"/></net>

<net id="547"><net_src comp="534" pin="2"/><net_sink comp="540" pin=2"/></net>

<net id="555"><net_src comp="56" pin="0"/><net_sink comp="548" pin=0"/></net>

<net id="556"><net_src comp="504" pin="1"/><net_sink comp="548" pin=1"/></net>

<net id="557"><net_src comp="540" pin="3"/><net_sink comp="548" pin=2"/></net>

<net id="558"><net_src comp="58" pin="0"/><net_sink comp="548" pin=3"/></net>

<net id="559"><net_src comp="42" pin="0"/><net_sink comp="548" pin=4"/></net>

<net id="563"><net_src comp="548" pin="5"/><net_sink comp="560" pin=0"/></net>

<net id="569"><net_src comp="430" pin="2"/><net_sink comp="564" pin=0"/></net>

<net id="570"><net_src comp="60" pin="0"/><net_sink comp="564" pin=1"/></net>

<net id="571"><net_src comp="560" pin="1"/><net_sink comp="564" pin=2"/></net>

<net id="581"><net_src comp="64" pin="0"/><net_sink comp="575" pin=0"/></net>

<net id="582"><net_src comp="572" pin="1"/><net_sink comp="575" pin=1"/></net>

<net id="583"><net_src comp="58" pin="0"/><net_sink comp="575" pin=2"/></net>

<net id="584"><net_src comp="66" pin="0"/><net_sink comp="575" pin=3"/></net>

<net id="588"><net_src comp="572" pin="1"/><net_sink comp="585" pin=0"/></net>

<net id="593"><net_src comp="575" pin="4"/><net_sink comp="589" pin=0"/></net>

<net id="594"><net_src comp="68" pin="0"/><net_sink comp="589" pin=1"/></net>

<net id="599"><net_src comp="585" pin="1"/><net_sink comp="595" pin=0"/></net>

<net id="600"><net_src comp="70" pin="0"/><net_sink comp="595" pin=1"/></net>

<net id="605"><net_src comp="595" pin="2"/><net_sink comp="601" pin=0"/></net>

<net id="606"><net_src comp="589" pin="2"/><net_sink comp="601" pin=1"/></net>

<net id="611"><net_src comp="601" pin="2"/><net_sink comp="607" pin=0"/></net>

<net id="612"><net_src comp="219" pin="2"/><net_sink comp="607" pin=1"/></net>

<net id="619"><net_src comp="613" pin="1"/><net_sink comp="616" pin=0"/></net>

<net id="625"><net_src comp="44" pin="0"/><net_sink comp="620" pin=0"/></net>

<net id="626"><net_src comp="613" pin="1"/><net_sink comp="620" pin=1"/></net>

<net id="627"><net_src comp="42" pin="0"/><net_sink comp="620" pin=2"/></net>

<net id="633"><net_src comp="72" pin="0"/><net_sink comp="628" pin=0"/></net>

<net id="634"><net_src comp="613" pin="1"/><net_sink comp="628" pin=1"/></net>

<net id="635"><net_src comp="58" pin="0"/><net_sink comp="628" pin=2"/></net>

<net id="639"><net_src comp="628" pin="3"/><net_sink comp="636" pin=0"/></net>

<net id="644"><net_src comp="636" pin="1"/><net_sink comp="640" pin=0"/></net>

<net id="645"><net_src comp="74" pin="0"/><net_sink comp="640" pin=1"/></net>

<net id="649"><net_src comp="613" pin="1"/><net_sink comp="646" pin=0"/></net>

<net id="655"><net_src comp="76" pin="0"/><net_sink comp="650" pin=0"/></net>

<net id="656"><net_src comp="78" pin="0"/><net_sink comp="650" pin=1"/></net>

<net id="657"><net_src comp="646" pin="1"/><net_sink comp="650" pin=2"/></net>

<net id="661"><net_src comp="650" pin="3"/><net_sink comp="658" pin=0"/></net>

<net id="666"><net_src comp="80" pin="0"/><net_sink comp="662" pin=0"/></net>

<net id="667"><net_src comp="658" pin="1"/><net_sink comp="662" pin=1"/></net>

<net id="673"><net_src comp="620" pin="3"/><net_sink comp="668" pin=0"/></net>

<net id="674"><net_src comp="662" pin="2"/><net_sink comp="668" pin=1"/></net>

<net id="675"><net_src comp="658" pin="1"/><net_sink comp="668" pin=2"/></net>

<net id="680"><net_src comp="616" pin="1"/><net_sink comp="676" pin=0"/></net>

<net id="681"><net_src comp="82" pin="0"/><net_sink comp="676" pin=1"/></net>

<net id="686"><net_src comp="84" pin="0"/><net_sink comp="682" pin=0"/></net>

<net id="687"><net_src comp="636" pin="1"/><net_sink comp="682" pin=1"/></net>

<net id="691"><net_src comp="682" pin="2"/><net_sink comp="688" pin=0"/></net>

<net id="695"><net_src comp="682" pin="2"/><net_sink comp="692" pin=0"/></net>

<net id="700"><net_src comp="682" pin="2"/><net_sink comp="696" pin=0"/></net>

<net id="701"><net_src comp="86" pin="0"/><net_sink comp="696" pin=1"/></net>

<net id="706"><net_src comp="682" pin="2"/><net_sink comp="702" pin=0"/></net>

<net id="707"><net_src comp="88" pin="0"/><net_sink comp="702" pin=1"/></net>

<net id="711"><net_src comp="702" pin="2"/><net_sink comp="708" pin=0"/></net>

<net id="716"><net_src comp="90" pin="0"/><net_sink comp="712" pin=0"/></net>

<net id="717"><net_src comp="692" pin="1"/><net_sink comp="712" pin=1"/></net>

<net id="723"><net_src comp="696" pin="2"/><net_sink comp="718" pin=0"/></net>

<net id="724"><net_src comp="708" pin="1"/><net_sink comp="718" pin=1"/></net>

<net id="725"><net_src comp="712" pin="2"/><net_sink comp="718" pin=2"/></net>

<net id="730"><net_src comp="682" pin="2"/><net_sink comp="726" pin=0"/></net>

<net id="731"><net_src comp="86" pin="0"/><net_sink comp="726" pin=1"/></net>

<net id="735"><net_src comp="668" pin="3"/><net_sink comp="732" pin=0"/></net>

<net id="740"><net_src comp="718" pin="3"/><net_sink comp="736" pin=0"/></net>

<net id="741"><net_src comp="92" pin="0"/><net_sink comp="736" pin=1"/></net>

<net id="747"><net_src comp="620" pin="3"/><net_sink comp="742" pin=0"/></net>

<net id="748"><net_src comp="94" pin="0"/><net_sink comp="742" pin=1"/></net>

<net id="749"><net_src comp="28" pin="0"/><net_sink comp="742" pin=2"/></net>

<net id="753"><net_src comp="718" pin="3"/><net_sink comp="750" pin=0"/></net>

<net id="758"><net_src comp="668" pin="3"/><net_sink comp="754" pin=0"/></net>

<net id="759"><net_src comp="750" pin="1"/><net_sink comp="754" pin=1"/></net>

<net id="763"><net_src comp="754" pin="2"/><net_sink comp="760" pin=0"/></net>

<net id="769"><net_src comp="736" pin="2"/><net_sink comp="764" pin=0"/></net>

<net id="770"><net_src comp="760" pin="1"/><net_sink comp="764" pin=1"/></net>

<net id="771"><net_src comp="742" pin="3"/><net_sink comp="764" pin=2"/></net>

<net id="776"><net_src comp="702" pin="2"/><net_sink comp="772" pin=0"/></net>

<net id="777"><net_src comp="96" pin="0"/><net_sink comp="772" pin=1"/></net>

<net id="784"><net_src comp="98" pin="0"/><net_sink comp="778" pin=0"/></net>

<net id="785"><net_src comp="718" pin="3"/><net_sink comp="778" pin=1"/></net>

<net id="786"><net_src comp="100" pin="0"/><net_sink comp="778" pin=2"/></net>

<net id="787"><net_src comp="102" pin="0"/><net_sink comp="778" pin=3"/></net>

<net id="792"><net_src comp="778" pin="4"/><net_sink comp="788" pin=0"/></net>

<net id="793"><net_src comp="16" pin="0"/><net_sink comp="788" pin=1"/></net>

<net id="797"><net_src comp="718" pin="3"/><net_sink comp="794" pin=0"/></net>

<net id="802"><net_src comp="732" pin="1"/><net_sink comp="798" pin=0"/></net>

<net id="803"><net_src comp="794" pin="1"/><net_sink comp="798" pin=1"/></net>

<net id="809"><net_src comp="788" pin="2"/><net_sink comp="804" pin=0"/></net>

<net id="810"><net_src comp="798" pin="2"/><net_sink comp="804" pin=1"/></net>

<net id="811"><net_src comp="28" pin="0"/><net_sink comp="804" pin=2"/></net>

<net id="816"><net_src comp="688" pin="1"/><net_sink comp="812" pin=0"/></net>

<net id="817"><net_src comp="104" pin="0"/><net_sink comp="812" pin=1"/></net>

<net id="823"><net_src comp="106" pin="0"/><net_sink comp="818" pin=0"/></net>

<net id="824"><net_src comp="668" pin="3"/><net_sink comp="818" pin=1"/></net>

<net id="825"><net_src comp="812" pin="2"/><net_sink comp="818" pin=2"/></net>

<net id="831"><net_src comp="772" pin="2"/><net_sink comp="826" pin=0"/></net>

<net id="832"><net_src comp="620" pin="3"/><net_sink comp="826" pin=1"/></net>

<net id="833"><net_src comp="818" pin="3"/><net_sink comp="826" pin=2"/></net>

<net id="839"><net_src comp="30" pin="0"/><net_sink comp="834" pin=0"/></net>

<net id="840"><net_src comp="764" pin="3"/><net_sink comp="834" pin=1"/></net>

<net id="841"><net_src comp="32" pin="0"/><net_sink comp="834" pin=2"/></net>

<net id="845"><net_src comp="826" pin="3"/><net_sink comp="842" pin=0"/></net>

<net id="850"><net_src comp="764" pin="3"/><net_sink comp="846" pin=0"/></net>

<net id="851"><net_src comp="842" pin="1"/><net_sink comp="846" pin=1"/></net>

<net id="857"><net_src comp="30" pin="0"/><net_sink comp="852" pin=0"/></net>

<net id="858"><net_src comp="846" pin="2"/><net_sink comp="852" pin=1"/></net>

<net id="859"><net_src comp="32" pin="0"/><net_sink comp="852" pin=2"/></net>

<net id="864"><net_src comp="852" pin="3"/><net_sink comp="860" pin=0"/></net>

<net id="865"><net_src comp="78" pin="0"/><net_sink comp="860" pin=1"/></net>

<net id="870"><net_src comp="726" pin="2"/><net_sink comp="866" pin=0"/></net>

<net id="871"><net_src comp="78" pin="0"/><net_sink comp="866" pin=1"/></net>

<net id="876"><net_src comp="696" pin="2"/><net_sink comp="872" pin=0"/></net>

<net id="877"><net_src comp="866" pin="2"/><net_sink comp="872" pin=1"/></net>

<net id="883"><net_src comp="108" pin="0"/><net_sink comp="878" pin=0"/></net>

<net id="884"><net_src comp="726" pin="2"/><net_sink comp="878" pin=1"/></net>

<net id="885"><net_src comp="872" pin="2"/><net_sink comp="878" pin=2"/></net>

<net id="897"><net_src comp="110" pin="0"/><net_sink comp="886" pin=0"/></net>

<net id="898"><net_src comp="112" pin="0"/><net_sink comp="886" pin=1"/></net>

<net id="899"><net_src comp="732" pin="1"/><net_sink comp="886" pin=2"/></net>

<net id="900"><net_src comp="114" pin="0"/><net_sink comp="886" pin=3"/></net>

<net id="901"><net_src comp="846" pin="2"/><net_sink comp="886" pin=4"/></net>

<net id="902"><net_src comp="116" pin="0"/><net_sink comp="886" pin=5"/></net>

<net id="903"><net_src comp="804" pin="3"/><net_sink comp="886" pin=6"/></net>

<net id="904"><net_src comp="118" pin="0"/><net_sink comp="886" pin=7"/></net>

<net id="905"><net_src comp="878" pin="3"/><net_sink comp="886" pin=8"/></net>

<net id="910"><net_src comp="872" pin="2"/><net_sink comp="906" pin=0"/></net>

<net id="911"><net_src comp="834" pin="3"/><net_sink comp="906" pin=1"/></net>

<net id="916"><net_src comp="906" pin="2"/><net_sink comp="912" pin=0"/></net>

<net id="917"><net_src comp="860" pin="2"/><net_sink comp="912" pin=1"/></net>

<net id="923"><net_src comp="696" pin="2"/><net_sink comp="918" pin=0"/></net>

<net id="924"><net_src comp="120" pin="0"/><net_sink comp="918" pin=1"/></net>

<net id="925"><net_src comp="122" pin="0"/><net_sink comp="918" pin=2"/></net>

<net id="930"><net_src comp="918" pin="3"/><net_sink comp="926" pin=0"/></net>

<net id="931"><net_src comp="640" pin="2"/><net_sink comp="926" pin=1"/></net>

<net id="938"><net_src comp="124" pin="0"/><net_sink comp="932" pin=0"/></net>

<net id="939"><net_src comp="926" pin="2"/><net_sink comp="932" pin=1"/></net>

<net id="940"><net_src comp="126" pin="0"/><net_sink comp="932" pin=2"/></net>

<net id="941"><net_src comp="128" pin="0"/><net_sink comp="932" pin=3"/></net>

<net id="946"><net_src comp="932" pin="4"/><net_sink comp="942" pin=0"/></net>

<net id="947"><net_src comp="130" pin="0"/><net_sink comp="942" pin=1"/></net>

<net id="952"><net_src comp="682" pin="2"/><net_sink comp="948" pin=0"/></net>

<net id="953"><net_src comp="86" pin="0"/><net_sink comp="948" pin=1"/></net>

<net id="957"><net_src comp="948" pin="2"/><net_sink comp="954" pin=0"/></net>

<net id="962"><net_src comp="682" pin="2"/><net_sink comp="958" pin=0"/></net>

<net id="963"><net_src comp="132" pin="0"/><net_sink comp="958" pin=1"/></net>

<net id="969"><net_src comp="30" pin="0"/><net_sink comp="964" pin=0"/></net>

<net id="970"><net_src comp="886" pin="9"/><net_sink comp="964" pin=1"/></net>

<net id="971"><net_src comp="32" pin="0"/><net_sink comp="964" pin=2"/></net>

<net id="976"><net_src comp="948" pin="2"/><net_sink comp="972" pin=0"/></net>

<net id="977"><net_src comp="96" pin="0"/><net_sink comp="972" pin=1"/></net>

<net id="983"><net_src comp="134" pin="0"/><net_sink comp="978" pin=0"/></net>

<net id="984"><net_src comp="948" pin="2"/><net_sink comp="978" pin=1"/></net>

<net id="985"><net_src comp="128" pin="0"/><net_sink comp="978" pin=2"/></net>

<net id="990"><net_src comp="978" pin="3"/><net_sink comp="986" pin=0"/></net>

<net id="991"><net_src comp="78" pin="0"/><net_sink comp="986" pin=1"/></net>

<net id="996"><net_src comp="948" pin="2"/><net_sink comp="992" pin=0"/></net>

<net id="997"><net_src comp="96" pin="0"/><net_sink comp="992" pin=1"/></net>

<net id="1003"><net_src comp="106" pin="0"/><net_sink comp="998" pin=0"/></net>

<net id="1004"><net_src comp="668" pin="3"/><net_sink comp="998" pin=1"/></net>

<net id="1005"><net_src comp="954" pin="1"/><net_sink comp="998" pin=2"/></net>

<net id="1010"><net_src comp="992" pin="2"/><net_sink comp="1006" pin=0"/></net>

<net id="1011"><net_src comp="998" pin="3"/><net_sink comp="1006" pin=1"/></net>

<net id="1016"><net_src comp="958" pin="2"/><net_sink comp="1012" pin=0"/></net>

<net id="1017"><net_src comp="96" pin="0"/><net_sink comp="1012" pin=1"/></net>

<net id="1022"><net_src comp="958" pin="2"/><net_sink comp="1018" pin=0"/></net>

<net id="1023"><net_src comp="96" pin="0"/><net_sink comp="1018" pin=1"/></net>

<net id="1028"><net_src comp="620" pin="3"/><net_sink comp="1024" pin=0"/></net>

<net id="1029"><net_src comp="964" pin="3"/><net_sink comp="1024" pin=1"/></net>

<net id="1033"><net_src comp="958" pin="2"/><net_sink comp="1030" pin=0"/></net>

<net id="1037"><net_src comp="1030" pin="1"/><net_sink comp="1034" pin=0"/></net>

<net id="1042"><net_src comp="668" pin="3"/><net_sink comp="1038" pin=0"/></net>

<net id="1043"><net_src comp="1034" pin="1"/><net_sink comp="1038" pin=1"/></net>

<net id="1048"><net_src comp="136" pin="0"/><net_sink comp="1044" pin=0"/></net>

<net id="1049"><net_src comp="1034" pin="1"/><net_sink comp="1044" pin=1"/></net>

<net id="1054"><net_src comp="1038" pin="2"/><net_sink comp="1050" pin=0"/></net>

<net id="1055"><net_src comp="1044" pin="2"/><net_sink comp="1050" pin=1"/></net>

<net id="1061"><net_src comp="134" pin="0"/><net_sink comp="1056" pin=0"/></net>

<net id="1062"><net_src comp="958" pin="2"/><net_sink comp="1056" pin=1"/></net>

<net id="1063"><net_src comp="128" pin="0"/><net_sink comp="1056" pin=2"/></net>

<net id="1068"><net_src comp="1056" pin="3"/><net_sink comp="1064" pin=0"/></net>

<net id="1069"><net_src comp="78" pin="0"/><net_sink comp="1064" pin=1"/></net>

<net id="1075"><net_src comp="1018" pin="2"/><net_sink comp="1070" pin=0"/></net>

<net id="1076"><net_src comp="1050" pin="2"/><net_sink comp="1070" pin=1"/></net>

<net id="1077"><net_src comp="1064" pin="2"/><net_sink comp="1070" pin=2"/></net>

<net id="1082"><net_src comp="1012" pin="2"/><net_sink comp="1078" pin=0"/></net>

<net id="1083"><net_src comp="986" pin="2"/><net_sink comp="1078" pin=1"/></net>

<net id="1088"><net_src comp="1070" pin="3"/><net_sink comp="1084" pin=0"/></net>

<net id="1089"><net_src comp="1006" pin="2"/><net_sink comp="1084" pin=1"/></net>

<net id="1094"><net_src comp="1006" pin="2"/><net_sink comp="1090" pin=0"/></net>

<net id="1095"><net_src comp="78" pin="0"/><net_sink comp="1090" pin=1"/></net>

<net id="1100"><net_src comp="1038" pin="2"/><net_sink comp="1096" pin=0"/></net>

<net id="1101"><net_src comp="80" pin="0"/><net_sink comp="1096" pin=1"/></net>

<net id="1106"><net_src comp="1096" pin="2"/><net_sink comp="1102" pin=0"/></net>

<net id="1107"><net_src comp="1090" pin="2"/><net_sink comp="1102" pin=1"/></net>

<net id="1112"><net_src comp="958" pin="2"/><net_sink comp="1108" pin=0"/></net>

<net id="1113"><net_src comp="96" pin="0"/><net_sink comp="1108" pin=1"/></net>

<net id="1118"><net_src comp="668" pin="3"/><net_sink comp="1114" pin=0"/></net>

<net id="1119"><net_src comp="80" pin="0"/><net_sink comp="1114" pin=1"/></net>

<net id="1124"><net_src comp="1114" pin="2"/><net_sink comp="1120" pin=0"/></net>

<net id="1125"><net_src comp="986" pin="2"/><net_sink comp="1120" pin=1"/></net>

<net id="1130"><net_src comp="1012" pin="2"/><net_sink comp="1126" pin=0"/></net>

<net id="1131"><net_src comp="78" pin="0"/><net_sink comp="1126" pin=1"/></net>

<net id="1136"><net_src comp="978" pin="3"/><net_sink comp="1132" pin=0"/></net>

<net id="1137"><net_src comp="1126" pin="2"/><net_sink comp="1132" pin=1"/></net>

<net id="1142"><net_src comp="1108" pin="2"/><net_sink comp="1138" pin=0"/></net>

<net id="1143"><net_src comp="1132" pin="2"/><net_sink comp="1138" pin=1"/></net>

<net id="1149"><net_src comp="108" pin="0"/><net_sink comp="1144" pin=0"/></net>

<net id="1150"><net_src comp="1078" pin="2"/><net_sink comp="1144" pin=1"/></net>

<net id="1151"><net_src comp="1138" pin="2"/><net_sink comp="1144" pin=2"/></net>

<net id="1163"><net_src comp="138" pin="0"/><net_sink comp="1152" pin=0"/></net>

<net id="1164"><net_src comp="112" pin="0"/><net_sink comp="1152" pin=1"/></net>

<net id="1165"><net_src comp="1084" pin="2"/><net_sink comp="1152" pin=2"/></net>

<net id="1166"><net_src comp="114" pin="0"/><net_sink comp="1152" pin=3"/></net>

<net id="1167"><net_src comp="1006" pin="2"/><net_sink comp="1152" pin=4"/></net>

<net id="1168"><net_src comp="116" pin="0"/><net_sink comp="1152" pin=5"/></net>

<net id="1169"><net_src comp="986" pin="2"/><net_sink comp="1152" pin=6"/></net>

<net id="1170"><net_src comp="140" pin="0"/><net_sink comp="1152" pin=7"/></net>

<net id="1171"><net_src comp="1144" pin="3"/><net_sink comp="1152" pin=8"/></net>

<net id="1183"><net_src comp="138" pin="0"/><net_sink comp="1172" pin=0"/></net>

<net id="1184"><net_src comp="112" pin="0"/><net_sink comp="1172" pin=1"/></net>

<net id="1185"><net_src comp="1102" pin="2"/><net_sink comp="1172" pin=2"/></net>

<net id="1186"><net_src comp="114" pin="0"/><net_sink comp="1172" pin=3"/></net>

<net id="1187"><net_src comp="1090" pin="2"/><net_sink comp="1172" pin=4"/></net>

<net id="1188"><net_src comp="116" pin="0"/><net_sink comp="1172" pin=5"/></net>

<net id="1189"><net_src comp="1120" pin="2"/><net_sink comp="1172" pin=6"/></net>

<net id="1190"><net_src comp="140" pin="0"/><net_sink comp="1172" pin=7"/></net>

<net id="1191"><net_src comp="1144" pin="3"/><net_sink comp="1172" pin=8"/></net>

<net id="1197"><net_src comp="912" pin="2"/><net_sink comp="1192" pin=0"/></net>

<net id="1198"><net_src comp="1152" pin="9"/><net_sink comp="1192" pin=1"/></net>

<net id="1199"><net_src comp="1172" pin="9"/><net_sink comp="1192" pin=2"/></net>

<net id="1204"><net_src comp="978" pin="3"/><net_sink comp="1200" pin=0"/></net>

<net id="1205"><net_src comp="1090" pin="2"/><net_sink comp="1200" pin=1"/></net>

<net id="1210"><net_src comp="1070" pin="3"/><net_sink comp="1206" pin=0"/></net>

<net id="1211"><net_src comp="1200" pin="2"/><net_sink comp="1206" pin=1"/></net>

<net id="1217"><net_src comp="912" pin="2"/><net_sink comp="1212" pin=0"/></net>

<net id="1218"><net_src comp="1206" pin="2"/><net_sink comp="1212" pin=1"/></net>

<net id="1219"><net_src comp="1152" pin="9"/><net_sink comp="1212" pin=2"/></net>

<net id="1224"><net_src comp="912" pin="2"/><net_sink comp="1220" pin=0"/></net>

<net id="1225"><net_src comp="1152" pin="9"/><net_sink comp="1220" pin=1"/></net>

<net id="1230"><net_src comp="1220" pin="2"/><net_sink comp="1226" pin=0"/></net>

<net id="1231"><net_src comp="78" pin="0"/><net_sink comp="1226" pin=1"/></net>

<net id="1236"><net_src comp="972" pin="2"/><net_sink comp="1232" pin=0"/></net>

<net id="1237"><net_src comp="78" pin="0"/><net_sink comp="1232" pin=1"/></net>

<net id="1242"><net_src comp="1212" pin="3"/><net_sink comp="1238" pin=0"/></net>

<net id="1243"><net_src comp="1232" pin="2"/><net_sink comp="1238" pin=1"/></net>

<net id="1248"><net_src comp="972" pin="2"/><net_sink comp="1244" pin=0"/></net>

<net id="1249"><net_src comp="620" pin="3"/><net_sink comp="1244" pin=1"/></net>

<net id="1255"><net_src comp="108" pin="0"/><net_sink comp="1250" pin=0"/></net>

<net id="1256"><net_src comp="1232" pin="2"/><net_sink comp="1250" pin=1"/></net>

<net id="1257"><net_src comp="1244" pin="2"/><net_sink comp="1250" pin=2"/></net>

<net id="1269"><net_src comp="138" pin="0"/><net_sink comp="1258" pin=0"/></net>

<net id="1270"><net_src comp="112" pin="0"/><net_sink comp="1258" pin=1"/></net>

<net id="1271"><net_src comp="1024" pin="2"/><net_sink comp="1258" pin=2"/></net>

<net id="1272"><net_src comp="114" pin="0"/><net_sink comp="1258" pin=3"/></net>

<net id="1273"><net_src comp="1226" pin="2"/><net_sink comp="1258" pin=4"/></net>

<net id="1274"><net_src comp="116" pin="0"/><net_sink comp="1258" pin=5"/></net>

<net id="1275"><net_src comp="36" pin="0"/><net_sink comp="1258" pin=6"/></net>

<net id="1276"><net_src comp="140" pin="0"/><net_sink comp="1258" pin=7"/></net>

<net id="1277"><net_src comp="1250" pin="3"/><net_sink comp="1258" pin=8"/></net>

<net id="1282"><net_src comp="1192" pin="3"/><net_sink comp="1278" pin=0"/></net>

<net id="1283"><net_src comp="78" pin="0"/><net_sink comp="1278" pin=1"/></net>

<net id="1288"><net_src comp="972" pin="2"/><net_sink comp="1284" pin=0"/></net>

<net id="1289"><net_src comp="1278" pin="2"/><net_sink comp="1284" pin=1"/></net>

<net id="1294"><net_src comp="964" pin="3"/><net_sink comp="1290" pin=0"/></net>

<net id="1295"><net_src comp="1284" pin="2"/><net_sink comp="1290" pin=1"/></net>

<net id="1300"><net_src comp="620" pin="3"/><net_sink comp="1296" pin=0"/></net>

<net id="1301"><net_src comp="78" pin="0"/><net_sink comp="1296" pin=1"/></net>

<net id="1306"><net_src comp="1290" pin="2"/><net_sink comp="1302" pin=0"/></net>

<net id="1307"><net_src comp="1296" pin="2"/><net_sink comp="1302" pin=1"/></net>

<net id="1312"><net_src comp="964" pin="3"/><net_sink comp="1308" pin=0"/></net>

<net id="1313"><net_src comp="1238" pin="2"/><net_sink comp="1308" pin=1"/></net>

<net id="1318"><net_src comp="1308" pin="2"/><net_sink comp="1314" pin=0"/></net>

<net id="1319"><net_src comp="78" pin="0"/><net_sink comp="1314" pin=1"/></net>

<net id="1324"><net_src comp="1258" pin="9"/><net_sink comp="1320" pin=0"/></net>

<net id="1325"><net_src comp="1314" pin="2"/><net_sink comp="1320" pin=1"/></net>

<net id="1330"><net_src comp="1320" pin="2"/><net_sink comp="1326" pin=0"/></net>

<net id="1331"><net_src comp="1302" pin="2"/><net_sink comp="1326" pin=1"/></net>

<net id="1336"><net_src comp="676" pin="2"/><net_sink comp="1332" pin=0"/></net>

<net id="1337"><net_src comp="78" pin="0"/><net_sink comp="1332" pin=1"/></net>

<net id="1342"><net_src comp="1326" pin="2"/><net_sink comp="1338" pin=0"/></net>

<net id="1343"><net_src comp="1332" pin="2"/><net_sink comp="1338" pin=1"/></net>

<net id="1348"><net_src comp="1338" pin="2"/><net_sink comp="1344" pin=0"/></net>

<net id="1349"><net_src comp="942" pin="2"/><net_sink comp="1344" pin=1"/></net>

<net id="1355"><net_src comp="108" pin="0"/><net_sink comp="1350" pin=0"/></net>

<net id="1356"><net_src comp="676" pin="2"/><net_sink comp="1350" pin=1"/></net>

<net id="1357"><net_src comp="1344" pin="2"/><net_sink comp="1350" pin=2"/></net>

<net id="1363"><net_src comp="142" pin="0"/><net_sink comp="1358" pin=1"/></net>

<net id="1364"><net_src comp="144" pin="0"/><net_sink comp="1358" pin=2"/></net>

<net id="1376"><net_src comp="110" pin="0"/><net_sink comp="1365" pin=0"/></net>

<net id="1377"><net_src comp="112" pin="0"/><net_sink comp="1365" pin=1"/></net>

<net id="1378"><net_src comp="28" pin="0"/><net_sink comp="1365" pin=2"/></net>

<net id="1379"><net_src comp="114" pin="0"/><net_sink comp="1365" pin=3"/></net>

<net id="1380"><net_src comp="1358" pin="3"/><net_sink comp="1365" pin=4"/></net>

<net id="1381"><net_src comp="116" pin="0"/><net_sink comp="1365" pin=5"/></net>

<net id="1382"><net_src comp="118" pin="0"/><net_sink comp="1365" pin=7"/></net>

<net id="1383"><net_src comp="1365" pin="9"/><net_sink comp="203" pin=0"/></net>

<net id="1387"><net_src comp="146" pin="1"/><net_sink comp="1384" pin=0"/></net>

<net id="1388"><net_src comp="1384" pin="1"/><net_sink comp="224" pin=1"/></net>

<net id="1389"><net_src comp="1384" pin="1"/><net_sink comp="229" pin=0"/></net>

<net id="1390"><net_src comp="1384" pin="1"/><net_sink comp="284" pin=1"/></net>

<net id="1397"><net_src comp="238" pin="2"/><net_sink comp="1394" pin=0"/></net>

<net id="1398"><net_src comp="1394" pin="1"/><net_sink comp="284" pin=0"/></net>

<net id="1402"><net_src comp="248" pin="3"/><net_sink comp="1399" pin=0"/></net>

<net id="1403"><net_src comp="1399" pin="1"/><net_sink comp="272" pin=0"/></net>

<net id="1410"><net_src comp="262" pin="2"/><net_sink comp="1407" pin=0"/></net>

<net id="1411"><net_src comp="1407" pin="1"/><net_sink comp="192" pin=2"/></net>

<net id="1415"><net_src comp="150" pin="3"/><net_sink comp="1412" pin=0"/></net>

<net id="1416"><net_src comp="1412" pin="1"/><net_sink comp="171" pin=0"/></net>

<net id="1420"><net_src comp="157" pin="3"/><net_sink comp="1417" pin=0"/></net>

<net id="1421"><net_src comp="1417" pin="1"/><net_sink comp="177" pin=0"/></net>

<net id="1425"><net_src comp="164" pin="3"/><net_sink comp="1422" pin=0"/></net>

<net id="1426"><net_src comp="1422" pin="1"/><net_sink comp="183" pin=0"/></net>

<net id="1430"><net_src comp="422" pin="3"/><net_sink comp="1427" pin=0"/></net>

<net id="1431"><net_src comp="1427" pin="1"/><net_sink comp="211" pin=1"/></net>

<net id="1435"><net_src comp="564" pin="3"/><net_sink comp="1432" pin=0"/></net>

<net id="1436"><net_src comp="1432" pin="1"/><net_sink comp="211" pin=0"/></net>

<net id="1440"><net_src comp="211" pin="2"/><net_sink comp="1437" pin=0"/></net>

<net id="1441"><net_src comp="1437" pin="1"/><net_sink comp="219" pin=0"/></net>

<net id="1442"><net_src comp="1437" pin="1"/><net_sink comp="572" pin=0"/></net>

<net id="1443"><net_src comp="1437" pin="1"/><net_sink comp="215" pin=1"/></net>

<net id="1447"><net_src comp="607" pin="2"/><net_sink comp="1444" pin=0"/></net>

<net id="1451"><net_src comp="211" pin="2"/><net_sink comp="1448" pin=0"/></net>

<net id="1452"><net_src comp="1448" pin="1"/><net_sink comp="215" pin=0"/></net>

<net id="1456"><net_src comp="215" pin="2"/><net_sink comp="1453" pin=0"/></net>

<net id="1457"><net_src comp="1453" pin="1"/><net_sink comp="613" pin=0"/></net>

<net id="1461"><net_src comp="886" pin="9"/><net_sink comp="1458" pin=0"/></net>

<net id="1462"><net_src comp="1458" pin="1"/><net_sink comp="1365" pin=6"/></net>

<net id="1466"><net_src comp="1302" pin="2"/><net_sink comp="1463" pin=0"/></net>

<net id="1467"><net_src comp="1463" pin="1"/><net_sink comp="1358" pin=0"/></net>

<net id="1471"><net_src comp="1350" pin="3"/><net_sink comp="1468" pin=0"/></net>

<net id="1472"><net_src comp="1468" pin="1"/><net_sink comp="1365" pin=8"/></net>

</net_list>

</model> 
---------------- Datapath Model END ------------------

* FSMD analyzer results:
  - Output states:
	Port: index_map | {39 }
 - Input state : 
	Port: slow_ndvi : red | {3 4 }
	Port: slow_ndvi : nir | {3 4 }
  - Chain level:
	State 1
		store_ln28 : 1
	State 2
		icmp_ln28 : 1
		add_ln28 : 1
		br_ln28 : 2
		trunc_ln28 : 1
		tmp_s : 2
	State 3
		icmp_ln29 : 1
		add_ln29 : 1
		br_ln29 : 2
		zext_ln31_2 : 1
		add_ln31_2 : 2
		zext_ln31_4 : 3
		red_addr : 4
		nir_addr : 4
		index_map_addr : 4
		red_load : 5
		nir_load : 5
	State 4
		icmp_ln31 : 1
		tmp : 1
		sub_ln31 : 1
		select_ln31 : 2
		tmp_4 : 3
		trunc_ln31 : 4
		trunc_ln31_1 : 4
		zext_ln31 : 3
		add_ln31 : 5
		zext_ln31_1 : 6
		shl_ln31 : 7
		lshr_ln : 8
		zext_ln31_3 : 9
		tmp_5 : 8
		select_ln31_1 : 9
		sub_ln31_1 : 5
		sext_ln31 : 6
		add_ln31_1 : 10
		tmp_2 : 11
		LD : 12
		bitcast_ln767 : 13
		r_val : 14
		icmp_ln32 : 1
		tmp_7 : 1
		sub_ln32 : 1
		select_ln32 : 2
		tmp_1 : 3
		trunc_ln32 : 4
		trunc_ln32_1 : 4
		zext_ln32 : 3
		add_ln32 : 5
		zext_ln32_1 : 6
		shl_ln32 : 7
		lshr_ln1 : 8
		zext_ln32_2 : 9
		tmp_8 : 8
		select_ln32_1 : 9
		sub_ln32_1 : 5
		sext_ln32 : 6
		add_ln32_1 : 10
		tmp_3 : 11
		LD_1 : 12
		bitcast_ln767_1 : 13
		n_val : 14
	State 5
	State 6
	State 7
	State 8
	State 9
	State 10
	State 11
		tmp_9 : 1
		trunc_ln33 : 1
		icmp_ln33 : 2
		icmp_ln33_1 : 2
		or_ln33 : 3
		and_ln33 : 3
		br_ln33 : 3
	State 12
	State 13
	State 14
	State 15
	State 16
	State 17
	State 18
	State 19
	State 20
	State 21
	State 22
	State 23
	State 24
	State 25
	State 26
	State 27
	State 28
	State 29
	State 30
	State 31
	State 32
	State 33
	State 34
	State 35
	State 36
	State 37
	State 38
		trunc_ln34 : 1
		tmp_11 : 1
		tmp_6 : 1
		zext_ln34 : 2
		add_ln34 : 3
		trunc_ln34_1 : 1
		zext_ln34_1_cast : 2
		zext_ln34_1 : 3
		sub_ln34 : 4
		select_ln34 : 5
		icmp_ln34 : 2
		sub_ln34_1 : 3
		trunc_ln34_2 : 4
		trunc_ln34_3 : 4
		icmp_ln34_1 : 4
		add_ln34_1 : 4
		trunc_ln34_4 : 5
		sub_ln34_2 : 5
		select_ln34_1 : 6
		icmp_ln34_2 : 4
		trunc_ln34_5 : 6
		icmp_ln34_3 : 7
		select_ln34_6 : 2
		zext_ln34_2 : 7
		ashr_ln34 : 8
		trunc_ln34_6 : 9
		select_ln34_2 : 10
		icmp_ln34_4 : 5
		tmp_12 : 7
		icmp_ln34_5 : 8
		select_ln34_1cast : 7
		shl_ln34 : 8
		select_ln34_3 : 9
		add_ln34_2 : 5
		tmp_13 : 6
		cond64_i : 7
		tmp_14 : 11
		zext_ln34_3 : 8
		add_ln34_3 : 11
		tmp_15 : 12
		xor_ln34 : 13
		xor_ln34_2 : 5
		and_ln34 : 5
		sel_tmp2 : 5
		ref_tmp : 12
		and_ln34_10 : 12
		carry_1_i : 13
		select_ln34_7 : 5
		add_ln34_4 : 6
		tmp_16 : 7
		icmp_ln34_6 : 8
		add_ln34_5 : 4
		trunc_ln34_8 : 5
		add_ln34_6 : 4
		tmp_17 : 13
		icmp_ln34_7 : 5
		tmp_18 : 5
		xor_ln34_9 : 6
		icmp_ln34_8 : 5
		tobool134_i : 6
		lD_0_i : 7
		icmp_ln34_9 : 5
		icmp_ln34_10 : 5
		and_ln34_1 : 14
		sext_ln34_1 : 5
		zext_ln34_5 : 6
		lshr_ln34 : 7
		lshr_ln34_1 : 7
		icmp_ln34_11 : 8
		tmp_19 : 5
		xor_ln34_10 : 6
		Range2_all_ones_1_i : 9
		and_ln34_2 : 6
		and_ln34_3 : 10
		xor_ln34_1 : 7
		icmp_ln34_12 : 8
		and_ln34_4 : 7
		icmp_ln34_13 : 5
		icmp_ln34_14 : 6
		or_ln34 : 7
		xor_ln34_11 : 6
		or_ln34_4 : 6
		and_ln34_11 : 6
		sel_tmp : 6
		Range1_all_ones_2_i : 10
		Range1_all_zeros_2_i : 7
		select_ln34_4 : 13
		or_ln34_1 : 7
		and_ln34_5 : 7
		cond193_i : 13
		and_ln34_6 : 13
		xor_ln34_4 : 13
		not_icmp_ln34_764 : 6
		deleted_ones_0_i : 14
		and_ln34_12 : 6
		sel_tmp1 : 6
		neg_src_0_i : 13
		xor_ln34_5 : 14
		and_ln34_13 : 14
		or_ln34_2 : 14
		xor_ln34_6 : 2
		and_ln34_7 : 14
		and_ln34_8 : 14
		xor_ln34_7 : 14
		and_ln34_9 : 14
		or_ln34_3 : 14
		xor_ln34_8 : 3
		and_ln34_14 : 14
		and_ln34_15 : 14
		sel_tmp3 : 14
	State 39
		ref_tmp17_4 : 1
		storemerge : 2
		store_ln33 : 3


============================================================
+ Verbose Summary: Datapath Resource usage 
============================================================

* Functional unit list:
|----------|------------------------------|---------|---------|---------|
| Operation|        Functional Unit       |   DSP   |    FF   |   LUT   |
|----------|------------------------------|---------|---------|---------|
|   dadd   |          grp_fu_211          |    3    |   445   |   781   |
|----------|------------------------------|---------|---------|---------|
|          |       icmp_ln28_fu_232       |    0    |    0    |    15   |
|          |       icmp_ln29_fu_256       |    0    |    0    |    15   |
|          |       icmp_ln31_fu_288       |    0    |    0    |    23   |
|          |       icmp_ln32_fu_430       |    0    |    0    |    23   |
|          |       icmp_ln33_fu_589       |    0    |    0    |    18   |
|          |      icmp_ln33_1_fu_595      |    0    |    0    |    59   |
|          |       icmp_ln34_fu_676       |    0    |    0    |    70   |
|          |      icmp_ln34_1_fu_696      |    0    |    0    |    19   |
|          |      icmp_ln34_2_fu_726      |    0    |    0    |    19   |
|          |      icmp_ln34_3_fu_736      |    0    |    0    |    18   |
|   icmp   |      icmp_ln34_4_fu_772      |    0    |    0    |    19   |
|          |      icmp_ln34_5_fu_788      |    0    |    0    |    14   |
|          |      icmp_ln34_6_fu_942      |    0    |    0    |    16   |
|          |      icmp_ln34_7_fu_972      |    0    |    0    |    19   |
|          |      icmp_ln34_8_fu_992      |    0    |    0    |    19   |
|          |      icmp_ln34_9_fu_1012     |    0    |    0    |    19   |
|          |     icmp_ln34_10_fu_1018     |    0    |    0    |    19   |
|          |     icmp_ln34_11_fu_1050     |    0    |    0    |    61   |
|          |     icmp_ln34_12_fu_1096     |    0    |    0    |    61   |
|          |     icmp_ln34_13_fu_1108     |    0    |    0    |    19   |
|          |     icmp_ln34_14_fu_1114     |    0    |    0    |    61   |
|----------|------------------------------|---------|---------|---------|
|          |      select_ln31_fu_308      |    0    |    0    |    16   |
|          |     select_ln31_1_fu_374     |    0    |    0    |    10   |
|          |         r_val_fu_422         |    0    |    0    |    56   |
|          |      select_ln32_fu_450      |    0    |    0    |    16   |
|          |     select_ln32_1_fu_516     |    0    |    0    |    10   |
|          |         n_val_fu_564         |    0    |    0    |    56   |
|          |      select_ln34_fu_668      |    0    |    0    |    53   |
|          |     select_ln34_1_fu_718     |    0    |    0    |    10   |
|  select  |     select_ln34_6_fu_742     |    0    |    0    |    2    |
|          |     select_ln34_2_fu_764     |    0    |    0    |    16   |
|          |     select_ln34_3_fu_804     |    0    |    0    |    16   |
|          |        cond64_i_fu_826       |    0    |    0    |    2    |
|          |     select_ln34_7_fu_918     |    0    |    0    |    3    |
|          |  Range2_all_ones_1_i_fu_1070 |    0    |    0    |    2    |
|          |     select_ln34_4_fu_1192    |    0    |    0    |    2    |
|          |       cond193_i_fu_1212      |    0    |    0    |    2    |
|          |     select_ln34_5_fu_1358    |    0    |    0    |    16   |
|----------|------------------------------|---------|---------|---------|
|   lshr   |       lshr_ln34_fu_1038      |    0    |    0    |   159   |
|          |      lshr_ln34_1_fu_1044     |    0    |    0    |   100   |
|----------|------------------------------|---------|---------|---------|
|          |        add_ln28_fu_238       |    0    |    0    |    15   |
|          |        add_ln29_fu_262       |    0    |    0    |    15   |
|          |       add_ln31_2_fu_272      |    0    |    0    |    21   |
|          |        add_ln31_fu_336       |    0    |    0    |    13   |
|          |       add_ln31_1_fu_392      |    0    |    0    |    18   |
|          |        add_ln32_fu_478       |    0    |    0    |    13   |
|    add   |       add_ln32_1_fu_534      |    0    |    0    |    18   |
|          |        add_ln34_fu_640       |    0    |    0    |    17   |
|          |       add_ln34_1_fu_702      |    0    |    0    |    19   |
|          |       add_ln34_2_fu_812      |    0    |    0    |    13   |
|          |       add_ln34_3_fu_846      |    0    |    0    |    23   |
|          |       add_ln34_4_fu_926      |    0    |    0    |    17   |
|          |       add_ln34_5_fu_948      |    0    |    0    |    19   |
|          |       add_ln34_6_fu_958      |    0    |    0    |    19   |
|----------|------------------------------|---------|---------|---------|
|          |        sub_ln31_fu_302       |    0    |    0    |    23   |
|          |       sub_ln31_1_fu_382      |    0    |    0    |    12   |
|          |        sub_ln32_fu_444       |    0    |    0    |    23   |
|    sub   |       sub_ln32_1_fu_524      |    0    |    0    |    12   |
|          |        sub_ln34_fu_662       |    0    |    0    |    60   |
|          |       sub_ln34_1_fu_682      |    0    |    0    |    19   |
|          |       sub_ln34_2_fu_712      |    0    |    0    |    18   |
|----------|------------------------------|---------|---------|---------|
|   ashr   |       ashr_ln34_fu_754       |    0    |    0    |   159   |
|----------|------------------------------|---------|---------|---------|
|          |        shl_ln31_fu_346       |    0    |    0    |    35   |
|    shl   |        shl_ln32_fu_488       |    0    |    0    |    35   |
|          |        shl_ln34_fu_798       |    0    |    0    |    35   |
|----------|------------------------------|---------|---------|---------|
|          |        ref_tmp_fu_886        |    0    |    0    |    9    |
|          |  Range1_all_ones_2_i_fu_1152 |    0    |    0    |    9    |
| sparsemux| Range1_all_zeros_2_i_fu_1172 |    0    |    0    |    9    |
|          |      neg_src_0_i_fu_1258     |    0    |    0    |    9    |
|          |      ref_tmp17_4_fu_1365     |    0    |    0    |    9    |
|----------|------------------------------|---------|---------|---------|
|   ctlz   |         tmp_4_fu_316         |    0    |    0    |    19   |
|          |         tmp_1_fu_458         |    0    |    0    |    19   |
|----------|------------------------------|---------|---------|---------|
|          |        and_ln33_fu_607       |    0    |    0    |    2    |
|          |        and_ln34_fu_872       |    0    |    0    |    2    |
|          |      and_ln34_10_fu_906      |    0    |    0    |    2    |
|          |       carry_1_i_fu_912       |    0    |    0    |    2    |
|          |        lD_0_i_fu_1006        |    0    |    0    |    2    |
|          |      and_ln34_1_fu_1024      |    0    |    0    |    2    |
|          |      and_ln34_2_fu_1078      |    0    |    0    |    2    |
|          |      and_ln34_3_fu_1084      |    0    |    0    |    2    |
|          |      and_ln34_4_fu_1102      |    0    |    0    |    2    |
|    and   |      and_ln34_11_fu_1138     |    0    |    0    |    2    |
|          |      and_ln34_5_fu_1206      |    0    |    0    |    2    |
|          |      and_ln34_6_fu_1220      |    0    |    0    |    2    |
|          |      and_ln34_12_fu_1244     |    0    |    0    |    2    |
|          |      and_ln34_13_fu_1284     |    0    |    0    |    2    |
|          |      and_ln34_7_fu_1302      |    0    |    0    |    2    |
|          |      and_ln34_8_fu_1308      |    0    |    0    |    2    |
|          |      and_ln34_9_fu_1320      |    0    |    0    |    2    |
|          |      and_ln34_14_fu_1338     |    0    |    0    |    2    |
|          |      and_ln34_15_fu_1344     |    0    |    0    |    2    |
|----------|------------------------------|---------|---------|---------|
|          |          tmp_fu_294          |    0    |    0    |    0    |
|          |         tmp_5_fu_366         |    0    |    0    |    0    |
|          |         tmp_7_fu_436         |    0    |    0    |    0    |
|          |         tmp_8_fu_508         |    0    |    0    |    0    |
|          |         tmp_11_fu_620        |    0    |    0    |    0    |
| bitselect|         tmp_13_fu_818        |    0    |    0    |    17   |
|          |         tmp_14_fu_834        |    0    |    0    |    0    |
|          |         tmp_15_fu_852        |    0    |    0    |    0    |
|          |         tmp_17_fu_964        |    0    |    0    |    0    |
|          |         tmp_18_fu_978        |    0    |    0    |    0    |
|          |      tobool134_i_fu_998      |    0    |    0    |    17   |
|          |        tmp_19_fu_1056        |    0    |    0    |    0    |
|----------|------------------------------|---------|---------|---------|
|          |        xor_ln34_fu_860       |    0    |    0    |    2    |
|          |       xor_ln34_2_fu_866      |    0    |    0    |    2    |
|          |       xor_ln34_9_fu_986      |    0    |    0    |    2    |
|          |      xor_ln34_10_fu_1064     |    0    |    0    |    2    |
|          |      xor_ln34_1_fu_1090      |    0    |    0    |    2    |
|    xor   |      xor_ln34_11_fu_1126     |    0    |    0    |    2    |
|          |      xor_ln34_4_fu_1226      |    0    |    0    |    2    |
|          |   not_icmp_ln34_764_fu_1232  |    0    |    0    |    2    |
|          |      xor_ln34_5_fu_1278      |    0    |    0    |    2    |
|          |      xor_ln34_6_fu_1296      |    0    |    0    |    2    |
|          |      xor_ln34_7_fu_1314      |    0    |    0    |    2    |
|          |      xor_ln34_8_fu_1332      |    0    |    0    |    2    |
|----------|------------------------------|---------|---------|---------|
|          |        or_ln33_fu_601        |    0    |    0    |    2    |
|          |        or_ln34_fu_1120       |    0    |    0    |    2    |
|          |       or_ln34_4_fu_1132      |    0    |    0    |    2    |
|    or    |       or_ln34_1_fu_1200      |    0    |    0    |    2    |
|          |   deleted_ones_0_i_fu_1238   |    0    |    0    |    2    |
|          |       or_ln34_2_fu_1290      |    0    |    0    |    2    |
|          |       or_ln34_3_fu_1326      |    0    |    0    |    2    |
|----------|------------------------------|---------|---------|---------|
|   ddiv   |          grp_fu_215          |    0    |    0    |    0    |
|----------|------------------------------|---------|---------|---------|
|   dcmp   |          grp_fu_219          |    0    |    0    |    0    |
|----------|------------------------------|---------|---------|---------|
|          |       trunc_ln28_fu_244      |    0    |    0    |    0    |
|          |       trunc_ln31_fu_324      |    0    |    0    |    0    |
|          |      trunc_ln31_1_fu_328     |    0    |    0    |    0    |
|          |       trunc_ln32_fu_466      |    0    |    0    |    0    |
|          |      trunc_ln32_1_fu_470     |    0    |    0    |    0    |
|          |       trunc_ln33_fu_585      |    0    |    0    |    0    |
|   trunc  |       trunc_ln34_fu_616      |    0    |    0    |    0    |
|          |      trunc_ln34_1_fu_646     |    0    |    0    |    0    |
|          |      trunc_ln34_2_fu_688     |    0    |    0    |    0    |
|          |      trunc_ln34_3_fu_692     |    0    |    0    |    0    |
|          |      trunc_ln34_4_fu_708     |    0    |    0    |    0    |
|          |      trunc_ln34_5_fu_732     |    0    |    0    |    0    |
|          |      trunc_ln34_6_fu_760     |    0    |    0    |    0    |
|          |      trunc_ln34_8_fu_954     |    0    |    0    |    0    |
|----------|------------------------------|---------|---------|---------|
|          |         tmp_s_fu_248         |    0    |    0    |    0    |
|          |         tmp_2_fu_398         |    0    |    0    |    0    |
|          |         tmp_3_fu_540         |    0    |    0    |    0    |
|bitconcatenate|    zext_ln34_1_cast_fu_650   |    0    |    0    |    0    |
|          |        sel_tmp2_fu_878       |    0    |    0    |    0    |
|          |        sel_tmp_fu_1144       |    0    |    0    |    0    |
|          |       sel_tmp1_fu_1250       |    0    |    0    |    0    |
|          |       sel_tmp3_fu_1350       |    0    |    0    |    0    |
|----------|------------------------------|---------|---------|---------|
|          |      zext_ln31_2_fu_268      |    0    |    0    |    0    |
|          |      zext_ln31_4_fu_277      |    0    |    0    |    0    |
|          |       zext_ln31_fu_332       |    0    |    0    |    0    |
|          |      zext_ln31_1_fu_342      |    0    |    0    |    0    |
|          |      zext_ln31_3_fu_362      |    0    |    0    |    0    |
|          |       zext_ln32_fu_474       |    0    |    0    |    0    |
|   zext   |      zext_ln32_1_fu_484      |    0    |    0    |    0    |
|          |      zext_ln32_2_fu_504      |    0    |    0    |    0    |
|          |       zext_ln34_fu_636       |    0    |    0    |    0    |
|          |      zext_ln34_1_fu_658      |    0    |    0    |    0    |
|          |      zext_ln34_2_fu_750      |    0    |    0    |    0    |
|          |   select_ln34_1cast_fu_794   |    0    |    0    |    0    |
|          |      zext_ln34_3_fu_842      |    0    |    0    |    0    |
|          |      zext_ln34_5_fu_1034     |    0    |    0    |    0    |
|----------|------------------------------|---------|---------|---------|
|          |        lshr_ln_fu_352        |    0    |    0    |    0    |
|          |        lshr_ln1_fu_494       |    0    |    0    |    0    |
|partselect|         tmp_9_fu_575         |    0    |    0    |    0    |
|          |         tmp_6_fu_628         |    0    |    0    |    0    |
|          |         tmp_12_fu_778        |    0    |    0    |    0    |
|          |         tmp_16_fu_932        |    0    |    0    |    0    |
|----------|------------------------------|---------|---------|---------|
|          |       sext_ln31_fu_388       |    0    |    0    |    0    |
|   sext   |       sext_ln32_fu_530       |    0    |    0    |    0    |
|          |      sext_ln34_1_fu_1030     |    0    |    0    |    0    |
|----------|------------------------------|---------|---------|---------|
|  partset |           LD_fu_406          |    0    |    0    |    0    |
|          |          LD_1_fu_548         |    0    |    0    |    0    |
|----------|------------------------------|---------|---------|---------|
|   Total  |                              |    3    |   445   |   2798  |
|----------|------------------------------|---------|---------|---------|

Memories:
N/A

* Register list:
+-----------------------+--------+
|                       |   FF   |
+-----------------------+--------+
|   add_ln28_reg_1394   |    8   |
|   add_ln29_reg_1407   |    8   |
|      add_reg_1437     |   64   |
|   and_ln33_reg_1444   |    1   |
|  and_ln34_7_reg_1463  |    1   |
|       c_reg_188       |    8   |
|index_map_addr_reg_1422|   14   |
|     n_val_reg_1432    |   64   |
|   nir_addr_reg_1417   |   14   |
|      pf_reg_1453      |   64   |
|       r_reg_1384      |    8   |
|     r_val_reg_1427    |   64   |
|   red_addr_reg_1412   |   14   |
|    ref_tmp_reg_1458   |   16   |
|   sel_tmp3_reg_1468   |    2   |
|   storemerge_reg_199  |   16   |
|      sub_reg_1448     |   64   |
|     tmp_s_reg_1399    |   14   |
+-----------------------+--------+
|         Total         |   444  |
+-----------------------+--------+

* Multiplexer (MUX) list: 
|-------------------|------|------|------|--------||---------||---------||---------|
|        Comp       |  Pin | Size |  BW  | S x BW ||  Delay  ||    FF   ||   LUT   |
|-------------------|------|------|------|--------||---------||---------||---------|
| grp_access_fu_171 |  p0  |   2  |  14  |   28   ||    0    ||    9    |
| grp_access_fu_177 |  p0  |   2  |  14  |   28   ||    0    ||    9    |
|-------------------|------|------|------|--------||---------||---------||---------|
|       Total       |      |      |      |   56   ||  0.978  ||    0    ||    18   |
|-------------------|------|------|------|--------||---------||---------||---------|



* Summary:
+-----------+--------+--------+--------+--------+
|           |   DSP  |  Delay |   FF   |   LUT  |
+-----------+--------+--------+--------+--------+
|  Function |    3   |    -   |   445  |  2798  |
|   Memory  |    -   |    -   |    -   |    -   |
|Multiplexer|    -   |    0   |    0   |   18   |
|  Register |    -   |    -   |   444  |    -   |
+-----------+--------+--------+--------+--------+
|   Total   |    3   |    0   |   889  |  2816  |
+-----------+--------+--------+--------+--------+
