Copyright 1986-2022 Xilinx, Inc. All Rights Reserved. Copyright 2022-2025 Advanced Micro Devices, Inc. All Rights Reserved.
--------------------------------------------------------------------------------------------------------------------------------------------------
| Tool Version      : Vivado v.2025.1.1 (lin64) Build 6233196 Thu Sep 11 21:27:11 MDT 2025
| Date              : Sat Apr  4 15:26:56 2026
| Host              : ece-linlabsrv01 running 64-bit Red Hat Enterprise Linux release 8.10 (Ootpa)
| Command           : report_timing -max_paths 10 -file ./report/top_kernel_timing_paths_synth.rpt
| Design            : bd_0_wrapper
| Device            : xczu3eg-sbva484
| Speed File        : -1  PRODUCTION 1.30 05-15-2022
| Design State      : Synthesized
| Temperature Grade : E
--------------------------------------------------------------------------------------------------------------------------------------------------

Timing Report

Slack (MET) :             5.702ns  (required time - arrival time)
  Source:                 bd_0_i/hls_inst/inst/grp_top_kernel_Pipeline_VITIS_LOOP_94_8_VITIS_LOOP_95_9_fu_4710/select_ln18_reg_5290_reg[0]/C
                            (rising edge-triggered cell FDRE clocked by ap_clk  {rise@0.000ns fall@5.000ns period=10.000ns})
  Destination:            bd_0_i/hls_inst/inst/grp_top_kernel_Pipeline_VITIS_LOOP_94_8_VITIS_LOOP_95_9_fu_4710/tmp_1_reg_5295_reg[0]/D
                            (rising edge-triggered cell FDRE clocked by ap_clk  {rise@0.000ns fall@5.000ns period=10.000ns})
  Path Group:             ap_clk
  Path Type:              Setup (Max at Slow Process Corner)
  Requirement:            10.000ns  (ap_clk rise@10.000ns - ap_clk rise@0.000ns)
  Data Path Delay:        4.279ns  (logic 1.550ns (36.223%)  route 2.729ns (63.777%))
  Logic Levels:           18  (CARRY8=3 LUT1=1 LUT3=1 LUT4=1 LUT5=3 LUT6=5 MUXF7=2 MUXF8=2)
  Clock Path Skew:        -0.011ns (DCD - SCD + CPR)
    Destination Clock Delay (DCD):    0.026ns = ( 10.026 - 10.000 ) 
    Source Clock Delay      (SCD):    0.037ns
    Clock Pessimism Removal (CPR):    0.000ns
  Clock Uncertainty:      0.035ns  ((TSJ^2 + TIJ^2)^1/2 + DJ) / 2 + PE
    Total System Jitter     (TSJ):    0.071ns
    Total Input Jitter      (TIJ):    0.000ns
    Discrete Jitter          (DJ):    0.000ns
    Phase Error              (PE):    0.000ns

    Location             Delay type                Incr(ns)  Path(ns)    Netlist Resource(s)
  -------------------------------------------------------------------    -------------------
                         (clock ap_clk rise edge)     0.000     0.000 r  
                                                      0.000     0.000 r  ap_clk (IN)
                         net (fo=64363, unset)        0.037     0.037    bd_0_i/hls_inst/inst/grp_top_kernel_Pipeline_VITIS_LOOP_94_8_VITIS_LOOP_95_9_fu_4710/ap_clk
                         FDRE                                         r  bd_0_i/hls_inst/inst/grp_top_kernel_Pipeline_VITIS_LOOP_94_8_VITIS_LOOP_95_9_fu_4710/select_ln18_reg_5290_reg[0]/C
  -------------------------------------------------------------------    -------------------
                         FDRE (Prop_FDRE_C_Q)         0.093     0.130 r  bd_0_i/hls_inst/inst/grp_top_kernel_Pipeline_VITIS_LOOP_94_8_VITIS_LOOP_95_9_fu_4710/select_ln18_reg_5290_reg[0]/Q
                         net (fo=59, unplaced)        0.181     0.311    bd_0_i/hls_inst/inst/grp_top_kernel_Pipeline_VITIS_LOOP_94_8_VITIS_LOOP_95_9_fu_4710/select_ln18_reg_5290[0]
                         LUT5 (Prop_LUT5_I1_O)        0.116     0.427 r  bd_0_i/hls_inst/inst/grp_top_kernel_Pipeline_VITIS_LOOP_94_8_VITIS_LOOP_95_9_fu_4710/tmp_1_reg_5295[31]_i_164/O
                         net (fo=3, unplaced)         0.220     0.647    bd_0_i/hls_inst/inst/grp_top_kernel_Pipeline_VITIS_LOOP_94_8_VITIS_LOOP_95_9_fu_4710/tmp_1_reg_5295[31]_i_164_n_2
                         LUT6 (Prop_LUT6_I4_O)        0.040     0.687 f  bd_0_i/hls_inst/inst/grp_top_kernel_Pipeline_VITIS_LOOP_94_8_VITIS_LOOP_95_9_fu_4710/tmp_1_reg_5295[31]_i_314/O
                         net (fo=1, unplaced)         0.214     0.901    bd_0_i/hls_inst/inst/grp_top_kernel_Pipeline_VITIS_LOOP_94_8_VITIS_LOOP_95_9_fu_4710/tmp_1_reg_5295[31]_i_314_n_2
                         LUT6 (Prop_LUT6_I5_O)        0.040     0.941 f  bd_0_i/hls_inst/inst/grp_top_kernel_Pipeline_VITIS_LOOP_94_8_VITIS_LOOP_95_9_fu_4710/tmp_1_reg_5295[31]_i_213/O
                         net (fo=2, unplaced)         0.214     1.155    bd_0_i/hls_inst/inst/grp_top_kernel_Pipeline_VITIS_LOOP_94_8_VITIS_LOOP_95_9_fu_4710/tmp_1_reg_5295[31]_i_213_n_2
                         LUT5 (Prop_LUT5_I3_O)        0.085     1.240 f  bd_0_i/hls_inst/inst/grp_top_kernel_Pipeline_VITIS_LOOP_94_8_VITIS_LOOP_95_9_fu_4710/tmp_1_reg_5295[31]_i_95/O
                         net (fo=3, unplaced)         0.220     1.460    bd_0_i/hls_inst/inst/grp_top_kernel_Pipeline_VITIS_LOOP_94_8_VITIS_LOOP_95_9_fu_4710/tmp_1_reg_5295[31]_i_95_n_2
                         LUT5 (Prop_LUT5_I4_O)        0.085     1.545 f  bd_0_i/hls_inst/inst/grp_top_kernel_Pipeline_VITIS_LOOP_94_8_VITIS_LOOP_95_9_fu_4710/tmp_1_reg_5295[31]_i_177/O
                         net (fo=3, unplaced)         0.220     1.765    bd_0_i/hls_inst/inst/grp_top_kernel_Pipeline_VITIS_LOOP_94_8_VITIS_LOOP_95_9_fu_4710/tmp_1_reg_5295[31]_i_177_n_2
                         LUT1 (Prop_LUT1_I0_O)        0.039     1.804 r  bd_0_i/hls_inst/inst/grp_top_kernel_Pipeline_VITIS_LOOP_94_8_VITIS_LOOP_95_9_fu_4710/tmp_1_reg_5295[31]_i_146/O
                         net (fo=1, unplaced)         0.022     1.826    bd_0_i/hls_inst/inst/grp_top_kernel_Pipeline_VITIS_LOOP_94_8_VITIS_LOOP_95_9_fu_4710/tmp_1_reg_5295[31]_i_146_n_2
                         CARRY8 (Prop_CARRY8_S[4]_CO[7])
                                                      0.205     2.031 r  bd_0_i/hls_inst/inst/grp_top_kernel_Pipeline_VITIS_LOOP_94_8_VITIS_LOOP_95_9_fu_4710/tmp_1_reg_5295_reg[31]_i_56/CO[7]
                         net (fo=1, unplaced)         0.007     2.038    bd_0_i/hls_inst/inst/grp_top_kernel_Pipeline_VITIS_LOOP_94_8_VITIS_LOOP_95_9_fu_4710/tmp_1_reg_5295_reg[31]_i_56_n_2
                         CARRY8 (Prop_CARRY8_CI_O[6])
                                                      0.129     2.167 r  bd_0_i/hls_inst/inst/grp_top_kernel_Pipeline_VITIS_LOOP_94_8_VITIS_LOOP_95_9_fu_4710/tmp_1_reg_5295_reg[31]_i_14/O[6]
                         net (fo=1, unplaced)         0.157     2.324    bd_0_i/hls_inst/inst/grp_top_kernel_Pipeline_VITIS_LOOP_94_8_VITIS_LOOP_95_9_fu_4710/result_2_fu_3057_p2[31]
                         LUT6 (Prop_LUT6_I0_O)        0.040     2.364 f  bd_0_i/hls_inst/inst/grp_top_kernel_Pipeline_VITIS_LOOP_94_8_VITIS_LOOP_95_9_fu_4710/tmp_1_reg_5295[31]_i_5/O
                         net (fo=82, unplaced)        0.295     2.659    bd_0_i/hls_inst/inst/grp_top_kernel_Pipeline_VITIS_LOOP_94_8_VITIS_LOOP_95_9_fu_4710/tmp_1_reg_5295[31]_i_5_n_2
                         LUT4 (Prop_LUT4_I3_O)        0.082     2.741 f  bd_0_i/hls_inst/inst/grp_top_kernel_Pipeline_VITIS_LOOP_94_8_VITIS_LOOP_95_9_fu_4710/tmp_1_reg_5295[31]_i_18/O
                         net (fo=1, unplaced)         0.174     2.915    bd_0_i/hls_inst/inst/grp_top_kernel_Pipeline_VITIS_LOOP_94_8_VITIS_LOOP_95_9_fu_4710/tmp_1_reg_5295[31]_i_18_n_2
                         CARRY8 (Prop_CARRY8_DI[3]_CO[3])
                                                      0.164     3.079 f  bd_0_i/hls_inst/inst/grp_top_kernel_Pipeline_VITIS_LOOP_94_8_VITIS_LOOP_95_9_fu_4710/tmp_1_reg_5295_reg[31]_i_6/CO[3]
                         net (fo=80, unplaced)        0.185     3.264    bd_0_i/hls_inst/inst/grp_top_kernel_Pipeline_VITIS_LOOP_94_8_VITIS_LOOP_95_9_fu_4710/icmp_ln99_fu_3092_p2
                         LUT3 (Prop_LUT3_I2_O)        0.040     3.304 r  bd_0_i/hls_inst/inst/grp_top_kernel_Pipeline_VITIS_LOOP_94_8_VITIS_LOOP_95_9_fu_4710/tmp_1_reg_5295[0]_i_121/O
                         net (fo=64, unplaced)        0.289     3.593    bd_0_i/hls_inst/inst/grp_top_kernel_Pipeline_VITIS_LOOP_94_8_VITIS_LOOP_95_9_fu_4710/tmp_1_reg_5295[0]_i_121_n_2
                         LUT6 (Prop_LUT6_I4_O)        0.038     3.631 r  bd_0_i/hls_inst/inst/grp_top_kernel_Pipeline_VITIS_LOOP_94_8_VITIS_LOOP_95_9_fu_4710/tmp_1_reg_5295[0]_i_56/O
                         net (fo=1, unplaced)         0.034     3.665    bd_0_i/hls_inst/inst/grp_top_kernel_Pipeline_VITIS_LOOP_94_8_VITIS_LOOP_95_9_fu_4710/tmp_1_reg_5295[0]_i_56_n_2
                         MUXF7 (Prop_MUXF7_I0_O)      0.090     3.755 r  bd_0_i/hls_inst/inst/grp_top_kernel_Pipeline_VITIS_LOOP_94_8_VITIS_LOOP_95_9_fu_4710/tmp_1_reg_5295_reg[0]_i_24/O
                         net (fo=1, unplaced)         0.000     3.755    bd_0_i/hls_inst/inst/grp_top_kernel_Pipeline_VITIS_LOOP_94_8_VITIS_LOOP_95_9_fu_4710/tmp_1_reg_5295_reg[0]_i_24_n_2
                         MUXF8 (Prop_MUXF8_I0_O)      0.030     3.785 r  bd_0_i/hls_inst/inst/grp_top_kernel_Pipeline_VITIS_LOOP_94_8_VITIS_LOOP_95_9_fu_4710/tmp_1_reg_5295_reg[0]_i_8/O
                         net (fo=1, unplaced)         0.215     4.000    bd_0_i/hls_inst/inst/grp_top_kernel_Pipeline_VITIS_LOOP_94_8_VITIS_LOOP_95_9_fu_4710/tmp_1_reg_5295_reg[0]_i_8_n_2
                         LUT6 (Prop_LUT6_I0_O)        0.114     4.114 r  bd_0_i/hls_inst/inst/grp_top_kernel_Pipeline_VITIS_LOOP_94_8_VITIS_LOOP_95_9_fu_4710/tmp_1_reg_5295[0]_i_4/O
                         net (fo=1, unplaced)         0.034     4.148    bd_0_i/hls_inst/inst/grp_top_kernel_Pipeline_VITIS_LOOP_94_8_VITIS_LOOP_95_9_fu_4710/tmp_1_reg_5295[0]_i_4_n_2
                         MUXF7 (Prop_MUXF7_I0_O)      0.090     4.238 r  bd_0_i/hls_inst/inst/grp_top_kernel_Pipeline_VITIS_LOOP_94_8_VITIS_LOOP_95_9_fu_4710/tmp_1_reg_5295_reg[0]_i_2/O
                         net (fo=1, unplaced)         0.000     4.238    bd_0_i/hls_inst/inst/grp_top_kernel_Pipeline_VITIS_LOOP_94_8_VITIS_LOOP_95_9_fu_4710/tmp_1_reg_5295_reg[0]_i_2_n_2
                         MUXF8 (Prop_MUXF8_I0_O)      0.030     4.268 r  bd_0_i/hls_inst/inst/grp_top_kernel_Pipeline_VITIS_LOOP_94_8_VITIS_LOOP_95_9_fu_4710/tmp_1_reg_5295_reg[0]_i_1/O
                         net (fo=1, unplaced)         0.048     4.316    bd_0_i/hls_inst/inst/grp_top_kernel_Pipeline_VITIS_LOOP_94_8_VITIS_LOOP_95_9_fu_4710/dout_tmp[0]
                         FDRE                                         r  bd_0_i/hls_inst/inst/grp_top_kernel_Pipeline_VITIS_LOOP_94_8_VITIS_LOOP_95_9_fu_4710/tmp_1_reg_5295_reg[0]/D
  -------------------------------------------------------------------    -------------------

                         (clock ap_clk rise edge)    10.000    10.000 r  
                                                      0.000    10.000 r  ap_clk (IN)
                         net (fo=64363, unset)        0.026    10.026    bd_0_i/hls_inst/inst/grp_top_kernel_Pipeline_VITIS_LOOP_94_8_VITIS_LOOP_95_9_fu_4710/ap_clk
                         FDRE                                         r  bd_0_i/hls_inst/inst/grp_top_kernel_Pipeline_VITIS_LOOP_94_8_VITIS_LOOP_95_9_fu_4710/tmp_1_reg_5295_reg[0]/C
                         clock pessimism              0.000    10.026    
                         clock uncertainty           -0.035     9.991    
                         FDRE (Setup_FDRE_C_D)        0.027    10.018    bd_0_i/hls_inst/inst/grp_top_kernel_Pipeline_VITIS_LOOP_94_8_VITIS_LOOP_95_9_fu_4710/tmp_1_reg_5295_reg[0]
  -------------------------------------------------------------------
                         required time                         10.018    
                         arrival time                          -4.316    
  -------------------------------------------------------------------
                         slack                                  5.702    

Slack (MET) :             5.702ns  (required time - arrival time)
  Source:                 bd_0_i/hls_inst/inst/grp_top_kernel_Pipeline_VITIS_LOOP_94_8_VITIS_LOOP_95_9_fu_4710/select_ln18_reg_5290_reg[0]/C
                            (rising edge-triggered cell FDRE clocked by ap_clk  {rise@0.000ns fall@5.000ns period=10.000ns})
  Destination:            bd_0_i/hls_inst/inst/grp_top_kernel_Pipeline_VITIS_LOOP_94_8_VITIS_LOOP_95_9_fu_4710/tmp_1_reg_5295_reg[10]/D
                            (rising edge-triggered cell FDRE clocked by ap_clk  {rise@0.000ns fall@5.000ns period=10.000ns})
  Path Group:             ap_clk
  Path Type:              Setup (Max at Slow Process Corner)
  Requirement:            10.000ns  (ap_clk rise@10.000ns - ap_clk rise@0.000ns)
  Data Path Delay:        4.279ns  (logic 1.550ns (36.223%)  route 2.729ns (63.777%))
  Logic Levels:           18  (CARRY8=3 LUT1=1 LUT3=1 LUT4=1 LUT5=3 LUT6=5 MUXF7=2 MUXF8=2)
  Clock Path Skew:        -0.011ns (DCD - SCD + CPR)
    Destination Clock Delay (DCD):    0.026ns = ( 10.026 - 10.000 ) 
    Source Clock Delay      (SCD):    0.037ns
    Clock Pessimism Removal (CPR):    0.000ns
  Clock Uncertainty:      0.035ns  ((TSJ^2 + TIJ^2)^1/2 + DJ) / 2 + PE
    Total System Jitter     (TSJ):    0.071ns
    Total Input Jitter      (TIJ):    0.000ns
    Discrete Jitter          (DJ):    0.000ns
    Phase Error              (PE):    0.000ns

    Location             Delay type                Incr(ns)  Path(ns)    Netlist Resource(s)
  -------------------------------------------------------------------    -------------------
                         (clock ap_clk rise edge)     0.000     0.000 r  
                                                      0.000     0.000 r  ap_clk (IN)
                         net (fo=64363, unset)        0.037     0.037    bd_0_i/hls_inst/inst/grp_top_kernel_Pipeline_VITIS_LOOP_94_8_VITIS_LOOP_95_9_fu_4710/ap_clk
                         FDRE                                         r  bd_0_i/hls_inst/inst/grp_top_kernel_Pipeline_VITIS_LOOP_94_8_VITIS_LOOP_95_9_fu_4710/select_ln18_reg_5290_reg[0]/C
  -------------------------------------------------------------------    -------------------
                         FDRE (Prop_FDRE_C_Q)         0.093     0.130 r  bd_0_i/hls_inst/inst/grp_top_kernel_Pipeline_VITIS_LOOP_94_8_VITIS_LOOP_95_9_fu_4710/select_ln18_reg_5290_reg[0]/Q
                         net (fo=59, unplaced)        0.181     0.311    bd_0_i/hls_inst/inst/grp_top_kernel_Pipeline_VITIS_LOOP_94_8_VITIS_LOOP_95_9_fu_4710/select_ln18_reg_5290[0]
                         LUT5 (Prop_LUT5_I1_O)        0.116     0.427 r  bd_0_i/hls_inst/inst/grp_top_kernel_Pipeline_VITIS_LOOP_94_8_VITIS_LOOP_95_9_fu_4710/tmp_1_reg_5295[31]_i_164/O
                         net (fo=3, unplaced)         0.220     0.647    bd_0_i/hls_inst/inst/grp_top_kernel_Pipeline_VITIS_LOOP_94_8_VITIS_LOOP_95_9_fu_4710/tmp_1_reg_5295[31]_i_164_n_2
                         LUT6 (Prop_LUT6_I4_O)        0.040     0.687 f  bd_0_i/hls_inst/inst/grp_top_kernel_Pipeline_VITIS_LOOP_94_8_VITIS_LOOP_95_9_fu_4710/tmp_1_reg_5295[31]_i_314/O
                         net (fo=1, unplaced)         0.214     0.901    bd_0_i/hls_inst/inst/grp_top_kernel_Pipeline_VITIS_LOOP_94_8_VITIS_LOOP_95_9_fu_4710/tmp_1_reg_5295[31]_i_314_n_2
                         LUT6 (Prop_LUT6_I5_O)        0.040     0.941 f  bd_0_i/hls_inst/inst/grp_top_kernel_Pipeline_VITIS_LOOP_94_8_VITIS_LOOP_95_9_fu_4710/tmp_1_reg_5295[31]_i_213/O
                         net (fo=2, unplaced)         0.214     1.155    bd_0_i/hls_inst/inst/grp_top_kernel_Pipeline_VITIS_LOOP_94_8_VITIS_LOOP_95_9_fu_4710/tmp_1_reg_5295[31]_i_213_n_2
                         LUT5 (Prop_LUT5_I3_O)        0.085     1.240 f  bd_0_i/hls_inst/inst/grp_top_kernel_Pipeline_VITIS_LOOP_94_8_VITIS_LOOP_95_9_fu_4710/tmp_1_reg_5295[31]_i_95/O
                         net (fo=3, unplaced)         0.220     1.460    bd_0_i/hls_inst/inst/grp_top_kernel_Pipeline_VITIS_LOOP_94_8_VITIS_LOOP_95_9_fu_4710/tmp_1_reg_5295[31]_i_95_n_2
                         LUT5 (Prop_LUT5_I4_O)        0.085     1.545 f  bd_0_i/hls_inst/inst/grp_top_kernel_Pipeline_VITIS_LOOP_94_8_VITIS_LOOP_95_9_fu_4710/tmp_1_reg_5295[31]_i_177/O
                         net (fo=3, unplaced)         0.220     1.765    bd_0_i/hls_inst/inst/grp_top_kernel_Pipeline_VITIS_LOOP_94_8_VITIS_LOOP_95_9_fu_4710/tmp_1_reg_5295[31]_i_177_n_2
                         LUT1 (Prop_LUT1_I0_O)        0.039     1.804 r  bd_0_i/hls_inst/inst/grp_top_kernel_Pipeline_VITIS_LOOP_94_8_VITIS_LOOP_95_9_fu_4710/tmp_1_reg_5295[31]_i_146/O
                         net (fo=1, unplaced)         0.022     1.826    bd_0_i/hls_inst/inst/grp_top_kernel_Pipeline_VITIS_LOOP_94_8_VITIS_LOOP_95_9_fu_4710/tmp_1_reg_5295[31]_i_146_n_2
                         CARRY8 (Prop_CARRY8_S[4]_CO[7])
                                                      0.205     2.031 r  bd_0_i/hls_inst/inst/grp_top_kernel_Pipeline_VITIS_LOOP_94_8_VITIS_LOOP_95_9_fu_4710/tmp_1_reg_5295_reg[31]_i_56/CO[7]
                         net (fo=1, unplaced)         0.007     2.038    bd_0_i/hls_inst/inst/grp_top_kernel_Pipeline_VITIS_LOOP_94_8_VITIS_LOOP_95_9_fu_4710/tmp_1_reg_5295_reg[31]_i_56_n_2
                         CARRY8 (Prop_CARRY8_CI_O[6])
                                                      0.129     2.167 r  bd_0_i/hls_inst/inst/grp_top_kernel_Pipeline_VITIS_LOOP_94_8_VITIS_LOOP_95_9_fu_4710/tmp_1_reg_5295_reg[31]_i_14/O[6]
                         net (fo=1, unplaced)         0.157     2.324    bd_0_i/hls_inst/inst/grp_top_kernel_Pipeline_VITIS_LOOP_94_8_VITIS_LOOP_95_9_fu_4710/result_2_fu_3057_p2[31]
                         LUT6 (Prop_LUT6_I0_O)        0.040     2.364 f  bd_0_i/hls_inst/inst/grp_top_kernel_Pipeline_VITIS_LOOP_94_8_VITIS_LOOP_95_9_fu_4710/tmp_1_reg_5295[31]_i_5/O
                         net (fo=82, unplaced)        0.295     2.659    bd_0_i/hls_inst/inst/grp_top_kernel_Pipeline_VITIS_LOOP_94_8_VITIS_LOOP_95_9_fu_4710/tmp_1_reg_5295[31]_i_5_n_2
                         LUT4 (Prop_LUT4_I3_O)        0.082     2.741 f  bd_0_i/hls_inst/inst/grp_top_kernel_Pipeline_VITIS_LOOP_94_8_VITIS_LOOP_95_9_fu_4710/tmp_1_reg_5295[31]_i_18/O
                         net (fo=1, unplaced)         0.174     2.915    bd_0_i/hls_inst/inst/grp_top_kernel_Pipeline_VITIS_LOOP_94_8_VITIS_LOOP_95_9_fu_4710/tmp_1_reg_5295[31]_i_18_n_2
                         CARRY8 (Prop_CARRY8_DI[3]_CO[3])
                                                      0.164     3.079 f  bd_0_i/hls_inst/inst/grp_top_kernel_Pipeline_VITIS_LOOP_94_8_VITIS_LOOP_95_9_fu_4710/tmp_1_reg_5295_reg[31]_i_6/CO[3]
                         net (fo=80, unplaced)        0.185     3.264    bd_0_i/hls_inst/inst/grp_top_kernel_Pipeline_VITIS_LOOP_94_8_VITIS_LOOP_95_9_fu_4710/icmp_ln99_fu_3092_p2
                         LUT3 (Prop_LUT3_I2_O)        0.040     3.304 r  bd_0_i/hls_inst/inst/grp_top_kernel_Pipeline_VITIS_LOOP_94_8_VITIS_LOOP_95_9_fu_4710/tmp_1_reg_5295[10]_i_121/O
                         net (fo=64, unplaced)        0.289     3.593    bd_0_i/hls_inst/inst/grp_top_kernel_Pipeline_VITIS_LOOP_94_8_VITIS_LOOP_95_9_fu_4710/tmp_1_reg_5295[10]_i_121_n_2
                         LUT6 (Prop_LUT6_I4_O)        0.038     3.631 r  bd_0_i/hls_inst/inst/grp_top_kernel_Pipeline_VITIS_LOOP_94_8_VITIS_LOOP_95_9_fu_4710/tmp_1_reg_5295[10]_i_56/O
                         net (fo=1, unplaced)         0.034     3.665    bd_0_i/hls_inst/inst/grp_top_kernel_Pipeline_VITIS_LOOP_94_8_VITIS_LOOP_95_9_fu_4710/tmp_1_reg_5295[10]_i_56_n_2
                         MUXF7 (Prop_MUXF7_I0_O)      0.090     3.755 r  bd_0_i/hls_inst/inst/grp_top_kernel_Pipeline_VITIS_LOOP_94_8_VITIS_LOOP_95_9_fu_4710/tmp_1_reg_5295_reg[10]_i_24/O
                         net (fo=1, unplaced)         0.000     3.755    bd_0_i/hls_inst/inst/grp_top_kernel_Pipeline_VITIS_LOOP_94_8_VITIS_LOOP_95_9_fu_4710/tmp_1_reg_5295_reg[10]_i_24_n_2
                         MUXF8 (Prop_MUXF8_I0_O)      0.030     3.785 r  bd_0_i/hls_inst/inst/grp_top_kernel_Pipeline_VITIS_LOOP_94_8_VITIS_LOOP_95_9_fu_4710/tmp_1_reg_5295_reg[10]_i_8/O
                         net (fo=1, unplaced)         0.215     4.000    bd_0_i/hls_inst/inst/grp_top_kernel_Pipeline_VITIS_LOOP_94_8_VITIS_LOOP_95_9_fu_4710/tmp_1_reg_5295_reg[10]_i_8_n_2
                         LUT6 (Prop_LUT6_I0_O)        0.114     4.114 r  bd_0_i/hls_inst/inst/grp_top_kernel_Pipeline_VITIS_LOOP_94_8_VITIS_LOOP_95_9_fu_4710/tmp_1_reg_5295[10]_i_4/O
                         net (fo=1, unplaced)         0.034     4.148    bd_0_i/hls_inst/inst/grp_top_kernel_Pipeline_VITIS_LOOP_94_8_VITIS_LOOP_95_9_fu_4710/tmp_1_reg_5295[10]_i_4_n_2
                         MUXF7 (Prop_MUXF7_I0_O)      0.090     4.238 r  bd_0_i/hls_inst/inst/grp_top_kernel_Pipeline_VITIS_LOOP_94_8_VITIS_LOOP_95_9_fu_4710/tmp_1_reg_5295_reg[10]_i_2/O
                         net (fo=1, unplaced)         0.000     4.238    bd_0_i/hls_inst/inst/grp_top_kernel_Pipeline_VITIS_LOOP_94_8_VITIS_LOOP_95_9_fu_4710/tmp_1_reg_5295_reg[10]_i_2_n_2
                         MUXF8 (Prop_MUXF8_I0_O)      0.030     4.268 r  bd_0_i/hls_inst/inst/grp_top_kernel_Pipeline_VITIS_LOOP_94_8_VITIS_LOOP_95_9_fu_4710/tmp_1_reg_5295_reg[10]_i_1/O
                         net (fo=1, unplaced)         0.048     4.316    bd_0_i/hls_inst/inst/grp_top_kernel_Pipeline_VITIS_LOOP_94_8_VITIS_LOOP_95_9_fu_4710/dout_tmp[10]
                         FDRE                                         r  bd_0_i/hls_inst/inst/grp_top_kernel_Pipeline_VITIS_LOOP_94_8_VITIS_LOOP_95_9_fu_4710/tmp_1_reg_5295_reg[10]/D
  -------------------------------------------------------------------    -------------------

                         (clock ap_clk rise edge)    10.000    10.000 r  
                                                      0.000    10.000 r  ap_clk (IN)
                         net (fo=64363, unset)        0.026    10.026    bd_0_i/hls_inst/inst/grp_top_kernel_Pipeline_VITIS_LOOP_94_8_VITIS_LOOP_95_9_fu_4710/ap_clk
                         FDRE                                         r  bd_0_i/hls_inst/inst/grp_top_kernel_Pipeline_VITIS_LOOP_94_8_VITIS_LOOP_95_9_fu_4710/tmp_1_reg_5295_reg[10]/C
                         clock pessimism              0.000    10.026    
                         clock uncertainty           -0.035     9.991    
                         FDRE (Setup_FDRE_C_D)        0.027    10.018    bd_0_i/hls_inst/inst/grp_top_kernel_Pipeline_VITIS_LOOP_94_8_VITIS_LOOP_95_9_fu_4710/tmp_1_reg_5295_reg[10]
  -------------------------------------------------------------------
                         required time                         10.018    
                         arrival time                          -4.316    
  -------------------------------------------------------------------
                         slack                                  5.702    

Slack (MET) :             5.702ns  (required time - arrival time)
  Source:                 bd_0_i/hls_inst/inst/grp_top_kernel_Pipeline_VITIS_LOOP_94_8_VITIS_LOOP_95_9_fu_4710/select_ln18_reg_5290_reg[0]/C
                            (rising edge-triggered cell FDRE clocked by ap_clk  {rise@0.000ns fall@5.000ns period=10.000ns})
  Destination:            bd_0_i/hls_inst/inst/grp_top_kernel_Pipeline_VITIS_LOOP_94_8_VITIS_LOOP_95_9_fu_4710/tmp_1_reg_5295_reg[11]/D
                            (rising edge-triggered cell FDRE clocked by ap_clk  {rise@0.000ns fall@5.000ns period=10.000ns})
  Path Group:             ap_clk
  Path Type:              Setup (Max at Slow Process Corner)
  Requirement:            10.000ns  (ap_clk rise@10.000ns - ap_clk rise@0.000ns)
  Data Path Delay:        4.279ns  (logic 1.550ns (36.223%)  route 2.729ns (63.777%))
  Logic Levels:           18  (CARRY8=3 LUT1=1 LUT3=1 LUT4=1 LUT5=3 LUT6=5 MUXF7=2 MUXF8=2)
  Clock Path Skew:        -0.011ns (DCD - SCD + CPR)
    Destination Clock Delay (DCD):    0.026ns = ( 10.026 - 10.000 ) 
    Source Clock Delay      (SCD):    0.037ns
    Clock Pessimism Removal (CPR):    0.000ns
  Clock Uncertainty:      0.035ns  ((TSJ^2 + TIJ^2)^1/2 + DJ) / 2 + PE
    Total System Jitter     (TSJ):    0.071ns
    Total Input Jitter      (TIJ):    0.000ns
    Discrete Jitter          (DJ):    0.000ns
    Phase Error              (PE):    0.000ns

    Location             Delay type                Incr(ns)  Path(ns)    Netlist Resource(s)
  -------------------------------------------------------------------    -------------------
                         (clock ap_clk rise edge)     0.000     0.000 r  
                                                      0.000     0.000 r  ap_clk (IN)
                         net (fo=64363, unset)        0.037     0.037    bd_0_i/hls_inst/inst/grp_top_kernel_Pipeline_VITIS_LOOP_94_8_VITIS_LOOP_95_9_fu_4710/ap_clk
                         FDRE                                         r  bd_0_i/hls_inst/inst/grp_top_kernel_Pipeline_VITIS_LOOP_94_8_VITIS_LOOP_95_9_fu_4710/select_ln18_reg_5290_reg[0]/C
  -------------------------------------------------------------------    -------------------
                         FDRE (Prop_FDRE_C_Q)         0.093     0.130 r  bd_0_i/hls_inst/inst/grp_top_kernel_Pipeline_VITIS_LOOP_94_8_VITIS_LOOP_95_9_fu_4710/select_ln18_reg_5290_reg[0]/Q
                         net (fo=59, unplaced)        0.181     0.311    bd_0_i/hls_inst/inst/grp_top_kernel_Pipeline_VITIS_LOOP_94_8_VITIS_LOOP_95_9_fu_4710/select_ln18_reg_5290[0]
                         LUT5 (Prop_LUT5_I1_O)        0.116     0.427 r  bd_0_i/hls_inst/inst/grp_top_kernel_Pipeline_VITIS_LOOP_94_8_VITIS_LOOP_95_9_fu_4710/tmp_1_reg_5295[31]_i_164/O
                         net (fo=3, unplaced)         0.220     0.647    bd_0_i/hls_inst/inst/grp_top_kernel_Pipeline_VITIS_LOOP_94_8_VITIS_LOOP_95_9_fu_4710/tmp_1_reg_5295[31]_i_164_n_2
                         LUT6 (Prop_LUT6_I4_O)        0.040     0.687 f  bd_0_i/hls_inst/inst/grp_top_kernel_Pipeline_VITIS_LOOP_94_8_VITIS_LOOP_95_9_fu_4710/tmp_1_reg_5295[31]_i_314/O
                         net (fo=1, unplaced)         0.214     0.901    bd_0_i/hls_inst/inst/grp_top_kernel_Pipeline_VITIS_LOOP_94_8_VITIS_LOOP_95_9_fu_4710/tmp_1_reg_5295[31]_i_314_n_2
                         LUT6 (Prop_LUT6_I5_O)        0.040     0.941 f  bd_0_i/hls_inst/inst/grp_top_kernel_Pipeline_VITIS_LOOP_94_8_VITIS_LOOP_95_9_fu_4710/tmp_1_reg_5295[31]_i_213/O
                         net (fo=2, unplaced)         0.214     1.155    bd_0_i/hls_inst/inst/grp_top_kernel_Pipeline_VITIS_LOOP_94_8_VITIS_LOOP_95_9_fu_4710/tmp_1_reg_5295[31]_i_213_n_2
                         LUT5 (Prop_LUT5_I3_O)        0.085     1.240 f  bd_0_i/hls_inst/inst/grp_top_kernel_Pipeline_VITIS_LOOP_94_8_VITIS_LOOP_95_9_fu_4710/tmp_1_reg_5295[31]_i_95/O
                         net (fo=3, unplaced)         0.220     1.460    bd_0_i/hls_inst/inst/grp_top_kernel_Pipeline_VITIS_LOOP_94_8_VITIS_LOOP_95_9_fu_4710/tmp_1_reg_5295[31]_i_95_n_2
                         LUT5 (Prop_LUT5_I4_O)        0.085     1.545 f  bd_0_i/hls_inst/inst/grp_top_kernel_Pipeline_VITIS_LOOP_94_8_VITIS_LOOP_95_9_fu_4710/tmp_1_reg_5295[31]_i_177/O
                         net (fo=3, unplaced)         0.220     1.765    bd_0_i/hls_inst/inst/grp_top_kernel_Pipeline_VITIS_LOOP_94_8_VITIS_LOOP_95_9_fu_4710/tmp_1_reg_5295[31]_i_177_n_2
                         LUT1 (Prop_LUT1_I0_O)        0.039     1.804 r  bd_0_i/hls_inst/inst/grp_top_kernel_Pipeline_VITIS_LOOP_94_8_VITIS_LOOP_95_9_fu_4710/tmp_1_reg_5295[31]_i_146/O
                         net (fo=1, unplaced)         0.022     1.826    bd_0_i/hls_inst/inst/grp_top_kernel_Pipeline_VITIS_LOOP_94_8_VITIS_LOOP_95_9_fu_4710/tmp_1_reg_5295[31]_i_146_n_2
                         CARRY8 (Prop_CARRY8_S[4]_CO[7])
                                                      0.205     2.031 r  bd_0_i/hls_inst/inst/grp_top_kernel_Pipeline_VITIS_LOOP_94_8_VITIS_LOOP_95_9_fu_4710/tmp_1_reg_5295_reg[31]_i_56/CO[7]
                         net (fo=1, unplaced)         0.007     2.038    bd_0_i/hls_inst/inst/grp_top_kernel_Pipeline_VITIS_LOOP_94_8_VITIS_LOOP_95_9_fu_4710/tmp_1_reg_5295_reg[31]_i_56_n_2
                         CARRY8 (Prop_CARRY8_CI_O[6])
                                                      0.129     2.167 r  bd_0_i/hls_inst/inst/grp_top_kernel_Pipeline_VITIS_LOOP_94_8_VITIS_LOOP_95_9_fu_4710/tmp_1_reg_5295_reg[31]_i_14/O[6]
                         net (fo=1, unplaced)         0.157     2.324    bd_0_i/hls_inst/inst/grp_top_kernel_Pipeline_VITIS_LOOP_94_8_VITIS_LOOP_95_9_fu_4710/result_2_fu_3057_p2[31]
                         LUT6 (Prop_LUT6_I0_O)        0.040     2.364 f  bd_0_i/hls_inst/inst/grp_top_kernel_Pipeline_VITIS_LOOP_94_8_VITIS_LOOP_95_9_fu_4710/tmp_1_reg_5295[31]_i_5/O
                         net (fo=82, unplaced)        0.295     2.659    bd_0_i/hls_inst/inst/grp_top_kernel_Pipeline_VITIS_LOOP_94_8_VITIS_LOOP_95_9_fu_4710/tmp_1_reg_5295[31]_i_5_n_2
                         LUT4 (Prop_LUT4_I3_O)        0.082     2.741 f  bd_0_i/hls_inst/inst/grp_top_kernel_Pipeline_VITIS_LOOP_94_8_VITIS_LOOP_95_9_fu_4710/tmp_1_reg_5295[31]_i_18/O
                         net (fo=1, unplaced)         0.174     2.915    bd_0_i/hls_inst/inst/grp_top_kernel_Pipeline_VITIS_LOOP_94_8_VITIS_LOOP_95_9_fu_4710/tmp_1_reg_5295[31]_i_18_n_2
                         CARRY8 (Prop_CARRY8_DI[3]_CO[3])
                                                      0.164     3.079 f  bd_0_i/hls_inst/inst/grp_top_kernel_Pipeline_VITIS_LOOP_94_8_VITIS_LOOP_95_9_fu_4710/tmp_1_reg_5295_reg[31]_i_6/CO[3]
                         net (fo=80, unplaced)        0.185     3.264    bd_0_i/hls_inst/inst/grp_top_kernel_Pipeline_VITIS_LOOP_94_8_VITIS_LOOP_95_9_fu_4710/icmp_ln99_fu_3092_p2
                         LUT3 (Prop_LUT3_I2_O)        0.040     3.304 r  bd_0_i/hls_inst/inst/grp_top_kernel_Pipeline_VITIS_LOOP_94_8_VITIS_LOOP_95_9_fu_4710/tmp_1_reg_5295[11]_i_122/O
                         net (fo=64, unplaced)        0.289     3.593    bd_0_i/hls_inst/inst/grp_top_kernel_Pipeline_VITIS_LOOP_94_8_VITIS_LOOP_95_9_fu_4710/tmp_1_reg_5295[11]_i_122_n_2
                         LUT6 (Prop_LUT6_I4_O)        0.038     3.631 r  bd_0_i/hls_inst/inst/grp_top_kernel_Pipeline_VITIS_LOOP_94_8_VITIS_LOOP_95_9_fu_4710/tmp_1_reg_5295[11]_i_57/O
                         net (fo=1, unplaced)         0.034     3.665    bd_0_i/hls_inst/inst/grp_top_kernel_Pipeline_VITIS_LOOP_94_8_VITIS_LOOP_95_9_fu_4710/tmp_1_reg_5295[11]_i_57_n_2
                         MUXF7 (Prop_MUXF7_I0_O)      0.090     3.755 r  bd_0_i/hls_inst/inst/grp_top_kernel_Pipeline_VITIS_LOOP_94_8_VITIS_LOOP_95_9_fu_4710/tmp_1_reg_5295_reg[11]_i_24/O
                         net (fo=1, unplaced)         0.000     3.755    bd_0_i/hls_inst/inst/grp_top_kernel_Pipeline_VITIS_LOOP_94_8_VITIS_LOOP_95_9_fu_4710/tmp_1_reg_5295_reg[11]_i_24_n_2
                         MUXF8 (Prop_MUXF8_I0_O)      0.030     3.785 r  bd_0_i/hls_inst/inst/grp_top_kernel_Pipeline_VITIS_LOOP_94_8_VITIS_LOOP_95_9_fu_4710/tmp_1_reg_5295_reg[11]_i_8/O
                         net (fo=1, unplaced)         0.215     4.000    bd_0_i/hls_inst/inst/grp_top_kernel_Pipeline_VITIS_LOOP_94_8_VITIS_LOOP_95_9_fu_4710/tmp_1_reg_5295_reg[11]_i_8_n_2
                         LUT6 (Prop_LUT6_I0_O)        0.114     4.114 r  bd_0_i/hls_inst/inst/grp_top_kernel_Pipeline_VITIS_LOOP_94_8_VITIS_LOOP_95_9_fu_4710/tmp_1_reg_5295[11]_i_4/O
                         net (fo=1, unplaced)         0.034     4.148    bd_0_i/hls_inst/inst/grp_top_kernel_Pipeline_VITIS_LOOP_94_8_VITIS_LOOP_95_9_fu_4710/tmp_1_reg_5295[11]_i_4_n_2
                         MUXF7 (Prop_MUXF7_I0_O)      0.090     4.238 r  bd_0_i/hls_inst/inst/grp_top_kernel_Pipeline_VITIS_LOOP_94_8_VITIS_LOOP_95_9_fu_4710/tmp_1_reg_5295_reg[11]_i_2/O
                         net (fo=1, unplaced)         0.000     4.238    bd_0_i/hls_inst/inst/grp_top_kernel_Pipeline_VITIS_LOOP_94_8_VITIS_LOOP_95_9_fu_4710/tmp_1_reg_5295_reg[11]_i_2_n_2
                         MUXF8 (Prop_MUXF8_I0_O)      0.030     4.268 r  bd_0_i/hls_inst/inst/grp_top_kernel_Pipeline_VITIS_LOOP_94_8_VITIS_LOOP_95_9_fu_4710/tmp_1_reg_5295_reg[11]_i_1/O
                         net (fo=1, unplaced)         0.048     4.316    bd_0_i/hls_inst/inst/grp_top_kernel_Pipeline_VITIS_LOOP_94_8_VITIS_LOOP_95_9_fu_4710/dout_tmp[11]
                         FDRE                                         r  bd_0_i/hls_inst/inst/grp_top_kernel_Pipeline_VITIS_LOOP_94_8_VITIS_LOOP_95_9_fu_4710/tmp_1_reg_5295_reg[11]/D
  -------------------------------------------------------------------    -------------------

                         (clock ap_clk rise edge)    10.000    10.000 r  
                                                      0.000    10.000 r  ap_clk (IN)
                         net (fo=64363, unset)        0.026    10.026    bd_0_i/hls_inst/inst/grp_top_kernel_Pipeline_VITIS_LOOP_94_8_VITIS_LOOP_95_9_fu_4710/ap_clk
                         FDRE                                         r  bd_0_i/hls_inst/inst/grp_top_kernel_Pipeline_VITIS_LOOP_94_8_VITIS_LOOP_95_9_fu_4710/tmp_1_reg_5295_reg[11]/C
                         clock pessimism              0.000    10.026    
                         clock uncertainty           -0.035     9.991    
                         FDRE (Setup_FDRE_C_D)        0.027    10.018    bd_0_i/hls_inst/inst/grp_top_kernel_Pipeline_VITIS_LOOP_94_8_VITIS_LOOP_95_9_fu_4710/tmp_1_reg_5295_reg[11]
  -------------------------------------------------------------------
                         required time                         10.018    
                         arrival time                          -4.316    
  -------------------------------------------------------------------
                         slack                                  5.702    

Slack (MET) :             5.702ns  (required time - arrival time)
  Source:                 bd_0_i/hls_inst/inst/grp_top_kernel_Pipeline_VITIS_LOOP_94_8_VITIS_LOOP_95_9_fu_4710/select_ln18_reg_5290_reg[0]/C
                            (rising edge-triggered cell FDRE clocked by ap_clk  {rise@0.000ns fall@5.000ns period=10.000ns})
  Destination:            bd_0_i/hls_inst/inst/grp_top_kernel_Pipeline_VITIS_LOOP_94_8_VITIS_LOOP_95_9_fu_4710/tmp_1_reg_5295_reg[12]/D
                            (rising edge-triggered cell FDRE clocked by ap_clk  {rise@0.000ns fall@5.000ns period=10.000ns})
  Path Group:             ap_clk
  Path Type:              Setup (Max at Slow Process Corner)
  Requirement:            10.000ns  (ap_clk rise@10.000ns - ap_clk rise@0.000ns)
  Data Path Delay:        4.279ns  (logic 1.550ns (36.223%)  route 2.729ns (63.777%))
  Logic Levels:           18  (CARRY8=3 LUT1=1 LUT3=1 LUT4=1 LUT5=3 LUT6=5 MUXF7=2 MUXF8=2)
  Clock Path Skew:        -0.011ns (DCD - SCD + CPR)
    Destination Clock Delay (DCD):    0.026ns = ( 10.026 - 10.000 ) 
    Source Clock Delay      (SCD):    0.037ns
    Clock Pessimism Removal (CPR):    0.000ns
  Clock Uncertainty:      0.035ns  ((TSJ^2 + TIJ^2)^1/2 + DJ) / 2 + PE
    Total System Jitter     (TSJ):    0.071ns
    Total Input Jitter      (TIJ):    0.000ns
    Discrete Jitter          (DJ):    0.000ns
    Phase Error              (PE):    0.000ns

    Location             Delay type                Incr(ns)  Path(ns)    Netlist Resource(s)
  -------------------------------------------------------------------    -------------------
                         (clock ap_clk rise edge)     0.000     0.000 r  
                                                      0.000     0.000 r  ap_clk (IN)
                         net (fo=64363, unset)        0.037     0.037    bd_0_i/hls_inst/inst/grp_top_kernel_Pipeline_VITIS_LOOP_94_8_VITIS_LOOP_95_9_fu_4710/ap_clk
                         FDRE                                         r  bd_0_i/hls_inst/inst/grp_top_kernel_Pipeline_VITIS_LOOP_94_8_VITIS_LOOP_95_9_fu_4710/select_ln18_reg_5290_reg[0]/C
  -------------------------------------------------------------------    -------------------
                         FDRE (Prop_FDRE_C_Q)         0.093     0.130 r  bd_0_i/hls_inst/inst/grp_top_kernel_Pipeline_VITIS_LOOP_94_8_VITIS_LOOP_95_9_fu_4710/select_ln18_reg_5290_reg[0]/Q
                         net (fo=59, unplaced)        0.181     0.311    bd_0_i/hls_inst/inst/grp_top_kernel_Pipeline_VITIS_LOOP_94_8_VITIS_LOOP_95_9_fu_4710/select_ln18_reg_5290[0]
                         LUT5 (Prop_LUT5_I1_O)        0.116     0.427 r  bd_0_i/hls_inst/inst/grp_top_kernel_Pipeline_VITIS_LOOP_94_8_VITIS_LOOP_95_9_fu_4710/tmp_1_reg_5295[31]_i_164/O
                         net (fo=3, unplaced)         0.220     0.647    bd_0_i/hls_inst/inst/grp_top_kernel_Pipeline_VITIS_LOOP_94_8_VITIS_LOOP_95_9_fu_4710/tmp_1_reg_5295[31]_i_164_n_2
                         LUT6 (Prop_LUT6_I4_O)        0.040     0.687 f  bd_0_i/hls_inst/inst/grp_top_kernel_Pipeline_VITIS_LOOP_94_8_VITIS_LOOP_95_9_fu_4710/tmp_1_reg_5295[31]_i_314/O
                         net (fo=1, unplaced)         0.214     0.901    bd_0_i/hls_inst/inst/grp_top_kernel_Pipeline_VITIS_LOOP_94_8_VITIS_LOOP_95_9_fu_4710/tmp_1_reg_5295[31]_i_314_n_2
                         LUT6 (Prop_LUT6_I5_O)        0.040     0.941 f  bd_0_i/hls_inst/inst/grp_top_kernel_Pipeline_VITIS_LOOP_94_8_VITIS_LOOP_95_9_fu_4710/tmp_1_reg_5295[31]_i_213/O
                         net (fo=2, unplaced)         0.214     1.155    bd_0_i/hls_inst/inst/grp_top_kernel_Pipeline_VITIS_LOOP_94_8_VITIS_LOOP_95_9_fu_4710/tmp_1_reg_5295[31]_i_213_n_2
                         LUT5 (Prop_LUT5_I3_O)        0.085     1.240 f  bd_0_i/hls_inst/inst/grp_top_kernel_Pipeline_VITIS_LOOP_94_8_VITIS_LOOP_95_9_fu_4710/tmp_1_reg_5295[31]_i_95/O
                         net (fo=3, unplaced)         0.220     1.460    bd_0_i/hls_inst/inst/grp_top_kernel_Pipeline_VITIS_LOOP_94_8_VITIS_LOOP_95_9_fu_4710/tmp_1_reg_5295[31]_i_95_n_2
                         LUT5 (Prop_LUT5_I4_O)        0.085     1.545 f  bd_0_i/hls_inst/inst/grp_top_kernel_Pipeline_VITIS_LOOP_94_8_VITIS_LOOP_95_9_fu_4710/tmp_1_reg_5295[31]_i_177/O
                         net (fo=3, unplaced)         0.220     1.765    bd_0_i/hls_inst/inst/grp_top_kernel_Pipeline_VITIS_LOOP_94_8_VITIS_LOOP_95_9_fu_4710/tmp_1_reg_5295[31]_i_177_n_2
                         LUT1 (Prop_LUT1_I0_O)        0.039     1.804 r  bd_0_i/hls_inst/inst/grp_top_kernel_Pipeline_VITIS_LOOP_94_8_VITIS_LOOP_95_9_fu_4710/tmp_1_reg_5295[31]_i_146/O
                         net (fo=1, unplaced)         0.022     1.826    bd_0_i/hls_inst/inst/grp_top_kernel_Pipeline_VITIS_LOOP_94_8_VITIS_LOOP_95_9_fu_4710/tmp_1_reg_5295[31]_i_146_n_2
                         CARRY8 (Prop_CARRY8_S[4]_CO[7])
                                                      0.205     2.031 r  bd_0_i/hls_inst/inst/grp_top_kernel_Pipeline_VITIS_LOOP_94_8_VITIS_LOOP_95_9_fu_4710/tmp_1_reg_5295_reg[31]_i_56/CO[7]
                         net (fo=1, unplaced)         0.007     2.038    bd_0_i/hls_inst/inst/grp_top_kernel_Pipeline_VITIS_LOOP_94_8_VITIS_LOOP_95_9_fu_4710/tmp_1_reg_5295_reg[31]_i_56_n_2
                         CARRY8 (Prop_CARRY8_CI_O[6])
                                                      0.129     2.167 r  bd_0_i/hls_inst/inst/grp_top_kernel_Pipeline_VITIS_LOOP_94_8_VITIS_LOOP_95_9_fu_4710/tmp_1_reg_5295_reg[31]_i_14/O[6]
                         net (fo=1, unplaced)         0.157     2.324    bd_0_i/hls_inst/inst/grp_top_kernel_Pipeline_VITIS_LOOP_94_8_VITIS_LOOP_95_9_fu_4710/result_2_fu_3057_p2[31]
                         LUT6 (Prop_LUT6_I0_O)        0.040     2.364 f  bd_0_i/hls_inst/inst/grp_top_kernel_Pipeline_VITIS_LOOP_94_8_VITIS_LOOP_95_9_fu_4710/tmp_1_reg_5295[31]_i_5/O
                         net (fo=82, unplaced)        0.295     2.659    bd_0_i/hls_inst/inst/grp_top_kernel_Pipeline_VITIS_LOOP_94_8_VITIS_LOOP_95_9_fu_4710/tmp_1_reg_5295[31]_i_5_n_2
                         LUT4 (Prop_LUT4_I3_O)        0.082     2.741 f  bd_0_i/hls_inst/inst/grp_top_kernel_Pipeline_VITIS_LOOP_94_8_VITIS_LOOP_95_9_fu_4710/tmp_1_reg_5295[31]_i_18/O
                         net (fo=1, unplaced)         0.174     2.915    bd_0_i/hls_inst/inst/grp_top_kernel_Pipeline_VITIS_LOOP_94_8_VITIS_LOOP_95_9_fu_4710/tmp_1_reg_5295[31]_i_18_n_2
                         CARRY8 (Prop_CARRY8_DI[3]_CO[3])
                                                      0.164     3.079 f  bd_0_i/hls_inst/inst/grp_top_kernel_Pipeline_VITIS_LOOP_94_8_VITIS_LOOP_95_9_fu_4710/tmp_1_reg_5295_reg[31]_i_6/CO[3]
                         net (fo=80, unplaced)        0.185     3.264    bd_0_i/hls_inst/inst/grp_top_kernel_Pipeline_VITIS_LOOP_94_8_VITIS_LOOP_95_9_fu_4710/icmp_ln99_fu_3092_p2
                         LUT3 (Prop_LUT3_I2_O)        0.040     3.304 r  bd_0_i/hls_inst/inst/grp_top_kernel_Pipeline_VITIS_LOOP_94_8_VITIS_LOOP_95_9_fu_4710/tmp_1_reg_5295[12]_i_121/O
                         net (fo=64, unplaced)        0.289     3.593    bd_0_i/hls_inst/inst/grp_top_kernel_Pipeline_VITIS_LOOP_94_8_VITIS_LOOP_95_9_fu_4710/tmp_1_reg_5295[12]_i_121_n_2
                         LUT6 (Prop_LUT6_I4_O)        0.038     3.631 r  bd_0_i/hls_inst/inst/grp_top_kernel_Pipeline_VITIS_LOOP_94_8_VITIS_LOOP_95_9_fu_4710/tmp_1_reg_5295[12]_i_56/O
                         net (fo=1, unplaced)         0.034     3.665    bd_0_i/hls_inst/inst/grp_top_kernel_Pipeline_VITIS_LOOP_94_8_VITIS_LOOP_95_9_fu_4710/tmp_1_reg_5295[12]_i_56_n_2
                         MUXF7 (Prop_MUXF7_I0_O)      0.090     3.755 r  bd_0_i/hls_inst/inst/grp_top_kernel_Pipeline_VITIS_LOOP_94_8_VITIS_LOOP_95_9_fu_4710/tmp_1_reg_5295_reg[12]_i_24/O
                         net (fo=1, unplaced)         0.000     3.755    bd_0_i/hls_inst/inst/grp_top_kernel_Pipeline_VITIS_LOOP_94_8_VITIS_LOOP_95_9_fu_4710/tmp_1_reg_5295_reg[12]_i_24_n_2
                         MUXF8 (Prop_MUXF8_I0_O)      0.030     3.785 r  bd_0_i/hls_inst/inst/grp_top_kernel_Pipeline_VITIS_LOOP_94_8_VITIS_LOOP_95_9_fu_4710/tmp_1_reg_5295_reg[12]_i_8/O
                         net (fo=1, unplaced)         0.215     4.000    bd_0_i/hls_inst/inst/grp_top_kernel_Pipeline_VITIS_LOOP_94_8_VITIS_LOOP_95_9_fu_4710/tmp_1_reg_5295_reg[12]_i_8_n_2
                         LUT6 (Prop_LUT6_I0_O)        0.114     4.114 r  bd_0_i/hls_inst/inst/grp_top_kernel_Pipeline_VITIS_LOOP_94_8_VITIS_LOOP_95_9_fu_4710/tmp_1_reg_5295[12]_i_4/O
                         net (fo=1, unplaced)         0.034     4.148    bd_0_i/hls_inst/inst/grp_top_kernel_Pipeline_VITIS_LOOP_94_8_VITIS_LOOP_95_9_fu_4710/tmp_1_reg_5295[12]_i_4_n_2
                         MUXF7 (Prop_MUXF7_I0_O)      0.090     4.238 r  bd_0_i/hls_inst/inst/grp_top_kernel_Pipeline_VITIS_LOOP_94_8_VITIS_LOOP_95_9_fu_4710/tmp_1_reg_5295_reg[12]_i_2/O
                         net (fo=1, unplaced)         0.000     4.238    bd_0_i/hls_inst/inst/grp_top_kernel_Pipeline_VITIS_LOOP_94_8_VITIS_LOOP_95_9_fu_4710/tmp_1_reg_5295_reg[12]_i_2_n_2
                         MUXF8 (Prop_MUXF8_I0_O)      0.030     4.268 r  bd_0_i/hls_inst/inst/grp_top_kernel_Pipeline_VITIS_LOOP_94_8_VITIS_LOOP_95_9_fu_4710/tmp_1_reg_5295_reg[12]_i_1/O
                         net (fo=1, unplaced)         0.048     4.316    bd_0_i/hls_inst/inst/grp_top_kernel_Pipeline_VITIS_LOOP_94_8_VITIS_LOOP_95_9_fu_4710/dout_tmp[12]
                         FDRE                                         r  bd_0_i/hls_inst/inst/grp_top_kernel_Pipeline_VITIS_LOOP_94_8_VITIS_LOOP_95_9_fu_4710/tmp_1_reg_5295_reg[12]/D
  -------------------------------------------------------------------    -------------------

                         (clock ap_clk rise edge)    10.000    10.000 r  
                                                      0.000    10.000 r  ap_clk (IN)
                         net (fo=64363, unset)        0.026    10.026    bd_0_i/hls_inst/inst/grp_top_kernel_Pipeline_VITIS_LOOP_94_8_VITIS_LOOP_95_9_fu_4710/ap_clk
                         FDRE                                         r  bd_0_i/hls_inst/inst/grp_top_kernel_Pipeline_VITIS_LOOP_94_8_VITIS_LOOP_95_9_fu_4710/tmp_1_reg_5295_reg[12]/C
                         clock pessimism              0.000    10.026    
                         clock uncertainty           -0.035     9.991    
                         FDRE (Setup_FDRE_C_D)        0.027    10.018    bd_0_i/hls_inst/inst/grp_top_kernel_Pipeline_VITIS_LOOP_94_8_VITIS_LOOP_95_9_fu_4710/tmp_1_reg_5295_reg[12]
  -------------------------------------------------------------------
                         required time                         10.018    
                         arrival time                          -4.316    
  -------------------------------------------------------------------
                         slack                                  5.702    

Slack (MET) :             5.702ns  (required time - arrival time)
  Source:                 bd_0_i/hls_inst/inst/grp_top_kernel_Pipeline_VITIS_LOOP_94_8_VITIS_LOOP_95_9_fu_4710/select_ln18_reg_5290_reg[0]/C
                            (rising edge-triggered cell FDRE clocked by ap_clk  {rise@0.000ns fall@5.000ns period=10.000ns})
  Destination:            bd_0_i/hls_inst/inst/grp_top_kernel_Pipeline_VITIS_LOOP_94_8_VITIS_LOOP_95_9_fu_4710/tmp_1_reg_5295_reg[13]/D
                            (rising edge-triggered cell FDRE clocked by ap_clk  {rise@0.000ns fall@5.000ns period=10.000ns})
  Path Group:             ap_clk
  Path Type:              Setup (Max at Slow Process Corner)
  Requirement:            10.000ns  (ap_clk rise@10.000ns - ap_clk rise@0.000ns)
  Data Path Delay:        4.279ns  (logic 1.550ns (36.223%)  route 2.729ns (63.777%))
  Logic Levels:           18  (CARRY8=3 LUT1=1 LUT3=1 LUT4=1 LUT5=3 LUT6=5 MUXF7=2 MUXF8=2)
  Clock Path Skew:        -0.011ns (DCD - SCD + CPR)
    Destination Clock Delay (DCD):    0.026ns = ( 10.026 - 10.000 ) 
    Source Clock Delay      (SCD):    0.037ns
    Clock Pessimism Removal (CPR):    0.000ns
  Clock Uncertainty:      0.035ns  ((TSJ^2 + TIJ^2)^1/2 + DJ) / 2 + PE
    Total System Jitter     (TSJ):    0.071ns
    Total Input Jitter      (TIJ):    0.000ns
    Discrete Jitter          (DJ):    0.000ns
    Phase Error              (PE):    0.000ns

    Location             Delay type                Incr(ns)  Path(ns)    Netlist Resource(s)
  -------------------------------------------------------------------    -------------------
                         (clock ap_clk rise edge)     0.000     0.000 r  
                                                      0.000     0.000 r  ap_clk (IN)
                         net (fo=64363, unset)        0.037     0.037    bd_0_i/hls_inst/inst/grp_top_kernel_Pipeline_VITIS_LOOP_94_8_VITIS_LOOP_95_9_fu_4710/ap_clk
                         FDRE                                         r  bd_0_i/hls_inst/inst/grp_top_kernel_Pipeline_VITIS_LOOP_94_8_VITIS_LOOP_95_9_fu_4710/select_ln18_reg_5290_reg[0]/C
  -------------------------------------------------------------------    -------------------
                         FDRE (Prop_FDRE_C_Q)         0.093     0.130 r  bd_0_i/hls_inst/inst/grp_top_kernel_Pipeline_VITIS_LOOP_94_8_VITIS_LOOP_95_9_fu_4710/select_ln18_reg_5290_reg[0]/Q
                         net (fo=59, unplaced)        0.181     0.311    bd_0_i/hls_inst/inst/grp_top_kernel_Pipeline_VITIS_LOOP_94_8_VITIS_LOOP_95_9_fu_4710/select_ln18_reg_5290[0]
                         LUT5 (Prop_LUT5_I1_O)        0.116     0.427 r  bd_0_i/hls_inst/inst/grp_top_kernel_Pipeline_VITIS_LOOP_94_8_VITIS_LOOP_95_9_fu_4710/tmp_1_reg_5295[31]_i_164/O
                         net (fo=3, unplaced)         0.220     0.647    bd_0_i/hls_inst/inst/grp_top_kernel_Pipeline_VITIS_LOOP_94_8_VITIS_LOOP_95_9_fu_4710/tmp_1_reg_5295[31]_i_164_n_2
                         LUT6 (Prop_LUT6_I4_O)        0.040     0.687 f  bd_0_i/hls_inst/inst/grp_top_kernel_Pipeline_VITIS_LOOP_94_8_VITIS_LOOP_95_9_fu_4710/tmp_1_reg_5295[31]_i_314/O
                         net (fo=1, unplaced)         0.214     0.901    bd_0_i/hls_inst/inst/grp_top_kernel_Pipeline_VITIS_LOOP_94_8_VITIS_LOOP_95_9_fu_4710/tmp_1_reg_5295[31]_i_314_n_2
                         LUT6 (Prop_LUT6_I5_O)        0.040     0.941 f  bd_0_i/hls_inst/inst/grp_top_kernel_Pipeline_VITIS_LOOP_94_8_VITIS_LOOP_95_9_fu_4710/tmp_1_reg_5295[31]_i_213/O
                         net (fo=2, unplaced)         0.214     1.155    bd_0_i/hls_inst/inst/grp_top_kernel_Pipeline_VITIS_LOOP_94_8_VITIS_LOOP_95_9_fu_4710/tmp_1_reg_5295[31]_i_213_n_2
                         LUT5 (Prop_LUT5_I3_O)        0.085     1.240 f  bd_0_i/hls_inst/inst/grp_top_kernel_Pipeline_VITIS_LOOP_94_8_VITIS_LOOP_95_9_fu_4710/tmp_1_reg_5295[31]_i_95/O
                         net (fo=3, unplaced)         0.220     1.460    bd_0_i/hls_inst/inst/grp_top_kernel_Pipeline_VITIS_LOOP_94_8_VITIS_LOOP_95_9_fu_4710/tmp_1_reg_5295[31]_i_95_n_2
                         LUT5 (Prop_LUT5_I4_O)        0.085     1.545 f  bd_0_i/hls_inst/inst/grp_top_kernel_Pipeline_VITIS_LOOP_94_8_VITIS_LOOP_95_9_fu_4710/tmp_1_reg_5295[31]_i_177/O
                         net (fo=3, unplaced)         0.220     1.765    bd_0_i/hls_inst/inst/grp_top_kernel_Pipeline_VITIS_LOOP_94_8_VITIS_LOOP_95_9_fu_4710/tmp_1_reg_5295[31]_i_177_n_2
                         LUT1 (Prop_LUT1_I0_O)        0.039     1.804 r  bd_0_i/hls_inst/inst/grp_top_kernel_Pipeline_VITIS_LOOP_94_8_VITIS_LOOP_95_9_fu_4710/tmp_1_reg_5295[31]_i_146/O
                         net (fo=1, unplaced)         0.022     1.826    bd_0_i/hls_inst/inst/grp_top_kernel_Pipeline_VITIS_LOOP_94_8_VITIS_LOOP_95_9_fu_4710/tmp_1_reg_5295[31]_i_146_n_2
                         CARRY8 (Prop_CARRY8_S[4]_CO[7])
                                                      0.205     2.031 r  bd_0_i/hls_inst/inst/grp_top_kernel_Pipeline_VITIS_LOOP_94_8_VITIS_LOOP_95_9_fu_4710/tmp_1_reg_5295_reg[31]_i_56/CO[7]
                         net (fo=1, unplaced)         0.007     2.038    bd_0_i/hls_inst/inst/grp_top_kernel_Pipeline_VITIS_LOOP_94_8_VITIS_LOOP_95_9_fu_4710/tmp_1_reg_5295_reg[31]_i_56_n_2
                         CARRY8 (Prop_CARRY8_CI_O[6])
                                                      0.129     2.167 r  bd_0_i/hls_inst/inst/grp_top_kernel_Pipeline_VITIS_LOOP_94_8_VITIS_LOOP_95_9_fu_4710/tmp_1_reg_5295_reg[31]_i_14/O[6]
                         net (fo=1, unplaced)         0.157     2.324    bd_0_i/hls_inst/inst/grp_top_kernel_Pipeline_VITIS_LOOP_94_8_VITIS_LOOP_95_9_fu_4710/result_2_fu_3057_p2[31]
                         LUT6 (Prop_LUT6_I0_O)        0.040     2.364 f  bd_0_i/hls_inst/inst/grp_top_kernel_Pipeline_VITIS_LOOP_94_8_VITIS_LOOP_95_9_fu_4710/tmp_1_reg_5295[31]_i_5/O
                         net (fo=82, unplaced)        0.295     2.659    bd_0_i/hls_inst/inst/grp_top_kernel_Pipeline_VITIS_LOOP_94_8_VITIS_LOOP_95_9_fu_4710/tmp_1_reg_5295[31]_i_5_n_2
                         LUT4 (Prop_LUT4_I3_O)        0.082     2.741 f  bd_0_i/hls_inst/inst/grp_top_kernel_Pipeline_VITIS_LOOP_94_8_VITIS_LOOP_95_9_fu_4710/tmp_1_reg_5295[31]_i_18/O
                         net (fo=1, unplaced)         0.174     2.915    bd_0_i/hls_inst/inst/grp_top_kernel_Pipeline_VITIS_LOOP_94_8_VITIS_LOOP_95_9_fu_4710/tmp_1_reg_5295[31]_i_18_n_2
                         CARRY8 (Prop_CARRY8_DI[3]_CO[3])
                                                      0.164     3.079 f  bd_0_i/hls_inst/inst/grp_top_kernel_Pipeline_VITIS_LOOP_94_8_VITIS_LOOP_95_9_fu_4710/tmp_1_reg_5295_reg[31]_i_6/CO[3]
                         net (fo=80, unplaced)        0.185     3.264    bd_0_i/hls_inst/inst/grp_top_kernel_Pipeline_VITIS_LOOP_94_8_VITIS_LOOP_95_9_fu_4710/icmp_ln99_fu_3092_p2
                         LUT3 (Prop_LUT3_I2_O)        0.040     3.304 r  bd_0_i/hls_inst/inst/grp_top_kernel_Pipeline_VITIS_LOOP_94_8_VITIS_LOOP_95_9_fu_4710/tmp_1_reg_5295[13]_i_121/O
                         net (fo=64, unplaced)        0.289     3.593    bd_0_i/hls_inst/inst/grp_top_kernel_Pipeline_VITIS_LOOP_94_8_VITIS_LOOP_95_9_fu_4710/tmp_1_reg_5295[13]_i_121_n_2
                         LUT6 (Prop_LUT6_I4_O)        0.038     3.631 r  bd_0_i/hls_inst/inst/grp_top_kernel_Pipeline_VITIS_LOOP_94_8_VITIS_LOOP_95_9_fu_4710/tmp_1_reg_5295[13]_i_56/O
                         net (fo=1, unplaced)         0.034     3.665    bd_0_i/hls_inst/inst/grp_top_kernel_Pipeline_VITIS_LOOP_94_8_VITIS_LOOP_95_9_fu_4710/tmp_1_reg_5295[13]_i_56_n_2
                         MUXF7 (Prop_MUXF7_I0_O)      0.090     3.755 r  bd_0_i/hls_inst/inst/grp_top_kernel_Pipeline_VITIS_LOOP_94_8_VITIS_LOOP_95_9_fu_4710/tmp_1_reg_5295_reg[13]_i_24/O
                         net (fo=1, unplaced)         0.000     3.755    bd_0_i/hls_inst/inst/grp_top_kernel_Pipeline_VITIS_LOOP_94_8_VITIS_LOOP_95_9_fu_4710/tmp_1_reg_5295_reg[13]_i_24_n_2
                         MUXF8 (Prop_MUXF8_I0_O)      0.030     3.785 r  bd_0_i/hls_inst/inst/grp_top_kernel_Pipeline_VITIS_LOOP_94_8_VITIS_LOOP_95_9_fu_4710/tmp_1_reg_5295_reg[13]_i_8/O
                         net (fo=1, unplaced)         0.215     4.000    bd_0_i/hls_inst/inst/grp_top_kernel_Pipeline_VITIS_LOOP_94_8_VITIS_LOOP_95_9_fu_4710/tmp_1_reg_5295_reg[13]_i_8_n_2
                         LUT6 (Prop_LUT6_I0_O)        0.114     4.114 r  bd_0_i/hls_inst/inst/grp_top_kernel_Pipeline_VITIS_LOOP_94_8_VITIS_LOOP_95_9_fu_4710/tmp_1_reg_5295[13]_i_4/O
                         net (fo=1, unplaced)         0.034     4.148    bd_0_i/hls_inst/inst/grp_top_kernel_Pipeline_VITIS_LOOP_94_8_VITIS_LOOP_95_9_fu_4710/tmp_1_reg_5295[13]_i_4_n_2
                         MUXF7 (Prop_MUXF7_I0_O)      0.090     4.238 r  bd_0_i/hls_inst/inst/grp_top_kernel_Pipeline_VITIS_LOOP_94_8_VITIS_LOOP_95_9_fu_4710/tmp_1_reg_5295_reg[13]_i_2/O
                         net (fo=1, unplaced)         0.000     4.238    bd_0_i/hls_inst/inst/grp_top_kernel_Pipeline_VITIS_LOOP_94_8_VITIS_LOOP_95_9_fu_4710/tmp_1_reg_5295_reg[13]_i_2_n_2
                         MUXF8 (Prop_MUXF8_I0_O)      0.030     4.268 r  bd_0_i/hls_inst/inst/grp_top_kernel_Pipeline_VITIS_LOOP_94_8_VITIS_LOOP_95_9_fu_4710/tmp_1_reg_5295_reg[13]_i_1/O
                         net (fo=1, unplaced)         0.048     4.316    bd_0_i/hls_inst/inst/grp_top_kernel_Pipeline_VITIS_LOOP_94_8_VITIS_LOOP_95_9_fu_4710/dout_tmp[13]
                         FDRE                                         r  bd_0_i/hls_inst/inst/grp_top_kernel_Pipeline_VITIS_LOOP_94_8_VITIS_LOOP_95_9_fu_4710/tmp_1_reg_5295_reg[13]/D
  -------------------------------------------------------------------    -------------------

                         (clock ap_clk rise edge)    10.000    10.000 r  
                                                      0.000    10.000 r  ap_clk (IN)
                         net (fo=64363, unset)        0.026    10.026    bd_0_i/hls_inst/inst/grp_top_kernel_Pipeline_VITIS_LOOP_94_8_VITIS_LOOP_95_9_fu_4710/ap_clk
                         FDRE                                         r  bd_0_i/hls_inst/inst/grp_top_kernel_Pipeline_VITIS_LOOP_94_8_VITIS_LOOP_95_9_fu_4710/tmp_1_reg_5295_reg[13]/C
                         clock pessimism              0.000    10.026    
                         clock uncertainty           -0.035     9.991    
                         FDRE (Setup_FDRE_C_D)        0.027    10.018    bd_0_i/hls_inst/inst/grp_top_kernel_Pipeline_VITIS_LOOP_94_8_VITIS_LOOP_95_9_fu_4710/tmp_1_reg_5295_reg[13]
  -------------------------------------------------------------------
                         required time                         10.018    
                         arrival time                          -4.316    
  -------------------------------------------------------------------
                         slack                                  5.702    

Slack (MET) :             5.702ns  (required time - arrival time)
  Source:                 bd_0_i/hls_inst/inst/grp_top_kernel_Pipeline_VITIS_LOOP_94_8_VITIS_LOOP_95_9_fu_4710/select_ln18_reg_5290_reg[0]/C
                            (rising edge-triggered cell FDRE clocked by ap_clk  {rise@0.000ns fall@5.000ns period=10.000ns})
  Destination:            bd_0_i/hls_inst/inst/grp_top_kernel_Pipeline_VITIS_LOOP_94_8_VITIS_LOOP_95_9_fu_4710/tmp_1_reg_5295_reg[14]/D
                            (rising edge-triggered cell FDRE clocked by ap_clk  {rise@0.000ns fall@5.000ns period=10.000ns})
  Path Group:             ap_clk
  Path Type:              Setup (Max at Slow Process Corner)
  Requirement:            10.000ns  (ap_clk rise@10.000ns - ap_clk rise@0.000ns)
  Data Path Delay:        4.279ns  (logic 1.550ns (36.223%)  route 2.729ns (63.777%))
  Logic Levels:           18  (CARRY8=3 LUT1=1 LUT3=1 LUT4=1 LUT5=3 LUT6=5 MUXF7=2 MUXF8=2)
  Clock Path Skew:        -0.011ns (DCD - SCD + CPR)
    Destination Clock Delay (DCD):    0.026ns = ( 10.026 - 10.000 ) 
    Source Clock Delay      (SCD):    0.037ns
    Clock Pessimism Removal (CPR):    0.000ns
  Clock Uncertainty:      0.035ns  ((TSJ^2 + TIJ^2)^1/2 + DJ) / 2 + PE
    Total System Jitter     (TSJ):    0.071ns
    Total Input Jitter      (TIJ):    0.000ns
    Discrete Jitter          (DJ):    0.000ns
    Phase Error              (PE):    0.000ns

    Location             Delay type                Incr(ns)  Path(ns)    Netlist Resource(s)
  -------------------------------------------------------------------    -------------------
                         (clock ap_clk rise edge)     0.000     0.000 r  
                                                      0.000     0.000 r  ap_clk (IN)
                         net (fo=64363, unset)        0.037     0.037    bd_0_i/hls_inst/inst/grp_top_kernel_Pipeline_VITIS_LOOP_94_8_VITIS_LOOP_95_9_fu_4710/ap_clk
                         FDRE                                         r  bd_0_i/hls_inst/inst/grp_top_kernel_Pipeline_VITIS_LOOP_94_8_VITIS_LOOP_95_9_fu_4710/select_ln18_reg_5290_reg[0]/C
  -------------------------------------------------------------------    -------------------
                         FDRE (Prop_FDRE_C_Q)         0.093     0.130 r  bd_0_i/hls_inst/inst/grp_top_kernel_Pipeline_VITIS_LOOP_94_8_VITIS_LOOP_95_9_fu_4710/select_ln18_reg_5290_reg[0]/Q
                         net (fo=59, unplaced)        0.181     0.311    bd_0_i/hls_inst/inst/grp_top_kernel_Pipeline_VITIS_LOOP_94_8_VITIS_LOOP_95_9_fu_4710/select_ln18_reg_5290[0]
                         LUT5 (Prop_LUT5_I1_O)        0.116     0.427 r  bd_0_i/hls_inst/inst/grp_top_kernel_Pipeline_VITIS_LOOP_94_8_VITIS_LOOP_95_9_fu_4710/tmp_1_reg_5295[31]_i_164/O
                         net (fo=3, unplaced)         0.220     0.647    bd_0_i/hls_inst/inst/grp_top_kernel_Pipeline_VITIS_LOOP_94_8_VITIS_LOOP_95_9_fu_4710/tmp_1_reg_5295[31]_i_164_n_2
                         LUT6 (Prop_LUT6_I4_O)        0.040     0.687 f  bd_0_i/hls_inst/inst/grp_top_kernel_Pipeline_VITIS_LOOP_94_8_VITIS_LOOP_95_9_fu_4710/tmp_1_reg_5295[31]_i_314/O
                         net (fo=1, unplaced)         0.214     0.901    bd_0_i/hls_inst/inst/grp_top_kernel_Pipeline_VITIS_LOOP_94_8_VITIS_LOOP_95_9_fu_4710/tmp_1_reg_5295[31]_i_314_n_2
                         LUT6 (Prop_LUT6_I5_O)        0.040     0.941 f  bd_0_i/hls_inst/inst/grp_top_kernel_Pipeline_VITIS_LOOP_94_8_VITIS_LOOP_95_9_fu_4710/tmp_1_reg_5295[31]_i_213/O
                         net (fo=2, unplaced)         0.214     1.155    bd_0_i/hls_inst/inst/grp_top_kernel_Pipeline_VITIS_LOOP_94_8_VITIS_LOOP_95_9_fu_4710/tmp_1_reg_5295[31]_i_213_n_2
                         LUT5 (Prop_LUT5_I3_O)        0.085     1.240 f  bd_0_i/hls_inst/inst/grp_top_kernel_Pipeline_VITIS_LOOP_94_8_VITIS_LOOP_95_9_fu_4710/tmp_1_reg_5295[31]_i_95/O
                         net (fo=3, unplaced)         0.220     1.460    bd_0_i/hls_inst/inst/grp_top_kernel_Pipeline_VITIS_LOOP_94_8_VITIS_LOOP_95_9_fu_4710/tmp_1_reg_5295[31]_i_95_n_2
                         LUT5 (Prop_LUT5_I4_O)        0.085     1.545 f  bd_0_i/hls_inst/inst/grp_top_kernel_Pipeline_VITIS_LOOP_94_8_VITIS_LOOP_95_9_fu_4710/tmp_1_reg_5295[31]_i_177/O
                         net (fo=3, unplaced)         0.220     1.765    bd_0_i/hls_inst/inst/grp_top_kernel_Pipeline_VITIS_LOOP_94_8_VITIS_LOOP_95_9_fu_4710/tmp_1_reg_5295[31]_i_177_n_2
                         LUT1 (Prop_LUT1_I0_O)        0.039     1.804 r  bd_0_i/hls_inst/inst/grp_top_kernel_Pipeline_VITIS_LOOP_94_8_VITIS_LOOP_95_9_fu_4710/tmp_1_reg_5295[31]_i_146/O
                         net (fo=1, unplaced)         0.022     1.826    bd_0_i/hls_inst/inst/grp_top_kernel_Pipeline_VITIS_LOOP_94_8_VITIS_LOOP_95_9_fu_4710/tmp_1_reg_5295[31]_i_146_n_2
                         CARRY8 (Prop_CARRY8_S[4]_CO[7])
                                                      0.205     2.031 r  bd_0_i/hls_inst/inst/grp_top_kernel_Pipeline_VITIS_LOOP_94_8_VITIS_LOOP_95_9_fu_4710/tmp_1_reg_5295_reg[31]_i_56/CO[7]
                         net (fo=1, unplaced)         0.007     2.038    bd_0_i/hls_inst/inst/grp_top_kernel_Pipeline_VITIS_LOOP_94_8_VITIS_LOOP_95_9_fu_4710/tmp_1_reg_5295_reg[31]_i_56_n_2
                         CARRY8 (Prop_CARRY8_CI_O[6])
                                                      0.129     2.167 r  bd_0_i/hls_inst/inst/grp_top_kernel_Pipeline_VITIS_LOOP_94_8_VITIS_LOOP_95_9_fu_4710/tmp_1_reg_5295_reg[31]_i_14/O[6]
                         net (fo=1, unplaced)         0.157     2.324    bd_0_i/hls_inst/inst/grp_top_kernel_Pipeline_VITIS_LOOP_94_8_VITIS_LOOP_95_9_fu_4710/result_2_fu_3057_p2[31]
                         LUT6 (Prop_LUT6_I0_O)        0.040     2.364 f  bd_0_i/hls_inst/inst/grp_top_kernel_Pipeline_VITIS_LOOP_94_8_VITIS_LOOP_95_9_fu_4710/tmp_1_reg_5295[31]_i_5/O
                         net (fo=82, unplaced)        0.295     2.659    bd_0_i/hls_inst/inst/grp_top_kernel_Pipeline_VITIS_LOOP_94_8_VITIS_LOOP_95_9_fu_4710/tmp_1_reg_5295[31]_i_5_n_2
                         LUT4 (Prop_LUT4_I3_O)        0.082     2.741 f  bd_0_i/hls_inst/inst/grp_top_kernel_Pipeline_VITIS_LOOP_94_8_VITIS_LOOP_95_9_fu_4710/tmp_1_reg_5295[31]_i_18/O
                         net (fo=1, unplaced)         0.174     2.915    bd_0_i/hls_inst/inst/grp_top_kernel_Pipeline_VITIS_LOOP_94_8_VITIS_LOOP_95_9_fu_4710/tmp_1_reg_5295[31]_i_18_n_2
                         CARRY8 (Prop_CARRY8_DI[3]_CO[3])
                                                      0.164     3.079 f  bd_0_i/hls_inst/inst/grp_top_kernel_Pipeline_VITIS_LOOP_94_8_VITIS_LOOP_95_9_fu_4710/tmp_1_reg_5295_reg[31]_i_6/CO[3]
                         net (fo=80, unplaced)        0.185     3.264    bd_0_i/hls_inst/inst/grp_top_kernel_Pipeline_VITIS_LOOP_94_8_VITIS_LOOP_95_9_fu_4710/icmp_ln99_fu_3092_p2
                         LUT3 (Prop_LUT3_I2_O)        0.040     3.304 r  bd_0_i/hls_inst/inst/grp_top_kernel_Pipeline_VITIS_LOOP_94_8_VITIS_LOOP_95_9_fu_4710/tmp_1_reg_5295[14]_i_121/O
                         net (fo=64, unplaced)        0.289     3.593    bd_0_i/hls_inst/inst/grp_top_kernel_Pipeline_VITIS_LOOP_94_8_VITIS_LOOP_95_9_fu_4710/tmp_1_reg_5295[14]_i_121_n_2
                         LUT6 (Prop_LUT6_I4_O)        0.038     3.631 r  bd_0_i/hls_inst/inst/grp_top_kernel_Pipeline_VITIS_LOOP_94_8_VITIS_LOOP_95_9_fu_4710/tmp_1_reg_5295[14]_i_56/O
                         net (fo=1, unplaced)         0.034     3.665    bd_0_i/hls_inst/inst/grp_top_kernel_Pipeline_VITIS_LOOP_94_8_VITIS_LOOP_95_9_fu_4710/tmp_1_reg_5295[14]_i_56_n_2
                         MUXF7 (Prop_MUXF7_I0_O)      0.090     3.755 r  bd_0_i/hls_inst/inst/grp_top_kernel_Pipeline_VITIS_LOOP_94_8_VITIS_LOOP_95_9_fu_4710/tmp_1_reg_5295_reg[14]_i_24/O
                         net (fo=1, unplaced)         0.000     3.755    bd_0_i/hls_inst/inst/grp_top_kernel_Pipeline_VITIS_LOOP_94_8_VITIS_LOOP_95_9_fu_4710/tmp_1_reg_5295_reg[14]_i_24_n_2
                         MUXF8 (Prop_MUXF8_I0_O)      0.030     3.785 r  bd_0_i/hls_inst/inst/grp_top_kernel_Pipeline_VITIS_LOOP_94_8_VITIS_LOOP_95_9_fu_4710/tmp_1_reg_5295_reg[14]_i_8/O
                         net (fo=1, unplaced)         0.215     4.000    bd_0_i/hls_inst/inst/grp_top_kernel_Pipeline_VITIS_LOOP_94_8_VITIS_LOOP_95_9_fu_4710/tmp_1_reg_5295_reg[14]_i_8_n_2
                         LUT6 (Prop_LUT6_I0_O)        0.114     4.114 r  bd_0_i/hls_inst/inst/grp_top_kernel_Pipeline_VITIS_LOOP_94_8_VITIS_LOOP_95_9_fu_4710/tmp_1_reg_5295[14]_i_4/O
                         net (fo=1, unplaced)         0.034     4.148    bd_0_i/hls_inst/inst/grp_top_kernel_Pipeline_VITIS_LOOP_94_8_VITIS_LOOP_95_9_fu_4710/tmp_1_reg_5295[14]_i_4_n_2
                         MUXF7 (Prop_MUXF7_I0_O)      0.090     4.238 r  bd_0_i/hls_inst/inst/grp_top_kernel_Pipeline_VITIS_LOOP_94_8_VITIS_LOOP_95_9_fu_4710/tmp_1_reg_5295_reg[14]_i_2/O
                         net (fo=1, unplaced)         0.000     4.238    bd_0_i/hls_inst/inst/grp_top_kernel_Pipeline_VITIS_LOOP_94_8_VITIS_LOOP_95_9_fu_4710/tmp_1_reg_5295_reg[14]_i_2_n_2
                         MUXF8 (Prop_MUXF8_I0_O)      0.030     4.268 r  bd_0_i/hls_inst/inst/grp_top_kernel_Pipeline_VITIS_LOOP_94_8_VITIS_LOOP_95_9_fu_4710/tmp_1_reg_5295_reg[14]_i_1/O
                         net (fo=1, unplaced)         0.048     4.316    bd_0_i/hls_inst/inst/grp_top_kernel_Pipeline_VITIS_LOOP_94_8_VITIS_LOOP_95_9_fu_4710/dout_tmp[14]
                         FDRE                                         r  bd_0_i/hls_inst/inst/grp_top_kernel_Pipeline_VITIS_LOOP_94_8_VITIS_LOOP_95_9_fu_4710/tmp_1_reg_5295_reg[14]/D
  -------------------------------------------------------------------    -------------------

                         (clock ap_clk rise edge)    10.000    10.000 r  
                                                      0.000    10.000 r  ap_clk (IN)
                         net (fo=64363, unset)        0.026    10.026    bd_0_i/hls_inst/inst/grp_top_kernel_Pipeline_VITIS_LOOP_94_8_VITIS_LOOP_95_9_fu_4710/ap_clk
                         FDRE                                         r  bd_0_i/hls_inst/inst/grp_top_kernel_Pipeline_VITIS_LOOP_94_8_VITIS_LOOP_95_9_fu_4710/tmp_1_reg_5295_reg[14]/C
                         clock pessimism              0.000    10.026    
                         clock uncertainty           -0.035     9.991    
                         FDRE (Setup_FDRE_C_D)        0.027    10.018    bd_0_i/hls_inst/inst/grp_top_kernel_Pipeline_VITIS_LOOP_94_8_VITIS_LOOP_95_9_fu_4710/tmp_1_reg_5295_reg[14]
  -------------------------------------------------------------------
                         required time                         10.018    
                         arrival time                          -4.316    
  -------------------------------------------------------------------
                         slack                                  5.702    

Slack (MET) :             5.702ns  (required time - arrival time)
  Source:                 bd_0_i/hls_inst/inst/grp_top_kernel_Pipeline_VITIS_LOOP_94_8_VITIS_LOOP_95_9_fu_4710/select_ln18_reg_5290_reg[0]/C
                            (rising edge-triggered cell FDRE clocked by ap_clk  {rise@0.000ns fall@5.000ns period=10.000ns})
  Destination:            bd_0_i/hls_inst/inst/grp_top_kernel_Pipeline_VITIS_LOOP_94_8_VITIS_LOOP_95_9_fu_4710/tmp_1_reg_5295_reg[15]/D
                            (rising edge-triggered cell FDRE clocked by ap_clk  {rise@0.000ns fall@5.000ns period=10.000ns})
  Path Group:             ap_clk
  Path Type:              Setup (Max at Slow Process Corner)
  Requirement:            10.000ns  (ap_clk rise@10.000ns - ap_clk rise@0.000ns)
  Data Path Delay:        4.279ns  (logic 1.550ns (36.223%)  route 2.729ns (63.777%))
  Logic Levels:           18  (CARRY8=3 LUT1=1 LUT3=1 LUT4=1 LUT5=3 LUT6=5 MUXF7=2 MUXF8=2)
  Clock Path Skew:        -0.011ns (DCD - SCD + CPR)
    Destination Clock Delay (DCD):    0.026ns = ( 10.026 - 10.000 ) 
    Source Clock Delay      (SCD):    0.037ns
    Clock Pessimism Removal (CPR):    0.000ns
  Clock Uncertainty:      0.035ns  ((TSJ^2 + TIJ^2)^1/2 + DJ) / 2 + PE
    Total System Jitter     (TSJ):    0.071ns
    Total Input Jitter      (TIJ):    0.000ns
    Discrete Jitter          (DJ):    0.000ns
    Phase Error              (PE):    0.000ns

    Location             Delay type                Incr(ns)  Path(ns)    Netlist Resource(s)
  -------------------------------------------------------------------    -------------------
                         (clock ap_clk rise edge)     0.000     0.000 r  
                                                      0.000     0.000 r  ap_clk (IN)
                         net (fo=64363, unset)        0.037     0.037    bd_0_i/hls_inst/inst/grp_top_kernel_Pipeline_VITIS_LOOP_94_8_VITIS_LOOP_95_9_fu_4710/ap_clk
                         FDRE                                         r  bd_0_i/hls_inst/inst/grp_top_kernel_Pipeline_VITIS_LOOP_94_8_VITIS_LOOP_95_9_fu_4710/select_ln18_reg_5290_reg[0]/C
  -------------------------------------------------------------------    -------------------
                         FDRE (Prop_FDRE_C_Q)         0.093     0.130 r  bd_0_i/hls_inst/inst/grp_top_kernel_Pipeline_VITIS_LOOP_94_8_VITIS_LOOP_95_9_fu_4710/select_ln18_reg_5290_reg[0]/Q
                         net (fo=59, unplaced)        0.181     0.311    bd_0_i/hls_inst/inst/grp_top_kernel_Pipeline_VITIS_LOOP_94_8_VITIS_LOOP_95_9_fu_4710/select_ln18_reg_5290[0]
                         LUT5 (Prop_LUT5_I1_O)        0.116     0.427 r  bd_0_i/hls_inst/inst/grp_top_kernel_Pipeline_VITIS_LOOP_94_8_VITIS_LOOP_95_9_fu_4710/tmp_1_reg_5295[31]_i_164/O
                         net (fo=3, unplaced)         0.220     0.647    bd_0_i/hls_inst/inst/grp_top_kernel_Pipeline_VITIS_LOOP_94_8_VITIS_LOOP_95_9_fu_4710/tmp_1_reg_5295[31]_i_164_n_2
                         LUT6 (Prop_LUT6_I4_O)        0.040     0.687 f  bd_0_i/hls_inst/inst/grp_top_kernel_Pipeline_VITIS_LOOP_94_8_VITIS_LOOP_95_9_fu_4710/tmp_1_reg_5295[31]_i_314/O
                         net (fo=1, unplaced)         0.214     0.901    bd_0_i/hls_inst/inst/grp_top_kernel_Pipeline_VITIS_LOOP_94_8_VITIS_LOOP_95_9_fu_4710/tmp_1_reg_5295[31]_i_314_n_2
                         LUT6 (Prop_LUT6_I5_O)        0.040     0.941 f  bd_0_i/hls_inst/inst/grp_top_kernel_Pipeline_VITIS_LOOP_94_8_VITIS_LOOP_95_9_fu_4710/tmp_1_reg_5295[31]_i_213/O
                         net (fo=2, unplaced)         0.214     1.155    bd_0_i/hls_inst/inst/grp_top_kernel_Pipeline_VITIS_LOOP_94_8_VITIS_LOOP_95_9_fu_4710/tmp_1_reg_5295[31]_i_213_n_2
                         LUT5 (Prop_LUT5_I3_O)        0.085     1.240 f  bd_0_i/hls_inst/inst/grp_top_kernel_Pipeline_VITIS_LOOP_94_8_VITIS_LOOP_95_9_fu_4710/tmp_1_reg_5295[31]_i_95/O
                         net (fo=3, unplaced)         0.220     1.460    bd_0_i/hls_inst/inst/grp_top_kernel_Pipeline_VITIS_LOOP_94_8_VITIS_LOOP_95_9_fu_4710/tmp_1_reg_5295[31]_i_95_n_2
                         LUT5 (Prop_LUT5_I4_O)        0.085     1.545 f  bd_0_i/hls_inst/inst/grp_top_kernel_Pipeline_VITIS_LOOP_94_8_VITIS_LOOP_95_9_fu_4710/tmp_1_reg_5295[31]_i_177/O
                         net (fo=3, unplaced)         0.220     1.765    bd_0_i/hls_inst/inst/grp_top_kernel_Pipeline_VITIS_LOOP_94_8_VITIS_LOOP_95_9_fu_4710/tmp_1_reg_5295[31]_i_177_n_2
                         LUT1 (Prop_LUT1_I0_O)        0.039     1.804 r  bd_0_i/hls_inst/inst/grp_top_kernel_Pipeline_VITIS_LOOP_94_8_VITIS_LOOP_95_9_fu_4710/tmp_1_reg_5295[31]_i_146/O
                         net (fo=1, unplaced)         0.022     1.826    bd_0_i/hls_inst/inst/grp_top_kernel_Pipeline_VITIS_LOOP_94_8_VITIS_LOOP_95_9_fu_4710/tmp_1_reg_5295[31]_i_146_n_2
                         CARRY8 (Prop_CARRY8_S[4]_CO[7])
                                                      0.205     2.031 r  bd_0_i/hls_inst/inst/grp_top_kernel_Pipeline_VITIS_LOOP_94_8_VITIS_LOOP_95_9_fu_4710/tmp_1_reg_5295_reg[31]_i_56/CO[7]
                         net (fo=1, unplaced)         0.007     2.038    bd_0_i/hls_inst/inst/grp_top_kernel_Pipeline_VITIS_LOOP_94_8_VITIS_LOOP_95_9_fu_4710/tmp_1_reg_5295_reg[31]_i_56_n_2
                         CARRY8 (Prop_CARRY8_CI_O[6])
                                                      0.129     2.167 r  bd_0_i/hls_inst/inst/grp_top_kernel_Pipeline_VITIS_LOOP_94_8_VITIS_LOOP_95_9_fu_4710/tmp_1_reg_5295_reg[31]_i_14/O[6]
                         net (fo=1, unplaced)         0.157     2.324    bd_0_i/hls_inst/inst/grp_top_kernel_Pipeline_VITIS_LOOP_94_8_VITIS_LOOP_95_9_fu_4710/result_2_fu_3057_p2[31]
                         LUT6 (Prop_LUT6_I0_O)        0.040     2.364 f  bd_0_i/hls_inst/inst/grp_top_kernel_Pipeline_VITIS_LOOP_94_8_VITIS_LOOP_95_9_fu_4710/tmp_1_reg_5295[31]_i_5/O
                         net (fo=82, unplaced)        0.295     2.659    bd_0_i/hls_inst/inst/grp_top_kernel_Pipeline_VITIS_LOOP_94_8_VITIS_LOOP_95_9_fu_4710/tmp_1_reg_5295[31]_i_5_n_2
                         LUT4 (Prop_LUT4_I3_O)        0.082     2.741 f  bd_0_i/hls_inst/inst/grp_top_kernel_Pipeline_VITIS_LOOP_94_8_VITIS_LOOP_95_9_fu_4710/tmp_1_reg_5295[31]_i_18/O
                         net (fo=1, unplaced)         0.174     2.915    bd_0_i/hls_inst/inst/grp_top_kernel_Pipeline_VITIS_LOOP_94_8_VITIS_LOOP_95_9_fu_4710/tmp_1_reg_5295[31]_i_18_n_2
                         CARRY8 (Prop_CARRY8_DI[3]_CO[3])
                                                      0.164     3.079 f  bd_0_i/hls_inst/inst/grp_top_kernel_Pipeline_VITIS_LOOP_94_8_VITIS_LOOP_95_9_fu_4710/tmp_1_reg_5295_reg[31]_i_6/CO[3]
                         net (fo=80, unplaced)        0.185     3.264    bd_0_i/hls_inst/inst/grp_top_kernel_Pipeline_VITIS_LOOP_94_8_VITIS_LOOP_95_9_fu_4710/icmp_ln99_fu_3092_p2
                         LUT3 (Prop_LUT3_I2_O)        0.040     3.304 r  bd_0_i/hls_inst/inst/grp_top_kernel_Pipeline_VITIS_LOOP_94_8_VITIS_LOOP_95_9_fu_4710/tmp_1_reg_5295[15]_i_123/O
                         net (fo=64, unplaced)        0.289     3.593    bd_0_i/hls_inst/inst/grp_top_kernel_Pipeline_VITIS_LOOP_94_8_VITIS_LOOP_95_9_fu_4710/tmp_1_reg_5295[15]_i_123_n_2
                         LUT6 (Prop_LUT6_I4_O)        0.038     3.631 r  bd_0_i/hls_inst/inst/grp_top_kernel_Pipeline_VITIS_LOOP_94_8_VITIS_LOOP_95_9_fu_4710/tmp_1_reg_5295[15]_i_58/O
                         net (fo=1, unplaced)         0.034     3.665    bd_0_i/hls_inst/inst/grp_top_kernel_Pipeline_VITIS_LOOP_94_8_VITIS_LOOP_95_9_fu_4710/tmp_1_reg_5295[15]_i_58_n_2
                         MUXF7 (Prop_MUXF7_I0_O)      0.090     3.755 r  bd_0_i/hls_inst/inst/grp_top_kernel_Pipeline_VITIS_LOOP_94_8_VITIS_LOOP_95_9_fu_4710/tmp_1_reg_5295_reg[15]_i_25/O
                         net (fo=1, unplaced)         0.000     3.755    bd_0_i/hls_inst/inst/grp_top_kernel_Pipeline_VITIS_LOOP_94_8_VITIS_LOOP_95_9_fu_4710/tmp_1_reg_5295_reg[15]_i_25_n_2
                         MUXF8 (Prop_MUXF8_I0_O)      0.030     3.785 r  bd_0_i/hls_inst/inst/grp_top_kernel_Pipeline_VITIS_LOOP_94_8_VITIS_LOOP_95_9_fu_4710/tmp_1_reg_5295_reg[15]_i_8/O
                         net (fo=1, unplaced)         0.215     4.000    bd_0_i/hls_inst/inst/grp_top_kernel_Pipeline_VITIS_LOOP_94_8_VITIS_LOOP_95_9_fu_4710/tmp_1_reg_5295_reg[15]_i_8_n_2
                         LUT6 (Prop_LUT6_I0_O)        0.114     4.114 r  bd_0_i/hls_inst/inst/grp_top_kernel_Pipeline_VITIS_LOOP_94_8_VITIS_LOOP_95_9_fu_4710/tmp_1_reg_5295[15]_i_4/O
                         net (fo=1, unplaced)         0.034     4.148    bd_0_i/hls_inst/inst/grp_top_kernel_Pipeline_VITIS_LOOP_94_8_VITIS_LOOP_95_9_fu_4710/tmp_1_reg_5295[15]_i_4_n_2
                         MUXF7 (Prop_MUXF7_I0_O)      0.090     4.238 r  bd_0_i/hls_inst/inst/grp_top_kernel_Pipeline_VITIS_LOOP_94_8_VITIS_LOOP_95_9_fu_4710/tmp_1_reg_5295_reg[15]_i_2/O
                         net (fo=1, unplaced)         0.000     4.238    bd_0_i/hls_inst/inst/grp_top_kernel_Pipeline_VITIS_LOOP_94_8_VITIS_LOOP_95_9_fu_4710/tmp_1_reg_5295_reg[15]_i_2_n_2
                         MUXF8 (Prop_MUXF8_I0_O)      0.030     4.268 r  bd_0_i/hls_inst/inst/grp_top_kernel_Pipeline_VITIS_LOOP_94_8_VITIS_LOOP_95_9_fu_4710/tmp_1_reg_5295_reg[15]_i_1/O
                         net (fo=1, unplaced)         0.048     4.316    bd_0_i/hls_inst/inst/grp_top_kernel_Pipeline_VITIS_LOOP_94_8_VITIS_LOOP_95_9_fu_4710/dout_tmp[15]
                         FDRE                                         r  bd_0_i/hls_inst/inst/grp_top_kernel_Pipeline_VITIS_LOOP_94_8_VITIS_LOOP_95_9_fu_4710/tmp_1_reg_5295_reg[15]/D
  -------------------------------------------------------------------    -------------------

                         (clock ap_clk rise edge)    10.000    10.000 r  
                                                      0.000    10.000 r  ap_clk (IN)
                         net (fo=64363, unset)        0.026    10.026    bd_0_i/hls_inst/inst/grp_top_kernel_Pipeline_VITIS_LOOP_94_8_VITIS_LOOP_95_9_fu_4710/ap_clk
                         FDRE                                         r  bd_0_i/hls_inst/inst/grp_top_kernel_Pipeline_VITIS_LOOP_94_8_VITIS_LOOP_95_9_fu_4710/tmp_1_reg_5295_reg[15]/C
                         clock pessimism              0.000    10.026    
                         clock uncertainty           -0.035     9.991    
                         FDRE (Setup_FDRE_C_D)        0.027    10.018    bd_0_i/hls_inst/inst/grp_top_kernel_Pipeline_VITIS_LOOP_94_8_VITIS_LOOP_95_9_fu_4710/tmp_1_reg_5295_reg[15]
  -------------------------------------------------------------------
                         required time                         10.018    
                         arrival time                          -4.316    
  -------------------------------------------------------------------
                         slack                                  5.702    

Slack (MET) :             5.702ns  (required time - arrival time)
  Source:                 bd_0_i/hls_inst/inst/grp_top_kernel_Pipeline_VITIS_LOOP_94_8_VITIS_LOOP_95_9_fu_4710/select_ln18_reg_5290_reg[0]/C
                            (rising edge-triggered cell FDRE clocked by ap_clk  {rise@0.000ns fall@5.000ns period=10.000ns})
  Destination:            bd_0_i/hls_inst/inst/grp_top_kernel_Pipeline_VITIS_LOOP_94_8_VITIS_LOOP_95_9_fu_4710/tmp_1_reg_5295_reg[16]/D
                            (rising edge-triggered cell FDRE clocked by ap_clk  {rise@0.000ns fall@5.000ns period=10.000ns})
  Path Group:             ap_clk
  Path Type:              Setup (Max at Slow Process Corner)
  Requirement:            10.000ns  (ap_clk rise@10.000ns - ap_clk rise@0.000ns)
  Data Path Delay:        4.279ns  (logic 1.550ns (36.223%)  route 2.729ns (63.777%))
  Logic Levels:           18  (CARRY8=3 LUT1=1 LUT3=1 LUT4=1 LUT5=3 LUT6=5 MUXF7=2 MUXF8=2)
  Clock Path Skew:        -0.011ns (DCD - SCD + CPR)
    Destination Clock Delay (DCD):    0.026ns = ( 10.026 - 10.000 ) 
    Source Clock Delay      (SCD):    0.037ns
    Clock Pessimism Removal (CPR):    0.000ns
  Clock Uncertainty:      0.035ns  ((TSJ^2 + TIJ^2)^1/2 + DJ) / 2 + PE
    Total System Jitter     (TSJ):    0.071ns
    Total Input Jitter      (TIJ):    0.000ns
    Discrete Jitter          (DJ):    0.000ns
    Phase Error              (PE):    0.000ns

    Location             Delay type                Incr(ns)  Path(ns)    Netlist Resource(s)
  -------------------------------------------------------------------    -------------------
                         (clock ap_clk rise edge)     0.000     0.000 r  
                                                      0.000     0.000 r  ap_clk (IN)
                         net (fo=64363, unset)        0.037     0.037    bd_0_i/hls_inst/inst/grp_top_kernel_Pipeline_VITIS_LOOP_94_8_VITIS_LOOP_95_9_fu_4710/ap_clk
                         FDRE                                         r  bd_0_i/hls_inst/inst/grp_top_kernel_Pipeline_VITIS_LOOP_94_8_VITIS_LOOP_95_9_fu_4710/select_ln18_reg_5290_reg[0]/C
  -------------------------------------------------------------------    -------------------
                         FDRE (Prop_FDRE_C_Q)         0.093     0.130 r  bd_0_i/hls_inst/inst/grp_top_kernel_Pipeline_VITIS_LOOP_94_8_VITIS_LOOP_95_9_fu_4710/select_ln18_reg_5290_reg[0]/Q
                         net (fo=59, unplaced)        0.181     0.311    bd_0_i/hls_inst/inst/grp_top_kernel_Pipeline_VITIS_LOOP_94_8_VITIS_LOOP_95_9_fu_4710/select_ln18_reg_5290[0]
                         LUT5 (Prop_LUT5_I1_O)        0.116     0.427 r  bd_0_i/hls_inst/inst/grp_top_kernel_Pipeline_VITIS_LOOP_94_8_VITIS_LOOP_95_9_fu_4710/tmp_1_reg_5295[31]_i_164/O
                         net (fo=3, unplaced)         0.220     0.647    bd_0_i/hls_inst/inst/grp_top_kernel_Pipeline_VITIS_LOOP_94_8_VITIS_LOOP_95_9_fu_4710/tmp_1_reg_5295[31]_i_164_n_2
                         LUT6 (Prop_LUT6_I4_O)        0.040     0.687 f  bd_0_i/hls_inst/inst/grp_top_kernel_Pipeline_VITIS_LOOP_94_8_VITIS_LOOP_95_9_fu_4710/tmp_1_reg_5295[31]_i_314/O
                         net (fo=1, unplaced)         0.214     0.901    bd_0_i/hls_inst/inst/grp_top_kernel_Pipeline_VITIS_LOOP_94_8_VITIS_LOOP_95_9_fu_4710/tmp_1_reg_5295[31]_i_314_n_2
                         LUT6 (Prop_LUT6_I5_O)        0.040     0.941 f  bd_0_i/hls_inst/inst/grp_top_kernel_Pipeline_VITIS_LOOP_94_8_VITIS_LOOP_95_9_fu_4710/tmp_1_reg_5295[31]_i_213/O
                         net (fo=2, unplaced)         0.214     1.155    bd_0_i/hls_inst/inst/grp_top_kernel_Pipeline_VITIS_LOOP_94_8_VITIS_LOOP_95_9_fu_4710/tmp_1_reg_5295[31]_i_213_n_2
                         LUT5 (Prop_LUT5_I3_O)        0.085     1.240 f  bd_0_i/hls_inst/inst/grp_top_kernel_Pipeline_VITIS_LOOP_94_8_VITIS_LOOP_95_9_fu_4710/tmp_1_reg_5295[31]_i_95/O
                         net (fo=3, unplaced)         0.220     1.460    bd_0_i/hls_inst/inst/grp_top_kernel_Pipeline_VITIS_LOOP_94_8_VITIS_LOOP_95_9_fu_4710/tmp_1_reg_5295[31]_i_95_n_2
                         LUT5 (Prop_LUT5_I4_O)        0.085     1.545 f  bd_0_i/hls_inst/inst/grp_top_kernel_Pipeline_VITIS_LOOP_94_8_VITIS_LOOP_95_9_fu_4710/tmp_1_reg_5295[31]_i_177/O
                         net (fo=3, unplaced)         0.220     1.765    bd_0_i/hls_inst/inst/grp_top_kernel_Pipeline_VITIS_LOOP_94_8_VITIS_LOOP_95_9_fu_4710/tmp_1_reg_5295[31]_i_177_n_2
                         LUT1 (Prop_LUT1_I0_O)        0.039     1.804 r  bd_0_i/hls_inst/inst/grp_top_kernel_Pipeline_VITIS_LOOP_94_8_VITIS_LOOP_95_9_fu_4710/tmp_1_reg_5295[31]_i_146/O
                         net (fo=1, unplaced)         0.022     1.826    bd_0_i/hls_inst/inst/grp_top_kernel_Pipeline_VITIS_LOOP_94_8_VITIS_LOOP_95_9_fu_4710/tmp_1_reg_5295[31]_i_146_n_2
                         CARRY8 (Prop_CARRY8_S[4]_CO[7])
                                                      0.205     2.031 r  bd_0_i/hls_inst/inst/grp_top_kernel_Pipeline_VITIS_LOOP_94_8_VITIS_LOOP_95_9_fu_4710/tmp_1_reg_5295_reg[31]_i_56/CO[7]
                         net (fo=1, unplaced)         0.007     2.038    bd_0_i/hls_inst/inst/grp_top_kernel_Pipeline_VITIS_LOOP_94_8_VITIS_LOOP_95_9_fu_4710/tmp_1_reg_5295_reg[31]_i_56_n_2
                         CARRY8 (Prop_CARRY8_CI_O[6])
                                                      0.129     2.167 r  bd_0_i/hls_inst/inst/grp_top_kernel_Pipeline_VITIS_LOOP_94_8_VITIS_LOOP_95_9_fu_4710/tmp_1_reg_5295_reg[31]_i_14/O[6]
                         net (fo=1, unplaced)         0.157     2.324    bd_0_i/hls_inst/inst/grp_top_kernel_Pipeline_VITIS_LOOP_94_8_VITIS_LOOP_95_9_fu_4710/result_2_fu_3057_p2[31]
                         LUT6 (Prop_LUT6_I0_O)        0.040     2.364 f  bd_0_i/hls_inst/inst/grp_top_kernel_Pipeline_VITIS_LOOP_94_8_VITIS_LOOP_95_9_fu_4710/tmp_1_reg_5295[31]_i_5/O
                         net (fo=82, unplaced)        0.295     2.659    bd_0_i/hls_inst/inst/grp_top_kernel_Pipeline_VITIS_LOOP_94_8_VITIS_LOOP_95_9_fu_4710/tmp_1_reg_5295[31]_i_5_n_2
                         LUT4 (Prop_LUT4_I3_O)        0.082     2.741 f  bd_0_i/hls_inst/inst/grp_top_kernel_Pipeline_VITIS_LOOP_94_8_VITIS_LOOP_95_9_fu_4710/tmp_1_reg_5295[31]_i_18/O
                         net (fo=1, unplaced)         0.174     2.915    bd_0_i/hls_inst/inst/grp_top_kernel_Pipeline_VITIS_LOOP_94_8_VITIS_LOOP_95_9_fu_4710/tmp_1_reg_5295[31]_i_18_n_2
                         CARRY8 (Prop_CARRY8_DI[3]_CO[3])
                                                      0.164     3.079 f  bd_0_i/hls_inst/inst/grp_top_kernel_Pipeline_VITIS_LOOP_94_8_VITIS_LOOP_95_9_fu_4710/tmp_1_reg_5295_reg[31]_i_6/CO[3]
                         net (fo=80, unplaced)        0.185     3.264    bd_0_i/hls_inst/inst/grp_top_kernel_Pipeline_VITIS_LOOP_94_8_VITIS_LOOP_95_9_fu_4710/icmp_ln99_fu_3092_p2
                         LUT3 (Prop_LUT3_I2_O)        0.040     3.304 r  bd_0_i/hls_inst/inst/grp_top_kernel_Pipeline_VITIS_LOOP_94_8_VITIS_LOOP_95_9_fu_4710/tmp_1_reg_5295[16]_i_121/O
                         net (fo=64, unplaced)        0.289     3.593    bd_0_i/hls_inst/inst/grp_top_kernel_Pipeline_VITIS_LOOP_94_8_VITIS_LOOP_95_9_fu_4710/tmp_1_reg_5295[16]_i_121_n_2
                         LUT6 (Prop_LUT6_I4_O)        0.038     3.631 r  bd_0_i/hls_inst/inst/grp_top_kernel_Pipeline_VITIS_LOOP_94_8_VITIS_LOOP_95_9_fu_4710/tmp_1_reg_5295[16]_i_56/O
                         net (fo=1, unplaced)         0.034     3.665    bd_0_i/hls_inst/inst/grp_top_kernel_Pipeline_VITIS_LOOP_94_8_VITIS_LOOP_95_9_fu_4710/tmp_1_reg_5295[16]_i_56_n_2
                         MUXF7 (Prop_MUXF7_I0_O)      0.090     3.755 r  bd_0_i/hls_inst/inst/grp_top_kernel_Pipeline_VITIS_LOOP_94_8_VITIS_LOOP_95_9_fu_4710/tmp_1_reg_5295_reg[16]_i_24/O
                         net (fo=1, unplaced)         0.000     3.755    bd_0_i/hls_inst/inst/grp_top_kernel_Pipeline_VITIS_LOOP_94_8_VITIS_LOOP_95_9_fu_4710/tmp_1_reg_5295_reg[16]_i_24_n_2
                         MUXF8 (Prop_MUXF8_I0_O)      0.030     3.785 r  bd_0_i/hls_inst/inst/grp_top_kernel_Pipeline_VITIS_LOOP_94_8_VITIS_LOOP_95_9_fu_4710/tmp_1_reg_5295_reg[16]_i_8/O
                         net (fo=1, unplaced)         0.215     4.000    bd_0_i/hls_inst/inst/grp_top_kernel_Pipeline_VITIS_LOOP_94_8_VITIS_LOOP_95_9_fu_4710/tmp_1_reg_5295_reg[16]_i_8_n_2
                         LUT6 (Prop_LUT6_I0_O)        0.114     4.114 r  bd_0_i/hls_inst/inst/grp_top_kernel_Pipeline_VITIS_LOOP_94_8_VITIS_LOOP_95_9_fu_4710/tmp_1_reg_5295[16]_i_4/O
                         net (fo=1, unplaced)         0.034     4.148    bd_0_i/hls_inst/inst/grp_top_kernel_Pipeline_VITIS_LOOP_94_8_VITIS_LOOP_95_9_fu_4710/tmp_1_reg_5295[16]_i_4_n_2
                         MUXF7 (Prop_MUXF7_I0_O)      0.090     4.238 r  bd_0_i/hls_inst/inst/grp_top_kernel_Pipeline_VITIS_LOOP_94_8_VITIS_LOOP_95_9_fu_4710/tmp_1_reg_5295_reg[16]_i_2/O
                         net (fo=1, unplaced)         0.000     4.238    bd_0_i/hls_inst/inst/grp_top_kernel_Pipeline_VITIS_LOOP_94_8_VITIS_LOOP_95_9_fu_4710/tmp_1_reg_5295_reg[16]_i_2_n_2
                         MUXF8 (Prop_MUXF8_I0_O)      0.030     4.268 r  bd_0_i/hls_inst/inst/grp_top_kernel_Pipeline_VITIS_LOOP_94_8_VITIS_LOOP_95_9_fu_4710/tmp_1_reg_5295_reg[16]_i_1/O
                         net (fo=1, unplaced)         0.048     4.316    bd_0_i/hls_inst/inst/grp_top_kernel_Pipeline_VITIS_LOOP_94_8_VITIS_LOOP_95_9_fu_4710/dout_tmp[16]
                         FDRE                                         r  bd_0_i/hls_inst/inst/grp_top_kernel_Pipeline_VITIS_LOOP_94_8_VITIS_LOOP_95_9_fu_4710/tmp_1_reg_5295_reg[16]/D
  -------------------------------------------------------------------    -------------------

                         (clock ap_clk rise edge)    10.000    10.000 r  
                                                      0.000    10.000 r  ap_clk (IN)
                         net (fo=64363, unset)        0.026    10.026    bd_0_i/hls_inst/inst/grp_top_kernel_Pipeline_VITIS_LOOP_94_8_VITIS_LOOP_95_9_fu_4710/ap_clk
                         FDRE                                         r  bd_0_i/hls_inst/inst/grp_top_kernel_Pipeline_VITIS_LOOP_94_8_VITIS_LOOP_95_9_fu_4710/tmp_1_reg_5295_reg[16]/C
                         clock pessimism              0.000    10.026    
                         clock uncertainty           -0.035     9.991    
                         FDRE (Setup_FDRE_C_D)        0.027    10.018    bd_0_i/hls_inst/inst/grp_top_kernel_Pipeline_VITIS_LOOP_94_8_VITIS_LOOP_95_9_fu_4710/tmp_1_reg_5295_reg[16]
  -------------------------------------------------------------------
                         required time                         10.018    
                         arrival time                          -4.316    
  -------------------------------------------------------------------
                         slack                                  5.702    

Slack (MET) :             5.702ns  (required time - arrival time)
  Source:                 bd_0_i/hls_inst/inst/grp_top_kernel_Pipeline_VITIS_LOOP_94_8_VITIS_LOOP_95_9_fu_4710/select_ln18_reg_5290_reg[0]/C
                            (rising edge-triggered cell FDRE clocked by ap_clk  {rise@0.000ns fall@5.000ns period=10.000ns})
  Destination:            bd_0_i/hls_inst/inst/grp_top_kernel_Pipeline_VITIS_LOOP_94_8_VITIS_LOOP_95_9_fu_4710/tmp_1_reg_5295_reg[17]/D
                            (rising edge-triggered cell FDRE clocked by ap_clk  {rise@0.000ns fall@5.000ns period=10.000ns})
  Path Group:             ap_clk
  Path Type:              Setup (Max at Slow Process Corner)
  Requirement:            10.000ns  (ap_clk rise@10.000ns - ap_clk rise@0.000ns)
  Data Path Delay:        4.279ns  (logic 1.550ns (36.223%)  route 2.729ns (63.777%))
  Logic Levels:           18  (CARRY8=3 LUT1=1 LUT3=1 LUT4=1 LUT5=3 LUT6=5 MUXF7=2 MUXF8=2)
  Clock Path Skew:        -0.011ns (DCD - SCD + CPR)
    Destination Clock Delay (DCD):    0.026ns = ( 10.026 - 10.000 ) 
    Source Clock Delay      (SCD):    0.037ns
    Clock Pessimism Removal (CPR):    0.000ns
  Clock Uncertainty:      0.035ns  ((TSJ^2 + TIJ^2)^1/2 + DJ) / 2 + PE
    Total System Jitter     (TSJ):    0.071ns
    Total Input Jitter      (TIJ):    0.000ns
    Discrete Jitter          (DJ):    0.000ns
    Phase Error              (PE):    0.000ns

    Location             Delay type                Incr(ns)  Path(ns)    Netlist Resource(s)
  -------------------------------------------------------------------    -------------------
                         (clock ap_clk rise edge)     0.000     0.000 r  
                                                      0.000     0.000 r  ap_clk (IN)
                         net (fo=64363, unset)        0.037     0.037    bd_0_i/hls_inst/inst/grp_top_kernel_Pipeline_VITIS_LOOP_94_8_VITIS_LOOP_95_9_fu_4710/ap_clk
                         FDRE                                         r  bd_0_i/hls_inst/inst/grp_top_kernel_Pipeline_VITIS_LOOP_94_8_VITIS_LOOP_95_9_fu_4710/select_ln18_reg_5290_reg[0]/C
  -------------------------------------------------------------------    -------------------
                         FDRE (Prop_FDRE_C_Q)         0.093     0.130 r  bd_0_i/hls_inst/inst/grp_top_kernel_Pipeline_VITIS_LOOP_94_8_VITIS_LOOP_95_9_fu_4710/select_ln18_reg_5290_reg[0]/Q
                         net (fo=59, unplaced)        0.181     0.311    bd_0_i/hls_inst/inst/grp_top_kernel_Pipeline_VITIS_LOOP_94_8_VITIS_LOOP_95_9_fu_4710/select_ln18_reg_5290[0]
                         LUT5 (Prop_LUT5_I1_O)        0.116     0.427 r  bd_0_i/hls_inst/inst/grp_top_kernel_Pipeline_VITIS_LOOP_94_8_VITIS_LOOP_95_9_fu_4710/tmp_1_reg_5295[31]_i_164/O
                         net (fo=3, unplaced)         0.220     0.647    bd_0_i/hls_inst/inst/grp_top_kernel_Pipeline_VITIS_LOOP_94_8_VITIS_LOOP_95_9_fu_4710/tmp_1_reg_5295[31]_i_164_n_2
                         LUT6 (Prop_LUT6_I4_O)        0.040     0.687 f  bd_0_i/hls_inst/inst/grp_top_kernel_Pipeline_VITIS_LOOP_94_8_VITIS_LOOP_95_9_fu_4710/tmp_1_reg_5295[31]_i_314/O
                         net (fo=1, unplaced)         0.214     0.901    bd_0_i/hls_inst/inst/grp_top_kernel_Pipeline_VITIS_LOOP_94_8_VITIS_LOOP_95_9_fu_4710/tmp_1_reg_5295[31]_i_314_n_2
                         LUT6 (Prop_LUT6_I5_O)        0.040     0.941 f  bd_0_i/hls_inst/inst/grp_top_kernel_Pipeline_VITIS_LOOP_94_8_VITIS_LOOP_95_9_fu_4710/tmp_1_reg_5295[31]_i_213/O
                         net (fo=2, unplaced)         0.214     1.155    bd_0_i/hls_inst/inst/grp_top_kernel_Pipeline_VITIS_LOOP_94_8_VITIS_LOOP_95_9_fu_4710/tmp_1_reg_5295[31]_i_213_n_2
                         LUT5 (Prop_LUT5_I3_O)        0.085     1.240 f  bd_0_i/hls_inst/inst/grp_top_kernel_Pipeline_VITIS_LOOP_94_8_VITIS_LOOP_95_9_fu_4710/tmp_1_reg_5295[31]_i_95/O
                         net (fo=3, unplaced)         0.220     1.460    bd_0_i/hls_inst/inst/grp_top_kernel_Pipeline_VITIS_LOOP_94_8_VITIS_LOOP_95_9_fu_4710/tmp_1_reg_5295[31]_i_95_n_2
                         LUT5 (Prop_LUT5_I4_O)        0.085     1.545 f  bd_0_i/hls_inst/inst/grp_top_kernel_Pipeline_VITIS_LOOP_94_8_VITIS_LOOP_95_9_fu_4710/tmp_1_reg_5295[31]_i_177/O
                         net (fo=3, unplaced)         0.220     1.765    bd_0_i/hls_inst/inst/grp_top_kernel_Pipeline_VITIS_LOOP_94_8_VITIS_LOOP_95_9_fu_4710/tmp_1_reg_5295[31]_i_177_n_2
                         LUT1 (Prop_LUT1_I0_O)        0.039     1.804 r  bd_0_i/hls_inst/inst/grp_top_kernel_Pipeline_VITIS_LOOP_94_8_VITIS_LOOP_95_9_fu_4710/tmp_1_reg_5295[31]_i_146/O
                         net (fo=1, unplaced)         0.022     1.826    bd_0_i/hls_inst/inst/grp_top_kernel_Pipeline_VITIS_LOOP_94_8_VITIS_LOOP_95_9_fu_4710/tmp_1_reg_5295[31]_i_146_n_2
                         CARRY8 (Prop_CARRY8_S[4]_CO[7])
                                                      0.205     2.031 r  bd_0_i/hls_inst/inst/grp_top_kernel_Pipeline_VITIS_LOOP_94_8_VITIS_LOOP_95_9_fu_4710/tmp_1_reg_5295_reg[31]_i_56/CO[7]
                         net (fo=1, unplaced)         0.007     2.038    bd_0_i/hls_inst/inst/grp_top_kernel_Pipeline_VITIS_LOOP_94_8_VITIS_LOOP_95_9_fu_4710/tmp_1_reg_5295_reg[31]_i_56_n_2
                         CARRY8 (Prop_CARRY8_CI_O[6])
                                                      0.129     2.167 r  bd_0_i/hls_inst/inst/grp_top_kernel_Pipeline_VITIS_LOOP_94_8_VITIS_LOOP_95_9_fu_4710/tmp_1_reg_5295_reg[31]_i_14/O[6]
                         net (fo=1, unplaced)         0.157     2.324    bd_0_i/hls_inst/inst/grp_top_kernel_Pipeline_VITIS_LOOP_94_8_VITIS_LOOP_95_9_fu_4710/result_2_fu_3057_p2[31]
                         LUT6 (Prop_LUT6_I0_O)        0.040     2.364 f  bd_0_i/hls_inst/inst/grp_top_kernel_Pipeline_VITIS_LOOP_94_8_VITIS_LOOP_95_9_fu_4710/tmp_1_reg_5295[31]_i_5/O
                         net (fo=82, unplaced)        0.295     2.659    bd_0_i/hls_inst/inst/grp_top_kernel_Pipeline_VITIS_LOOP_94_8_VITIS_LOOP_95_9_fu_4710/tmp_1_reg_5295[31]_i_5_n_2
                         LUT4 (Prop_LUT4_I3_O)        0.082     2.741 f  bd_0_i/hls_inst/inst/grp_top_kernel_Pipeline_VITIS_LOOP_94_8_VITIS_LOOP_95_9_fu_4710/tmp_1_reg_5295[31]_i_18/O
                         net (fo=1, unplaced)         0.174     2.915    bd_0_i/hls_inst/inst/grp_top_kernel_Pipeline_VITIS_LOOP_94_8_VITIS_LOOP_95_9_fu_4710/tmp_1_reg_5295[31]_i_18_n_2
                         CARRY8 (Prop_CARRY8_DI[3]_CO[3])
                                                      0.164     3.079 f  bd_0_i/hls_inst/inst/grp_top_kernel_Pipeline_VITIS_LOOP_94_8_VITIS_LOOP_95_9_fu_4710/tmp_1_reg_5295_reg[31]_i_6/CO[3]
                         net (fo=80, unplaced)        0.185     3.264    bd_0_i/hls_inst/inst/grp_top_kernel_Pipeline_VITIS_LOOP_94_8_VITIS_LOOP_95_9_fu_4710/icmp_ln99_fu_3092_p2
                         LUT3 (Prop_LUT3_I2_O)        0.040     3.304 r  bd_0_i/hls_inst/inst/grp_top_kernel_Pipeline_VITIS_LOOP_94_8_VITIS_LOOP_95_9_fu_4710/tmp_1_reg_5295[17]_i_121/O
                         net (fo=64, unplaced)        0.289     3.593    bd_0_i/hls_inst/inst/grp_top_kernel_Pipeline_VITIS_LOOP_94_8_VITIS_LOOP_95_9_fu_4710/tmp_1_reg_5295[17]_i_121_n_2
                         LUT6 (Prop_LUT6_I4_O)        0.038     3.631 r  bd_0_i/hls_inst/inst/grp_top_kernel_Pipeline_VITIS_LOOP_94_8_VITIS_LOOP_95_9_fu_4710/tmp_1_reg_5295[17]_i_56/O
                         net (fo=1, unplaced)         0.034     3.665    bd_0_i/hls_inst/inst/grp_top_kernel_Pipeline_VITIS_LOOP_94_8_VITIS_LOOP_95_9_fu_4710/tmp_1_reg_5295[17]_i_56_n_2
                         MUXF7 (Prop_MUXF7_I0_O)      0.090     3.755 r  bd_0_i/hls_inst/inst/grp_top_kernel_Pipeline_VITIS_LOOP_94_8_VITIS_LOOP_95_9_fu_4710/tmp_1_reg_5295_reg[17]_i_24/O
                         net (fo=1, unplaced)         0.000     3.755    bd_0_i/hls_inst/inst/grp_top_kernel_Pipeline_VITIS_LOOP_94_8_VITIS_LOOP_95_9_fu_4710/tmp_1_reg_5295_reg[17]_i_24_n_2
                         MUXF8 (Prop_MUXF8_I0_O)      0.030     3.785 r  bd_0_i/hls_inst/inst/grp_top_kernel_Pipeline_VITIS_LOOP_94_8_VITIS_LOOP_95_9_fu_4710/tmp_1_reg_5295_reg[17]_i_8/O
                         net (fo=1, unplaced)         0.215     4.000    bd_0_i/hls_inst/inst/grp_top_kernel_Pipeline_VITIS_LOOP_94_8_VITIS_LOOP_95_9_fu_4710/tmp_1_reg_5295_reg[17]_i_8_n_2
                         LUT6 (Prop_LUT6_I0_O)        0.114     4.114 r  bd_0_i/hls_inst/inst/grp_top_kernel_Pipeline_VITIS_LOOP_94_8_VITIS_LOOP_95_9_fu_4710/tmp_1_reg_5295[17]_i_4/O
                         net (fo=1, unplaced)         0.034     4.148    bd_0_i/hls_inst/inst/grp_top_kernel_Pipeline_VITIS_LOOP_94_8_VITIS_LOOP_95_9_fu_4710/tmp_1_reg_5295[17]_i_4_n_2
                         MUXF7 (Prop_MUXF7_I0_O)      0.090     4.238 r  bd_0_i/hls_inst/inst/grp_top_kernel_Pipeline_VITIS_LOOP_94_8_VITIS_LOOP_95_9_fu_4710/tmp_1_reg_5295_reg[17]_i_2/O
                         net (fo=1, unplaced)         0.000     4.238    bd_0_i/hls_inst/inst/grp_top_kernel_Pipeline_VITIS_LOOP_94_8_VITIS_LOOP_95_9_fu_4710/tmp_1_reg_5295_reg[17]_i_2_n_2
                         MUXF8 (Prop_MUXF8_I0_O)      0.030     4.268 r  bd_0_i/hls_inst/inst/grp_top_kernel_Pipeline_VITIS_LOOP_94_8_VITIS_LOOP_95_9_fu_4710/tmp_1_reg_5295_reg[17]_i_1/O
                         net (fo=1, unplaced)         0.048     4.316    bd_0_i/hls_inst/inst/grp_top_kernel_Pipeline_VITIS_LOOP_94_8_VITIS_LOOP_95_9_fu_4710/dout_tmp[17]
                         FDRE                                         r  bd_0_i/hls_inst/inst/grp_top_kernel_Pipeline_VITIS_LOOP_94_8_VITIS_LOOP_95_9_fu_4710/tmp_1_reg_5295_reg[17]/D
  -------------------------------------------------------------------    -------------------

                         (clock ap_clk rise edge)    10.000    10.000 r  
                                                      0.000    10.000 r  ap_clk (IN)
                         net (fo=64363, unset)        0.026    10.026    bd_0_i/hls_inst/inst/grp_top_kernel_Pipeline_VITIS_LOOP_94_8_VITIS_LOOP_95_9_fu_4710/ap_clk
                         FDRE                                         r  bd_0_i/hls_inst/inst/grp_top_kernel_Pipeline_VITIS_LOOP_94_8_VITIS_LOOP_95_9_fu_4710/tmp_1_reg_5295_reg[17]/C
                         clock pessimism              0.000    10.026    
                         clock uncertainty           -0.035     9.991    
                         FDRE (Setup_FDRE_C_D)        0.027    10.018    bd_0_i/hls_inst/inst/grp_top_kernel_Pipeline_VITIS_LOOP_94_8_VITIS_LOOP_95_9_fu_4710/tmp_1_reg_5295_reg[17]
  -------------------------------------------------------------------
                         required time                         10.018    
                         arrival time                          -4.316    
  -------------------------------------------------------------------
                         slack                                  5.702    

Slack (MET) :             5.702ns  (required time - arrival time)
  Source:                 bd_0_i/hls_inst/inst/grp_top_kernel_Pipeline_VITIS_LOOP_94_8_VITIS_LOOP_95_9_fu_4710/select_ln18_reg_5290_reg[0]/C
                            (rising edge-triggered cell FDRE clocked by ap_clk  {rise@0.000ns fall@5.000ns period=10.000ns})
  Destination:            bd_0_i/hls_inst/inst/grp_top_kernel_Pipeline_VITIS_LOOP_94_8_VITIS_LOOP_95_9_fu_4710/tmp_1_reg_5295_reg[18]/D
                            (rising edge-triggered cell FDRE clocked by ap_clk  {rise@0.000ns fall@5.000ns period=10.000ns})
  Path Group:             ap_clk
  Path Type:              Setup (Max at Slow Process Corner)
  Requirement:            10.000ns  (ap_clk rise@10.000ns - ap_clk rise@0.000ns)
  Data Path Delay:        4.279ns  (logic 1.550ns (36.223%)  route 2.729ns (63.777%))
  Logic Levels:           18  (CARRY8=3 LUT1=1 LUT3=1 LUT4=1 LUT5=3 LUT6=5 MUXF7=2 MUXF8=2)
  Clock Path Skew:        -0.011ns (DCD - SCD + CPR)
    Destination Clock Delay (DCD):    0.026ns = ( 10.026 - 10.000 ) 
    Source Clock Delay      (SCD):    0.037ns
    Clock Pessimism Removal (CPR):    0.000ns
  Clock Uncertainty:      0.035ns  ((TSJ^2 + TIJ^2)^1/2 + DJ) / 2 + PE
    Total System Jitter     (TSJ):    0.071ns
    Total Input Jitter      (TIJ):    0.000ns
    Discrete Jitter          (DJ):    0.000ns
    Phase Error              (PE):    0.000ns

    Location             Delay type                Incr(ns)  Path(ns)    Netlist Resource(s)
  -------------------------------------------------------------------    -------------------
                         (clock ap_clk rise edge)     0.000     0.000 r  
                                                      0.000     0.000 r  ap_clk (IN)
                         net (fo=64363, unset)        0.037     0.037    bd_0_i/hls_inst/inst/grp_top_kernel_Pipeline_VITIS_LOOP_94_8_VITIS_LOOP_95_9_fu_4710/ap_clk
                         FDRE                                         r  bd_0_i/hls_inst/inst/grp_top_kernel_Pipeline_VITIS_LOOP_94_8_VITIS_LOOP_95_9_fu_4710/select_ln18_reg_5290_reg[0]/C
  -------------------------------------------------------------------    -------------------
                         FDRE (Prop_FDRE_C_Q)         0.093     0.130 r  bd_0_i/hls_inst/inst/grp_top_kernel_Pipeline_VITIS_LOOP_94_8_VITIS_LOOP_95_9_fu_4710/select_ln18_reg_5290_reg[0]/Q
                         net (fo=59, unplaced)        0.181     0.311    bd_0_i/hls_inst/inst/grp_top_kernel_Pipeline_VITIS_LOOP_94_8_VITIS_LOOP_95_9_fu_4710/select_ln18_reg_5290[0]
                         LUT5 (Prop_LUT5_I1_O)        0.116     0.427 r  bd_0_i/hls_inst/inst/grp_top_kernel_Pipeline_VITIS_LOOP_94_8_VITIS_LOOP_95_9_fu_4710/tmp_1_reg_5295[31]_i_164/O
                         net (fo=3, unplaced)         0.220     0.647    bd_0_i/hls_inst/inst/grp_top_kernel_Pipeline_VITIS_LOOP_94_8_VITIS_LOOP_95_9_fu_4710/tmp_1_reg_5295[31]_i_164_n_2
                         LUT6 (Prop_LUT6_I4_O)        0.040     0.687 f  bd_0_i/hls_inst/inst/grp_top_kernel_Pipeline_VITIS_LOOP_94_8_VITIS_LOOP_95_9_fu_4710/tmp_1_reg_5295[31]_i_314/O
                         net (fo=1, unplaced)         0.214     0.901    bd_0_i/hls_inst/inst/grp_top_kernel_Pipeline_VITIS_LOOP_94_8_VITIS_LOOP_95_9_fu_4710/tmp_1_reg_5295[31]_i_314_n_2
                         LUT6 (Prop_LUT6_I5_O)        0.040     0.941 f  bd_0_i/hls_inst/inst/grp_top_kernel_Pipeline_VITIS_LOOP_94_8_VITIS_LOOP_95_9_fu_4710/tmp_1_reg_5295[31]_i_213/O
                         net (fo=2, unplaced)         0.214     1.155    bd_0_i/hls_inst/inst/grp_top_kernel_Pipeline_VITIS_LOOP_94_8_VITIS_LOOP_95_9_fu_4710/tmp_1_reg_5295[31]_i_213_n_2
                         LUT5 (Prop_LUT5_I3_O)        0.085     1.240 f  bd_0_i/hls_inst/inst/grp_top_kernel_Pipeline_VITIS_LOOP_94_8_VITIS_LOOP_95_9_fu_4710/tmp_1_reg_5295[31]_i_95/O
                         net (fo=3, unplaced)         0.220     1.460    bd_0_i/hls_inst/inst/grp_top_kernel_Pipeline_VITIS_LOOP_94_8_VITIS_LOOP_95_9_fu_4710/tmp_1_reg_5295[31]_i_95_n_2
                         LUT5 (Prop_LUT5_I4_O)        0.085     1.545 f  bd_0_i/hls_inst/inst/grp_top_kernel_Pipeline_VITIS_LOOP_94_8_VITIS_LOOP_95_9_fu_4710/tmp_1_reg_5295[31]_i_177/O
                         net (fo=3, unplaced)         0.220     1.765    bd_0_i/hls_inst/inst/grp_top_kernel_Pipeline_VITIS_LOOP_94_8_VITIS_LOOP_95_9_fu_4710/tmp_1_reg_5295[31]_i_177_n_2
                         LUT1 (Prop_LUT1_I0_O)        0.039     1.804 r  bd_0_i/hls_inst/inst/grp_top_kernel_Pipeline_VITIS_LOOP_94_8_VITIS_LOOP_95_9_fu_4710/tmp_1_reg_5295[31]_i_146/O
                         net (fo=1, unplaced)         0.022     1.826    bd_0_i/hls_inst/inst/grp_top_kernel_Pipeline_VITIS_LOOP_94_8_VITIS_LOOP_95_9_fu_4710/tmp_1_reg_5295[31]_i_146_n_2
                         CARRY8 (Prop_CARRY8_S[4]_CO[7])
                                                      0.205     2.031 r  bd_0_i/hls_inst/inst/grp_top_kernel_Pipeline_VITIS_LOOP_94_8_VITIS_LOOP_95_9_fu_4710/tmp_1_reg_5295_reg[31]_i_56/CO[7]
                         net (fo=1, unplaced)         0.007     2.038    bd_0_i/hls_inst/inst/grp_top_kernel_Pipeline_VITIS_LOOP_94_8_VITIS_LOOP_95_9_fu_4710/tmp_1_reg_5295_reg[31]_i_56_n_2
                         CARRY8 (Prop_CARRY8_CI_O[6])
                                                      0.129     2.167 r  bd_0_i/hls_inst/inst/grp_top_kernel_Pipeline_VITIS_LOOP_94_8_VITIS_LOOP_95_9_fu_4710/tmp_1_reg_5295_reg[31]_i_14/O[6]
                         net (fo=1, unplaced)         0.157     2.324    bd_0_i/hls_inst/inst/grp_top_kernel_Pipeline_VITIS_LOOP_94_8_VITIS_LOOP_95_9_fu_4710/result_2_fu_3057_p2[31]
                         LUT6 (Prop_LUT6_I0_O)        0.040     2.364 f  bd_0_i/hls_inst/inst/grp_top_kernel_Pipeline_VITIS_LOOP_94_8_VITIS_LOOP_95_9_fu_4710/tmp_1_reg_5295[31]_i_5/O
                         net (fo=82, unplaced)        0.295     2.659    bd_0_i/hls_inst/inst/grp_top_kernel_Pipeline_VITIS_LOOP_94_8_VITIS_LOOP_95_9_fu_4710/tmp_1_reg_5295[31]_i_5_n_2
                         LUT4 (Prop_LUT4_I3_O)        0.082     2.741 f  bd_0_i/hls_inst/inst/grp_top_kernel_Pipeline_VITIS_LOOP_94_8_VITIS_LOOP_95_9_fu_4710/tmp_1_reg_5295[31]_i_18/O
                         net (fo=1, unplaced)         0.174     2.915    bd_0_i/hls_inst/inst/grp_top_kernel_Pipeline_VITIS_LOOP_94_8_VITIS_LOOP_95_9_fu_4710/tmp_1_reg_5295[31]_i_18_n_2
                         CARRY8 (Prop_CARRY8_DI[3]_CO[3])
                                                      0.164     3.079 f  bd_0_i/hls_inst/inst/grp_top_kernel_Pipeline_VITIS_LOOP_94_8_VITIS_LOOP_95_9_fu_4710/tmp_1_reg_5295_reg[31]_i_6/CO[3]
                         net (fo=80, unplaced)        0.185     3.264    bd_0_i/hls_inst/inst/grp_top_kernel_Pipeline_VITIS_LOOP_94_8_VITIS_LOOP_95_9_fu_4710/icmp_ln99_fu_3092_p2
                         LUT3 (Prop_LUT3_I2_O)        0.040     3.304 r  bd_0_i/hls_inst/inst/grp_top_kernel_Pipeline_VITIS_LOOP_94_8_VITIS_LOOP_95_9_fu_4710/tmp_1_reg_5295[18]_i_121/O
                         net (fo=64, unplaced)        0.289     3.593    bd_0_i/hls_inst/inst/grp_top_kernel_Pipeline_VITIS_LOOP_94_8_VITIS_LOOP_95_9_fu_4710/tmp_1_reg_5295[18]_i_121_n_2
                         LUT6 (Prop_LUT6_I4_O)        0.038     3.631 r  bd_0_i/hls_inst/inst/grp_top_kernel_Pipeline_VITIS_LOOP_94_8_VITIS_LOOP_95_9_fu_4710/tmp_1_reg_5295[18]_i_56/O
                         net (fo=1, unplaced)         0.034     3.665    bd_0_i/hls_inst/inst/grp_top_kernel_Pipeline_VITIS_LOOP_94_8_VITIS_LOOP_95_9_fu_4710/tmp_1_reg_5295[18]_i_56_n_2
                         MUXF7 (Prop_MUXF7_I0_O)      0.090     3.755 r  bd_0_i/hls_inst/inst/grp_top_kernel_Pipeline_VITIS_LOOP_94_8_VITIS_LOOP_95_9_fu_4710/tmp_1_reg_5295_reg[18]_i_24/O
                         net (fo=1, unplaced)         0.000     3.755    bd_0_i/hls_inst/inst/grp_top_kernel_Pipeline_VITIS_LOOP_94_8_VITIS_LOOP_95_9_fu_4710/tmp_1_reg_5295_reg[18]_i_24_n_2
                         MUXF8 (Prop_MUXF8_I0_O)      0.030     3.785 r  bd_0_i/hls_inst/inst/grp_top_kernel_Pipeline_VITIS_LOOP_94_8_VITIS_LOOP_95_9_fu_4710/tmp_1_reg_5295_reg[18]_i_8/O
                         net (fo=1, unplaced)         0.215     4.000    bd_0_i/hls_inst/inst/grp_top_kernel_Pipeline_VITIS_LOOP_94_8_VITIS_LOOP_95_9_fu_4710/tmp_1_reg_5295_reg[18]_i_8_n_2
                         LUT6 (Prop_LUT6_I0_O)        0.114     4.114 r  bd_0_i/hls_inst/inst/grp_top_kernel_Pipeline_VITIS_LOOP_94_8_VITIS_LOOP_95_9_fu_4710/tmp_1_reg_5295[18]_i_4/O
                         net (fo=1, unplaced)         0.034     4.148    bd_0_i/hls_inst/inst/grp_top_kernel_Pipeline_VITIS_LOOP_94_8_VITIS_LOOP_95_9_fu_4710/tmp_1_reg_5295[18]_i_4_n_2
                         MUXF7 (Prop_MUXF7_I0_O)      0.090     4.238 r  bd_0_i/hls_inst/inst/grp_top_kernel_Pipeline_VITIS_LOOP_94_8_VITIS_LOOP_95_9_fu_4710/tmp_1_reg_5295_reg[18]_i_2/O
                         net (fo=1, unplaced)         0.000     4.238    bd_0_i/hls_inst/inst/grp_top_kernel_Pipeline_VITIS_LOOP_94_8_VITIS_LOOP_95_9_fu_4710/tmp_1_reg_5295_reg[18]_i_2_n_2
                         MUXF8 (Prop_MUXF8_I0_O)      0.030     4.268 r  bd_0_i/hls_inst/inst/grp_top_kernel_Pipeline_VITIS_LOOP_94_8_VITIS_LOOP_95_9_fu_4710/tmp_1_reg_5295_reg[18]_i_1/O
                         net (fo=1, unplaced)         0.048     4.316    bd_0_i/hls_inst/inst/grp_top_kernel_Pipeline_VITIS_LOOP_94_8_VITIS_LOOP_95_9_fu_4710/dout_tmp[18]
                         FDRE                                         r  bd_0_i/hls_inst/inst/grp_top_kernel_Pipeline_VITIS_LOOP_94_8_VITIS_LOOP_95_9_fu_4710/tmp_1_reg_5295_reg[18]/D
  -------------------------------------------------------------------    -------------------

                         (clock ap_clk rise edge)    10.000    10.000 r  
                                                      0.000    10.000 r  ap_clk (IN)
                         net (fo=64363, unset)        0.026    10.026    bd_0_i/hls_inst/inst/grp_top_kernel_Pipeline_VITIS_LOOP_94_8_VITIS_LOOP_95_9_fu_4710/ap_clk
                         FDRE                                         r  bd_0_i/hls_inst/inst/grp_top_kernel_Pipeline_VITIS_LOOP_94_8_VITIS_LOOP_95_9_fu_4710/tmp_1_reg_5295_reg[18]/C
                         clock pessimism              0.000    10.026    
                         clock uncertainty           -0.035     9.991    
                         FDRE (Setup_FDRE_C_D)        0.027    10.018    bd_0_i/hls_inst/inst/grp_top_kernel_Pipeline_VITIS_LOOP_94_8_VITIS_LOOP_95_9_fu_4710/tmp_1_reg_5295_reg[18]
  -------------------------------------------------------------------
                         required time                         10.018    
                         arrival time                          -4.316    
  -------------------------------------------------------------------
                         slack                                  5.702    




